tlsState_id;tlsState_phase;tlsState_programID;tlsState_state;tlsState_time
J36;0;0;ruur;21600.00
J36;0;0;ruur;21600.25
J36;0;0;ruur;21600.50
J36;0;0;ruur;21600.75
J36;1;0;rGGr;21601.00
J36;1;0;rGGr;21601.25
J36;1;0;rGGr;21601.50
J36;1;0;rGGr;21601.75
J36;1;0;rGGr;21602.00
J36;1;0;rGGr;21602.25
J36;1;0;rGGr;21602.50
J36;1;0;rGGr;21602.75
J36;1;0;rGGr;21603.00
J36;1;0;rGGr;21603.25
J36;1;0;rGGr;21603.50
J36;1;0;rGGr;21603.75
J36;1;0;rGGr;21604.00
J36;1;0;rGGr;21604.25
J36;1;0;rGGr;21604.50
J36;1;0;rGGr;21604.75
J36;1;0;rGGr;21605.00
J36;1;0;rGGr;21605.25
J36;1;0;rGGr;21605.50
J36;1;0;rGGr;21605.75
J36;1;0;rGGr;21606.00
J36;1;0;rGGr;21606.25
J36;1;0;rGGr;21606.50
J36;1;0;rGGr;21606.75
J36;1;0;rGGr;21607.00
J36;1;0;rGGr;21607.25
J36;1;0;rGGr;21607.50
J36;1;0;rGGr;21607.75
J36;1;0;rGGr;21608.00
J36;1;0;rGGr;21608.25
J36;1;0;rGGr;21608.50
J36;1;0;rGGr;21608.75
J36;1;0;rGGr;21609.00
J36;1;0;rGGr;21609.25
J36;1;0;rGGr;21609.50
J36;1;0;rGGr;21609.75
J36;1;0;rGGr;21610.00
J36;1;0;rGGr;21610.25
J36;1;0;rGGr;21610.50
J36;1;0;rGGr;21610.75
J36;1;0;rGGr;21611.00
J36;1;0;rGGr;21611.25
J36;1;0;rGGr;21611.50
J36;1;0;rGGr;21611.75
J36;1;0;rGGr;21612.00
J36;1;0;rGGr;21612.25
J36;1;0;rGGr;21612.50
J36;1;0;rGGr;21612.75
J36;1;0;rGGr;21613.00
J36;1;0;rGGr;21613.25
J36;1;0;rGGr;21613.50
J36;1;0;rGGr;21613.75
J36;1;0;rGGr;21614.00
J36;1;0;rGGr;21614.25
J36;1;0;rGGr;21614.50
J36;1;0;rGGr;21614.75
J36;1;0;rGGr;21615.00
J36;1;0;rGGr;21615.25
J36;1;0;rGGr;21615.50
J36;1;0;rGGr;21615.75
J36;1;0;rGGr;21616.00
J36;1;0;rGGr;21616.25
J36;1;0;rGGr;21616.50
J36;1;0;rGGr;21616.75
J36;1;0;rGGr;21617.00
J36;1;0;rGGr;21617.25
J36;1;0;rGGr;21617.50
J36;1;0;rGGr;21617.75
J36;1;0;rGGr;21618.00
J36;1;0;rGGr;21618.25
J36;1;0;rGGr;21618.50
J36;1;0;rGGr;21618.75
J36;1;0;rGGr;21619.00
J36;1;0;rGGr;21619.25
J36;1;0;rGGr;21619.50
J36;1;0;rGGr;21619.75
J36;1;0;rGGr;21620.00
J36;1;0;rGGr;21620.25
J36;1;0;rGGr;21620.50
J36;1;0;rGGr;21620.75
J36;1;0;rGGr;21621.00
J36;1;0;rGGr;21621.25
J36;1;0;rGGr;21621.50
J36;1;0;rGGr;21621.75
J36;1;0;rGGr;21622.00
J36;1;0;rGGr;21622.25
J36;1;0;rGGr;21622.50
J36;1;0;rGGr;21622.75
J36;1;0;rGGr;21623.00
J36;1;0;rGGr;21623.25
J36;1;0;rGGr;21623.50
J36;1;0;rGGr;21623.75
J36;1;0;rGGr;21624.00
J36;1;0;rGGr;21624.25
J36;1;0;rGGr;21624.50
J36;1;0;rGGr;21624.75
J36;1;0;rGGr;21625.00
J36;1;0;rGGr;21625.25
J36;1;0;rGGr;21625.50
J36;1;0;rGGr;21625.75
J36;2;0;ryyr;21626.00
J36;2;0;ryyr;21626.25
J36;2;0;ryyr;21626.50
J36;2;0;ryyr;21626.75
J36;2;0;ryyr;21627.00
J36;2;0;ryyr;21627.25
J36;2;0;ryyr;21627.50
J36;2;0;ryyr;21627.75
J36;2;0;ryyr;21628.00
J36;2;0;ryyr;21628.25
J36;2;0;ryyr;21628.50
J36;2;0;ryyr;21628.75
J36;3;0;rrrr;21629.00
J36;3;0;rrrr;21629.25
J36;3;0;rrrr;21629.50
J36;3;0;rrrr;21629.75
J36;4;0;urru;21630.00
J36;4;0;urru;21630.25
J36;4;0;urru;21630.50
J36;4;0;urru;21630.75
J36;5;0;GrrG;21631.00
J36;5;0;GrrG;21631.25
J36;5;0;GrrG;21631.50
J36;5;0;GrrG;21631.75
J36;5;0;GrrG;21632.00
J36;5;0;GrrG;21632.25
J36;5;0;GrrG;21632.50
J36;5;0;GrrG;21632.75
J36;5;0;GrrG;21633.00
J36;5;0;GrrG;21633.25
J36;5;0;GrrG;21633.50
J36;5;0;GrrG;21633.75
J36;5;0;GrrG;21634.00
J36;5;0;GrrG;21634.25
J36;5;0;GrrG;21634.50
J36;5;0;GrrG;21634.75
J36;5;0;GrrG;21635.00
J36;5;0;GrrG;21635.25
J36;5;0;GrrG;21635.50
J36;5;0;GrrG;21635.75
J36;5;0;GrrG;21636.00
J36;5;0;GrrG;21636.25
J36;5;0;GrrG;21636.50
J36;5;0;GrrG;21636.75
J36;5;0;GrrG;21637.00
J36;5;0;GrrG;21637.25
J36;5;0;GrrG;21637.50
J36;5;0;GrrG;21637.75
J36;5;0;GrrG;21638.00
J36;5;0;GrrG;21638.25
J36;5;0;GrrG;21638.50
J36;5;0;GrrG;21638.75
J36;5;0;GrrG;21639.00
J36;5;0;GrrG;21639.25
J36;5;0;GrrG;21639.50
J36;5;0;GrrG;21639.75
J36;5;0;GrrG;21640.00
J36;5;0;GrrG;21640.25
J36;5;0;GrrG;21640.50
J36;5;0;GrrG;21640.75
J36;5;0;GrrG;21641.00
J36;5;0;GrrG;21641.25
J36;5;0;GrrG;21641.50
J36;5;0;GrrG;21641.75
J36;5;0;GrrG;21642.00
J36;5;0;GrrG;21642.25
J36;5;0;GrrG;21642.50
J36;5;0;GrrG;21642.75
J36;5;0;GrrG;21643.00
J36;5;0;GrrG;21643.25
J36;5;0;GrrG;21643.50
J36;5;0;GrrG;21643.75
J36;5;0;GrrG;21644.00
J36;5;0;GrrG;21644.25
J36;5;0;GrrG;21644.50
J36;5;0;GrrG;21644.75
J36;5;0;GrrG;21645.00
J36;5;0;GrrG;21645.25
J36;5;0;GrrG;21645.50
J36;5;0;GrrG;21645.75
J36;5;0;GrrG;21646.00
J36;5;0;GrrG;21646.25
J36;5;0;GrrG;21646.50
J36;5;0;GrrG;21646.75
J36;5;0;GrrG;21647.00
J36;5;0;GrrG;21647.25
J36;5;0;GrrG;21647.50
J36;5;0;GrrG;21647.75
J36;5;0;GrrG;21648.00
J36;5;0;GrrG;21648.25
J36;5;0;GrrG;21648.50
J36;5;0;GrrG;21648.75
J36;5;0;GrrG;21649.00
J36;5;0;GrrG;21649.25
J36;5;0;GrrG;21649.50
J36;5;0;GrrG;21649.75
J36;5;0;GrrG;21650.00
J36;5;0;GrrG;21650.25
J36;5;0;GrrG;21650.50
J36;5;0;GrrG;21650.75
J36;5;0;GrrG;21651.00
J36;5;0;GrrG;21651.25
J36;5;0;GrrG;21651.50
J36;5;0;GrrG;21651.75
J36;5;0;GrrG;21652.00
J36;5;0;GrrG;21652.25
J36;5;0;GrrG;21652.50
J36;5;0;GrrG;21652.75
J36;5;0;GrrG;21653.00
J36;5;0;GrrG;21653.25
J36;5;0;GrrG;21653.50
J36;5;0;GrrG;21653.75
J36;5;0;GrrG;21654.00
J36;5;0;GrrG;21654.25
J36;5;0;GrrG;21654.50
J36;5;0;GrrG;21654.75
J36;5;0;GrrG;21655.00
J36;5;0;GrrG;21655.25
J36;5;0;GrrG;21655.50
J36;5;0;GrrG;21655.75
J36;6;0;yrry;21656.00
J36;6;0;yrry;21656.25
J36;6;0;yrry;21656.50
J36;6;0;yrry;21656.75
J36;6;0;yrry;21657.00
J36;6;0;yrry;21657.25
J36;6;0;yrry;21657.50
J36;6;0;yrry;21657.75
J36;6;0;yrry;21658.00
J36;6;0;yrry;21658.25
J36;6;0;yrry;21658.50
J36;6;0;yrry;21658.75
J36;7;0;rrrr;21659.00
J36;7;0;rrrr;21659.25
J36;7;0;rrrr;21659.50
J36;7;0;rrrr;21659.75
J36;0;0;ruur;21660.00
J36;0;0;ruur;21660.25
J36;0;0;ruur;21660.50
J36;0;0;ruur;21660.75
J36;1;0;rGGr;21661.00
J36;1;0;rGGr;21661.25
J36;1;0;rGGr;21661.50
J36;1;0;rGGr;21661.75
J36;1;0;rGGr;21662.00
J36;1;0;rGGr;21662.25
J36;1;0;rGGr;21662.50
J36;1;0;rGGr;21662.75
J36;1;0;rGGr;21663.00
J36;1;0;rGGr;21663.25
J36;1;0;rGGr;21663.50
J36;1;0;rGGr;21663.75
J36;1;0;rGGr;21664.00
J36;1;0;rGGr;21664.25
J36;1;0;rGGr;21664.50
J36;1;0;rGGr;21664.75
J36;1;0;rGGr;21665.00
J36;1;0;rGGr;21665.25
J36;1;0;rGGr;21665.50
J36;1;0;rGGr;21665.75
J36;1;0;rGGr;21666.00
J36;1;0;rGGr;21666.25
J36;1;0;rGGr;21666.50
J36;1;0;rGGr;21666.75
J36;1;0;rGGr;21667.00
J36;1;0;rGGr;21667.25
J36;1;0;rGGr;21667.50
J36;1;0;rGGr;21667.75
J36;1;0;rGGr;21668.00
J36;1;0;rGGr;21668.25
J36;1;0;rGGr;21668.50
J36;1;0;rGGr;21668.75
J36;1;0;rGGr;21669.00
J36;1;0;rGGr;21669.25
J36;1;0;rGGr;21669.50
J36;1;0;rGGr;21669.75
J36;1;0;rGGr;21670.00
J36;1;0;rGGr;21670.25
J36;1;0;rGGr;21670.50
J36;1;0;rGGr;21670.75
J36;1;0;rGGr;21671.00
J36;1;0;rGGr;21671.25
J36;1;0;rGGr;21671.50
J36;1;0;rGGr;21671.75
J36;1;0;rGGr;21672.00
J36;1;0;rGGr;21672.25
J36;1;0;rGGr;21672.50
J36;1;0;rGGr;21672.75
J36;1;0;rGGr;21673.00
J36;1;0;rGGr;21673.25
J36;1;0;rGGr;21673.50
J36;1;0;rGGr;21673.75
J36;1;0;rGGr;21674.00
J36;1;0;rGGr;21674.25
J36;1;0;rGGr;21674.50
J36;1;0;rGGr;21674.75
J36;1;0;rGGr;21675.00
J36;1;0;rGGr;21675.25
J36;1;0;rGGr;21675.50
J36;1;0;rGGr;21675.75
J36;1;0;rGGr;21676.00
J36;1;0;rGGr;21676.25
J36;1;0;rGGr;21676.50
J36;1;0;rGGr;21676.75
J36;1;0;rGGr;21677.00
J36;1;0;rGGr;21677.25
J36;1;0;rGGr;21677.50
J36;1;0;rGGr;21677.75
J36;1;0;rGGr;21678.00
J36;1;0;rGGr;21678.25
J36;1;0;rGGr;21678.50
J36;1;0;rGGr;21678.75
J36;1;0;rGGr;21679.00
J36;1;0;rGGr;21679.25
J36;1;0;rGGr;21679.50
J36;1;0;rGGr;21679.75
J36;1;0;rGGr;21680.00
J36;1;0;rGGr;21680.25
J36;1;0;rGGr;21680.50
J36;1;0;rGGr;21680.75
J36;1;0;rGGr;21681.00
J36;1;0;rGGr;21681.25
J36;1;0;rGGr;21681.50
J36;1;0;rGGr;21681.75
J36;1;0;rGGr;21682.00
J36;1;0;rGGr;21682.25
J36;1;0;rGGr;21682.50
J36;1;0;rGGr;21682.75
J36;1;0;rGGr;21683.00
J36;1;0;rGGr;21683.25
J36;1;0;rGGr;21683.50
J36;1;0;rGGr;21683.75
J36;1;0;rGGr;21684.00
J36;1;0;rGGr;21684.25
J36;1;0;rGGr;21684.50
J36;1;0;rGGr;21684.75
J36;1;0;rGGr;21685.00
J36;1;0;rGGr;21685.25
J36;1;0;rGGr;21685.50
J36;1;0;rGGr;21685.75
J36;2;0;ryyr;21686.00
J36;2;0;ryyr;21686.25
J36;2;0;ryyr;21686.50
J36;2;0;ryyr;21686.75
J36;2;0;ryyr;21687.00
J36;2;0;ryyr;21687.25
J36;2;0;ryyr;21687.50
J36;2;0;ryyr;21687.75
J36;2;0;ryyr;21688.00
J36;2;0;ryyr;21688.25
J36;2;0;ryyr;21688.50
J36;2;0;ryyr;21688.75
J36;3;0;rrrr;21689.00
J36;3;0;rrrr;21689.25
J36;3;0;rrrr;21689.50
J36;3;0;rrrr;21689.75
J36;4;0;urru;21690.00
J36;4;0;urru;21690.25
J36;4;0;urru;21690.50
J36;4;0;urru;21690.75
J36;5;0;GrrG;21691.00
J36;5;0;GrrG;21691.25
J36;5;0;GrrG;21691.50
J36;5;0;GrrG;21691.75
J36;5;0;GrrG;21692.00
J36;5;0;GrrG;21692.25
J36;5;0;GrrG;21692.50
J36;5;0;GrrG;21692.75
J36;5;0;GrrG;21693.00
J36;5;0;GrrG;21693.25
J36;5;0;GrrG;21693.50
J36;5;0;GrrG;21693.75
J36;5;0;GrrG;21694.00
J36;5;0;GrrG;21694.25
J36;5;0;GrrG;21694.50
J36;5;0;GrrG;21694.75
J36;5;0;GrrG;21695.00
J36;5;0;GrrG;21695.25
J36;5;0;GrrG;21695.50
J36;5;0;GrrG;21695.75
J36;5;0;GrrG;21696.00
J36;5;0;GrrG;21696.25
J36;5;0;GrrG;21696.50
J36;5;0;GrrG;21696.75
J36;5;0;GrrG;21697.00
J36;5;0;GrrG;21697.25
J36;5;0;GrrG;21697.50
J36;5;0;GrrG;21697.75
J36;5;0;GrrG;21698.00
J36;5;0;GrrG;21698.25
J36;5;0;GrrG;21698.50
J36;5;0;GrrG;21698.75
J36;5;0;GrrG;21699.00
J36;5;0;GrrG;21699.25
J36;5;0;GrrG;21699.50
J36;5;0;GrrG;21699.75
J36;5;0;GrrG;21700.00
J36;5;0;GrrG;21700.25
J36;5;0;GrrG;21700.50
J36;5;0;GrrG;21700.75
J36;5;0;GrrG;21701.00
J36;5;0;GrrG;21701.25
J36;5;0;GrrG;21701.50
J36;5;0;GrrG;21701.75
J36;5;0;GrrG;21702.00
J36;5;0;GrrG;21702.25
J36;5;0;GrrG;21702.50
J36;5;0;GrrG;21702.75
J36;5;0;GrrG;21703.00
J36;5;0;GrrG;21703.25
J36;5;0;GrrG;21703.50
J36;5;0;GrrG;21703.75
J36;5;0;GrrG;21704.00
J36;5;0;GrrG;21704.25
J36;5;0;GrrG;21704.50
J36;5;0;GrrG;21704.75
J36;5;0;GrrG;21705.00
J36;5;0;GrrG;21705.25
J36;5;0;GrrG;21705.50
J36;5;0;GrrG;21705.75
J36;5;0;GrrG;21706.00
J36;5;0;GrrG;21706.25
J36;5;0;GrrG;21706.50
J36;5;0;GrrG;21706.75
J36;5;0;GrrG;21707.00
J36;5;0;GrrG;21707.25
J36;5;0;GrrG;21707.50
J36;5;0;GrrG;21707.75
J36;5;0;GrrG;21708.00
J36;5;0;GrrG;21708.25
J36;5;0;GrrG;21708.50
J36;5;0;GrrG;21708.75
J36;5;0;GrrG;21709.00
J36;5;0;GrrG;21709.25
J36;5;0;GrrG;21709.50
J36;5;0;GrrG;21709.75
J36;5;0;GrrG;21710.00
J36;5;0;GrrG;21710.25
J36;5;0;GrrG;21710.50
J36;5;0;GrrG;21710.75
J36;5;0;GrrG;21711.00
J36;5;0;GrrG;21711.25
J36;5;0;GrrG;21711.50
J36;5;0;GrrG;21711.75
J36;5;0;GrrG;21712.00
J36;5;0;GrrG;21712.25
J36;5;0;GrrG;21712.50
J36;5;0;GrrG;21712.75
J36;5;0;GrrG;21713.00
J36;5;0;GrrG;21713.25
J36;5;0;GrrG;21713.50
J36;5;0;GrrG;21713.75
J36;5;0;GrrG;21714.00
J36;5;0;GrrG;21714.25
J36;5;0;GrrG;21714.50
J36;5;0;GrrG;21714.75
J36;5;0;GrrG;21715.00
J36;5;0;GrrG;21715.25
J36;5;0;GrrG;21715.50
J36;5;0;GrrG;21715.75
J36;6;0;yrry;21716.00
J36;6;0;yrry;21716.25
J36;6;0;yrry;21716.50
J36;6;0;yrry;21716.75
J36;6;0;yrry;21717.00
J36;6;0;yrry;21717.25
J36;6;0;yrry;21717.50
J36;6;0;yrry;21717.75
J36;6;0;yrry;21718.00
J36;6;0;yrry;21718.25
J36;6;0;yrry;21718.50
J36;6;0;yrry;21718.75
J36;7;0;rrrr;21719.00
J36;7;0;rrrr;21719.25
J36;7;0;rrrr;21719.50
J36;7;0;rrrr;21719.75
J36;0;0;ruur;21720.00
J36;0;0;ruur;21720.25
J36;0;0;ruur;21720.50
J36;0;0;ruur;21720.75
J36;1;0;rGGr;21721.00
J36;1;0;rGGr;21721.25
J36;1;0;rGGr;21721.50
J36;1;0;rGGr;21721.75
J36;1;0;rGGr;21722.00
J36;1;0;rGGr;21722.25
J36;1;0;rGGr;21722.50
J36;1;0;rGGr;21722.75
J36;1;0;rGGr;21723.00
J36;1;0;rGGr;21723.25
J36;1;0;rGGr;21723.50
J36;1;0;rGGr;21723.75
J36;1;0;rGGr;21724.00
J36;1;0;rGGr;21724.25
J36;1;0;rGGr;21724.50
J36;1;0;rGGr;21724.75
J36;1;0;rGGr;21725.00
J36;1;0;rGGr;21725.25
J36;1;0;rGGr;21725.50
J36;1;0;rGGr;21725.75
J36;1;0;rGGr;21726.00
J36;1;0;rGGr;21726.25
J36;1;0;rGGr;21726.50
J36;1;0;rGGr;21726.75
J36;1;0;rGGr;21727.00
J36;1;0;rGGr;21727.25
J36;1;0;rGGr;21727.50
J36;1;0;rGGr;21727.75
J36;1;0;rGGr;21728.00
J36;1;0;rGGr;21728.25
J36;1;0;rGGr;21728.50
J36;1;0;rGGr;21728.75
J36;1;0;rGGr;21729.00
J36;1;0;rGGr;21729.25
J36;1;0;rGGr;21729.50
J36;1;0;rGGr;21729.75
J36;1;0;rGGr;21730.00
J36;1;0;rGGr;21730.25
J36;1;0;rGGr;21730.50
J36;1;0;rGGr;21730.75
J36;1;0;rGGr;21731.00
J36;1;0;rGGr;21731.25
J36;1;0;rGGr;21731.50
J36;1;0;rGGr;21731.75
J36;1;0;rGGr;21732.00
J36;1;0;rGGr;21732.25
J36;1;0;rGGr;21732.50
J36;1;0;rGGr;21732.75
J36;1;0;rGGr;21733.00
J36;1;0;rGGr;21733.25
J36;1;0;rGGr;21733.50
J36;1;0;rGGr;21733.75
J36;1;0;rGGr;21734.00
J36;1;0;rGGr;21734.25
J36;1;0;rGGr;21734.50
J36;1;0;rGGr;21734.75
J36;1;0;rGGr;21735.00
J36;1;0;rGGr;21735.25
J36;1;0;rGGr;21735.50
J36;1;0;rGGr;21735.75
J36;1;0;rGGr;21736.00
J36;1;0;rGGr;21736.25
J36;1;0;rGGr;21736.50
J36;1;0;rGGr;21736.75
J36;1;0;rGGr;21737.00
J36;1;0;rGGr;21737.25
J36;1;0;rGGr;21737.50
J36;1;0;rGGr;21737.75
J36;1;0;rGGr;21738.00
J36;1;0;rGGr;21738.25
J36;1;0;rGGr;21738.50
J36;1;0;rGGr;21738.75
J36;1;0;rGGr;21739.00
J36;1;0;rGGr;21739.25
J36;1;0;rGGr;21739.50
J36;1;0;rGGr;21739.75
J36;1;0;rGGr;21740.00
J36;1;0;rGGr;21740.25
J36;1;0;rGGr;21740.50
J36;1;0;rGGr;21740.75
J36;1;0;rGGr;21741.00
J36;1;0;rGGr;21741.25
J36;1;0;rGGr;21741.50
J36;1;0;rGGr;21741.75
J36;1;0;rGGr;21742.00
J36;1;0;rGGr;21742.25
J36;1;0;rGGr;21742.50
J36;1;0;rGGr;21742.75
J36;1;0;rGGr;21743.00
J36;1;0;rGGr;21743.25
J36;1;0;rGGr;21743.50
J36;1;0;rGGr;21743.75
J36;1;0;rGGr;21744.00
J36;1;0;rGGr;21744.25
J36;1;0;rGGr;21744.50
J36;1;0;rGGr;21744.75
J36;1;0;rGGr;21745.00
J36;1;0;rGGr;21745.25
J36;1;0;rGGr;21745.50
J36;1;0;rGGr;21745.75
J36;2;0;ryyr;21746.00
J36;2;0;ryyr;21746.25
J36;2;0;ryyr;21746.50
J36;2;0;ryyr;21746.75
J36;2;0;ryyr;21747.00
J36;2;0;ryyr;21747.25
J36;2;0;ryyr;21747.50
J36;2;0;ryyr;21747.75
J36;2;0;ryyr;21748.00
J36;2;0;ryyr;21748.25
J36;2;0;ryyr;21748.50
J36;2;0;ryyr;21748.75
J36;3;0;rrrr;21749.00
J36;3;0;rrrr;21749.25
J36;3;0;rrrr;21749.50
J36;3;0;rrrr;21749.75
J36;4;0;urru;21750.00
J36;4;0;urru;21750.25
J36;4;0;urru;21750.50
J36;4;0;urru;21750.75
J36;5;0;GrrG;21751.00
J36;5;0;GrrG;21751.25
J36;5;0;GrrG;21751.50
J36;5;0;GrrG;21751.75
J36;5;0;GrrG;21752.00
J36;5;0;GrrG;21752.25
J36;5;0;GrrG;21752.50
J36;5;0;GrrG;21752.75
J36;5;0;GrrG;21753.00
J36;5;0;GrrG;21753.25
J36;5;0;GrrG;21753.50
J36;5;0;GrrG;21753.75
J36;5;0;GrrG;21754.00
J36;5;0;GrrG;21754.25
J36;5;0;GrrG;21754.50
J36;5;0;GrrG;21754.75
J36;5;0;GrrG;21755.00
J36;5;0;GrrG;21755.25
J36;5;0;GrrG;21755.50
J36;5;0;GrrG;21755.75
J36;5;0;GrrG;21756.00
J36;5;0;GrrG;21756.25
J36;5;0;GrrG;21756.50
J36;5;0;GrrG;21756.75
J36;5;0;GrrG;21757.00
J36;5;0;GrrG;21757.25
J36;5;0;GrrG;21757.50
J36;5;0;GrrG;21757.75
J36;5;0;GrrG;21758.00
J36;5;0;GrrG;21758.25
J36;5;0;GrrG;21758.50
J36;5;0;GrrG;21758.75
J36;5;0;GrrG;21759.00
J36;5;0;GrrG;21759.25
J36;5;0;GrrG;21759.50
J36;5;0;GrrG;21759.75
J36;5;0;GrrG;21760.00
J36;5;0;GrrG;21760.25
J36;5;0;GrrG;21760.50
J36;5;0;GrrG;21760.75
J36;5;0;GrrG;21761.00
J36;5;0;GrrG;21761.25
J36;5;0;GrrG;21761.50
J36;5;0;GrrG;21761.75
J36;5;0;GrrG;21762.00
J36;5;0;GrrG;21762.25
J36;5;0;GrrG;21762.50
J36;5;0;GrrG;21762.75
J36;5;0;GrrG;21763.00
J36;5;0;GrrG;21763.25
J36;5;0;GrrG;21763.50
J36;5;0;GrrG;21763.75
J36;5;0;GrrG;21764.00
J36;5;0;GrrG;21764.25
J36;5;0;GrrG;21764.50
J36;5;0;GrrG;21764.75
J36;5;0;GrrG;21765.00
J36;5;0;GrrG;21765.25
J36;5;0;GrrG;21765.50
J36;5;0;GrrG;21765.75
J36;5;0;GrrG;21766.00
J36;5;0;GrrG;21766.25
J36;5;0;GrrG;21766.50
J36;5;0;GrrG;21766.75
J36;5;0;GrrG;21767.00
J36;5;0;GrrG;21767.25
J36;5;0;GrrG;21767.50
J36;5;0;GrrG;21767.75
J36;5;0;GrrG;21768.00
J36;5;0;GrrG;21768.25
J36;5;0;GrrG;21768.50
J36;5;0;GrrG;21768.75
J36;5;0;GrrG;21769.00
J36;5;0;GrrG;21769.25
J36;5;0;GrrG;21769.50
J36;5;0;GrrG;21769.75
J36;5;0;GrrG;21770.00
J36;5;0;GrrG;21770.25
J36;5;0;GrrG;21770.50
J36;5;0;GrrG;21770.75
J36;5;0;GrrG;21771.00
J36;5;0;GrrG;21771.25
J36;5;0;GrrG;21771.50
J36;5;0;GrrG;21771.75
J36;5;0;GrrG;21772.00
J36;5;0;GrrG;21772.25
J36;5;0;GrrG;21772.50
J36;5;0;GrrG;21772.75
J36;5;0;GrrG;21773.00
J36;5;0;GrrG;21773.25
J36;5;0;GrrG;21773.50
J36;5;0;GrrG;21773.75
J36;5;0;GrrG;21774.00
J36;5;0;GrrG;21774.25
J36;5;0;GrrG;21774.50
J36;5;0;GrrG;21774.75
J36;5;0;GrrG;21775.00
J36;5;0;GrrG;21775.25
J36;5;0;GrrG;21775.50
J36;5;0;GrrG;21775.75
J36;6;0;yrry;21776.00
J36;6;0;yrry;21776.25
J36;6;0;yrry;21776.50
J36;6;0;yrry;21776.75
J36;6;0;yrry;21777.00
J36;6;0;yrry;21777.25
J36;6;0;yrry;21777.50
J36;6;0;yrry;21777.75
J36;6;0;yrry;21778.00
J36;6;0;yrry;21778.25
J36;6;0;yrry;21778.50
J36;6;0;yrry;21778.75
J36;7;0;rrrr;21779.00
J36;7;0;rrrr;21779.25
J36;7;0;rrrr;21779.50
J36;7;0;rrrr;21779.75
J36;0;0;ruur;21780.00
J36;0;0;ruur;21780.25
J36;0;0;ruur;21780.50
J36;0;0;ruur;21780.75
J36;1;0;rGGr;21781.00
J36;1;0;rGGr;21781.25
J36;1;0;rGGr;21781.50
J36;1;0;rGGr;21781.75
J36;1;0;rGGr;21782.00
J36;1;0;rGGr;21782.25
J36;1;0;rGGr;21782.50
J36;1;0;rGGr;21782.75
J36;1;0;rGGr;21783.00
J36;1;0;rGGr;21783.25
J36;1;0;rGGr;21783.50
J36;1;0;rGGr;21783.75
J36;1;0;rGGr;21784.00
J36;1;0;rGGr;21784.25
J36;1;0;rGGr;21784.50
J36;1;0;rGGr;21784.75
J36;1;0;rGGr;21785.00
J36;1;0;rGGr;21785.25
J36;1;0;rGGr;21785.50
J36;1;0;rGGr;21785.75
J36;1;0;rGGr;21786.00
J36;1;0;rGGr;21786.25
J36;1;0;rGGr;21786.50
J36;1;0;rGGr;21786.75
J36;1;0;rGGr;21787.00
J36;1;0;rGGr;21787.25
J36;1;0;rGGr;21787.50
J36;1;0;rGGr;21787.75
J36;1;0;rGGr;21788.00
J36;1;0;rGGr;21788.25
J36;1;0;rGGr;21788.50
J36;1;0;rGGr;21788.75
J36;1;0;rGGr;21789.00
J36;1;0;rGGr;21789.25
J36;1;0;rGGr;21789.50
J36;1;0;rGGr;21789.75
J36;1;0;rGGr;21790.00
J36;1;0;rGGr;21790.25
J36;1;0;rGGr;21790.50
J36;1;0;rGGr;21790.75
J36;1;0;rGGr;21791.00
J36;1;0;rGGr;21791.25
J36;1;0;rGGr;21791.50
J36;1;0;rGGr;21791.75
J36;1;0;rGGr;21792.00
J36;1;0;rGGr;21792.25
J36;1;0;rGGr;21792.50
J36;1;0;rGGr;21792.75
J36;1;0;rGGr;21793.00
J36;1;0;rGGr;21793.25
J36;1;0;rGGr;21793.50
J36;1;0;rGGr;21793.75
J36;1;0;rGGr;21794.00
J36;1;0;rGGr;21794.25
J36;1;0;rGGr;21794.50
J36;1;0;rGGr;21794.75
J36;1;0;rGGr;21795.00
J36;1;0;rGGr;21795.25
J36;1;0;rGGr;21795.50
J36;1;0;rGGr;21795.75
J36;1;0;rGGr;21796.00
J36;1;0;rGGr;21796.25
J36;1;0;rGGr;21796.50
J36;1;0;rGGr;21796.75
J36;1;0;rGGr;21797.00
J36;1;0;rGGr;21797.25
J36;1;0;rGGr;21797.50
J36;1;0;rGGr;21797.75
J36;1;0;rGGr;21798.00
J36;1;0;rGGr;21798.25
J36;1;0;rGGr;21798.50
J36;1;0;rGGr;21798.75
J36;1;0;rGGr;21799.00
J36;1;0;rGGr;21799.25
J36;1;0;rGGr;21799.50
J36;1;0;rGGr;21799.75
J36;1;0;rGGr;21800.00
J36;1;0;rGGr;21800.25
J36;1;0;rGGr;21800.50
J36;1;0;rGGr;21800.75
J36;1;0;rGGr;21801.00
J36;1;0;rGGr;21801.25
J36;1;0;rGGr;21801.50
J36;1;0;rGGr;21801.75
J36;1;0;rGGr;21802.00
J36;1;0;rGGr;21802.25
J36;1;0;rGGr;21802.50
J36;1;0;rGGr;21802.75
J36;1;0;rGGr;21803.00
J36;1;0;rGGr;21803.25
J36;1;0;rGGr;21803.50
J36;1;0;rGGr;21803.75
J36;1;0;rGGr;21804.00
J36;1;0;rGGr;21804.25
J36;1;0;rGGr;21804.50
J36;1;0;rGGr;21804.75
J36;1;0;rGGr;21805.00
J36;1;0;rGGr;21805.25
J36;1;0;rGGr;21805.50
J36;1;0;rGGr;21805.75
J36;2;0;ryyr;21806.00
J36;2;0;ryyr;21806.25
J36;2;0;ryyr;21806.50
J36;2;0;ryyr;21806.75
J36;2;0;ryyr;21807.00
J36;2;0;ryyr;21807.25
J36;2;0;ryyr;21807.50
J36;2;0;ryyr;21807.75
J36;2;0;ryyr;21808.00
J36;2;0;ryyr;21808.25
J36;2;0;ryyr;21808.50
J36;2;0;ryyr;21808.75
J36;3;0;rrrr;21809.00
J36;3;0;rrrr;21809.25
J36;3;0;rrrr;21809.50
J36;3;0;rrrr;21809.75
J36;4;0;urru;21810.00
J36;4;0;urru;21810.25
J36;4;0;urru;21810.50
J36;4;0;urru;21810.75
J36;5;0;GrrG;21811.00
J36;5;0;GrrG;21811.25
J36;5;0;GrrG;21811.50
J36;5;0;GrrG;21811.75
J36;5;0;GrrG;21812.00
J36;5;0;GrrG;21812.25
J36;5;0;GrrG;21812.50
J36;5;0;GrrG;21812.75
J36;5;0;GrrG;21813.00
J36;5;0;GrrG;21813.25
J36;5;0;GrrG;21813.50
J36;5;0;GrrG;21813.75
J36;5;0;GrrG;21814.00
J36;5;0;GrrG;21814.25
J36;5;0;GrrG;21814.50
J36;5;0;GrrG;21814.75
J36;5;0;GrrG;21815.00
J36;5;0;GrrG;21815.25
J36;5;0;GrrG;21815.50
J36;5;0;GrrG;21815.75
J36;5;0;GrrG;21816.00
J36;5;0;GrrG;21816.25
J36;5;0;GrrG;21816.50
J36;5;0;GrrG;21816.75
J36;5;0;GrrG;21817.00
J36;5;0;GrrG;21817.25
J36;5;0;GrrG;21817.50
J36;5;0;GrrG;21817.75
J36;5;0;GrrG;21818.00
J36;5;0;GrrG;21818.25
J36;5;0;GrrG;21818.50
J36;5;0;GrrG;21818.75
J36;5;0;GrrG;21819.00
J36;5;0;GrrG;21819.25
J36;5;0;GrrG;21819.50
J36;5;0;GrrG;21819.75
J36;5;0;GrrG;21820.00
J36;5;0;GrrG;21820.25
J36;5;0;GrrG;21820.50
J36;5;0;GrrG;21820.75
J36;5;0;GrrG;21821.00
J36;5;0;GrrG;21821.25
J36;5;0;GrrG;21821.50
J36;5;0;GrrG;21821.75
J36;5;0;GrrG;21822.00
J36;5;0;GrrG;21822.25
J36;5;0;GrrG;21822.50
J36;5;0;GrrG;21822.75
J36;5;0;GrrG;21823.00
J36;5;0;GrrG;21823.25
J36;5;0;GrrG;21823.50
J36;5;0;GrrG;21823.75
J36;5;0;GrrG;21824.00
J36;5;0;GrrG;21824.25
J36;5;0;GrrG;21824.50
J36;5;0;GrrG;21824.75
J36;5;0;GrrG;21825.00
J36;5;0;GrrG;21825.25
J36;5;0;GrrG;21825.50
J36;5;0;GrrG;21825.75
J36;5;0;GrrG;21826.00
J36;5;0;GrrG;21826.25
J36;5;0;GrrG;21826.50
J36;5;0;GrrG;21826.75
J36;5;0;GrrG;21827.00
J36;5;0;GrrG;21827.25
J36;5;0;GrrG;21827.50
J36;5;0;GrrG;21827.75
J36;5;0;GrrG;21828.00
J36;5;0;GrrG;21828.25
J36;5;0;GrrG;21828.50
J36;5;0;GrrG;21828.75
J36;5;0;GrrG;21829.00
J36;5;0;GrrG;21829.25
J36;5;0;GrrG;21829.50
J36;5;0;GrrG;21829.75
J36;5;0;GrrG;21830.00
J36;5;0;GrrG;21830.25
J36;5;0;GrrG;21830.50
J36;5;0;GrrG;21830.75
J36;5;0;GrrG;21831.00
J36;5;0;GrrG;21831.25
J36;5;0;GrrG;21831.50
J36;5;0;GrrG;21831.75
J36;5;0;GrrG;21832.00
J36;5;0;GrrG;21832.25
J36;5;0;GrrG;21832.50
J36;5;0;GrrG;21832.75
J36;5;0;GrrG;21833.00
J36;5;0;GrrG;21833.25
J36;5;0;GrrG;21833.50
J36;5;0;GrrG;21833.75
J36;5;0;GrrG;21834.00
J36;5;0;GrrG;21834.25
J36;5;0;GrrG;21834.50
J36;5;0;GrrG;21834.75
J36;5;0;GrrG;21835.00
J36;5;0;GrrG;21835.25
J36;5;0;GrrG;21835.50
J36;5;0;GrrG;21835.75
J36;6;0;yrry;21836.00
J36;6;0;yrry;21836.25
J36;6;0;yrry;21836.50
J36;6;0;yrry;21836.75
J36;6;0;yrry;21837.00
J36;6;0;yrry;21837.25
J36;6;0;yrry;21837.50
J36;6;0;yrry;21837.75
J36;6;0;yrry;21838.00
J36;6;0;yrry;21838.25
J36;6;0;yrry;21838.50
J36;6;0;yrry;21838.75
J36;7;0;rrrr;21839.00
J36;7;0;rrrr;21839.25
J36;7;0;rrrr;21839.50
J36;7;0;rrrr;21839.75
J36;0;0;ruur;21840.00
J36;0;0;ruur;21840.25
J36;0;0;ruur;21840.50
J36;0;0;ruur;21840.75
J36;1;0;rGGr;21841.00
J36;1;0;rGGr;21841.25
J36;1;0;rGGr;21841.50
J36;1;0;rGGr;21841.75
J36;1;0;rGGr;21842.00
J36;1;0;rGGr;21842.25
J36;1;0;rGGr;21842.50
J36;1;0;rGGr;21842.75
J36;1;0;rGGr;21843.00
J36;1;0;rGGr;21843.25
J36;1;0;rGGr;21843.50
J36;1;0;rGGr;21843.75
J36;1;0;rGGr;21844.00
J36;1;0;rGGr;21844.25
J36;1;0;rGGr;21844.50
J36;1;0;rGGr;21844.75
J36;1;0;rGGr;21845.00
J36;1;0;rGGr;21845.25
J36;1;0;rGGr;21845.50
J36;1;0;rGGr;21845.75
J36;1;0;rGGr;21846.00
J36;1;0;rGGr;21846.25
J36;1;0;rGGr;21846.50
J36;1;0;rGGr;21846.75
J36;1;0;rGGr;21847.00
J36;1;0;rGGr;21847.25
J36;1;0;rGGr;21847.50
J36;1;0;rGGr;21847.75
J36;1;0;rGGr;21848.00
J36;1;0;rGGr;21848.25
J36;1;0;rGGr;21848.50
J36;1;0;rGGr;21848.75
J36;1;0;rGGr;21849.00
J36;1;0;rGGr;21849.25
J36;1;0;rGGr;21849.50
J36;1;0;rGGr;21849.75
J36;1;0;rGGr;21850.00
J36;1;0;rGGr;21850.25
J36;1;0;rGGr;21850.50
J36;1;0;rGGr;21850.75
J36;1;0;rGGr;21851.00
J36;1;0;rGGr;21851.25
J36;1;0;rGGr;21851.50
J36;1;0;rGGr;21851.75
J36;1;0;rGGr;21852.00
J36;1;0;rGGr;21852.25
J36;1;0;rGGr;21852.50
J36;1;0;rGGr;21852.75
J36;1;0;rGGr;21853.00
J36;1;0;rGGr;21853.25
J36;1;0;rGGr;21853.50
J36;1;0;rGGr;21853.75
J36;1;0;rGGr;21854.00
J36;1;0;rGGr;21854.25
J36;1;0;rGGr;21854.50
J36;1;0;rGGr;21854.75
J36;1;0;rGGr;21855.00
J36;1;0;rGGr;21855.25
J36;1;0;rGGr;21855.50
J36;1;0;rGGr;21855.75
J36;1;0;rGGr;21856.00
J36;1;0;rGGr;21856.25
J36;1;0;rGGr;21856.50
J36;1;0;rGGr;21856.75
J36;1;0;rGGr;21857.00
J36;1;0;rGGr;21857.25
J36;1;0;rGGr;21857.50
J36;1;0;rGGr;21857.75
J36;1;0;rGGr;21858.00
J36;1;0;rGGr;21858.25
J36;1;0;rGGr;21858.50
J36;1;0;rGGr;21858.75
J36;1;0;rGGr;21859.00
J36;1;0;rGGr;21859.25
J36;1;0;rGGr;21859.50
J36;1;0;rGGr;21859.75
J36;1;0;rGGr;21860.00
J36;1;0;rGGr;21860.25
J36;1;0;rGGr;21860.50
J36;1;0;rGGr;21860.75
J36;1;0;rGGr;21861.00
J36;1;0;rGGr;21861.25
J36;1;0;rGGr;21861.50
J36;1;0;rGGr;21861.75
J36;1;0;rGGr;21862.00
J36;1;0;rGGr;21862.25
J36;1;0;rGGr;21862.50
J36;1;0;rGGr;21862.75
J36;1;0;rGGr;21863.00
J36;1;0;rGGr;21863.25
J36;1;0;rGGr;21863.50
J36;1;0;rGGr;21863.75
J36;1;0;rGGr;21864.00
J36;1;0;rGGr;21864.25
J36;1;0;rGGr;21864.50
J36;1;0;rGGr;21864.75
J36;1;0;rGGr;21865.00
J36;1;0;rGGr;21865.25
J36;1;0;rGGr;21865.50
J36;1;0;rGGr;21865.75
J36;2;0;ryyr;21866.00
J36;2;0;ryyr;21866.25
J36;2;0;ryyr;21866.50
J36;2;0;ryyr;21866.75
J36;2;0;ryyr;21867.00
J36;2;0;ryyr;21867.25
J36;2;0;ryyr;21867.50
J36;2;0;ryyr;21867.75
J36;2;0;ryyr;21868.00
J36;2;0;ryyr;21868.25
J36;2;0;ryyr;21868.50
J36;2;0;ryyr;21868.75
J36;3;0;rrrr;21869.00
J36;3;0;rrrr;21869.25
J36;3;0;rrrr;21869.50
J36;3;0;rrrr;21869.75
J36;4;0;urru;21870.00
J36;4;0;urru;21870.25
J36;4;0;urru;21870.50
J36;4;0;urru;21870.75
J36;5;0;GrrG;21871.00
J36;5;0;GrrG;21871.25
J36;5;0;GrrG;21871.50
J36;5;0;GrrG;21871.75
J36;5;0;GrrG;21872.00
J36;5;0;GrrG;21872.25
J36;5;0;GrrG;21872.50
J36;5;0;GrrG;21872.75
J36;5;0;GrrG;21873.00
J36;5;0;GrrG;21873.25
J36;5;0;GrrG;21873.50
J36;5;0;GrrG;21873.75
J36;5;0;GrrG;21874.00
J36;5;0;GrrG;21874.25
J36;5;0;GrrG;21874.50
J36;5;0;GrrG;21874.75
J36;5;0;GrrG;21875.00
J36;5;0;GrrG;21875.25
J36;5;0;GrrG;21875.50
J36;5;0;GrrG;21875.75
J36;5;0;GrrG;21876.00
J36;5;0;GrrG;21876.25
J36;5;0;GrrG;21876.50
J36;5;0;GrrG;21876.75
J36;5;0;GrrG;21877.00
J36;5;0;GrrG;21877.25
J36;5;0;GrrG;21877.50
J36;5;0;GrrG;21877.75
J36;5;0;GrrG;21878.00
J36;5;0;GrrG;21878.25
J36;5;0;GrrG;21878.50
J36;5;0;GrrG;21878.75
J36;5;0;GrrG;21879.00
J36;5;0;GrrG;21879.25
J36;5;0;GrrG;21879.50
J36;5;0;GrrG;21879.75
J36;5;0;GrrG;21880.00
J36;5;0;GrrG;21880.25
J36;5;0;GrrG;21880.50
J36;5;0;GrrG;21880.75
J36;5;0;GrrG;21881.00
J36;5;0;GrrG;21881.25
J36;5;0;GrrG;21881.50
J36;5;0;GrrG;21881.75
J36;5;0;GrrG;21882.00
J36;5;0;GrrG;21882.25
J36;5;0;GrrG;21882.50
J36;5;0;GrrG;21882.75
J36;5;0;GrrG;21883.00
J36;5;0;GrrG;21883.25
J36;5;0;GrrG;21883.50
J36;5;0;GrrG;21883.75
J36;5;0;GrrG;21884.00
J36;5;0;GrrG;21884.25
J36;5;0;GrrG;21884.50
J36;5;0;GrrG;21884.75
J36;5;0;GrrG;21885.00
J36;5;0;GrrG;21885.25
J36;5;0;GrrG;21885.50
J36;5;0;GrrG;21885.75
J36;5;0;GrrG;21886.00
J36;5;0;GrrG;21886.25
J36;5;0;GrrG;21886.50
J36;5;0;GrrG;21886.75
J36;5;0;GrrG;21887.00
J36;5;0;GrrG;21887.25
J36;5;0;GrrG;21887.50
J36;5;0;GrrG;21887.75
J36;5;0;GrrG;21888.00
J36;5;0;GrrG;21888.25
J36;5;0;GrrG;21888.50
J36;5;0;GrrG;21888.75
J36;5;0;GrrG;21889.00
J36;5;0;GrrG;21889.25
J36;5;0;GrrG;21889.50
J36;5;0;GrrG;21889.75
J36;5;0;GrrG;21890.00
J36;5;0;GrrG;21890.25
J36;5;0;GrrG;21890.50
J36;5;0;GrrG;21890.75
J36;5;0;GrrG;21891.00
J36;5;0;GrrG;21891.25
J36;5;0;GrrG;21891.50
J36;5;0;GrrG;21891.75
J36;5;0;GrrG;21892.00
J36;5;0;GrrG;21892.25
J36;5;0;GrrG;21892.50
J36;5;0;GrrG;21892.75
J36;5;0;GrrG;21893.00
J36;5;0;GrrG;21893.25
J36;5;0;GrrG;21893.50
J36;5;0;GrrG;21893.75
J36;5;0;GrrG;21894.00
J36;5;0;GrrG;21894.25
J36;5;0;GrrG;21894.50
J36;5;0;GrrG;21894.75
J36;5;0;GrrG;21895.00
J36;5;0;GrrG;21895.25
J36;5;0;GrrG;21895.50
J36;5;0;GrrG;21895.75
J36;6;0;yrry;21896.00
J36;6;0;yrry;21896.25
J36;6;0;yrry;21896.50
J36;6;0;yrry;21896.75
J36;6;0;yrry;21897.00
J36;6;0;yrry;21897.25
J36;6;0;yrry;21897.50
J36;6;0;yrry;21897.75
J36;6;0;yrry;21898.00
J36;6;0;yrry;21898.25
J36;6;0;yrry;21898.50
J36;6;0;yrry;21898.75
J36;7;0;rrrr;21899.00
J36;7;0;rrrr;21899.25
J36;7;0;rrrr;21899.50
J36;7;0;rrrr;21899.75
J36;0;0;ruur;21900.00
J36;0;0;ruur;21900.25
J36;0;0;ruur;21900.50
J36;0;0;ruur;21900.75
J36;1;0;rGGr;21901.00
J36;1;0;rGGr;21901.25
J36;1;0;rGGr;21901.50
J36;1;0;rGGr;21901.75
J36;1;0;rGGr;21902.00
J36;1;0;rGGr;21902.25
J36;1;0;rGGr;21902.50
J36;1;0;rGGr;21902.75
J36;1;0;rGGr;21903.00
J36;1;0;rGGr;21903.25
J36;1;0;rGGr;21903.50
J36;1;0;rGGr;21903.75
J36;1;0;rGGr;21904.00
J36;1;0;rGGr;21904.25
J36;1;0;rGGr;21904.50
J36;1;0;rGGr;21904.75
J36;1;0;rGGr;21905.00
J36;1;0;rGGr;21905.25
J36;1;0;rGGr;21905.50
J36;1;0;rGGr;21905.75
J36;1;0;rGGr;21906.00
J36;1;0;rGGr;21906.25
J36;1;0;rGGr;21906.50
J36;1;0;rGGr;21906.75
J36;1;0;rGGr;21907.00
J36;1;0;rGGr;21907.25
J36;1;0;rGGr;21907.50
J36;1;0;rGGr;21907.75
J36;1;0;rGGr;21908.00
J36;1;0;rGGr;21908.25
J36;1;0;rGGr;21908.50
J36;1;0;rGGr;21908.75
J36;1;0;rGGr;21909.00
J36;1;0;rGGr;21909.25
J36;1;0;rGGr;21909.50
J36;1;0;rGGr;21909.75
J36;1;0;rGGr;21910.00
J36;1;0;rGGr;21910.25
J36;1;0;rGGr;21910.50
J36;1;0;rGGr;21910.75
J36;1;0;rGGr;21911.00
J36;1;0;rGGr;21911.25
J36;1;0;rGGr;21911.50
J36;1;0;rGGr;21911.75
J36;1;0;rGGr;21912.00
J36;1;0;rGGr;21912.25
J36;1;0;rGGr;21912.50
J36;1;0;rGGr;21912.75
J36;1;0;rGGr;21913.00
J36;1;0;rGGr;21913.25
J36;1;0;rGGr;21913.50
J36;1;0;rGGr;21913.75
J36;1;0;rGGr;21914.00
J36;1;0;rGGr;21914.25
J36;1;0;rGGr;21914.50
J36;1;0;rGGr;21914.75
J36;1;0;rGGr;21915.00
J36;1;0;rGGr;21915.25
J36;1;0;rGGr;21915.50
J36;1;0;rGGr;21915.75
J36;1;0;rGGr;21916.00
J36;1;0;rGGr;21916.25
J36;1;0;rGGr;21916.50
J36;1;0;rGGr;21916.75
J36;1;0;rGGr;21917.00
J36;1;0;rGGr;21917.25
J36;1;0;rGGr;21917.50
J36;1;0;rGGr;21917.75
J36;1;0;rGGr;21918.00
J36;1;0;rGGr;21918.25
J36;1;0;rGGr;21918.50
J36;1;0;rGGr;21918.75
J36;1;0;rGGr;21919.00
J36;1;0;rGGr;21919.25
J36;1;0;rGGr;21919.50
J36;1;0;rGGr;21919.75
J36;1;0;rGGr;21920.00
J36;1;0;rGGr;21920.25
J36;1;0;rGGr;21920.50
J36;1;0;rGGr;21920.75
J36;1;0;rGGr;21921.00
J36;1;0;rGGr;21921.25
J36;1;0;rGGr;21921.50
J36;1;0;rGGr;21921.75
J36;1;0;rGGr;21922.00
J36;1;0;rGGr;21922.25
J36;1;0;rGGr;21922.50
J36;1;0;rGGr;21922.75
J36;1;0;rGGr;21923.00
J36;1;0;rGGr;21923.25
J36;1;0;rGGr;21923.50
J36;1;0;rGGr;21923.75
J36;1;0;rGGr;21924.00
J36;1;0;rGGr;21924.25
J36;1;0;rGGr;21924.50
J36;1;0;rGGr;21924.75
J36;1;0;rGGr;21925.00
J36;1;0;rGGr;21925.25
J36;1;0;rGGr;21925.50
J36;1;0;rGGr;21925.75
J36;2;0;ryyr;21926.00
J36;2;0;ryyr;21926.25
J36;2;0;ryyr;21926.50
J36;2;0;ryyr;21926.75
J36;2;0;ryyr;21927.00
J36;2;0;ryyr;21927.25
J36;2;0;ryyr;21927.50
J36;2;0;ryyr;21927.75
J36;2;0;ryyr;21928.00
J36;2;0;ryyr;21928.25
J36;2;0;ryyr;21928.50
J36;2;0;ryyr;21928.75
J36;3;0;rrrr;21929.00
J36;3;0;rrrr;21929.25
J36;3;0;rrrr;21929.50
J36;3;0;rrrr;21929.75
J36;4;0;urru;21930.00
J36;4;0;urru;21930.25
J36;4;0;urru;21930.50
J36;4;0;urru;21930.75
J36;5;0;GrrG;21931.00
J36;5;0;GrrG;21931.25
J36;5;0;GrrG;21931.50
J36;5;0;GrrG;21931.75
J36;5;0;GrrG;21932.00
J36;5;0;GrrG;21932.25
J36;5;0;GrrG;21932.50
J36;5;0;GrrG;21932.75
J36;5;0;GrrG;21933.00
J36;5;0;GrrG;21933.25
J36;5;0;GrrG;21933.50
J36;5;0;GrrG;21933.75
J36;5;0;GrrG;21934.00
J36;5;0;GrrG;21934.25
J36;5;0;GrrG;21934.50
J36;5;0;GrrG;21934.75
J36;5;0;GrrG;21935.00
J36;5;0;GrrG;21935.25
J36;5;0;GrrG;21935.50
J36;5;0;GrrG;21935.75
J36;5;0;GrrG;21936.00
J36;5;0;GrrG;21936.25
J36;5;0;GrrG;21936.50
J36;5;0;GrrG;21936.75
J36;5;0;GrrG;21937.00
J36;5;0;GrrG;21937.25
J36;5;0;GrrG;21937.50
J36;5;0;GrrG;21937.75
J36;5;0;GrrG;21938.00
J36;5;0;GrrG;21938.25
J36;5;0;GrrG;21938.50
J36;5;0;GrrG;21938.75
J36;5;0;GrrG;21939.00
J36;5;0;GrrG;21939.25
J36;5;0;GrrG;21939.50
J36;5;0;GrrG;21939.75
J36;5;0;GrrG;21940.00
J36;5;0;GrrG;21940.25
J36;5;0;GrrG;21940.50
J36;5;0;GrrG;21940.75
J36;5;0;GrrG;21941.00
J36;5;0;GrrG;21941.25
J36;5;0;GrrG;21941.50
J36;5;0;GrrG;21941.75
J36;5;0;GrrG;21942.00
J36;5;0;GrrG;21942.25
J36;5;0;GrrG;21942.50
J36;5;0;GrrG;21942.75
J36;5;0;GrrG;21943.00
J36;5;0;GrrG;21943.25
J36;5;0;GrrG;21943.50
J36;5;0;GrrG;21943.75
J36;5;0;GrrG;21944.00
J36;5;0;GrrG;21944.25
J36;5;0;GrrG;21944.50
J36;5;0;GrrG;21944.75
J36;5;0;GrrG;21945.00
J36;5;0;GrrG;21945.25
J36;5;0;GrrG;21945.50
J36;5;0;GrrG;21945.75
J36;5;0;GrrG;21946.00
J36;5;0;GrrG;21946.25
J36;5;0;GrrG;21946.50
J36;5;0;GrrG;21946.75
J36;5;0;GrrG;21947.00
J36;5;0;GrrG;21947.25
J36;5;0;GrrG;21947.50
J36;5;0;GrrG;21947.75
J36;5;0;GrrG;21948.00
J36;5;0;GrrG;21948.25
J36;5;0;GrrG;21948.50
J36;5;0;GrrG;21948.75
J36;5;0;GrrG;21949.00
J36;5;0;GrrG;21949.25
J36;5;0;GrrG;21949.50
J36;5;0;GrrG;21949.75
J36;5;0;GrrG;21950.00
J36;5;0;GrrG;21950.25
J36;5;0;GrrG;21950.50
J36;5;0;GrrG;21950.75
J36;5;0;GrrG;21951.00
J36;5;0;GrrG;21951.25
J36;5;0;GrrG;21951.50
J36;5;0;GrrG;21951.75
J36;5;0;GrrG;21952.00
J36;5;0;GrrG;21952.25
J36;5;0;GrrG;21952.50
J36;5;0;GrrG;21952.75
J36;5;0;GrrG;21953.00
J36;5;0;GrrG;21953.25
J36;5;0;GrrG;21953.50
J36;5;0;GrrG;21953.75
J36;5;0;GrrG;21954.00
J36;5;0;GrrG;21954.25
J36;5;0;GrrG;21954.50
J36;5;0;GrrG;21954.75
J36;5;0;GrrG;21955.00
J36;5;0;GrrG;21955.25
J36;5;0;GrrG;21955.50
J36;5;0;GrrG;21955.75
J36;6;0;yrry;21956.00
J36;6;0;yrry;21956.25
J36;6;0;yrry;21956.50
J36;6;0;yrry;21956.75
J36;6;0;yrry;21957.00
J36;6;0;yrry;21957.25
J36;6;0;yrry;21957.50
J36;6;0;yrry;21957.75
J36;6;0;yrry;21958.00
J36;6;0;yrry;21958.25
J36;6;0;yrry;21958.50
J36;6;0;yrry;21958.75
J36;7;0;rrrr;21959.00
J36;7;0;rrrr;21959.25
J36;7;0;rrrr;21959.50
J36;7;0;rrrr;21959.75
J36;0;0;ruur;21960.00
J36;0;0;ruur;21960.25
J36;0;0;ruur;21960.50
J36;0;0;ruur;21960.75
J36;1;0;rGGr;21961.00
J36;1;0;rGGr;21961.25
J36;1;0;rGGr;21961.50
J36;1;0;rGGr;21961.75
J36;1;0;rGGr;21962.00
J36;1;0;rGGr;21962.25
J36;1;0;rGGr;21962.50
J36;1;0;rGGr;21962.75
J36;1;0;rGGr;21963.00
J36;1;0;rGGr;21963.25
J36;1;0;rGGr;21963.50
J36;1;0;rGGr;21963.75
J36;1;0;rGGr;21964.00
J36;1;0;rGGr;21964.25
J36;1;0;rGGr;21964.50
J36;1;0;rGGr;21964.75
J36;1;0;rGGr;21965.00
J36;1;0;rGGr;21965.25
J36;1;0;rGGr;21965.50
J36;1;0;rGGr;21965.75
J36;1;0;rGGr;21966.00
J36;1;0;rGGr;21966.25
J36;1;0;rGGr;21966.50
J36;1;0;rGGr;21966.75
J36;1;0;rGGr;21967.00
J36;1;0;rGGr;21967.25
J36;1;0;rGGr;21967.50
J36;1;0;rGGr;21967.75
J36;1;0;rGGr;21968.00
J36;1;0;rGGr;21968.25
J36;1;0;rGGr;21968.50
J36;1;0;rGGr;21968.75
J36;1;0;rGGr;21969.00
J36;1;0;rGGr;21969.25
J36;1;0;rGGr;21969.50
J36;1;0;rGGr;21969.75
J36;1;0;rGGr;21970.00
J36;1;0;rGGr;21970.25
J36;1;0;rGGr;21970.50
J36;1;0;rGGr;21970.75
J36;1;0;rGGr;21971.00
J36;1;0;rGGr;21971.25
J36;1;0;rGGr;21971.50
J36;1;0;rGGr;21971.75
J36;1;0;rGGr;21972.00
J36;1;0;rGGr;21972.25
J36;1;0;rGGr;21972.50
J36;1;0;rGGr;21972.75
J36;1;0;rGGr;21973.00
J36;1;0;rGGr;21973.25
J36;1;0;rGGr;21973.50
J36;1;0;rGGr;21973.75
J36;1;0;rGGr;21974.00
J36;1;0;rGGr;21974.25
J36;1;0;rGGr;21974.50
J36;1;0;rGGr;21974.75
J36;1;0;rGGr;21975.00
J36;1;0;rGGr;21975.25
J36;1;0;rGGr;21975.50
J36;1;0;rGGr;21975.75
J36;1;0;rGGr;21976.00
J36;1;0;rGGr;21976.25
J36;1;0;rGGr;21976.50
J36;1;0;rGGr;21976.75
J36;1;0;rGGr;21977.00
J36;1;0;rGGr;21977.25
J36;1;0;rGGr;21977.50
J36;1;0;rGGr;21977.75
J36;1;0;rGGr;21978.00
J36;1;0;rGGr;21978.25
J36;1;0;rGGr;21978.50
J36;1;0;rGGr;21978.75
J36;1;0;rGGr;21979.00
J36;1;0;rGGr;21979.25
J36;1;0;rGGr;21979.50
J36;1;0;rGGr;21979.75
J36;1;0;rGGr;21980.00
J36;1;0;rGGr;21980.25
J36;1;0;rGGr;21980.50
J36;1;0;rGGr;21980.75
J36;1;0;rGGr;21981.00
J36;1;0;rGGr;21981.25
J36;1;0;rGGr;21981.50
J36;1;0;rGGr;21981.75
J36;1;0;rGGr;21982.00
J36;1;0;rGGr;21982.25
J36;1;0;rGGr;21982.50
J36;1;0;rGGr;21982.75
J36;1;0;rGGr;21983.00
J36;1;0;rGGr;21983.25
J36;1;0;rGGr;21983.50
J36;1;0;rGGr;21983.75
J36;1;0;rGGr;21984.00
J36;1;0;rGGr;21984.25
J36;1;0;rGGr;21984.50
J36;1;0;rGGr;21984.75
J36;1;0;rGGr;21985.00
J36;1;0;rGGr;21985.25
J36;1;0;rGGr;21985.50
J36;1;0;rGGr;21985.75
J36;2;0;ryyr;21986.00
J36;2;0;ryyr;21986.25
J36;2;0;ryyr;21986.50
J36;2;0;ryyr;21986.75
J36;2;0;ryyr;21987.00
J36;2;0;ryyr;21987.25
J36;2;0;ryyr;21987.50
J36;2;0;ryyr;21987.75
J36;2;0;ryyr;21988.00
J36;2;0;ryyr;21988.25
J36;2;0;ryyr;21988.50
J36;2;0;ryyr;21988.75
J36;3;0;rrrr;21989.00
J36;3;0;rrrr;21989.25
J36;3;0;rrrr;21989.50
J36;3;0;rrrr;21989.75
J36;4;0;urru;21990.00
J36;4;0;urru;21990.25
J36;4;0;urru;21990.50
J36;4;0;urru;21990.75
J36;5;0;GrrG;21991.00
J36;5;0;GrrG;21991.25
J36;5;0;GrrG;21991.50
J36;5;0;GrrG;21991.75
J36;5;0;GrrG;21992.00
J36;5;0;GrrG;21992.25
J36;5;0;GrrG;21992.50
J36;5;0;GrrG;21992.75
J36;5;0;GrrG;21993.00
J36;5;0;GrrG;21993.25
J36;5;0;GrrG;21993.50
J36;5;0;GrrG;21993.75
J36;5;0;GrrG;21994.00
J36;5;0;GrrG;21994.25
J36;5;0;GrrG;21994.50
J36;5;0;GrrG;21994.75
J36;5;0;GrrG;21995.00
J36;5;0;GrrG;21995.25
J36;5;0;GrrG;21995.50
J36;5;0;GrrG;21995.75
J36;5;0;GrrG;21996.00
J36;5;0;GrrG;21996.25
J36;5;0;GrrG;21996.50
J36;5;0;GrrG;21996.75
J36;5;0;GrrG;21997.00
J36;5;0;GrrG;21997.25
J36;5;0;GrrG;21997.50
J36;5;0;GrrG;21997.75
J36;5;0;GrrG;21998.00
J36;5;0;GrrG;21998.25
J36;5;0;GrrG;21998.50
J36;5;0;GrrG;21998.75
J36;5;0;GrrG;21999.00
J36;5;0;GrrG;21999.25
J36;5;0;GrrG;21999.50
J36;5;0;GrrG;21999.75
J36;5;0;GrrG;22000.00
J36;5;0;GrrG;22000.25
J36;5;0;GrrG;22000.50
J36;5;0;GrrG;22000.75
J36;5;0;GrrG;22001.00
J36;5;0;GrrG;22001.25
J36;5;0;GrrG;22001.50
J36;5;0;GrrG;22001.75
J36;5;0;GrrG;22002.00
J36;5;0;GrrG;22002.25
J36;5;0;GrrG;22002.50
J36;5;0;GrrG;22002.75
J36;5;0;GrrG;22003.00
J36;5;0;GrrG;22003.25
J36;5;0;GrrG;22003.50
J36;5;0;GrrG;22003.75
J36;5;0;GrrG;22004.00
J36;5;0;GrrG;22004.25
J36;5;0;GrrG;22004.50
J36;5;0;GrrG;22004.75
J36;5;0;GrrG;22005.00
J36;5;0;GrrG;22005.25
J36;5;0;GrrG;22005.50
J36;5;0;GrrG;22005.75
J36;5;0;GrrG;22006.00
J36;5;0;GrrG;22006.25
J36;5;0;GrrG;22006.50
J36;5;0;GrrG;22006.75
J36;5;0;GrrG;22007.00
J36;5;0;GrrG;22007.25
J36;5;0;GrrG;22007.50
J36;5;0;GrrG;22007.75
J36;5;0;GrrG;22008.00
J36;5;0;GrrG;22008.25
J36;5;0;GrrG;22008.50
J36;5;0;GrrG;22008.75
J36;5;0;GrrG;22009.00
J36;5;0;GrrG;22009.25
J36;5;0;GrrG;22009.50
J36;5;0;GrrG;22009.75
J36;5;0;GrrG;22010.00
J36;5;0;GrrG;22010.25
J36;5;0;GrrG;22010.50
J36;5;0;GrrG;22010.75
J36;5;0;GrrG;22011.00
J36;5;0;GrrG;22011.25
J36;5;0;GrrG;22011.50
J36;5;0;GrrG;22011.75
J36;5;0;GrrG;22012.00
J36;5;0;GrrG;22012.25
J36;5;0;GrrG;22012.50
J36;5;0;GrrG;22012.75
J36;5;0;GrrG;22013.00
J36;5;0;GrrG;22013.25
J36;5;0;GrrG;22013.50
J36;5;0;GrrG;22013.75
J36;5;0;GrrG;22014.00
J36;5;0;GrrG;22014.25
J36;5;0;GrrG;22014.50
J36;5;0;GrrG;22014.75
J36;5;0;GrrG;22015.00
J36;5;0;GrrG;22015.25
J36;5;0;GrrG;22015.50
J36;5;0;GrrG;22015.75
J36;6;0;yrry;22016.00
J36;6;0;yrry;22016.25
J36;6;0;yrry;22016.50
J36;6;0;yrry;22016.75
J36;6;0;yrry;22017.00
J36;6;0;yrry;22017.25
J36;6;0;yrry;22017.50
J36;6;0;yrry;22017.75
J36;6;0;yrry;22018.00
J36;6;0;yrry;22018.25
J36;6;0;yrry;22018.50
J36;6;0;yrry;22018.75
J36;7;0;rrrr;22019.00
J36;7;0;rrrr;22019.25
J36;7;0;rrrr;22019.50
J36;7;0;rrrr;22019.75
J36;0;0;ruur;22020.00
J36;0;0;ruur;22020.25
J36;0;0;ruur;22020.50
J36;0;0;ruur;22020.75
J36;1;0;rGGr;22021.00
J36;1;0;rGGr;22021.25
J36;1;0;rGGr;22021.50
J36;1;0;rGGr;22021.75
J36;1;0;rGGr;22022.00
J36;1;0;rGGr;22022.25
J36;1;0;rGGr;22022.50
J36;1;0;rGGr;22022.75
J36;1;0;rGGr;22023.00
J36;1;0;rGGr;22023.25
J36;1;0;rGGr;22023.50
J36;1;0;rGGr;22023.75
J36;1;0;rGGr;22024.00
J36;1;0;rGGr;22024.25
J36;1;0;rGGr;22024.50
J36;1;0;rGGr;22024.75
J36;1;0;rGGr;22025.00
J36;1;0;rGGr;22025.25
J36;1;0;rGGr;22025.50
J36;1;0;rGGr;22025.75
J36;1;0;rGGr;22026.00
J36;1;0;rGGr;22026.25
J36;1;0;rGGr;22026.50
J36;1;0;rGGr;22026.75
J36;1;0;rGGr;22027.00
J36;1;0;rGGr;22027.25
J36;1;0;rGGr;22027.50
J36;1;0;rGGr;22027.75
J36;1;0;rGGr;22028.00
J36;1;0;rGGr;22028.25
J36;1;0;rGGr;22028.50
J36;1;0;rGGr;22028.75
J36;1;0;rGGr;22029.00
J36;1;0;rGGr;22029.25
J36;1;0;rGGr;22029.50
J36;1;0;rGGr;22029.75
J36;1;0;rGGr;22030.00
J36;1;0;rGGr;22030.25
J36;1;0;rGGr;22030.50
J36;1;0;rGGr;22030.75
J36;1;0;rGGr;22031.00
J36;1;0;rGGr;22031.25
J36;1;0;rGGr;22031.50
J36;1;0;rGGr;22031.75
J36;1;0;rGGr;22032.00
J36;1;0;rGGr;22032.25
J36;1;0;rGGr;22032.50
J36;1;0;rGGr;22032.75
J36;1;0;rGGr;22033.00
J36;1;0;rGGr;22033.25
J36;1;0;rGGr;22033.50
J36;1;0;rGGr;22033.75
J36;1;0;rGGr;22034.00
J36;1;0;rGGr;22034.25
J36;1;0;rGGr;22034.50
J36;1;0;rGGr;22034.75
J36;1;0;rGGr;22035.00
J36;1;0;rGGr;22035.25
J36;1;0;rGGr;22035.50
J36;1;0;rGGr;22035.75
J36;1;0;rGGr;22036.00
J36;1;0;rGGr;22036.25
J36;1;0;rGGr;22036.50
J36;1;0;rGGr;22036.75
J36;1;0;rGGr;22037.00
J36;1;0;rGGr;22037.25
J36;1;0;rGGr;22037.50
J36;1;0;rGGr;22037.75
J36;1;0;rGGr;22038.00
J36;1;0;rGGr;22038.25
J36;1;0;rGGr;22038.50
J36;1;0;rGGr;22038.75
J36;1;0;rGGr;22039.00
J36;1;0;rGGr;22039.25
J36;1;0;rGGr;22039.50
J36;1;0;rGGr;22039.75
J36;1;0;rGGr;22040.00
J36;1;0;rGGr;22040.25
J36;1;0;rGGr;22040.50
J36;1;0;rGGr;22040.75
J36;1;0;rGGr;22041.00
J36;1;0;rGGr;22041.25
J36;1;0;rGGr;22041.50
J36;1;0;rGGr;22041.75
J36;1;0;rGGr;22042.00
J36;1;0;rGGr;22042.25
J36;1;0;rGGr;22042.50
J36;1;0;rGGr;22042.75
J36;1;0;rGGr;22043.00
J36;1;0;rGGr;22043.25
J36;1;0;rGGr;22043.50
J36;1;0;rGGr;22043.75
J36;1;0;rGGr;22044.00
J36;1;0;rGGr;22044.25
J36;1;0;rGGr;22044.50
J36;1;0;rGGr;22044.75
J36;1;0;rGGr;22045.00
J36;1;0;rGGr;22045.25
J36;1;0;rGGr;22045.50
J36;1;0;rGGr;22045.75
J36;2;0;ryyr;22046.00
J36;2;0;ryyr;22046.25
J36;2;0;ryyr;22046.50
J36;2;0;ryyr;22046.75
J36;2;0;ryyr;22047.00
J36;2;0;ryyr;22047.25
J36;2;0;ryyr;22047.50
J36;2;0;ryyr;22047.75
J36;2;0;ryyr;22048.00
J36;2;0;ryyr;22048.25
J36;2;0;ryyr;22048.50
J36;2;0;ryyr;22048.75
J36;3;0;rrrr;22049.00
J36;3;0;rrrr;22049.25
J36;3;0;rrrr;22049.50
J36;3;0;rrrr;22049.75
J36;4;0;urru;22050.00
J36;4;0;urru;22050.25
J36;4;0;urru;22050.50
J36;4;0;urru;22050.75
J36;5;0;GrrG;22051.00
J36;5;0;GrrG;22051.25
J36;5;0;GrrG;22051.50
J36;5;0;GrrG;22051.75
J36;5;0;GrrG;22052.00
J36;5;0;GrrG;22052.25
J36;5;0;GrrG;22052.50
J36;5;0;GrrG;22052.75
J36;5;0;GrrG;22053.00
J36;5;0;GrrG;22053.25
J36;5;0;GrrG;22053.50
J36;5;0;GrrG;22053.75
J36;5;0;GrrG;22054.00
J36;5;0;GrrG;22054.25
J36;5;0;GrrG;22054.50
J36;5;0;GrrG;22054.75
J36;5;0;GrrG;22055.00
J36;5;0;GrrG;22055.25
J36;5;0;GrrG;22055.50
J36;5;0;GrrG;22055.75
J36;5;0;GrrG;22056.00
J36;5;0;GrrG;22056.25
J36;5;0;GrrG;22056.50
J36;5;0;GrrG;22056.75
J36;5;0;GrrG;22057.00
J36;5;0;GrrG;22057.25
J36;5;0;GrrG;22057.50
J36;5;0;GrrG;22057.75
J36;5;0;GrrG;22058.00
J36;5;0;GrrG;22058.25
J36;5;0;GrrG;22058.50
J36;5;0;GrrG;22058.75
J36;5;0;GrrG;22059.00
J36;5;0;GrrG;22059.25
J36;5;0;GrrG;22059.50
J36;5;0;GrrG;22059.75
J36;5;0;GrrG;22060.00
J36;5;0;GrrG;22060.25
J36;5;0;GrrG;22060.50
J36;5;0;GrrG;22060.75
J36;5;0;GrrG;22061.00
J36;5;0;GrrG;22061.25
J36;5;0;GrrG;22061.50
J36;5;0;GrrG;22061.75
J36;5;0;GrrG;22062.00
J36;5;0;GrrG;22062.25
J36;5;0;GrrG;22062.50
J36;5;0;GrrG;22062.75
J36;5;0;GrrG;22063.00
J36;5;0;GrrG;22063.25
J36;5;0;GrrG;22063.50
J36;5;0;GrrG;22063.75
J36;5;0;GrrG;22064.00
J36;5;0;GrrG;22064.25
J36;5;0;GrrG;22064.50
J36;5;0;GrrG;22064.75
J36;5;0;GrrG;22065.00
J36;5;0;GrrG;22065.25
J36;5;0;GrrG;22065.50
J36;5;0;GrrG;22065.75
J36;5;0;GrrG;22066.00
J36;5;0;GrrG;22066.25
J36;5;0;GrrG;22066.50
J36;5;0;GrrG;22066.75
J36;5;0;GrrG;22067.00
J36;5;0;GrrG;22067.25
J36;5;0;GrrG;22067.50
J36;5;0;GrrG;22067.75
J36;5;0;GrrG;22068.00
J36;5;0;GrrG;22068.25
J36;5;0;GrrG;22068.50
J36;5;0;GrrG;22068.75
J36;5;0;GrrG;22069.00
J36;5;0;GrrG;22069.25
J36;5;0;GrrG;22069.50
J36;5;0;GrrG;22069.75
J36;5;0;GrrG;22070.00
J36;5;0;GrrG;22070.25
J36;5;0;GrrG;22070.50
J36;5;0;GrrG;22070.75
J36;5;0;GrrG;22071.00
J36;5;0;GrrG;22071.25
J36;5;0;GrrG;22071.50
J36;5;0;GrrG;22071.75
J36;5;0;GrrG;22072.00
J36;5;0;GrrG;22072.25
J36;5;0;GrrG;22072.50
J36;5;0;GrrG;22072.75
J36;5;0;GrrG;22073.00
J36;5;0;GrrG;22073.25
J36;5;0;GrrG;22073.50
J36;5;0;GrrG;22073.75
J36;5;0;GrrG;22074.00
J36;5;0;GrrG;22074.25
J36;5;0;GrrG;22074.50
J36;5;0;GrrG;22074.75
J36;5;0;GrrG;22075.00
J36;5;0;GrrG;22075.25
J36;5;0;GrrG;22075.50
J36;5;0;GrrG;22075.75
J36;6;0;yrry;22076.00
J36;6;0;yrry;22076.25
J36;6;0;yrry;22076.50
J36;6;0;yrry;22076.75
J36;6;0;yrry;22077.00
J36;6;0;yrry;22077.25
J36;6;0;yrry;22077.50
J36;6;0;yrry;22077.75
J36;6;0;yrry;22078.00
J36;6;0;yrry;22078.25
J36;6;0;yrry;22078.50
J36;6;0;yrry;22078.75
J36;7;0;rrrr;22079.00
J36;7;0;rrrr;22079.25
J36;7;0;rrrr;22079.50
J36;7;0;rrrr;22079.75
J36;0;0;ruur;22080.00
J36;0;0;ruur;22080.25
J36;0;0;ruur;22080.50
J36;0;0;ruur;22080.75
J36;1;0;rGGr;22081.00
J36;1;0;rGGr;22081.25
J36;1;0;rGGr;22081.50
J36;1;0;rGGr;22081.75
J36;1;0;rGGr;22082.00
J36;1;0;rGGr;22082.25
J36;1;0;rGGr;22082.50
J36;1;0;rGGr;22082.75
J36;1;0;rGGr;22083.00
J36;1;0;rGGr;22083.25
J36;1;0;rGGr;22083.50
J36;1;0;rGGr;22083.75
J36;1;0;rGGr;22084.00
J36;1;0;rGGr;22084.25
J36;1;0;rGGr;22084.50
J36;1;0;rGGr;22084.75
J36;1;0;rGGr;22085.00
J36;1;0;rGGr;22085.25
J36;1;0;rGGr;22085.50
J36;1;0;rGGr;22085.75
J36;1;0;rGGr;22086.00
J36;1;0;rGGr;22086.25
J36;1;0;rGGr;22086.50
J36;1;0;rGGr;22086.75
J36;1;0;rGGr;22087.00
J36;1;0;rGGr;22087.25
J36;1;0;rGGr;22087.50
J36;1;0;rGGr;22087.75
J36;1;0;rGGr;22088.00
J36;1;0;rGGr;22088.25
J36;1;0;rGGr;22088.50
J36;1;0;rGGr;22088.75
J36;1;0;rGGr;22089.00
J36;1;0;rGGr;22089.25
J36;1;0;rGGr;22089.50
J36;1;0;rGGr;22089.75
J36;1;0;rGGr;22090.00
J36;1;0;rGGr;22090.25
J36;1;0;rGGr;22090.50
J36;1;0;rGGr;22090.75
J36;1;0;rGGr;22091.00
J36;1;0;rGGr;22091.25
J36;1;0;rGGr;22091.50
J36;1;0;rGGr;22091.75
J36;1;0;rGGr;22092.00
J36;1;0;rGGr;22092.25
J36;1;0;rGGr;22092.50
J36;1;0;rGGr;22092.75
J36;1;0;rGGr;22093.00
J36;1;0;rGGr;22093.25
J36;1;0;rGGr;22093.50
J36;1;0;rGGr;22093.75
J36;1;0;rGGr;22094.00
J36;1;0;rGGr;22094.25
J36;1;0;rGGr;22094.50
J36;1;0;rGGr;22094.75
J36;1;0;rGGr;22095.00
J36;1;0;rGGr;22095.25
J36;1;0;rGGr;22095.50
J36;1;0;rGGr;22095.75
J36;1;0;rGGr;22096.00
J36;1;0;rGGr;22096.25
J36;1;0;rGGr;22096.50
J36;1;0;rGGr;22096.75
J36;1;0;rGGr;22097.00
J36;1;0;rGGr;22097.25
J36;1;0;rGGr;22097.50
J36;1;0;rGGr;22097.75
J36;1;0;rGGr;22098.00
J36;1;0;rGGr;22098.25
J36;1;0;rGGr;22098.50
J36;1;0;rGGr;22098.75
J36;1;0;rGGr;22099.00
J36;1;0;rGGr;22099.25
J36;1;0;rGGr;22099.50
J36;1;0;rGGr;22099.75
J36;1;0;rGGr;22100.00
J36;1;0;rGGr;22100.25
J36;1;0;rGGr;22100.50
J36;1;0;rGGr;22100.75
J36;1;0;rGGr;22101.00
J36;1;0;rGGr;22101.25
J36;1;0;rGGr;22101.50
J36;1;0;rGGr;22101.75
J36;1;0;rGGr;22102.00
J36;1;0;rGGr;22102.25
J36;1;0;rGGr;22102.50
J36;1;0;rGGr;22102.75
J36;1;0;rGGr;22103.00
J36;1;0;rGGr;22103.25
J36;1;0;rGGr;22103.50
J36;1;0;rGGr;22103.75
J36;1;0;rGGr;22104.00
J36;1;0;rGGr;22104.25
J36;1;0;rGGr;22104.50
J36;1;0;rGGr;22104.75
J36;1;0;rGGr;22105.00
J36;1;0;rGGr;22105.25
J36;1;0;rGGr;22105.50
J36;1;0;rGGr;22105.75
J36;2;0;ryyr;22106.00
J36;2;0;ryyr;22106.25
J36;2;0;ryyr;22106.50
J36;2;0;ryyr;22106.75
J36;2;0;ryyr;22107.00
J36;2;0;ryyr;22107.25
J36;2;0;ryyr;22107.50
J36;2;0;ryyr;22107.75
J36;2;0;ryyr;22108.00
J36;2;0;ryyr;22108.25
J36;2;0;ryyr;22108.50
J36;2;0;ryyr;22108.75
J36;3;0;rrrr;22109.00
J36;3;0;rrrr;22109.25
J36;3;0;rrrr;22109.50
J36;3;0;rrrr;22109.75
J36;4;0;urru;22110.00
J36;4;0;urru;22110.25
J36;4;0;urru;22110.50
J36;4;0;urru;22110.75
J36;5;0;GrrG;22111.00
J36;5;0;GrrG;22111.25
J36;5;0;GrrG;22111.50
J36;5;0;GrrG;22111.75
J36;5;0;GrrG;22112.00
J36;5;0;GrrG;22112.25
J36;5;0;GrrG;22112.50
J36;5;0;GrrG;22112.75
J36;5;0;GrrG;22113.00
J36;5;0;GrrG;22113.25
J36;5;0;GrrG;22113.50
J36;5;0;GrrG;22113.75
J36;5;0;GrrG;22114.00
J36;5;0;GrrG;22114.25
J36;5;0;GrrG;22114.50
J36;5;0;GrrG;22114.75
J36;5;0;GrrG;22115.00
J36;5;0;GrrG;22115.25
J36;5;0;GrrG;22115.50
J36;5;0;GrrG;22115.75
J36;5;0;GrrG;22116.00
J36;5;0;GrrG;22116.25
J36;5;0;GrrG;22116.50
J36;5;0;GrrG;22116.75
J36;5;0;GrrG;22117.00
J36;5;0;GrrG;22117.25
J36;5;0;GrrG;22117.50
J36;5;0;GrrG;22117.75
J36;5;0;GrrG;22118.00
J36;5;0;GrrG;22118.25
J36;5;0;GrrG;22118.50
J36;5;0;GrrG;22118.75
J36;5;0;GrrG;22119.00
J36;5;0;GrrG;22119.25
J36;5;0;GrrG;22119.50
J36;5;0;GrrG;22119.75
J36;5;0;GrrG;22120.00
J36;5;0;GrrG;22120.25
J36;5;0;GrrG;22120.50
J36;5;0;GrrG;22120.75
J36;5;0;GrrG;22121.00
J36;5;0;GrrG;22121.25
J36;5;0;GrrG;22121.50
J36;5;0;GrrG;22121.75
J36;5;0;GrrG;22122.00
J36;5;0;GrrG;22122.25
J36;5;0;GrrG;22122.50
J36;5;0;GrrG;22122.75
J36;5;0;GrrG;22123.00
J36;5;0;GrrG;22123.25
J36;5;0;GrrG;22123.50
J36;5;0;GrrG;22123.75
J36;5;0;GrrG;22124.00
J36;5;0;GrrG;22124.25
J36;5;0;GrrG;22124.50
J36;5;0;GrrG;22124.75
J36;5;0;GrrG;22125.00
J36;5;0;GrrG;22125.25
J36;5;0;GrrG;22125.50
J36;5;0;GrrG;22125.75
J36;5;0;GrrG;22126.00
J36;5;0;GrrG;22126.25
J36;5;0;GrrG;22126.50
J36;5;0;GrrG;22126.75
J36;5;0;GrrG;22127.00
J36;5;0;GrrG;22127.25
J36;5;0;GrrG;22127.50
J36;5;0;GrrG;22127.75
J36;5;0;GrrG;22128.00
J36;5;0;GrrG;22128.25
J36;5;0;GrrG;22128.50
J36;5;0;GrrG;22128.75
J36;5;0;GrrG;22129.00
J36;5;0;GrrG;22129.25
J36;5;0;GrrG;22129.50
J36;5;0;GrrG;22129.75
J36;5;0;GrrG;22130.00
J36;5;0;GrrG;22130.25
J36;5;0;GrrG;22130.50
J36;5;0;GrrG;22130.75
J36;5;0;GrrG;22131.00
J36;5;0;GrrG;22131.25
J36;5;0;GrrG;22131.50
J36;5;0;GrrG;22131.75
J36;5;0;GrrG;22132.00
J36;5;0;GrrG;22132.25
J36;5;0;GrrG;22132.50
J36;5;0;GrrG;22132.75
J36;5;0;GrrG;22133.00
J36;5;0;GrrG;22133.25
J36;5;0;GrrG;22133.50
J36;5;0;GrrG;22133.75
J36;5;0;GrrG;22134.00
J36;5;0;GrrG;22134.25
J36;5;0;GrrG;22134.50
J36;5;0;GrrG;22134.75
J36;5;0;GrrG;22135.00
J36;5;0;GrrG;22135.25
J36;5;0;GrrG;22135.50
J36;5;0;GrrG;22135.75
J36;6;0;yrry;22136.00
J36;6;0;yrry;22136.25
J36;6;0;yrry;22136.50
J36;6;0;yrry;22136.75
J36;6;0;yrry;22137.00
J36;6;0;yrry;22137.25
J36;6;0;yrry;22137.50
J36;6;0;yrry;22137.75
J36;6;0;yrry;22138.00
J36;6;0;yrry;22138.25
J36;6;0;yrry;22138.50
J36;6;0;yrry;22138.75
J36;7;0;rrrr;22139.00
J36;7;0;rrrr;22139.25
J36;7;0;rrrr;22139.50
J36;7;0;rrrr;22139.75
J36;0;0;ruur;22140.00
J36;0;0;ruur;22140.25
J36;0;0;ruur;22140.50
J36;0;0;ruur;22140.75
J36;1;0;rGGr;22141.00
J36;1;0;rGGr;22141.25
J36;1;0;rGGr;22141.50
J36;1;0;rGGr;22141.75
J36;1;0;rGGr;22142.00
J36;1;0;rGGr;22142.25
J36;1;0;rGGr;22142.50
J36;1;0;rGGr;22142.75
J36;1;0;rGGr;22143.00
J36;1;0;rGGr;22143.25
J36;1;0;rGGr;22143.50
J36;1;0;rGGr;22143.75
J36;1;0;rGGr;22144.00
J36;1;0;rGGr;22144.25
J36;1;0;rGGr;22144.50
J36;0;online;yyyyyyyyyyyyyyyyyyyyyyyyyyyyyyyyyyyyyyyyyyyyyyyyyyyyyyyyy;22144.75
J36;0;online;yyyyyyyyyyyyyyyyyyyyyyyyyyyyyyyyyyyyyyyyyyyyyyyyyyyyyyyyy;22145.00
J36;0;online;yyyyyyyyyyyyyyyyyyyyyyyyyyyyyyyyyyyyyyyyyyyyyyyyyyyyyyyyy;22145.25
J36;0;online;yyyyyyyyyyyyyyyyyyyyyyyyyyyyyyyyyyyyyyyyyyyyyyyyyyyyyyyyy;22145.50
J36;0;online;yyyyyyyyyyyyyyyyyyyyyyyyyyyyyyyyyyyyyyyyyyyyyyyyyyyyyyyyy;22145.75
J36;0;online;yyyyyyyyyyyyyyyyyyyyyyyyyyyyyyyyyyyyyyyyyyyyyyyyyyyyyyyyy;22146.00
J36;0;online;yyyyyyyyyyyyyyyyyyyyyyyyyyyyyyyyyyyyyyyyyyyyyyyyyyyyyyyyy;22146.25
J36;0;online;yyyyyyyyyyyyyyyyyyyyyyyyyyyyyyyyyyyyyyyyyyyyyyyyyyyyyyyyy;22146.50
J36;0;online;yyyyyyyyyyyyyyyyyyyyyyyyyyyyyyyyyyyyyyyyyyyyyyyyyyyyyyyyy;22146.75
J36;0;online;yyyyyyyyyyyyyyyyyyyyyyyyyyyyyyyyyyyyyyyyyyyyyyyyyyyyyyyyy;22147.00
J36;0;online;yyyyyyyyyyyyyyyyyyyyyyyyyyyyyyyyyyyyyyyyyyyyyyyyyyyyyyyyy;22147.25
J36;0;online;yyyyyyyyyyyyyyyyyyyyyyyyyyyyyyyyyyyyyyyyyyyyyyyyyyyyyyyyy;22147.50
J36;4;0;urru;22147.75
J36;4;0;urru;22148.00
J36;4;0;urru;22148.25
J36;4;0;urru;22148.50
J36;5;0;GrrG;22148.75
J36;5;0;GrrG;22149.00
J36;5;0;GrrG;22149.25
J36;5;0;GrrG;22149.50
J36;5;0;GrrG;22149.75
J36;5;0;GrrG;22150.00
J36;5;0;GrrG;22150.25
J36;5;0;GrrG;22150.50
J36;5;0;GrrG;22150.75
J36;5;0;GrrG;22151.00
J36;5;0;GrrG;22151.25
J36;5;0;GrrG;22151.50
J36;5;0;GrrG;22151.75
J36;5;0;GrrG;22152.00
J36;5;0;GrrG;22152.25
J36;5;0;GrrG;22152.50
J36;5;0;GrrG;22152.75
J36;5;0;GrrG;22153.00
J36;5;0;GrrG;22153.25
J36;5;0;GrrG;22153.50
J36;5;0;GrrG;22153.75
J36;5;0;GrrG;22154.00
J36;5;0;GrrG;22154.25
J36;5;0;GrrG;22154.50
J36;5;0;GrrG;22154.75
J36;5;0;GrrG;22155.00
J36;5;0;GrrG;22155.25
J36;5;0;GrrG;22155.50
J36;5;0;GrrG;22155.75
J36;5;0;GrrG;22156.00
J36;5;0;GrrG;22156.25
J36;5;0;GrrG;22156.50
J36;5;0;GrrG;22156.75
J36;5;0;GrrG;22157.00
J36;5;0;GrrG;22157.25
J36;5;0;GrrG;22157.50
J36;5;0;GrrG;22157.75
J36;5;0;GrrG;22158.00
J36;5;0;GrrG;22158.25
J36;5;0;GrrG;22158.50
J36;5;0;GrrG;22158.75
J36;5;0;GrrG;22159.00
J36;5;0;GrrG;22159.25
J36;5;0;GrrG;22159.50
J36;5;0;GrrG;22159.75
J36;5;0;GrrG;22160.00
J36;5;0;GrrG;22160.25
J36;5;0;GrrG;22160.50
J36;5;0;GrrG;22160.75
J36;5;0;GrrG;22161.00
J36;5;0;GrrG;22161.25
J36;5;0;GrrG;22161.50
J36;5;0;GrrG;22161.75
J36;5;0;GrrG;22162.00
J36;5;0;GrrG;22162.25
J36;5;0;GrrG;22162.50
J36;5;0;GrrG;22162.75
J36;5;0;GrrG;22163.00
J36;5;0;GrrG;22163.25
J36;5;0;GrrG;22163.50
J36;5;0;GrrG;22163.75
J36;5;0;GrrG;22164.00
J36;5;0;GrrG;22164.25
J36;5;0;GrrG;22164.50
J36;5;0;GrrG;22164.75
J36;5;0;GrrG;22165.00
J36;5;0;GrrG;22165.25
J36;5;0;GrrG;22165.50
J36;5;0;GrrG;22165.75
J36;5;0;GrrG;22166.00
J36;5;0;GrrG;22166.25
J36;5;0;GrrG;22166.50
J36;5;0;GrrG;22166.75
J36;5;0;GrrG;22167.00
J36;5;0;GrrG;22167.25
J36;5;0;GrrG;22167.50
J36;5;0;GrrG;22167.75
J36;5;0;GrrG;22168.00
J36;5;0;GrrG;22168.25
J36;5;0;GrrG;22168.50
J36;5;0;GrrG;22168.75
J36;5;0;GrrG;22169.00
J36;5;0;GrrG;22169.25
J36;5;0;GrrG;22169.50
J36;5;0;GrrG;22169.75
J36;5;0;GrrG;22170.00
J36;5;0;GrrG;22170.25
J36;5;0;GrrG;22170.50
J36;5;0;GrrG;22170.75
J36;5;0;GrrG;22171.00
J36;5;0;GrrG;22171.25
J36;5;0;GrrG;22171.50
J36;5;0;GrrG;22171.75
J36;5;0;GrrG;22172.00
J36;5;0;GrrG;22172.25
J36;5;0;GrrG;22172.50
J36;5;0;GrrG;22172.75
J36;5;0;GrrG;22173.00
J36;5;0;GrrG;22173.25
J36;5;0;GrrG;22173.50
J36;6;0;yrry;22173.75
J36;6;0;yrry;22174.00
J36;6;0;yrry;22174.25
J36;6;0;yrry;22174.50
J36;6;0;yrry;22174.75
J36;6;0;yrry;22175.00
J36;6;0;yrry;22175.25
J36;6;0;yrry;22175.50
J36;6;0;yrry;22175.75
J36;6;0;yrry;22176.00
J36;6;0;yrry;22176.25
J36;6;0;yrry;22176.50
J36;7;0;rrrr;22176.75
J36;7;0;rrrr;22177.00
J36;7;0;rrrr;22177.25
J36;7;0;rrrr;22177.50
J36;0;0;ruur;22177.75
J36;0;0;ruur;22178.00
J36;0;0;ruur;22178.25
J36;0;0;ruur;22178.50
J36;1;0;rGGr;22178.75
J36;1;0;rGGr;22179.00
J36;1;0;rGGr;22179.25
J36;1;0;rGGr;22179.50
J36;1;0;rGGr;22179.75
J36;1;0;rGGr;22180.00
J36;1;0;rGGr;22180.25
J36;1;0;rGGr;22180.50
J36;1;0;rGGr;22180.75
J36;1;0;rGGr;22181.00
J36;1;0;rGGr;22181.25
J36;1;0;rGGr;22181.50
J36;1;0;rGGr;22181.75
J36;1;0;rGGr;22182.00
J36;1;0;rGGr;22182.25
J36;1;0;rGGr;22182.50
J36;1;0;rGGr;22182.75
J36;1;0;rGGr;22183.00
J36;1;0;rGGr;22183.25
J36;1;0;rGGr;22183.50
J36;1;0;rGGr;22183.75
J36;1;0;rGGr;22184.00
J36;1;0;rGGr;22184.25
J36;1;0;rGGr;22184.50
J36;1;0;rGGr;22184.75
J36;1;0;rGGr;22185.00
J36;1;0;rGGr;22185.25
J36;1;0;rGGr;22185.50
J36;1;0;rGGr;22185.75
J36;1;0;rGGr;22186.00
J36;1;0;rGGr;22186.25
J36;1;0;rGGr;22186.50
J36;1;0;rGGr;22186.75
J36;1;0;rGGr;22187.00
J36;1;0;rGGr;22187.25
J36;1;0;rGGr;22187.50
J36;1;0;rGGr;22187.75
J36;1;0;rGGr;22188.00
J36;1;0;rGGr;22188.25
J36;1;0;rGGr;22188.50
J36;1;0;rGGr;22188.75
J36;1;0;rGGr;22189.00
J36;1;0;rGGr;22189.25
J36;1;0;rGGr;22189.50
J36;1;0;rGGr;22189.75
J36;1;0;rGGr;22190.00
J36;1;0;rGGr;22190.25
J36;1;0;rGGr;22190.50
J36;1;0;rGGr;22190.75
J36;1;0;rGGr;22191.00
J36;1;0;rGGr;22191.25
J36;1;0;rGGr;22191.50
J36;1;0;rGGr;22191.75
J36;1;0;rGGr;22192.00
J36;1;0;rGGr;22192.25
J36;1;0;rGGr;22192.50
J36;1;0;rGGr;22192.75
J36;1;0;rGGr;22193.00
J36;1;0;rGGr;22193.25
J36;1;0;rGGr;22193.50
J36;1;0;rGGr;22193.75
J36;1;0;rGGr;22194.00
J36;1;0;rGGr;22194.25
J36;1;0;rGGr;22194.50
J36;1;0;rGGr;22194.75
J36;1;0;rGGr;22195.00
J36;1;0;rGGr;22195.25
J36;1;0;rGGr;22195.50
J36;1;0;rGGr;22195.75
J36;1;0;rGGr;22196.00
J36;1;0;rGGr;22196.25
J36;1;0;rGGr;22196.50
J36;1;0;rGGr;22196.75
J36;1;0;rGGr;22197.00
J36;1;0;rGGr;22197.25
J36;1;0;rGGr;22197.50
J36;1;0;rGGr;22197.75
J36;1;0;rGGr;22198.00
J36;1;0;rGGr;22198.25
J36;1;0;rGGr;22198.50
J36;1;0;rGGr;22198.75
J36;1;0;rGGr;22199.00
J36;1;0;rGGr;22199.25
J36;1;0;rGGr;22199.50
J36;1;0;rGGr;22199.75
J36;1;0;rGGr;22200.00
J36;1;0;rGGr;22200.25
J36;1;0;rGGr;22200.50
J36;1;0;rGGr;22200.75
J36;1;0;rGGr;22201.00
J36;1;0;rGGr;22201.25
J36;1;0;rGGr;22201.50
J36;1;0;rGGr;22201.75
J36;1;0;rGGr;22202.00
J36;1;0;rGGr;22202.25
J36;1;0;rGGr;22202.50
J36;1;0;rGGr;22202.75
J36;1;0;rGGr;22203.00
J36;1;0;rGGr;22203.25
J36;1;0;rGGr;22203.50
J36;1;0;rGGr;22203.75
J36;1;0;rGGr;22204.00
J36;1;0;rGGr;22204.25
J36;1;0;rGGr;22204.50
J36;1;0;rGGr;22204.75
J36;1;0;rGGr;22205.00
J36;1;0;rGGr;22205.25
J36;1;0;rGGr;22205.50
J36;1;0;rGGr;22205.75
J36;1;0;rGGr;22206.00
J36;1;0;rGGr;22206.25
J36;1;0;rGGr;22206.50
J36;1;0;rGGr;22206.75
J36;1;0;rGGr;22207.00
J36;1;0;rGGr;22207.25
J36;1;0;rGGr;22207.50
J36;1;0;rGGr;22207.75
J36;1;0;rGGr;22208.00
J36;1;0;rGGr;22208.25
J36;1;0;rGGr;22208.50
J36;1;0;rGGr;22208.75
J36;1;0;rGGr;22209.00
J36;1;0;rGGr;22209.25
J36;1;0;rGGr;22209.50
J36;1;0;rGGr;22209.75
J36;1;0;rGGr;22210.00
J36;1;0;rGGr;22210.25
J36;1;0;rGGr;22210.50
J36;1;0;rGGr;22210.75
J36;1;0;rGGr;22211.00
J36;1;0;rGGr;22211.25
J36;1;0;rGGr;22211.50
J36;1;0;rGGr;22211.75
J36;1;0;rGGr;22212.00
J36;1;0;rGGr;22212.25
J36;1;0;rGGr;22212.50
J36;1;0;rGGr;22212.75
J36;1;0;rGGr;22213.00
J36;1;0;rGGr;22213.25
J36;1;0;rGGr;22213.50
J36;1;0;rGGr;22213.75
J36;1;0;rGGr;22214.00
J36;1;0;rGGr;22214.25
J36;1;0;rGGr;22214.50
J36;1;0;rGGr;22214.75
J36;1;0;rGGr;22215.00
J36;1;0;rGGr;22215.25
J36;1;0;rGGr;22215.50
J36;1;0;rGGr;22215.75
J36;1;0;rGGr;22216.00
J36;1;0;rGGr;22216.25
J36;1;0;rGGr;22216.50
J36;1;0;rGGr;22216.75
J36;1;0;rGGr;22217.00
J36;1;0;rGGr;22217.25
J36;1;0;rGGr;22217.50
J36;1;0;rGGr;22217.75
J36;1;0;rGGr;22218.00
J36;1;0;rGGr;22218.25
J36;1;0;rGGr;22218.50
J36;1;0;rGGr;22218.75
J36;1;0;rGGr;22219.00
J36;1;0;rGGr;22219.25
J36;1;0;rGGr;22219.50
J36;1;0;rGGr;22219.75
J36;1;0;rGGr;22220.00
J36;1;0;rGGr;22220.25
J36;0;online;yyyyyyyyyyyyyyyyyyyyyyyyyyyyyyyyyyyyyyyyyyyyyyyyyyyyyyyyy;22220.50
J36;0;online;yyyyyyyyyyyyyyyyyyyyyyyyyyyyyyyyyyyyyyyyyyyyyyyyyyyyyyyyy;22220.75
J36;0;online;yyyyyyyyyyyyyyyyyyyyyyyyyyyyyyyyyyyyyyyyyyyyyyyyyyyyyyyyy;22221.00
J36;0;online;yyyyyyyyyyyyyyyyyyyyyyyyyyyyyyyyyyyyyyyyyyyyyyyyyyyyyyyyy;22221.25
J36;0;online;yyyyyyyyyyyyyyyyyyyyyyyyyyyyyyyyyyyyyyyyyyyyyyyyyyyyyyyyy;22221.50
J36;0;online;yyyyyyyyyyyyyyyyyyyyyyyyyyyyyyyyyyyyyyyyyyyyyyyyyyyyyyyyy;22221.75
J36;0;online;yyyyyyyyyyyyyyyyyyyyyyyyyyyyyyyyyyyyyyyyyyyyyyyyyyyyyyyyy;22222.00
J36;0;online;yyyyyyyyyyyyyyyyyyyyyyyyyyyyyyyyyyyyyyyyyyyyyyyyyyyyyyyyy;22222.25
J36;0;online;yyyyyyyyyyyyyyyyyyyyyyyyyyyyyyyyyyyyyyyyyyyyyyyyyyyyyyyyy;22222.50
J36;0;online;yyyyyyyyyyyyyyyyyyyyyyyyyyyyyyyyyyyyyyyyyyyyyyyyyyyyyyyyy;22222.75
J36;0;online;yyyyyyyyyyyyyyyyyyyyyyyyyyyyyyyyyyyyyyyyyyyyyyyyyyyyyyyyy;22223.00
J36;0;online;yyyyyyyyyyyyyyyyyyyyyyyyyyyyyyyyyyyyyyyyyyyyyyyyyyyyyyyyy;22223.25
J36;4;0;urru;22223.50
J36;4;0;urru;22223.75
J36;4;0;urru;22224.00
J36;4;0;urru;22224.25
J36;5;0;GrrG;22224.50
J36;5;0;GrrG;22224.75
J36;5;0;GrrG;22225.00
J36;5;0;GrrG;22225.25
J36;5;0;GrrG;22225.50
J36;5;0;GrrG;22225.75
J36;5;0;GrrG;22226.00
J36;5;0;GrrG;22226.25
J36;5;0;GrrG;22226.50
J36;5;0;GrrG;22226.75
J36;5;0;GrrG;22227.00
J36;5;0;GrrG;22227.25
J36;5;0;GrrG;22227.50
J36;5;0;GrrG;22227.75
J36;5;0;GrrG;22228.00
J36;5;0;GrrG;22228.25
J36;5;0;GrrG;22228.50
J36;5;0;GrrG;22228.75
J36;5;0;GrrG;22229.00
J36;5;0;GrrG;22229.25
J36;5;0;GrrG;22229.50
J36;5;0;GrrG;22229.75
J36;5;0;GrrG;22230.00
J36;5;0;GrrG;22230.25
J36;5;0;GrrG;22230.50
J36;5;0;GrrG;22230.75
J36;5;0;GrrG;22231.00
J36;5;0;GrrG;22231.25
J36;5;0;GrrG;22231.50
J36;5;0;GrrG;22231.75
J36;5;0;GrrG;22232.00
J36;5;0;GrrG;22232.25
J36;5;0;GrrG;22232.50
J36;5;0;GrrG;22232.75
J36;5;0;GrrG;22233.00
J36;5;0;GrrG;22233.25
J36;5;0;GrrG;22233.50
J36;5;0;GrrG;22233.75
J36;5;0;GrrG;22234.00
J36;5;0;GrrG;22234.25
J36;5;0;GrrG;22234.50
J36;5;0;GrrG;22234.75
J36;5;0;GrrG;22235.00
J36;5;0;GrrG;22235.25
J36;5;0;GrrG;22235.50
J36;5;0;GrrG;22235.75
J36;5;0;GrrG;22236.00
J36;5;0;GrrG;22236.25
J36;5;0;GrrG;22236.50
J36;5;0;GrrG;22236.75
J36;5;0;GrrG;22237.00
J36;5;0;GrrG;22237.25
J36;5;0;GrrG;22237.50
J36;5;0;GrrG;22237.75
J36;5;0;GrrG;22238.00
J36;5;0;GrrG;22238.25
J36;5;0;GrrG;22238.50
J36;5;0;GrrG;22238.75
J36;5;0;GrrG;22239.00
J36;5;0;GrrG;22239.25
J36;5;0;GrrG;22239.50
J36;5;0;GrrG;22239.75
J36;5;0;GrrG;22240.00
J36;5;0;GrrG;22240.25
J36;5;0;GrrG;22240.50
J36;5;0;GrrG;22240.75
J36;5;0;GrrG;22241.00
J36;5;0;GrrG;22241.25
J36;5;0;GrrG;22241.50
J36;5;0;GrrG;22241.75
J36;5;0;GrrG;22242.00
J36;5;0;GrrG;22242.25
J36;5;0;GrrG;22242.50
J36;5;0;GrrG;22242.75
J36;5;0;GrrG;22243.00
J36;5;0;GrrG;22243.25
J36;5;0;GrrG;22243.50
J36;5;0;GrrG;22243.75
J36;5;0;GrrG;22244.00
J36;5;0;GrrG;22244.25
J36;5;0;GrrG;22244.50
J36;5;0;GrrG;22244.75
J36;5;0;GrrG;22245.00
J36;5;0;GrrG;22245.25
J36;5;0;GrrG;22245.50
J36;5;0;GrrG;22245.75
J36;5;0;GrrG;22246.00
J36;5;0;GrrG;22246.25
J36;5;0;GrrG;22246.50
J36;5;0;GrrG;22246.75
J36;5;0;GrrG;22247.00
J36;5;0;GrrG;22247.25
J36;5;0;GrrG;22247.50
J36;5;0;GrrG;22247.75
J36;5;0;GrrG;22248.00
J36;5;0;GrrG;22248.25
J36;5;0;GrrG;22248.50
J36;5;0;GrrG;22248.75
J36;5;0;GrrG;22249.00
J36;5;0;GrrG;22249.25
J36;6;0;yrry;22249.50
J36;6;0;yrry;22249.75
J36;6;0;yrry;22250.00
J36;6;0;yrry;22250.25
J36;6;0;yrry;22250.50
J36;6;0;yrry;22250.75
J36;6;0;yrry;22251.00
J36;6;0;yrry;22251.25
J36;6;0;yrry;22251.50
J36;6;0;yrry;22251.75
J36;6;0;yrry;22252.00
J36;6;0;yrry;22252.25
J36;7;0;rrrr;22252.50
J36;7;0;rrrr;22252.75
J36;7;0;rrrr;22253.00
J36;7;0;rrrr;22253.25
J36;0;0;ruur;22253.50
J36;0;0;ruur;22253.75
J36;0;0;ruur;22254.00
J36;0;0;ruur;22254.25
J36;1;0;rGGr;22254.50
J36;1;0;rGGr;22254.75
J36;1;0;rGGr;22255.00
J36;1;0;rGGr;22255.25
J36;1;0;rGGr;22255.50
J36;1;0;rGGr;22255.75
J36;1;0;rGGr;22256.00
J36;1;0;rGGr;22256.25
J36;1;0;rGGr;22256.50
J36;1;0;rGGr;22256.75
J36;1;0;rGGr;22257.00
J36;1;0;rGGr;22257.25
J36;1;0;rGGr;22257.50
J36;1;0;rGGr;22257.75
J36;1;0;rGGr;22258.00
J36;1;0;rGGr;22258.25
J36;1;0;rGGr;22258.50
J36;1;0;rGGr;22258.75
J36;1;0;rGGr;22259.00
J36;1;0;rGGr;22259.25
J36;1;0;rGGr;22259.50
J36;1;0;rGGr;22259.75
J36;1;0;rGGr;22260.00
J36;1;0;rGGr;22260.25
J36;1;0;rGGr;22260.50
J36;1;0;rGGr;22260.75
J36;1;0;rGGr;22261.00
J36;1;0;rGGr;22261.25
J36;1;0;rGGr;22261.50
J36;1;0;rGGr;22261.75
J36;1;0;rGGr;22262.00
J36;1;0;rGGr;22262.25
J36;1;0;rGGr;22262.50
J36;1;0;rGGr;22262.75
J36;1;0;rGGr;22263.00
J36;1;0;rGGr;22263.25
J36;1;0;rGGr;22263.50
J36;1;0;rGGr;22263.75
J36;1;0;rGGr;22264.00
J36;1;0;rGGr;22264.25
J36;1;0;rGGr;22264.50
J36;1;0;rGGr;22264.75
J36;1;0;rGGr;22265.00
J36;1;0;rGGr;22265.25
J36;1;0;rGGr;22265.50
J36;1;0;rGGr;22265.75
J36;1;0;rGGr;22266.00
J36;1;0;rGGr;22266.25
J36;1;0;rGGr;22266.50
J36;1;0;rGGr;22266.75
J36;1;0;rGGr;22267.00
J36;1;0;rGGr;22267.25
J36;1;0;rGGr;22267.50
J36;1;0;rGGr;22267.75
J36;1;0;rGGr;22268.00
J36;1;0;rGGr;22268.25
J36;1;0;rGGr;22268.50
J36;1;0;rGGr;22268.75
J36;1;0;rGGr;22269.00
J36;1;0;rGGr;22269.25
J36;1;0;rGGr;22269.50
J36;1;0;rGGr;22269.75
J36;1;0;rGGr;22270.00
J36;1;0;rGGr;22270.25
J36;1;0;rGGr;22270.50
J36;1;0;rGGr;22270.75
J36;1;0;rGGr;22271.00
J36;1;0;rGGr;22271.25
J36;1;0;rGGr;22271.50
J36;1;0;rGGr;22271.75
J36;1;0;rGGr;22272.00
J36;1;0;rGGr;22272.25
J36;1;0;rGGr;22272.50
J36;1;0;rGGr;22272.75
J36;1;0;rGGr;22273.00
J36;1;0;rGGr;22273.25
J36;1;0;rGGr;22273.50
J36;1;0;rGGr;22273.75
J36;1;0;rGGr;22274.00
J36;1;0;rGGr;22274.25
J36;1;0;rGGr;22274.50
J36;1;0;rGGr;22274.75
J36;1;0;rGGr;22275.00
J36;1;0;rGGr;22275.25
J36;1;0;rGGr;22275.50
J36;1;0;rGGr;22275.75
J36;1;0;rGGr;22276.00
J36;1;0;rGGr;22276.25
J36;1;0;rGGr;22276.50
J36;1;0;rGGr;22276.75
J36;1;0;rGGr;22277.00
J36;1;0;rGGr;22277.25
J36;1;0;rGGr;22277.50
J36;1;0;rGGr;22277.75
J36;1;0;rGGr;22278.00
J36;1;0;rGGr;22278.25
J36;1;0;rGGr;22278.50
J36;1;0;rGGr;22278.75
J36;1;0;rGGr;22279.00
J36;1;0;rGGr;22279.25
J36;1;0;rGGr;22279.50
J36;1;0;rGGr;22279.75
J36;1;0;rGGr;22280.00
J36;1;0;rGGr;22280.25
J36;1;0;rGGr;22280.50
J36;1;0;rGGr;22280.75
J36;1;0;rGGr;22281.00
J36;1;0;rGGr;22281.25
J36;1;0;rGGr;22281.50
J36;1;0;rGGr;22281.75
J36;1;0;rGGr;22282.00
J36;1;0;rGGr;22282.25
J36;1;0;rGGr;22282.50
J36;1;0;rGGr;22282.75
J36;1;0;rGGr;22283.00
J36;1;0;rGGr;22283.25
J36;1;0;rGGr;22283.50
J36;1;0;rGGr;22283.75
J36;1;0;rGGr;22284.00
J36;1;0;rGGr;22284.25
J36;2;0;ryyr;22284.50
J36;2;0;ryyr;22284.75
J36;2;0;ryyr;22285.00
J36;2;0;ryyr;22285.25
J36;2;0;ryyr;22285.50
J36;2;0;ryyr;22285.75
J36;2;0;ryyr;22286.00
J36;2;0;ryyr;22286.25
J36;2;0;ryyr;22286.50
J36;2;0;ryyr;22286.75
J36;2;0;ryyr;22287.00
J36;2;0;ryyr;22287.25
J36;3;0;rrrr;22287.50
J36;3;0;rrrr;22287.75
J36;3;0;rrrr;22288.00
J36;3;0;rrrr;22288.25
J36;4;0;urru;22288.50
J36;4;0;urru;22288.75
J36;4;0;urru;22289.00
J36;4;0;urru;22289.25
J36;5;0;GrrG;22289.50
J36;5;0;GrrG;22289.75
J36;5;0;GrrG;22290.00
J36;5;0;GrrG;22290.25
J36;5;0;GrrG;22290.50
J36;5;0;GrrG;22290.75
J36;5;0;GrrG;22291.00
J36;5;0;GrrG;22291.25
J36;5;0;GrrG;22291.50
J36;5;0;GrrG;22291.75
J36;5;0;GrrG;22292.00
J36;5;0;GrrG;22292.25
J36;5;0;GrrG;22292.50
J36;5;0;GrrG;22292.75
J36;5;0;GrrG;22293.00
J36;5;0;GrrG;22293.25
J36;5;0;GrrG;22293.50
J36;5;0;GrrG;22293.75
J36;5;0;GrrG;22294.00
J36;5;0;GrrG;22294.25
J36;5;0;GrrG;22294.50
J36;5;0;GrrG;22294.75
J36;5;0;GrrG;22295.00
J36;5;0;GrrG;22295.25
J36;5;0;GrrG;22295.50
J36;5;0;GrrG;22295.75
J36;5;0;GrrG;22296.00
J36;5;0;GrrG;22296.25
J36;5;0;GrrG;22296.50
J36;5;0;GrrG;22296.75
J36;5;0;GrrG;22297.00
J36;5;0;GrrG;22297.25
J36;5;0;GrrG;22297.50
J36;5;0;GrrG;22297.75
J36;5;0;GrrG;22298.00
J36;5;0;GrrG;22298.25
J36;5;0;GrrG;22298.50
J36;5;0;GrrG;22298.75
J36;5;0;GrrG;22299.00
J36;5;0;GrrG;22299.25
J36;5;0;GrrG;22299.50
J36;5;0;GrrG;22299.75
J36;5;0;GrrG;22300.00
J36;5;0;GrrG;22300.25
J36;5;0;GrrG;22300.50
J36;5;0;GrrG;22300.75
J36;5;0;GrrG;22301.00
J36;5;0;GrrG;22301.25
J36;5;0;GrrG;22301.50
J36;5;0;GrrG;22301.75
J36;5;0;GrrG;22302.00
J36;5;0;GrrG;22302.25
J36;5;0;GrrG;22302.50
J36;5;0;GrrG;22302.75
J36;5;0;GrrG;22303.00
J36;5;0;GrrG;22303.25
J36;5;0;GrrG;22303.50
J36;5;0;GrrG;22303.75
J36;5;0;GrrG;22304.00
J36;5;0;GrrG;22304.25
J36;5;0;GrrG;22304.50
J36;5;0;GrrG;22304.75
J36;5;0;GrrG;22305.00
J36;5;0;GrrG;22305.25
J36;5;0;GrrG;22305.50
J36;5;0;GrrG;22305.75
J36;5;0;GrrG;22306.00
J36;5;0;GrrG;22306.25
J36;5;0;GrrG;22306.50
J36;5;0;GrrG;22306.75
J36;5;0;GrrG;22307.00
J36;5;0;GrrG;22307.25
J36;5;0;GrrG;22307.50
J36;5;0;GrrG;22307.75
J36;5;0;GrrG;22308.00
J36;5;0;GrrG;22308.25
J36;5;0;GrrG;22308.50
J36;5;0;GrrG;22308.75
J36;5;0;GrrG;22309.00
J36;5;0;GrrG;22309.25
J36;5;0;GrrG;22309.50
J36;5;0;GrrG;22309.75
J36;5;0;GrrG;22310.00
J36;5;0;GrrG;22310.25
J36;5;0;GrrG;22310.50
J36;5;0;GrrG;22310.75
J36;5;0;GrrG;22311.00
J36;5;0;GrrG;22311.25
J36;5;0;GrrG;22311.50
J36;5;0;GrrG;22311.75
J36;5;0;GrrG;22312.00
J36;5;0;GrrG;22312.25
J36;5;0;GrrG;22312.50
J36;5;0;GrrG;22312.75
J36;5;0;GrrG;22313.00
J36;5;0;GrrG;22313.25
J36;5;0;GrrG;22313.50
J36;5;0;GrrG;22313.75
J36;5;0;GrrG;22314.00
J36;5;0;GrrG;22314.25
J36;6;0;yrry;22314.50
J36;6;0;yrry;22314.75
J36;6;0;yrry;22315.00
J36;6;0;yrry;22315.25
J36;6;0;yrry;22315.50
J36;6;0;yrry;22315.75
J36;6;0;yrry;22316.00
J36;6;0;yrry;22316.25
J36;6;0;yrry;22316.50
J36;6;0;yrry;22316.75
J36;6;0;yrry;22317.00
J36;6;0;yrry;22317.25
J36;7;0;rrrr;22317.50
J36;7;0;rrrr;22317.75
J36;7;0;rrrr;22318.00
J36;7;0;rrrr;22318.25
J36;0;0;ruur;22318.50
J36;0;0;ruur;22318.75
J36;0;0;ruur;22319.00
J36;0;0;ruur;22319.25
J36;1;0;rGGr;22319.50
J36;1;0;rGGr;22319.75
J36;1;0;rGGr;22320.00
J36;1;0;rGGr;22320.25
J36;1;0;rGGr;22320.50
J36;1;0;rGGr;22320.75
J36;1;0;rGGr;22321.00
J36;1;0;rGGr;22321.25
J36;1;0;rGGr;22321.50
J36;1;0;rGGr;22321.75
J36;1;0;rGGr;22322.00
J36;1;0;rGGr;22322.25
J36;1;0;rGGr;22322.50
J36;1;0;rGGr;22322.75
J36;1;0;rGGr;22323.00
J36;1;0;rGGr;22323.25
J36;1;0;rGGr;22323.50
J36;1;0;rGGr;22323.75
J36;1;0;rGGr;22324.00
J36;1;0;rGGr;22324.25
J36;1;0;rGGr;22324.50
J36;1;0;rGGr;22324.75
J36;1;0;rGGr;22325.00
J36;1;0;rGGr;22325.25
J36;1;0;rGGr;22325.50
J36;1;0;rGGr;22325.75
J36;1;0;rGGr;22326.00
J36;1;0;rGGr;22326.25
J36;1;0;rGGr;22326.50
J36;1;0;rGGr;22326.75
J36;1;0;rGGr;22327.00
J36;1;0;rGGr;22327.25
J36;1;0;rGGr;22327.50
J36;1;0;rGGr;22327.75
J36;1;0;rGGr;22328.00
J36;1;0;rGGr;22328.25
J36;1;0;rGGr;22328.50
J36;1;0;rGGr;22328.75
J36;1;0;rGGr;22329.00
J36;1;0;rGGr;22329.25
J36;1;0;rGGr;22329.50
J36;1;0;rGGr;22329.75
J36;1;0;rGGr;22330.00
J36;1;0;rGGr;22330.25
J36;1;0;rGGr;22330.50
J36;1;0;rGGr;22330.75
J36;1;0;rGGr;22331.00
J36;1;0;rGGr;22331.25
J36;1;0;rGGr;22331.50
J36;1;0;rGGr;22331.75
J36;1;0;rGGr;22332.00
J36;1;0;rGGr;22332.25
J36;1;0;rGGr;22332.50
J36;1;0;rGGr;22332.75
J36;1;0;rGGr;22333.00
J36;1;0;rGGr;22333.25
J36;1;0;rGGr;22333.50
J36;1;0;rGGr;22333.75
J36;1;0;rGGr;22334.00
J36;1;0;rGGr;22334.25
J36;1;0;rGGr;22334.50
J36;1;0;rGGr;22334.75
J36;1;0;rGGr;22335.00
J36;1;0;rGGr;22335.25
J36;1;0;rGGr;22335.50
J36;1;0;rGGr;22335.75
J36;1;0;rGGr;22336.00
J36;1;0;rGGr;22336.25
J36;1;0;rGGr;22336.50
J36;1;0;rGGr;22336.75
J36;1;0;rGGr;22337.00
J36;1;0;rGGr;22337.25
J36;1;0;rGGr;22337.50
J36;1;0;rGGr;22337.75
J36;1;0;rGGr;22338.00
J36;1;0;rGGr;22338.25
J36;1;0;rGGr;22338.50
J36;1;0;rGGr;22338.75
J36;1;0;rGGr;22339.00
J36;1;0;rGGr;22339.25
J36;1;0;rGGr;22339.50
J36;1;0;rGGr;22339.75
J36;1;0;rGGr;22340.00
J36;1;0;rGGr;22340.25
J36;1;0;rGGr;22340.50
J36;1;0;rGGr;22340.75
J36;1;0;rGGr;22341.00
J36;0;online;yyyyyyyyyyyyyyyyyyyyyyyyyyyyyyyyyyyyyyyyyyyyyyyyyyyyyyyyy;22341.25
J36;0;online;yyyyyyyyyyyyyyyyyyyyyyyyyyyyyyyyyyyyyyyyyyyyyyyyyyyyyyyyy;22341.50
J36;0;online;yyyyyyyyyyyyyyyyyyyyyyyyyyyyyyyyyyyyyyyyyyyyyyyyyyyyyyyyy;22341.75
J36;0;online;yyyyyyyyyyyyyyyyyyyyyyyyyyyyyyyyyyyyyyyyyyyyyyyyyyyyyyyyy;22342.00
J36;0;online;yyyyyyyyyyyyyyyyyyyyyyyyyyyyyyyyyyyyyyyyyyyyyyyyyyyyyyyyy;22342.25
J36;0;online;yyyyyyyyyyyyyyyyyyyyyyyyyyyyyyyyyyyyyyyyyyyyyyyyyyyyyyyyy;22342.50
J36;0;online;yyyyyyyyyyyyyyyyyyyyyyyyyyyyyyyyyyyyyyyyyyyyyyyyyyyyyyyyy;22342.75
J36;0;online;yyyyyyyyyyyyyyyyyyyyyyyyyyyyyyyyyyyyyyyyyyyyyyyyyyyyyyyyy;22343.00
J36;0;online;yyyyyyyyyyyyyyyyyyyyyyyyyyyyyyyyyyyyyyyyyyyyyyyyyyyyyyyyy;22343.25
J36;0;online;yyyyyyyyyyyyyyyyyyyyyyyyyyyyyyyyyyyyyyyyyyyyyyyyyyyyyyyyy;22343.50
J36;0;online;yyyyyyyyyyyyyyyyyyyyyyyyyyyyyyyyyyyyyyyyyyyyyyyyyyyyyyyyy;22343.75
J36;0;online;yyyyyyyyyyyyyyyyyyyyyyyyyyyyyyyyyyyyyyyyyyyyyyyyyyyyyyyyy;22344.00
J36;4;0;urru;22344.25
J36;4;0;urru;22344.50
J36;4;0;urru;22344.75
J36;4;0;urru;22345.00
J36;5;0;GrrG;22345.25
J36;5;0;GrrG;22345.50
J36;5;0;GrrG;22345.75
J36;5;0;GrrG;22346.00
J36;5;0;GrrG;22346.25
J36;5;0;GrrG;22346.50
J36;5;0;GrrG;22346.75
J36;5;0;GrrG;22347.00
J36;5;0;GrrG;22347.25
J36;5;0;GrrG;22347.50
J36;5;0;GrrG;22347.75
J36;5;0;GrrG;22348.00
J36;5;0;GrrG;22348.25
J36;5;0;GrrG;22348.50
J36;5;0;GrrG;22348.75
J36;5;0;GrrG;22349.00
J36;5;0;GrrG;22349.25
J36;5;0;GrrG;22349.50
J36;5;0;GrrG;22349.75
J36;5;0;GrrG;22350.00
J36;5;0;GrrG;22350.25
J36;5;0;GrrG;22350.50
J36;5;0;GrrG;22350.75
J36;5;0;GrrG;22351.00
J36;5;0;GrrG;22351.25
J36;5;0;GrrG;22351.50
J36;5;0;GrrG;22351.75
J36;5;0;GrrG;22352.00
J36;5;0;GrrG;22352.25
J36;5;0;GrrG;22352.50
J36;5;0;GrrG;22352.75
J36;5;0;GrrG;22353.00
J36;5;0;GrrG;22353.25
J36;5;0;GrrG;22353.50
J36;5;0;GrrG;22353.75
J36;5;0;GrrG;22354.00
J36;5;0;GrrG;22354.25
J36;5;0;GrrG;22354.50
J36;5;0;GrrG;22354.75
J36;5;0;GrrG;22355.00
J36;5;0;GrrG;22355.25
J36;5;0;GrrG;22355.50
J36;5;0;GrrG;22355.75
J36;5;0;GrrG;22356.00
J36;5;0;GrrG;22356.25
J36;5;0;GrrG;22356.50
J36;5;0;GrrG;22356.75
J36;5;0;GrrG;22357.00
J36;5;0;GrrG;22357.25
J36;5;0;GrrG;22357.50
J36;5;0;GrrG;22357.75
J36;5;0;GrrG;22358.00
J36;5;0;GrrG;22358.25
J36;5;0;GrrG;22358.50
J36;5;0;GrrG;22358.75
J36;5;0;GrrG;22359.00
J36;5;0;GrrG;22359.25
J36;5;0;GrrG;22359.50
J36;5;0;GrrG;22359.75
J36;5;0;GrrG;22360.00
J36;5;0;GrrG;22360.25
J36;5;0;GrrG;22360.50
J36;5;0;GrrG;22360.75
J36;5;0;GrrG;22361.00
J36;5;0;GrrG;22361.25
J36;5;0;GrrG;22361.50
J36;5;0;GrrG;22361.75
J36;5;0;GrrG;22362.00
J36;5;0;GrrG;22362.25
J36;5;0;GrrG;22362.50
J36;5;0;GrrG;22362.75
J36;5;0;GrrG;22363.00
J36;5;0;GrrG;22363.25
J36;5;0;GrrG;22363.50
J36;5;0;GrrG;22363.75
J36;5;0;GrrG;22364.00
J36;5;0;GrrG;22364.25
J36;5;0;GrrG;22364.50
J36;5;0;GrrG;22364.75
J36;5;0;GrrG;22365.00
J36;5;0;GrrG;22365.25
J36;5;0;GrrG;22365.50
J36;5;0;GrrG;22365.75
J36;5;0;GrrG;22366.00
J36;5;0;GrrG;22366.25
J36;5;0;GrrG;22366.50
J36;5;0;GrrG;22366.75
J36;5;0;GrrG;22367.00
J36;5;0;GrrG;22367.25
J36;5;0;GrrG;22367.50
J36;5;0;GrrG;22367.75
J36;5;0;GrrG;22368.00
J36;5;0;GrrG;22368.25
J36;5;0;GrrG;22368.50
J36;5;0;GrrG;22368.75
J36;5;0;GrrG;22369.00
J36;5;0;GrrG;22369.25
J36;5;0;GrrG;22369.50
J36;5;0;GrrG;22369.75
J36;5;0;GrrG;22370.00
J36;6;0;yrry;22370.25
J36;6;0;yrry;22370.50
J36;6;0;yrry;22370.75
J36;6;0;yrry;22371.00
J36;6;0;yrry;22371.25
J36;6;0;yrry;22371.50
J36;6;0;yrry;22371.75
J36;6;0;yrry;22372.00
J36;6;0;yrry;22372.25
J36;6;0;yrry;22372.50
J36;6;0;yrry;22372.75
J36;6;0;yrry;22373.00
J36;7;0;rrrr;22373.25
J36;7;0;rrrr;22373.50
J36;7;0;rrrr;22373.75
J36;7;0;rrrr;22374.00
J36;0;0;ruur;22374.25
J36;0;0;ruur;22374.50
J36;0;0;ruur;22374.75
J36;0;0;ruur;22375.00
J36;1;0;rGGr;22375.25
J36;1;0;rGGr;22375.50
J36;1;0;rGGr;22375.75
J36;1;0;rGGr;22376.00
J36;1;0;rGGr;22376.25
J36;1;0;rGGr;22376.50
J36;1;0;rGGr;22376.75
J36;1;0;rGGr;22377.00
J36;1;0;rGGr;22377.25
J36;1;0;rGGr;22377.50
J36;1;0;rGGr;22377.75
J36;1;0;rGGr;22378.00
J36;1;0;rGGr;22378.25
J36;1;0;rGGr;22378.50
J36;1;0;rGGr;22378.75
J36;1;0;rGGr;22379.00
J36;1;0;rGGr;22379.25
J36;1;0;rGGr;22379.50
J36;1;0;rGGr;22379.75
J36;1;0;rGGr;22380.00
J36;1;0;rGGr;22380.25
J36;1;0;rGGr;22380.50
J36;1;0;rGGr;22380.75
J36;1;0;rGGr;22381.00
J36;1;0;rGGr;22381.25
J36;1;0;rGGr;22381.50
J36;1;0;rGGr;22381.75
J36;1;0;rGGr;22382.00
J36;1;0;rGGr;22382.25
J36;1;0;rGGr;22382.50
J36;1;0;rGGr;22382.75
J36;1;0;rGGr;22383.00
J36;1;0;rGGr;22383.25
J36;1;0;rGGr;22383.50
J36;1;0;rGGr;22383.75
J36;1;0;rGGr;22384.00
J36;1;0;rGGr;22384.25
J36;1;0;rGGr;22384.50
J36;1;0;rGGr;22384.75
J36;1;0;rGGr;22385.00
J36;1;0;rGGr;22385.25
J36;1;0;rGGr;22385.50
J36;1;0;rGGr;22385.75
J36;1;0;rGGr;22386.00
J36;1;0;rGGr;22386.25
J36;1;0;rGGr;22386.50
J36;1;0;rGGr;22386.75
J36;1;0;rGGr;22387.00
J36;1;0;rGGr;22387.25
J36;1;0;rGGr;22387.50
J36;1;0;rGGr;22387.75
J36;1;0;rGGr;22388.00
J36;1;0;rGGr;22388.25
J36;1;0;rGGr;22388.50
J36;1;0;rGGr;22388.75
J36;1;0;rGGr;22389.00
J36;1;0;rGGr;22389.25
J36;1;0;rGGr;22389.50
J36;1;0;rGGr;22389.75
J36;1;0;rGGr;22390.00
J36;1;0;rGGr;22390.25
J36;1;0;rGGr;22390.50
J36;1;0;rGGr;22390.75
J36;1;0;rGGr;22391.00
J36;1;0;rGGr;22391.25
J36;1;0;rGGr;22391.50
J36;1;0;rGGr;22391.75
J36;1;0;rGGr;22392.00
J36;1;0;rGGr;22392.25
J36;1;0;rGGr;22392.50
J36;1;0;rGGr;22392.75
J36;1;0;rGGr;22393.00
J36;1;0;rGGr;22393.25
J36;1;0;rGGr;22393.50
J36;1;0;rGGr;22393.75
J36;1;0;rGGr;22394.00
J36;1;0;rGGr;22394.25
J36;1;0;rGGr;22394.50
J36;1;0;rGGr;22394.75
J36;1;0;rGGr;22395.00
J36;1;0;rGGr;22395.25
J36;1;0;rGGr;22395.50
J36;1;0;rGGr;22395.75
J36;1;0;rGGr;22396.00
J36;1;0;rGGr;22396.25
J36;1;0;rGGr;22396.50
J36;1;0;rGGr;22396.75
J36;1;0;rGGr;22397.00
J36;1;0;rGGr;22397.25
J36;1;0;rGGr;22397.50
J36;1;0;rGGr;22397.75
J36;1;0;rGGr;22398.00
J36;1;0;rGGr;22398.25
J36;1;0;rGGr;22398.50
J36;1;0;rGGr;22398.75
J36;1;0;rGGr;22399.00
J36;1;0;rGGr;22399.25
J36;1;0;rGGr;22399.50
J36;1;0;rGGr;22399.75
J36;1;0;rGGr;22400.00
J36;1;0;rGGr;22400.25
J36;1;0;rGGr;22400.50
J36;1;0;rGGr;22400.75
J36;1;0;rGGr;22401.00
J36;1;0;rGGr;22401.25
J36;1;0;rGGr;22401.50
J36;1;0;rGGr;22401.75
J36;1;0;rGGr;22402.00
J36;1;0;rGGr;22402.25
J36;1;0;rGGr;22402.50
J36;1;0;rGGr;22402.75
J36;1;0;rGGr;22403.00
J36;1;0;rGGr;22403.25
J36;1;0;rGGr;22403.50
J36;2;0;ryyr;22403.75
J36;2;0;ryyr;22404.00
J36;2;0;ryyr;22404.25
J36;2;0;ryyr;22404.50
J36;2;0;ryyr;22404.75
J36;2;0;ryyr;22405.00
J36;2;0;ryyr;22405.25
J36;2;0;ryyr;22405.50
J36;2;0;ryyr;22405.75
J36;2;0;ryyr;22406.00
J36;2;0;ryyr;22406.25
J36;2;0;ryyr;22406.50
J36;3;0;rrrr;22406.75
J36;3;0;rrrr;22407.00
J36;3;0;rrrr;22407.25
J36;3;0;rrrr;22407.50
J36;4;0;urru;22407.75
J36;4;0;urru;22408.00
J36;4;0;urru;22408.25
J36;4;0;urru;22408.50
J36;5;0;GrrG;22408.75
J36;5;0;GrrG;22409.00
J36;5;0;GrrG;22409.25
J36;5;0;GrrG;22409.50
J36;5;0;GrrG;22409.75
J36;5;0;GrrG;22410.00
J36;5;0;GrrG;22410.25
J36;5;0;GrrG;22410.50
J36;5;0;GrrG;22410.75
J36;5;0;GrrG;22411.00
J36;5;0;GrrG;22411.25
J36;5;0;GrrG;22411.50
J36;5;0;GrrG;22411.75
J36;5;0;GrrG;22412.00
J36;5;0;GrrG;22412.25
J36;5;0;GrrG;22412.50
J36;5;0;GrrG;22412.75
J36;5;0;GrrG;22413.00
J36;5;0;GrrG;22413.25
J36;5;0;GrrG;22413.50
J36;5;0;GrrG;22413.75
J36;5;0;GrrG;22414.00
J36;5;0;GrrG;22414.25
J36;5;0;GrrG;22414.50
J36;5;0;GrrG;22414.75
J36;5;0;GrrG;22415.00
J36;5;0;GrrG;22415.25
J36;5;0;GrrG;22415.50
J36;5;0;GrrG;22415.75
J36;5;0;GrrG;22416.00
J36;5;0;GrrG;22416.25
J36;5;0;GrrG;22416.50
J36;5;0;GrrG;22416.75
J36;5;0;GrrG;22417.00
J36;5;0;GrrG;22417.25
J36;5;0;GrrG;22417.50
J36;5;0;GrrG;22417.75
J36;5;0;GrrG;22418.00
J36;5;0;GrrG;22418.25
J36;5;0;GrrG;22418.50
J36;5;0;GrrG;22418.75
J36;5;0;GrrG;22419.00
J36;5;0;GrrG;22419.25
J36;5;0;GrrG;22419.50
J36;5;0;GrrG;22419.75
J36;5;0;GrrG;22420.00
J36;5;0;GrrG;22420.25
J36;5;0;GrrG;22420.50
J36;5;0;GrrG;22420.75
J36;5;0;GrrG;22421.00
J36;5;0;GrrG;22421.25
J36;5;0;GrrG;22421.50
J36;5;0;GrrG;22421.75
J36;5;0;GrrG;22422.00
J36;5;0;GrrG;22422.25
J36;5;0;GrrG;22422.50
J36;5;0;GrrG;22422.75
J36;5;0;GrrG;22423.00
J36;5;0;GrrG;22423.25
J36;5;0;GrrG;22423.50
J36;5;0;GrrG;22423.75
J36;5;0;GrrG;22424.00
J36;5;0;GrrG;22424.25
J36;5;0;GrrG;22424.50
J36;5;0;GrrG;22424.75
J36;5;0;GrrG;22425.00
J36;5;0;GrrG;22425.25
J36;5;0;GrrG;22425.50
J36;5;0;GrrG;22425.75
J36;5;0;GrrG;22426.00
J36;5;0;GrrG;22426.25
J36;5;0;GrrG;22426.50
J36;5;0;GrrG;22426.75
J36;5;0;GrrG;22427.00
J36;5;0;GrrG;22427.25
J36;5;0;GrrG;22427.50
J36;5;0;GrrG;22427.75
J36;5;0;GrrG;22428.00
J36;5;0;GrrG;22428.25
J36;5;0;GrrG;22428.50
J36;5;0;GrrG;22428.75
J36;5;0;GrrG;22429.00
J36;5;0;GrrG;22429.25
J36;5;0;GrrG;22429.50
J36;5;0;GrrG;22429.75
J36;5;0;GrrG;22430.00
J36;5;0;GrrG;22430.25
J36;5;0;GrrG;22430.50
J36;5;0;GrrG;22430.75
J36;5;0;GrrG;22431.00
J36;5;0;GrrG;22431.25
J36;5;0;GrrG;22431.50
J36;5;0;GrrG;22431.75
J36;5;0;GrrG;22432.00
J36;5;0;GrrG;22432.25
J36;5;0;GrrG;22432.50
J36;5;0;GrrG;22432.75
J36;5;0;GrrG;22433.00
J36;5;0;GrrG;22433.25
J36;5;0;GrrG;22433.50
J36;6;0;yrry;22433.75
J36;6;0;yrry;22434.00
J36;6;0;yrry;22434.25
J36;6;0;yrry;22434.50
J36;6;0;yrry;22434.75
J36;6;0;yrry;22435.00
J36;6;0;yrry;22435.25
J36;6;0;yrry;22435.50
J36;6;0;yrry;22435.75
J36;6;0;yrry;22436.00
J36;6;0;yrry;22436.25
J36;6;0;yrry;22436.50
J36;7;0;rrrr;22436.75
J36;7;0;rrrr;22437.00
J36;7;0;rrrr;22437.25
J36;7;0;rrrr;22437.50
J36;0;0;ruur;22437.75
J36;0;0;ruur;22438.00
J36;0;0;ruur;22438.25
J36;0;0;ruur;22438.50
J36;1;0;rGGr;22438.75
J36;1;0;rGGr;22439.00
J36;1;0;rGGr;22439.25
J36;1;0;rGGr;22439.50
J36;1;0;rGGr;22439.75
J36;1;0;rGGr;22440.00
J36;1;0;rGGr;22440.25
J36;1;0;rGGr;22440.50
J36;1;0;rGGr;22440.75
J36;1;0;rGGr;22441.00
J36;1;0;rGGr;22441.25
J36;1;0;rGGr;22441.50
J36;1;0;rGGr;22441.75
J36;1;0;rGGr;22442.00
J36;1;0;rGGr;22442.25
J36;1;0;rGGr;22442.50
J36;1;0;rGGr;22442.75
J36;1;0;rGGr;22443.00
J36;1;0;rGGr;22443.25
J36;1;0;rGGr;22443.50
J36;1;0;rGGr;22443.75
J36;1;0;rGGr;22444.00
J36;1;0;rGGr;22444.25
J36;1;0;rGGr;22444.50
J36;1;0;rGGr;22444.75
J36;1;0;rGGr;22445.00
J36;1;0;rGGr;22445.25
J36;1;0;rGGr;22445.50
J36;1;0;rGGr;22445.75
J36;1;0;rGGr;22446.00
J36;1;0;rGGr;22446.25
J36;1;0;rGGr;22446.50
J36;1;0;rGGr;22446.75
J36;1;0;rGGr;22447.00
J36;1;0;rGGr;22447.25
J36;1;0;rGGr;22447.50
J36;1;0;rGGr;22447.75
J36;1;0;rGGr;22448.00
J36;1;0;rGGr;22448.25
J36;1;0;rGGr;22448.50
J36;1;0;rGGr;22448.75
J36;1;0;rGGr;22449.00
J36;1;0;rGGr;22449.25
J36;1;0;rGGr;22449.50
J36;1;0;rGGr;22449.75
J36;1;0;rGGr;22450.00
J36;1;0;rGGr;22450.25
J36;1;0;rGGr;22450.50
J36;1;0;rGGr;22450.75
J36;1;0;rGGr;22451.00
J36;1;0;rGGr;22451.25
J36;1;0;rGGr;22451.50
J36;1;0;rGGr;22451.75
J36;1;0;rGGr;22452.00
J36;1;0;rGGr;22452.25
J36;1;0;rGGr;22452.50
J36;1;0;rGGr;22452.75
J36;1;0;rGGr;22453.00
J36;1;0;rGGr;22453.25
J36;1;0;rGGr;22453.50
J36;1;0;rGGr;22453.75
J36;1;0;rGGr;22454.00
J36;1;0;rGGr;22454.25
J36;1;0;rGGr;22454.50
J36;1;0;rGGr;22454.75
J36;1;0;rGGr;22455.00
J36;1;0;rGGr;22455.25
J36;1;0;rGGr;22455.50
J36;1;0;rGGr;22455.75
J36;1;0;rGGr;22456.00
J36;1;0;rGGr;22456.25
J36;1;0;rGGr;22456.50
J36;1;0;rGGr;22456.75
J36;1;0;rGGr;22457.00
J36;1;0;rGGr;22457.25
J36;1;0;rGGr;22457.50
J36;1;0;rGGr;22457.75
J36;1;0;rGGr;22458.00
J36;1;0;rGGr;22458.25
J36;1;0;rGGr;22458.50
J36;1;0;rGGr;22458.75
J36;1;0;rGGr;22459.00
J36;1;0;rGGr;22459.25
J36;1;0;rGGr;22459.50
J36;1;0;rGGr;22459.75
J36;1;0;rGGr;22460.00
J36;1;0;rGGr;22460.25
J36;1;0;rGGr;22460.50
J36;1;0;rGGr;22460.75
J36;1;0;rGGr;22461.00
J36;1;0;rGGr;22461.25
J36;1;0;rGGr;22461.50
J36;1;0;rGGr;22461.75
J36;1;0;rGGr;22462.00
J36;1;0;rGGr;22462.25
J36;1;0;rGGr;22462.50
J36;1;0;rGGr;22462.75
J36;1;0;rGGr;22463.00
J36;1;0;rGGr;22463.25
J36;1;0;rGGr;22463.50
J36;2;0;ryyr;22463.75
J36;2;0;ryyr;22464.00
J36;2;0;ryyr;22464.25
J36;2;0;ryyr;22464.50
J36;2;0;ryyr;22464.75
J36;2;0;ryyr;22465.00
J36;2;0;ryyr;22465.25
J36;2;0;ryyr;22465.50
J36;2;0;ryyr;22465.75
J36;2;0;ryyr;22466.00
J36;2;0;ryyr;22466.25
J36;2;0;ryyr;22466.50
J36;3;0;rrrr;22466.75
J36;3;0;rrrr;22467.00
J36;3;0;rrrr;22467.25
J36;3;0;rrrr;22467.50
J36;4;0;urru;22467.75
J36;4;0;urru;22468.00
J36;4;0;urru;22468.25
J36;4;0;urru;22468.50
J36;5;0;GrrG;22468.75
J36;5;0;GrrG;22469.00
J36;5;0;GrrG;22469.25
J36;5;0;GrrG;22469.50
J36;5;0;GrrG;22469.75
J36;5;0;GrrG;22470.00
J36;5;0;GrrG;22470.25
J36;5;0;GrrG;22470.50
J36;5;0;GrrG;22470.75
J36;5;0;GrrG;22471.00
J36;5;0;GrrG;22471.25
J36;5;0;GrrG;22471.50
J36;5;0;GrrG;22471.75
J36;5;0;GrrG;22472.00
J36;5;0;GrrG;22472.25
J36;5;0;GrrG;22472.50
J36;5;0;GrrG;22472.75
J36;5;0;GrrG;22473.00
J36;5;0;GrrG;22473.25
J36;5;0;GrrG;22473.50
J36;5;0;GrrG;22473.75
J36;5;0;GrrG;22474.00
J36;5;0;GrrG;22474.25
J36;5;0;GrrG;22474.50
J36;5;0;GrrG;22474.75
J36;5;0;GrrG;22475.00
J36;5;0;GrrG;22475.25
J36;5;0;GrrG;22475.50
J36;5;0;GrrG;22475.75
J36;5;0;GrrG;22476.00
J36;5;0;GrrG;22476.25
J36;5;0;GrrG;22476.50
J36;5;0;GrrG;22476.75
J36;5;0;GrrG;22477.00
J36;5;0;GrrG;22477.25
J36;5;0;GrrG;22477.50
J36;5;0;GrrG;22477.75
J36;5;0;GrrG;22478.00
J36;5;0;GrrG;22478.25
J36;5;0;GrrG;22478.50
J36;5;0;GrrG;22478.75
J36;5;0;GrrG;22479.00
J36;5;0;GrrG;22479.25
J36;5;0;GrrG;22479.50
J36;5;0;GrrG;22479.75
J36;5;0;GrrG;22480.00
J36;5;0;GrrG;22480.25
J36;5;0;GrrG;22480.50
J36;5;0;GrrG;22480.75
J36;5;0;GrrG;22481.00
J36;5;0;GrrG;22481.25
J36;5;0;GrrG;22481.50
J36;5;0;GrrG;22481.75
J36;5;0;GrrG;22482.00
J36;5;0;GrrG;22482.25
J36;5;0;GrrG;22482.50
J36;5;0;GrrG;22482.75
J36;5;0;GrrG;22483.00
J36;5;0;GrrG;22483.25
J36;5;0;GrrG;22483.50
J36;5;0;GrrG;22483.75
J36;5;0;GrrG;22484.00
J36;5;0;GrrG;22484.25
J36;5;0;GrrG;22484.50
J36;5;0;GrrG;22484.75
J36;5;0;GrrG;22485.00
J36;5;0;GrrG;22485.25
J36;5;0;GrrG;22485.50
J36;5;0;GrrG;22485.75
J36;5;0;GrrG;22486.00
J36;5;0;GrrG;22486.25
J36;5;0;GrrG;22486.50
J36;5;0;GrrG;22486.75
J36;5;0;GrrG;22487.00
J36;5;0;GrrG;22487.25
J36;5;0;GrrG;22487.50
J36;5;0;GrrG;22487.75
J36;5;0;GrrG;22488.00
J36;5;0;GrrG;22488.25
J36;5;0;GrrG;22488.50
J36;5;0;GrrG;22488.75
J36;5;0;GrrG;22489.00
J36;5;0;GrrG;22489.25
J36;5;0;GrrG;22489.50
J36;5;0;GrrG;22489.75
J36;5;0;GrrG;22490.00
J36;5;0;GrrG;22490.25
J36;5;0;GrrG;22490.50
J36;5;0;GrrG;22490.75
J36;5;0;GrrG;22491.00
J36;5;0;GrrG;22491.25
J36;5;0;GrrG;22491.50
J36;5;0;GrrG;22491.75
J36;5;0;GrrG;22492.00
J36;5;0;GrrG;22492.25
J36;5;0;GrrG;22492.50
J36;5;0;GrrG;22492.75
J36;5;0;GrrG;22493.00
J36;5;0;GrrG;22493.25
J36;5;0;GrrG;22493.50
J36;6;0;yrry;22493.75
J36;6;0;yrry;22494.00
J36;6;0;yrry;22494.25
J36;6;0;yrry;22494.50
J36;6;0;yrry;22494.75
J36;6;0;yrry;22495.00
J36;6;0;yrry;22495.25
J36;6;0;yrry;22495.50
J36;6;0;yrry;22495.75
J36;6;0;yrry;22496.00
J36;6;0;yrry;22496.25
J36;6;0;yrry;22496.50
J36;7;0;rrrr;22496.75
J36;7;0;rrrr;22497.00
J36;7;0;rrrr;22497.25
J36;7;0;rrrr;22497.50
J36;0;0;ruur;22497.75
J36;0;0;ruur;22498.00
J36;0;0;ruur;22498.25
J36;0;0;ruur;22498.50
J36;1;0;rGGr;22498.75
J36;1;0;rGGr;22499.00
J36;1;0;rGGr;22499.25
J36;1;0;rGGr;22499.50
J36;1;0;rGGr;22499.75
J36;1;0;rGGr;22500.00
J36;1;0;rGGr;22500.25
J36;1;0;rGGr;22500.50
J36;1;0;rGGr;22500.75
J36;1;0;rGGr;22501.00
J36;1;0;rGGr;22501.25
J36;1;0;rGGr;22501.50
J36;1;0;rGGr;22501.75
J36;1;0;rGGr;22502.00
J36;1;0;rGGr;22502.25
J36;1;0;rGGr;22502.50
J36;1;0;rGGr;22502.75
J36;1;0;rGGr;22503.00
J36;1;0;rGGr;22503.25
J36;1;0;rGGr;22503.50
J36;1;0;rGGr;22503.75
J36;1;0;rGGr;22504.00
J36;1;0;rGGr;22504.25
J36;1;0;rGGr;22504.50
J36;1;0;rGGr;22504.75
J36;1;0;rGGr;22505.00
J36;1;0;rGGr;22505.25
J36;1;0;rGGr;22505.50
J36;1;0;rGGr;22505.75
J36;1;0;rGGr;22506.00
J36;1;0;rGGr;22506.25
J36;1;0;rGGr;22506.50
J36;1;0;rGGr;22506.75
J36;1;0;rGGr;22507.00
J36;1;0;rGGr;22507.25
J36;1;0;rGGr;22507.50
J36;1;0;rGGr;22507.75
J36;1;0;rGGr;22508.00
J36;1;0;rGGr;22508.25
J36;1;0;rGGr;22508.50
J36;1;0;rGGr;22508.75
J36;1;0;rGGr;22509.00
J36;1;0;rGGr;22509.25
J36;1;0;rGGr;22509.50
J36;1;0;rGGr;22509.75
J36;1;0;rGGr;22510.00
J36;1;0;rGGr;22510.25
J36;1;0;rGGr;22510.50
J36;1;0;rGGr;22510.75
J36;1;0;rGGr;22511.00
J36;1;0;rGGr;22511.25
J36;1;0;rGGr;22511.50
J36;1;0;rGGr;22511.75
J36;1;0;rGGr;22512.00
J36;1;0;rGGr;22512.25
J36;1;0;rGGr;22512.50
J36;1;0;rGGr;22512.75
J36;1;0;rGGr;22513.00
J36;1;0;rGGr;22513.25
J36;1;0;rGGr;22513.50
J36;1;0;rGGr;22513.75
J36;1;0;rGGr;22514.00
J36;1;0;rGGr;22514.25
J36;1;0;rGGr;22514.50
J36;1;0;rGGr;22514.75
J36;1;0;rGGr;22515.00
J36;1;0;rGGr;22515.25
J36;1;0;rGGr;22515.50
J36;1;0;rGGr;22515.75
J36;1;0;rGGr;22516.00
J36;1;0;rGGr;22516.25
J36;1;0;rGGr;22516.50
J36;1;0;rGGr;22516.75
J36;1;0;rGGr;22517.00
J36;1;0;rGGr;22517.25
J36;1;0;rGGr;22517.50
J36;1;0;rGGr;22517.75
J36;1;0;rGGr;22518.00
J36;1;0;rGGr;22518.25
J36;1;0;rGGr;22518.50
J36;1;0;rGGr;22518.75
J36;1;0;rGGr;22519.00
J36;1;0;rGGr;22519.25
J36;1;0;rGGr;22519.50
J36;1;0;rGGr;22519.75
J36;1;0;rGGr;22520.00
J36;1;0;rGGr;22520.25
J36;1;0;rGGr;22520.50
J36;1;0;rGGr;22520.75
J36;1;0;rGGr;22521.00
J36;1;0;rGGr;22521.25
J36;1;0;rGGr;22521.50
J36;1;0;rGGr;22521.75
J36;1;0;rGGr;22522.00
J36;1;0;rGGr;22522.25
J36;0;online;yyyyyyyyyyyyyyyyyyyyyyyyyyyyyyyyyyyyyyyyyyyyyyyyyyyyyyyyy;22522.50
J36;0;online;yyyyyyyyyyyyyyyyyyyyyyyyyyyyyyyyyyyyyyyyyyyyyyyyyyyyyyyyy;22522.75
J36;0;online;yyyyyyyyyyyyyyyyyyyyyyyyyyyyyyyyyyyyyyyyyyyyyyyyyyyyyyyyy;22523.00
J36;0;online;yyyyyyyyyyyyyyyyyyyyyyyyyyyyyyyyyyyyyyyyyyyyyyyyyyyyyyyyy;22523.25
J36;0;online;yyyyyyyyyyyyyyyyyyyyyyyyyyyyyyyyyyyyyyyyyyyyyyyyyyyyyyyyy;22523.50
J36;0;online;yyyyyyyyyyyyyyyyyyyyyyyyyyyyyyyyyyyyyyyyyyyyyyyyyyyyyyyyy;22523.75
J36;0;online;yyyyyyyyyyyyyyyyyyyyyyyyyyyyyyyyyyyyyyyyyyyyyyyyyyyyyyyyy;22524.00
J36;0;online;yyyyyyyyyyyyyyyyyyyyyyyyyyyyyyyyyyyyyyyyyyyyyyyyyyyyyyyyy;22524.25
J36;0;online;yyyyyyyyyyyyyyyyyyyyyyyyyyyyyyyyyyyyyyyyyyyyyyyyyyyyyyyyy;22524.50
J36;0;online;yyyyyyyyyyyyyyyyyyyyyyyyyyyyyyyyyyyyyyyyyyyyyyyyyyyyyyyyy;22524.75
J36;0;online;yyyyyyyyyyyyyyyyyyyyyyyyyyyyyyyyyyyyyyyyyyyyyyyyyyyyyyyyy;22525.00
J36;0;online;yyyyyyyyyyyyyyyyyyyyyyyyyyyyyyyyyyyyyyyyyyyyyyyyyyyyyyyyy;22525.25
J36;4;0;urru;22525.50
J36;4;0;urru;22525.75
J36;4;0;urru;22526.00
J36;4;0;urru;22526.25
J36;5;0;GrrG;22526.50
J36;5;0;GrrG;22526.75
J36;5;0;GrrG;22527.00
J36;5;0;GrrG;22527.25
J36;5;0;GrrG;22527.50
J36;5;0;GrrG;22527.75
J36;5;0;GrrG;22528.00
J36;5;0;GrrG;22528.25
J36;5;0;GrrG;22528.50
J36;5;0;GrrG;22528.75
J36;5;0;GrrG;22529.00
J36;5;0;GrrG;22529.25
J36;5;0;GrrG;22529.50
J36;5;0;GrrG;22529.75
J36;5;0;GrrG;22530.00
J36;5;0;GrrG;22530.25
J36;5;0;GrrG;22530.50
J36;5;0;GrrG;22530.75
J36;5;0;GrrG;22531.00
J36;5;0;GrrG;22531.25
J36;5;0;GrrG;22531.50
J36;5;0;GrrG;22531.75
J36;5;0;GrrG;22532.00
J36;5;0;GrrG;22532.25
J36;5;0;GrrG;22532.50
J36;5;0;GrrG;22532.75
J36;5;0;GrrG;22533.00
J36;5;0;GrrG;22533.25
J36;5;0;GrrG;22533.50
J36;5;0;GrrG;22533.75
J36;5;0;GrrG;22534.00
J36;5;0;GrrG;22534.25
J36;5;0;GrrG;22534.50
J36;5;0;GrrG;22534.75
J36;5;0;GrrG;22535.00
J36;5;0;GrrG;22535.25
J36;5;0;GrrG;22535.50
J36;5;0;GrrG;22535.75
J36;5;0;GrrG;22536.00
J36;5;0;GrrG;22536.25
J36;5;0;GrrG;22536.50
J36;5;0;GrrG;22536.75
J36;5;0;GrrG;22537.00
J36;5;0;GrrG;22537.25
J36;5;0;GrrG;22537.50
J36;5;0;GrrG;22537.75
J36;5;0;GrrG;22538.00
J36;5;0;GrrG;22538.25
J36;5;0;GrrG;22538.50
J36;5;0;GrrG;22538.75
J36;5;0;GrrG;22539.00
J36;5;0;GrrG;22539.25
J36;5;0;GrrG;22539.50
J36;5;0;GrrG;22539.75
J36;5;0;GrrG;22540.00
J36;5;0;GrrG;22540.25
J36;5;0;GrrG;22540.50
J36;5;0;GrrG;22540.75
J36;5;0;GrrG;22541.00
J36;5;0;GrrG;22541.25
J36;5;0;GrrG;22541.50
J36;5;0;GrrG;22541.75
J36;5;0;GrrG;22542.00
J36;5;0;GrrG;22542.25
J36;5;0;GrrG;22542.50
J36;5;0;GrrG;22542.75
J36;5;0;GrrG;22543.00
J36;5;0;GrrG;22543.25
J36;5;0;GrrG;22543.50
J36;5;0;GrrG;22543.75
J36;5;0;GrrG;22544.00
J36;5;0;GrrG;22544.25
J36;5;0;GrrG;22544.50
J36;5;0;GrrG;22544.75
J36;5;0;GrrG;22545.00
J36;5;0;GrrG;22545.25
J36;5;0;GrrG;22545.50
J36;5;0;GrrG;22545.75
J36;5;0;GrrG;22546.00
J36;5;0;GrrG;22546.25
J36;5;0;GrrG;22546.50
J36;5;0;GrrG;22546.75
J36;5;0;GrrG;22547.00
J36;5;0;GrrG;22547.25
J36;5;0;GrrG;22547.50
J36;5;0;GrrG;22547.75
J36;5;0;GrrG;22548.00
J36;5;0;GrrG;22548.25
J36;5;0;GrrG;22548.50
J36;5;0;GrrG;22548.75
J36;5;0;GrrG;22549.00
J36;5;0;GrrG;22549.25
J36;5;0;GrrG;22549.50
J36;5;0;GrrG;22549.75
J36;5;0;GrrG;22550.00
J36;5;0;GrrG;22550.25
J36;5;0;GrrG;22550.50
J36;5;0;GrrG;22550.75
J36;5;0;GrrG;22551.00
J36;5;0;GrrG;22551.25
J36;6;0;yrry;22551.50
J36;6;0;yrry;22551.75
J36;6;0;yrry;22552.00
J36;6;0;yrry;22552.25
J36;6;0;yrry;22552.50
J36;6;0;yrry;22552.75
J36;6;0;yrry;22553.00
J36;6;0;yrry;22553.25
J36;6;0;yrry;22553.50
J36;6;0;yrry;22553.75
J36;6;0;yrry;22554.00
J36;6;0;yrry;22554.25
J36;7;0;rrrr;22554.50
J36;7;0;rrrr;22554.75
J36;7;0;rrrr;22555.00
J36;7;0;rrrr;22555.25
J36;0;0;ruur;22555.50
J36;0;0;ruur;22555.75
J36;0;0;ruur;22556.00
J36;0;0;ruur;22556.25
J36;1;0;rGGr;22556.50
J36;1;0;rGGr;22556.75
J36;1;0;rGGr;22557.00
J36;1;0;rGGr;22557.25
J36;1;0;rGGr;22557.50
J36;1;0;rGGr;22557.75
J36;1;0;rGGr;22558.00
J36;1;0;rGGr;22558.25
J36;1;0;rGGr;22558.50
J36;1;0;rGGr;22558.75
J36;1;0;rGGr;22559.00
J36;1;0;rGGr;22559.25
J36;1;0;rGGr;22559.50
J36;1;0;rGGr;22559.75
J36;1;0;rGGr;22560.00
J36;1;0;rGGr;22560.25
J36;1;0;rGGr;22560.50
J36;1;0;rGGr;22560.75
J36;1;0;rGGr;22561.00
J36;1;0;rGGr;22561.25
J36;1;0;rGGr;22561.50
J36;1;0;rGGr;22561.75
J36;1;0;rGGr;22562.00
J36;1;0;rGGr;22562.25
J36;1;0;rGGr;22562.50
J36;1;0;rGGr;22562.75
J36;1;0;rGGr;22563.00
J36;1;0;rGGr;22563.25
J36;1;0;rGGr;22563.50
J36;1;0;rGGr;22563.75
J36;1;0;rGGr;22564.00
J36;1;0;rGGr;22564.25
J36;1;0;rGGr;22564.50
J36;1;0;rGGr;22564.75
J36;1;0;rGGr;22565.00
J36;1;0;rGGr;22565.25
J36;1;0;rGGr;22565.50
J36;1;0;rGGr;22565.75
J36;1;0;rGGr;22566.00
J36;1;0;rGGr;22566.25
J36;1;0;rGGr;22566.50
J36;1;0;rGGr;22566.75
J36;1;0;rGGr;22567.00
J36;1;0;rGGr;22567.25
J36;1;0;rGGr;22567.50
J36;1;0;rGGr;22567.75
J36;1;0;rGGr;22568.00
J36;1;0;rGGr;22568.25
J36;1;0;rGGr;22568.50
J36;1;0;rGGr;22568.75
J36;1;0;rGGr;22569.00
J36;1;0;rGGr;22569.25
J36;1;0;rGGr;22569.50
J36;1;0;rGGr;22569.75
J36;1;0;rGGr;22570.00
J36;1;0;rGGr;22570.25
J36;1;0;rGGr;22570.50
J36;1;0;rGGr;22570.75
J36;1;0;rGGr;22571.00
J36;1;0;rGGr;22571.25
J36;1;0;rGGr;22571.50
J36;1;0;rGGr;22571.75
J36;1;0;rGGr;22572.00
J36;1;0;rGGr;22572.25
J36;1;0;rGGr;22572.50
J36;1;0;rGGr;22572.75
J36;1;0;rGGr;22573.00
J36;1;0;rGGr;22573.25
J36;1;0;rGGr;22573.50
J36;1;0;rGGr;22573.75
J36;1;0;rGGr;22574.00
J36;1;0;rGGr;22574.25
J36;1;0;rGGr;22574.50
J36;1;0;rGGr;22574.75
J36;1;0;rGGr;22575.00
J36;1;0;rGGr;22575.25
J36;1;0;rGGr;22575.50
J36;1;0;rGGr;22575.75
J36;1;0;rGGr;22576.00
J36;1;0;rGGr;22576.25
J36;1;0;rGGr;22576.50
J36;1;0;rGGr;22576.75
J36;1;0;rGGr;22577.00
J36;1;0;rGGr;22577.25
J36;1;0;rGGr;22577.50
J36;1;0;rGGr;22577.75
J36;1;0;rGGr;22578.00
J36;1;0;rGGr;22578.25
J36;1;0;rGGr;22578.50
J36;1;0;rGGr;22578.75
J36;1;0;rGGr;22579.00
J36;1;0;rGGr;22579.25
J36;1;0;rGGr;22579.50
J36;1;0;rGGr;22579.75
J36;1;0;rGGr;22580.00
J36;1;0;rGGr;22580.25
J36;1;0;rGGr;22580.50
J36;1;0;rGGr;22580.75
J36;1;0;rGGr;22581.00
J36;1;0;rGGr;22581.25
J36;1;0;rGGr;22581.50
J36;1;0;rGGr;22581.75
J36;1;0;rGGr;22582.00
J36;1;0;rGGr;22582.25
J36;1;0;rGGr;22582.50
J36;1;0;rGGr;22582.75
J36;2;0;ryyr;22583.00
J36;2;0;ryyr;22583.25
J36;2;0;ryyr;22583.50
J36;2;0;ryyr;22583.75
J36;2;0;ryyr;22584.00
J36;2;0;ryyr;22584.25
J36;2;0;ryyr;22584.50
J36;2;0;ryyr;22584.75
J36;2;0;ryyr;22585.00
J36;2;0;ryyr;22585.25
J36;2;0;ryyr;22585.50
J36;2;0;ryyr;22585.75
J36;3;0;rrrr;22586.00
J36;3;0;rrrr;22586.25
J36;3;0;rrrr;22586.50
J36;3;0;rrrr;22586.75
J36;4;0;urru;22587.00
J36;4;0;urru;22587.25
J36;4;0;urru;22587.50
J36;4;0;urru;22587.75
J36;5;0;GrrG;22588.00
J36;5;0;GrrG;22588.25
J36;5;0;GrrG;22588.50
J36;5;0;GrrG;22588.75
J36;5;0;GrrG;22589.00
J36;5;0;GrrG;22589.25
J36;5;0;GrrG;22589.50
J36;5;0;GrrG;22589.75
J36;5;0;GrrG;22590.00
J36;5;0;GrrG;22590.25
J36;5;0;GrrG;22590.50
J36;5;0;GrrG;22590.75
J36;5;0;GrrG;22591.00
J36;5;0;GrrG;22591.25
J36;5;0;GrrG;22591.50
J36;5;0;GrrG;22591.75
J36;5;0;GrrG;22592.00
J36;5;0;GrrG;22592.25
J36;5;0;GrrG;22592.50
J36;5;0;GrrG;22592.75
J36;5;0;GrrG;22593.00
J36;5;0;GrrG;22593.25
J36;5;0;GrrG;22593.50
J36;5;0;GrrG;22593.75
J36;5;0;GrrG;22594.00
J36;5;0;GrrG;22594.25
J36;5;0;GrrG;22594.50
J36;5;0;GrrG;22594.75
J36;5;0;GrrG;22595.00
J36;5;0;GrrG;22595.25
J36;5;0;GrrG;22595.50
J36;5;0;GrrG;22595.75
J36;5;0;GrrG;22596.00
J36;5;0;GrrG;22596.25
J36;5;0;GrrG;22596.50
J36;5;0;GrrG;22596.75
J36;5;0;GrrG;22597.00
J36;5;0;GrrG;22597.25
J36;5;0;GrrG;22597.50
J36;5;0;GrrG;22597.75
J36;5;0;GrrG;22598.00
J36;5;0;GrrG;22598.25
J36;5;0;GrrG;22598.50
J36;5;0;GrrG;22598.75
J36;5;0;GrrG;22599.00
J36;5;0;GrrG;22599.25
J36;5;0;GrrG;22599.50
J36;5;0;GrrG;22599.75
J36;5;0;GrrG;22600.00
J36;5;0;GrrG;22600.25
J36;5;0;GrrG;22600.50
J36;5;0;GrrG;22600.75
J36;5;0;GrrG;22601.00
J36;5;0;GrrG;22601.25
J36;5;0;GrrG;22601.50
J36;5;0;GrrG;22601.75
J36;5;0;GrrG;22602.00
J36;5;0;GrrG;22602.25
J36;5;0;GrrG;22602.50
J36;5;0;GrrG;22602.75
J36;5;0;GrrG;22603.00
J36;5;0;GrrG;22603.25
J36;5;0;GrrG;22603.50
J36;5;0;GrrG;22603.75
J36;5;0;GrrG;22604.00
J36;5;0;GrrG;22604.25
J36;5;0;GrrG;22604.50
J36;5;0;GrrG;22604.75
J36;5;0;GrrG;22605.00
J36;5;0;GrrG;22605.25
J36;5;0;GrrG;22605.50
J36;5;0;GrrG;22605.75
J36;5;0;GrrG;22606.00
J36;5;0;GrrG;22606.25
J36;5;0;GrrG;22606.50
J36;5;0;GrrG;22606.75
J36;5;0;GrrG;22607.00
J36;5;0;GrrG;22607.25
J36;5;0;GrrG;22607.50
J36;5;0;GrrG;22607.75
J36;5;0;GrrG;22608.00
J36;5;0;GrrG;22608.25
J36;5;0;GrrG;22608.50
J36;5;0;GrrG;22608.75
J36;5;0;GrrG;22609.00
J36;5;0;GrrG;22609.25
J36;5;0;GrrG;22609.50
J36;5;0;GrrG;22609.75
J36;5;0;GrrG;22610.00
J36;5;0;GrrG;22610.25
J36;5;0;GrrG;22610.50
J36;5;0;GrrG;22610.75
J36;5;0;GrrG;22611.00
J36;5;0;GrrG;22611.25
J36;5;0;GrrG;22611.50
J36;5;0;GrrG;22611.75
J36;5;0;GrrG;22612.00
J36;5;0;GrrG;22612.25
J36;5;0;GrrG;22612.50
J36;5;0;GrrG;22612.75
J36;6;0;yrry;22613.00
J36;6;0;yrry;22613.25
J36;6;0;yrry;22613.50
J36;6;0;yrry;22613.75
J36;6;0;yrry;22614.00
J36;6;0;yrry;22614.25
J36;6;0;yrry;22614.50
J36;6;0;yrry;22614.75
J36;6;0;yrry;22615.00
J36;6;0;yrry;22615.25
J36;6;0;yrry;22615.50
J36;6;0;yrry;22615.75
J36;7;0;rrrr;22616.00
J36;7;0;rrrr;22616.25
J36;7;0;rrrr;22616.50
J36;7;0;rrrr;22616.75
J36;0;0;ruur;22617.00
J36;0;0;ruur;22617.25
J36;0;0;ruur;22617.50
J36;0;0;ruur;22617.75
J36;1;0;rGGr;22618.00
J36;1;0;rGGr;22618.25
J36;1;0;rGGr;22618.50
J36;1;0;rGGr;22618.75
J36;1;0;rGGr;22619.00
J36;1;0;rGGr;22619.25
J36;1;0;rGGr;22619.50
J36;1;0;rGGr;22619.75
J36;1;0;rGGr;22620.00
J36;1;0;rGGr;22620.25
J36;1;0;rGGr;22620.50
J36;1;0;rGGr;22620.75
J36;1;0;rGGr;22621.00
J36;1;0;rGGr;22621.25
J36;1;0;rGGr;22621.50
J36;1;0;rGGr;22621.75
J36;1;0;rGGr;22622.00
J36;1;0;rGGr;22622.25
J36;1;0;rGGr;22622.50
J36;1;0;rGGr;22622.75
J36;1;0;rGGr;22623.00
J36;1;0;rGGr;22623.25
J36;1;0;rGGr;22623.50
J36;1;0;rGGr;22623.75
J36;1;0;rGGr;22624.00
J36;1;0;rGGr;22624.25
J36;1;0;rGGr;22624.50
J36;1;0;rGGr;22624.75
J36;1;0;rGGr;22625.00
J36;1;0;rGGr;22625.25
J36;1;0;rGGr;22625.50
J36;1;0;rGGr;22625.75
J36;1;0;rGGr;22626.00
J36;1;0;rGGr;22626.25
J36;1;0;rGGr;22626.50
J36;1;0;rGGr;22626.75
J36;1;0;rGGr;22627.00
J36;1;0;rGGr;22627.25
J36;1;0;rGGr;22627.50
J36;1;0;rGGr;22627.75
J36;1;0;rGGr;22628.00
J36;1;0;rGGr;22628.25
J36;1;0;rGGr;22628.50
J36;1;0;rGGr;22628.75
J36;1;0;rGGr;22629.00
J36;1;0;rGGr;22629.25
J36;1;0;rGGr;22629.50
J36;1;0;rGGr;22629.75
J36;1;0;rGGr;22630.00
J36;1;0;rGGr;22630.25
J36;1;0;rGGr;22630.50
J36;1;0;rGGr;22630.75
J36;1;0;rGGr;22631.00
J36;1;0;rGGr;22631.25
J36;1;0;rGGr;22631.50
J36;1;0;rGGr;22631.75
J36;1;0;rGGr;22632.00
J36;1;0;rGGr;22632.25
J36;1;0;rGGr;22632.50
J36;1;0;rGGr;22632.75
J36;1;0;rGGr;22633.00
J36;1;0;rGGr;22633.25
J36;1;0;rGGr;22633.50
J36;1;0;rGGr;22633.75
J36;1;0;rGGr;22634.00
J36;1;0;rGGr;22634.25
J36;1;0;rGGr;22634.50
J36;1;0;rGGr;22634.75
J36;1;0;rGGr;22635.00
J36;1;0;rGGr;22635.25
J36;1;0;rGGr;22635.50
J36;1;0;rGGr;22635.75
J36;1;0;rGGr;22636.00
J36;1;0;rGGr;22636.25
J36;1;0;rGGr;22636.50
J36;1;0;rGGr;22636.75
J36;1;0;rGGr;22637.00
J36;1;0;rGGr;22637.25
J36;1;0;rGGr;22637.50
J36;1;0;rGGr;22637.75
J36;1;0;rGGr;22638.00
J36;1;0;rGGr;22638.25
J36;1;0;rGGr;22638.50
J36;1;0;rGGr;22638.75
J36;1;0;rGGr;22639.00
J36;1;0;rGGr;22639.25
J36;1;0;rGGr;22639.50
J36;1;0;rGGr;22639.75
J36;1;0;rGGr;22640.00
J36;1;0;rGGr;22640.25
J36;1;0;rGGr;22640.50
J36;1;0;rGGr;22640.75
J36;1;0;rGGr;22641.00
J36;1;0;rGGr;22641.25
J36;1;0;rGGr;22641.50
J36;1;0;rGGr;22641.75
J36;1;0;rGGr;22642.00
J36;1;0;rGGr;22642.25
J36;1;0;rGGr;22642.50
J36;1;0;rGGr;22642.75
J36;2;0;ryyr;22643.00
J36;2;0;ryyr;22643.25
J36;2;0;ryyr;22643.50
J36;2;0;ryyr;22643.75
J36;2;0;ryyr;22644.00
J36;2;0;ryyr;22644.25
J36;2;0;ryyr;22644.50
J36;2;0;ryyr;22644.75
J36;2;0;ryyr;22645.00
J36;0;online;yyyyyyyyyyyyyyyyyyyyyyyyyyyyyyyyyyyyyyyyyyyyyyyyyyyyyyyyy;22645.25
J36;0;online;yyyyyyyyyyyyyyyyyyyyyyyyyyyyyyyyyyyyyyyyyyyyyyyyyyyyyyyyy;22645.50
J36;0;online;yyyyyyyyyyyyyyyyyyyyyyyyyyyyyyyyyyyyyyyyyyyyyyyyyyyyyyyyy;22645.75
J36;0;online;yyyyyyyyyyyyyyyyyyyyyyyyyyyyyyyyyyyyyyyyyyyyyyyyyyyyyyyyy;22646.00
J36;0;online;yyyyyyyyyyyyyyyyyyyyyyyyyyyyyyyyyyyyyyyyyyyyyyyyyyyyyyyyy;22646.25
J36;0;online;yyyyyyyyyyyyyyyyyyyyyyyyyyyyyyyyyyyyyyyyyyyyyyyyyyyyyyyyy;22646.50
J36;0;online;yyyyyyyyyyyyyyyyyyyyyyyyyyyyyyyyyyyyyyyyyyyyyyyyyyyyyyyyy;22646.75
J36;0;online;yyyyyyyyyyyyyyyyyyyyyyyyyyyyyyyyyyyyyyyyyyyyyyyyyyyyyyyyy;22647.00
J36;0;online;yyyyyyyyyyyyyyyyyyyyyyyyyyyyyyyyyyyyyyyyyyyyyyyyyyyyyyyyy;22647.25
J36;0;online;yyyyyyyyyyyyyyyyyyyyyyyyyyyyyyyyyyyyyyyyyyyyyyyyyyyyyyyyy;22647.50
J36;0;online;yyyyyyyyyyyyyyyyyyyyyyyyyyyyyyyyyyyyyyyyyyyyyyyyyyyyyyyyy;22647.75
J36;0;online;yyyyyyyyyyyyyyyyyyyyyyyyyyyyyyyyyyyyyyyyyyyyyyyyyyyyyyyyy;22648.00
J36;4;0;urru;22648.25
J36;4;0;urru;22648.50
J36;4;0;urru;22648.75
J36;4;0;urru;22649.00
J36;5;0;GrrG;22649.25
J36;5;0;GrrG;22649.50
J36;5;0;GrrG;22649.75
J36;5;0;GrrG;22650.00
J36;5;0;GrrG;22650.25
J36;5;0;GrrG;22650.50
J36;5;0;GrrG;22650.75
J36;5;0;GrrG;22651.00
J36;5;0;GrrG;22651.25
J36;5;0;GrrG;22651.50
J36;5;0;GrrG;22651.75
J36;5;0;GrrG;22652.00
J36;5;0;GrrG;22652.25
J36;5;0;GrrG;22652.50
J36;5;0;GrrG;22652.75
J36;5;0;GrrG;22653.00
J36;5;0;GrrG;22653.25
J36;5;0;GrrG;22653.50
J36;5;0;GrrG;22653.75
J36;5;0;GrrG;22654.00
J36;5;0;GrrG;22654.25
J36;5;0;GrrG;22654.50
J36;5;0;GrrG;22654.75
J36;5;0;GrrG;22655.00
J36;5;0;GrrG;22655.25
J36;5;0;GrrG;22655.50
J36;5;0;GrrG;22655.75
J36;5;0;GrrG;22656.00
J36;5;0;GrrG;22656.25
J36;5;0;GrrG;22656.50
J36;5;0;GrrG;22656.75
J36;5;0;GrrG;22657.00
J36;5;0;GrrG;22657.25
J36;5;0;GrrG;22657.50
J36;5;0;GrrG;22657.75
J36;5;0;GrrG;22658.00
J36;5;0;GrrG;22658.25
J36;5;0;GrrG;22658.50
J36;5;0;GrrG;22658.75
J36;5;0;GrrG;22659.00
J36;5;0;GrrG;22659.25
J36;5;0;GrrG;22659.50
J36;5;0;GrrG;22659.75
J36;5;0;GrrG;22660.00
J36;5;0;GrrG;22660.25
J36;5;0;GrrG;22660.50
J36;5;0;GrrG;22660.75
J36;5;0;GrrG;22661.00
J36;5;0;GrrG;22661.25
J36;5;0;GrrG;22661.50
J36;5;0;GrrG;22661.75
J36;5;0;GrrG;22662.00
J36;5;0;GrrG;22662.25
J36;5;0;GrrG;22662.50
J36;5;0;GrrG;22662.75
J36;5;0;GrrG;22663.00
J36;5;0;GrrG;22663.25
J36;5;0;GrrG;22663.50
J36;5;0;GrrG;22663.75
J36;5;0;GrrG;22664.00
J36;5;0;GrrG;22664.25
J36;5;0;GrrG;22664.50
J36;5;0;GrrG;22664.75
J36;5;0;GrrG;22665.00
J36;5;0;GrrG;22665.25
J36;5;0;GrrG;22665.50
J36;5;0;GrrG;22665.75
J36;5;0;GrrG;22666.00
J36;5;0;GrrG;22666.25
J36;5;0;GrrG;22666.50
J36;5;0;GrrG;22666.75
J36;5;0;GrrG;22667.00
J36;5;0;GrrG;22667.25
J36;5;0;GrrG;22667.50
J36;5;0;GrrG;22667.75
J36;5;0;GrrG;22668.00
J36;5;0;GrrG;22668.25
J36;5;0;GrrG;22668.50
J36;5;0;GrrG;22668.75
J36;5;0;GrrG;22669.00
J36;5;0;GrrG;22669.25
J36;5;0;GrrG;22669.50
J36;5;0;GrrG;22669.75
J36;5;0;GrrG;22670.00
J36;5;0;GrrG;22670.25
J36;5;0;GrrG;22670.50
J36;5;0;GrrG;22670.75
J36;5;0;GrrG;22671.00
J36;5;0;GrrG;22671.25
J36;5;0;GrrG;22671.50
J36;5;0;GrrG;22671.75
J36;5;0;GrrG;22672.00
J36;5;0;GrrG;22672.25
J36;5;0;GrrG;22672.50
J36;5;0;GrrG;22672.75
J36;5;0;GrrG;22673.00
J36;5;0;GrrG;22673.25
J36;5;0;GrrG;22673.50
J36;5;0;GrrG;22673.75
J36;5;0;GrrG;22674.00
J36;6;0;yrry;22674.25
J36;6;0;yrry;22674.50
J36;6;0;yrry;22674.75
J36;6;0;yrry;22675.00
J36;6;0;yrry;22675.25
J36;6;0;yrry;22675.50
J36;6;0;yrry;22675.75
J36;6;0;yrry;22676.00
J36;6;0;yrry;22676.25
J36;6;0;yrry;22676.50
J36;6;0;yrry;22676.75
J36;6;0;yrry;22677.00
J36;7;0;rrrr;22677.25
J36;7;0;rrrr;22677.50
J36;7;0;rrrr;22677.75
J36;7;0;rrrr;22678.00
J36;0;0;ruur;22678.25
J36;0;0;ruur;22678.50
J36;0;0;ruur;22678.75
J36;0;0;ruur;22679.00
J36;1;0;rGGr;22679.25
J36;1;0;rGGr;22679.50
J36;1;0;rGGr;22679.75
J36;1;0;rGGr;22680.00
J36;1;0;rGGr;22680.25
J36;1;0;rGGr;22680.50
J36;1;0;rGGr;22680.75
J36;1;0;rGGr;22681.00
J36;1;0;rGGr;22681.25
J36;1;0;rGGr;22681.50
J36;1;0;rGGr;22681.75
J36;1;0;rGGr;22682.00
J36;1;0;rGGr;22682.25
J36;1;0;rGGr;22682.50
J36;1;0;rGGr;22682.75
J36;1;0;rGGr;22683.00
J36;1;0;rGGr;22683.25
J36;1;0;rGGr;22683.50
J36;1;0;rGGr;22683.75
J36;1;0;rGGr;22684.00
J36;1;0;rGGr;22684.25
J36;1;0;rGGr;22684.50
J36;1;0;rGGr;22684.75
J36;1;0;rGGr;22685.00
J36;1;0;rGGr;22685.25
J36;1;0;rGGr;22685.50
J36;1;0;rGGr;22685.75
J36;1;0;rGGr;22686.00
J36;1;0;rGGr;22686.25
J36;1;0;rGGr;22686.50
J36;1;0;rGGr;22686.75
J36;1;0;rGGr;22687.00
J36;1;0;rGGr;22687.25
J36;1;0;rGGr;22687.50
J36;1;0;rGGr;22687.75
J36;1;0;rGGr;22688.00
J36;1;0;rGGr;22688.25
J36;1;0;rGGr;22688.50
J36;1;0;rGGr;22688.75
J36;1;0;rGGr;22689.00
J36;1;0;rGGr;22689.25
J36;1;0;rGGr;22689.50
J36;1;0;rGGr;22689.75
J36;1;0;rGGr;22690.00
J36;1;0;rGGr;22690.25
J36;1;0;rGGr;22690.50
J36;1;0;rGGr;22690.75
J36;1;0;rGGr;22691.00
J36;1;0;rGGr;22691.25
J36;1;0;rGGr;22691.50
J36;1;0;rGGr;22691.75
J36;1;0;rGGr;22692.00
J36;1;0;rGGr;22692.25
J36;1;0;rGGr;22692.50
J36;1;0;rGGr;22692.75
J36;1;0;rGGr;22693.00
J36;1;0;rGGr;22693.25
J36;1;0;rGGr;22693.50
J36;1;0;rGGr;22693.75
J36;1;0;rGGr;22694.00
J36;1;0;rGGr;22694.25
J36;1;0;rGGr;22694.50
J36;1;0;rGGr;22694.75
J36;1;0;rGGr;22695.00
J36;1;0;rGGr;22695.25
J36;1;0;rGGr;22695.50
J36;1;0;rGGr;22695.75
J36;1;0;rGGr;22696.00
J36;1;0;rGGr;22696.25
J36;1;0;rGGr;22696.50
J36;1;0;rGGr;22696.75
J36;1;0;rGGr;22697.00
J36;1;0;rGGr;22697.25
J36;1;0;rGGr;22697.50
J36;1;0;rGGr;22697.75
J36;1;0;rGGr;22698.00
J36;1;0;rGGr;22698.25
J36;1;0;rGGr;22698.50
J36;1;0;rGGr;22698.75
J36;1;0;rGGr;22699.00
J36;1;0;rGGr;22699.25
J36;1;0;rGGr;22699.50
J36;1;0;rGGr;22699.75
J36;1;0;rGGr;22700.00
J36;1;0;rGGr;22700.25
J36;1;0;rGGr;22700.50
J36;1;0;rGGr;22700.75
J36;1;0;rGGr;22701.00
J36;1;0;rGGr;22701.25
J36;1;0;rGGr;22701.50
J36;1;0;rGGr;22701.75
J36;1;0;rGGr;22702.00
J36;1;0;rGGr;22702.25
J36;1;0;rGGr;22702.50
J36;1;0;rGGr;22702.75
J36;1;0;rGGr;22703.00
J36;1;0;rGGr;22703.25
J36;1;0;rGGr;22703.50
J36;1;0;rGGr;22703.75
J36;1;0;rGGr;22704.00
J36;2;0;ryyr;22704.25
J36;2;0;ryyr;22704.50
J36;2;0;ryyr;22704.75
J36;2;0;ryyr;22705.00
J36;2;0;ryyr;22705.25
J36;2;0;ryyr;22705.50
J36;2;0;ryyr;22705.75
J36;2;0;ryyr;22706.00
J36;2;0;ryyr;22706.25
J36;2;0;ryyr;22706.50
J36;2;0;ryyr;22706.75
J36;2;0;ryyr;22707.00
J36;2;0;ryyr;22707.25
J36;2;0;ryyr;22707.50
J36;2;0;ryyr;22707.75
J36;2;0;ryyr;22708.00
J36;3;0;rrrr;22708.25
J36;3;0;rrrr;22708.50
J36;3;0;rrrr;22708.75
J36;3;0;rrrr;22709.00
J36;4;0;urru;22709.25
J36;4;0;urru;22709.50
J36;4;0;urru;22709.75
J36;4;0;urru;22710.00
J36;5;0;GrrG;22710.25
J36;5;0;GrrG;22710.50
J36;5;0;GrrG;22710.75
J36;5;0;GrrG;22711.00
J36;5;0;GrrG;22711.25
J36;5;0;GrrG;22711.50
J36;5;0;GrrG;22711.75
J36;5;0;GrrG;22712.00
J36;5;0;GrrG;22712.25
J36;5;0;GrrG;22712.50
J36;5;0;GrrG;22712.75
J36;5;0;GrrG;22713.00
J36;5;0;GrrG;22713.25
J36;5;0;GrrG;22713.50
J36;5;0;GrrG;22713.75
J36;5;0;GrrG;22714.00
J36;5;0;GrrG;22714.25
J36;5;0;GrrG;22714.50
J36;5;0;GrrG;22714.75
J36;5;0;GrrG;22715.00
J36;5;0;GrrG;22715.25
J36;5;0;GrrG;22715.50
J36;5;0;GrrG;22715.75
J36;5;0;GrrG;22716.00
J36;5;0;GrrG;22716.25
J36;5;0;GrrG;22716.50
J36;5;0;GrrG;22716.75
J36;5;0;GrrG;22717.00
J36;5;0;GrrG;22717.25
J36;5;0;GrrG;22717.50
J36;5;0;GrrG;22717.75
J36;5;0;GrrG;22718.00
J36;5;0;GrrG;22718.25
J36;5;0;GrrG;22718.50
J36;5;0;GrrG;22718.75
J36;5;0;GrrG;22719.00
J36;5;0;GrrG;22719.25
J36;5;0;GrrG;22719.50
J36;5;0;GrrG;22719.75
J36;5;0;GrrG;22720.00
J36;5;0;GrrG;22720.25
J36;5;0;GrrG;22720.50
J36;5;0;GrrG;22720.75
J36;5;0;GrrG;22721.00
J36;5;0;GrrG;22721.25
J36;5;0;GrrG;22721.50
J36;5;0;GrrG;22721.75
J36;5;0;GrrG;22722.00
J36;5;0;GrrG;22722.25
J36;5;0;GrrG;22722.50
J36;5;0;GrrG;22722.75
J36;5;0;GrrG;22723.00
J36;5;0;GrrG;22723.25
J36;5;0;GrrG;22723.50
J36;5;0;GrrG;22723.75
J36;5;0;GrrG;22724.00
J36;5;0;GrrG;22724.25
J36;5;0;GrrG;22724.50
J36;5;0;GrrG;22724.75
J36;5;0;GrrG;22725.00
J36;5;0;GrrG;22725.25
J36;5;0;GrrG;22725.50
J36;5;0;GrrG;22725.75
J36;5;0;GrrG;22726.00
J36;5;0;GrrG;22726.25
J36;5;0;GrrG;22726.50
J36;5;0;GrrG;22726.75
J36;5;0;GrrG;22727.00
J36;5;0;GrrG;22727.25
J36;5;0;GrrG;22727.50
J36;5;0;GrrG;22727.75
J36;5;0;GrrG;22728.00
J36;5;0;GrrG;22728.25
J36;5;0;GrrG;22728.50
J36;5;0;GrrG;22728.75
J36;5;0;GrrG;22729.00
J36;5;0;GrrG;22729.25
J36;5;0;GrrG;22729.50
J36;5;0;GrrG;22729.75
J36;5;0;GrrG;22730.00
J36;5;0;GrrG;22730.25
J36;5;0;GrrG;22730.50
J36;5;0;GrrG;22730.75
J36;5;0;GrrG;22731.00
J36;5;0;GrrG;22731.25
J36;5;0;GrrG;22731.50
J36;5;0;GrrG;22731.75
J36;5;0;GrrG;22732.00
J36;5;0;GrrG;22732.25
J36;5;0;GrrG;22732.50
J36;5;0;GrrG;22732.75
J36;5;0;GrrG;22733.00
J36;5;0;GrrG;22733.25
J36;5;0;GrrG;22733.50
J36;5;0;GrrG;22733.75
J36;5;0;GrrG;22734.00
J36;5;0;GrrG;22734.25
J36;5;0;GrrG;22734.50
J36;5;0;GrrG;22734.75
J36;5;0;GrrG;22735.00
J36;6;0;yrry;22735.25
J36;6;0;yrry;22735.50
J36;6;0;yrry;22735.75
J36;6;0;yrry;22736.00
J36;6;0;yrry;22736.25
J36;6;0;yrry;22736.50
J36;6;0;yrry;22736.75
J36;6;0;yrry;22737.00
J36;6;0;yrry;22737.25
J36;6;0;yrry;22737.50
J36;6;0;yrry;22737.75
J36;6;0;yrry;22738.00
J36;7;0;rrrr;22738.25
J36;7;0;rrrr;22738.50
J36;7;0;rrrr;22738.75
J36;7;0;rrrr;22739.00
J36;0;0;ruur;22739.25
J36;0;0;ruur;22739.50
J36;0;0;ruur;22739.75
J36;0;0;ruur;22740.00
J36;1;0;rGGr;22740.25
J36;1;0;rGGr;22740.50
J36;1;0;rGGr;22740.75
J36;1;0;rGGr;22741.00
J36;1;0;rGGr;22741.25
J36;1;0;rGGr;22741.50
J36;1;0;rGGr;22741.75
J36;1;0;rGGr;22742.00
J36;1;0;rGGr;22742.25
J36;1;0;rGGr;22742.50
J36;1;0;rGGr;22742.75
J36;1;0;rGGr;22743.00
J36;1;0;rGGr;22743.25
J36;1;0;rGGr;22743.50
J36;1;0;rGGr;22743.75
J36;1;0;rGGr;22744.00
J36;1;0;rGGr;22744.25
J36;1;0;rGGr;22744.50
J36;1;0;rGGr;22744.75
J36;1;0;rGGr;22745.00
J36;1;0;rGGr;22745.25
J36;1;0;rGGr;22745.50
J36;1;0;rGGr;22745.75
J36;1;0;rGGr;22746.00
J36;1;0;rGGr;22746.25
J36;1;0;rGGr;22746.50
J36;1;0;rGGr;22746.75
J36;1;0;rGGr;22747.00
J36;1;0;rGGr;22747.25
J36;1;0;rGGr;22747.50
J36;1;0;rGGr;22747.75
J36;1;0;rGGr;22748.00
J36;1;0;rGGr;22748.25
J36;1;0;rGGr;22748.50
J36;1;0;rGGr;22748.75
J36;1;0;rGGr;22749.00
J36;1;0;rGGr;22749.25
J36;1;0;rGGr;22749.50
J36;1;0;rGGr;22749.75
J36;1;0;rGGr;22750.00
J36;1;0;rGGr;22750.25
J36;1;0;rGGr;22750.50
J36;1;0;rGGr;22750.75
J36;1;0;rGGr;22751.00
J36;1;0;rGGr;22751.25
J36;1;0;rGGr;22751.50
J36;1;0;rGGr;22751.75
J36;1;0;rGGr;22752.00
J36;1;0;rGGr;22752.25
J36;1;0;rGGr;22752.50
J36;1;0;rGGr;22752.75
J36;1;0;rGGr;22753.00
J36;1;0;rGGr;22753.25
J36;1;0;rGGr;22753.50
J36;1;0;rGGr;22753.75
J36;1;0;rGGr;22754.00
J36;1;0;rGGr;22754.25
J36;1;0;rGGr;22754.50
J36;1;0;rGGr;22754.75
J36;1;0;rGGr;22755.00
J36;1;0;rGGr;22755.25
J36;1;0;rGGr;22755.50
J36;1;0;rGGr;22755.75
J36;1;0;rGGr;22756.00
J36;1;0;rGGr;22756.25
J36;1;0;rGGr;22756.50
J36;1;0;rGGr;22756.75
J36;1;0;rGGr;22757.00
J36;1;0;rGGr;22757.25
J36;1;0;rGGr;22757.50
J36;1;0;rGGr;22757.75
J36;1;0;rGGr;22758.00
J36;1;0;rGGr;22758.25
J36;1;0;rGGr;22758.50
J36;1;0;rGGr;22758.75
J36;1;0;rGGr;22759.00
J36;1;0;rGGr;22759.25
J36;1;0;rGGr;22759.50
J36;1;0;rGGr;22759.75
J36;1;0;rGGr;22760.00
J36;1;0;rGGr;22760.25
J36;1;0;rGGr;22760.50
J36;1;0;rGGr;22760.75
J36;1;0;rGGr;22761.00
J36;1;0;rGGr;22761.25
J36;1;0;rGGr;22761.50
J36;1;0;rGGr;22761.75
J36;1;0;rGGr;22762.00
J36;1;0;rGGr;22762.25
J36;1;0;rGGr;22762.50
J36;1;0;rGGr;22762.75
J36;1;0;rGGr;22763.00
J36;1;0;rGGr;22763.25
J36;1;0;rGGr;22763.50
J36;1;0;rGGr;22763.75
J36;1;0;rGGr;22764.00
J36;1;0;rGGr;22764.25
J36;1;0;rGGr;22764.50
J36;1;0;rGGr;22764.75
J36;1;0;rGGr;22765.00
J36;2;0;ryyr;22765.25
J36;2;0;ryyr;22765.50
J36;2;0;ryyr;22765.75
J36;2;0;ryyr;22766.00
J36;2;0;ryyr;22766.25
J36;2;0;ryyr;22766.50
J36;2;0;ryyr;22766.75
J36;2;0;ryyr;22767.00
J36;2;0;ryyr;22767.25
J36;2;0;ryyr;22767.50
J36;2;0;ryyr;22767.75
J36;2;0;ryyr;22768.00
J36;3;0;rrrr;22768.25
J36;3;0;rrrr;22768.50
J36;3;0;rrrr;22768.75
J36;3;0;rrrr;22769.00
J36;4;0;urru;22769.25
J36;4;0;urru;22769.50
J36;4;0;urru;22769.75
J36;4;0;urru;22770.00
J36;5;0;GrrG;22770.25
J36;5;0;GrrG;22770.50
J36;5;0;GrrG;22770.75
J36;5;0;GrrG;22771.00
J36;5;0;GrrG;22771.25
J36;5;0;GrrG;22771.50
J36;5;0;GrrG;22771.75
J36;5;0;GrrG;22772.00
J36;5;0;GrrG;22772.25
J36;5;0;GrrG;22772.50
J36;5;0;GrrG;22772.75
J36;5;0;GrrG;22773.00
J36;5;0;GrrG;22773.25
J36;5;0;GrrG;22773.50
J36;5;0;GrrG;22773.75
J36;5;0;GrrG;22774.00
J36;5;0;GrrG;22774.25
J36;5;0;GrrG;22774.50
J36;5;0;GrrG;22774.75
J36;5;0;GrrG;22775.00
J36;5;0;GrrG;22775.25
J36;5;0;GrrG;22775.50
J36;5;0;GrrG;22775.75
J36;5;0;GrrG;22776.00
J36;5;0;GrrG;22776.25
J36;5;0;GrrG;22776.50
J36;5;0;GrrG;22776.75
J36;5;0;GrrG;22777.00
J36;5;0;GrrG;22777.25
J36;5;0;GrrG;22777.50
J36;5;0;GrrG;22777.75
J36;5;0;GrrG;22778.00
J36;5;0;GrrG;22778.25
J36;5;0;GrrG;22778.50
J36;5;0;GrrG;22778.75
J36;5;0;GrrG;22779.00
J36;5;0;GrrG;22779.25
J36;5;0;GrrG;22779.50
J36;5;0;GrrG;22779.75
J36;5;0;GrrG;22780.00
J36;5;0;GrrG;22780.25
J36;5;0;GrrG;22780.50
J36;5;0;GrrG;22780.75
J36;5;0;GrrG;22781.00
J36;5;0;GrrG;22781.25
J36;5;0;GrrG;22781.50
J36;5;0;GrrG;22781.75
J36;5;0;GrrG;22782.00
J36;5;0;GrrG;22782.25
J36;5;0;GrrG;22782.50
J36;5;0;GrrG;22782.75
J36;5;0;GrrG;22783.00
J36;5;0;GrrG;22783.25
J36;5;0;GrrG;22783.50
J36;5;0;GrrG;22783.75
J36;5;0;GrrG;22784.00
J36;5;0;GrrG;22784.25
J36;5;0;GrrG;22784.50
J36;5;0;GrrG;22784.75
J36;5;0;GrrG;22785.00
J36;5;0;GrrG;22785.25
J36;5;0;GrrG;22785.50
J36;5;0;GrrG;22785.75
J36;5;0;GrrG;22786.00
J36;5;0;GrrG;22786.25
J36;5;0;GrrG;22786.50
J36;5;0;GrrG;22786.75
J36;5;0;GrrG;22787.00
J36;5;0;GrrG;22787.25
J36;5;0;GrrG;22787.50
J36;5;0;GrrG;22787.75
J36;5;0;GrrG;22788.00
J36;5;0;GrrG;22788.25
J36;5;0;GrrG;22788.50
J36;5;0;GrrG;22788.75
J36;5;0;GrrG;22789.00
J36;5;0;GrrG;22789.25
J36;5;0;GrrG;22789.50
J36;5;0;GrrG;22789.75
J36;5;0;GrrG;22790.00
J36;5;0;GrrG;22790.25
J36;5;0;GrrG;22790.50
J36;5;0;GrrG;22790.75
J36;5;0;GrrG;22791.00
J36;5;0;GrrG;22791.25
J36;5;0;GrrG;22791.50
J36;5;0;GrrG;22791.75
J36;5;0;GrrG;22792.00
J36;5;0;GrrG;22792.25
J36;5;0;GrrG;22792.50
J36;5;0;GrrG;22792.75
J36;5;0;GrrG;22793.00
J36;5;0;GrrG;22793.25
J36;5;0;GrrG;22793.50
J36;5;0;GrrG;22793.75
J36;5;0;GrrG;22794.00
J36;5;0;GrrG;22794.25
J36;5;0;GrrG;22794.50
J36;5;0;GrrG;22794.75
J36;5;0;GrrG;22795.00
J36;6;0;yrry;22795.25
J36;6;0;yrry;22795.50
J36;6;0;yrry;22795.75
J36;6;0;yrry;22796.00
J36;6;0;yrry;22796.25
J36;6;0;yrry;22796.50
J36;6;0;yrry;22796.75
J36;6;0;yrry;22797.00
J36;6;0;yrry;22797.25
J36;6;0;yrry;22797.50
J36;6;0;yrry;22797.75
J36;6;0;yrry;22798.00
J36;7;0;rrrr;22798.25
J36;7;0;rrrr;22798.50
J36;7;0;rrrr;22798.75
J36;7;0;rrrr;22799.00
J36;0;0;ruur;22799.25
J36;0;0;ruur;22799.50
J36;0;0;ruur;22799.75
J36;0;0;ruur;22800.00
J36;1;0;rGGr;22800.25
J36;1;0;rGGr;22800.50
J36;1;0;rGGr;22800.75
J36;1;0;rGGr;22801.00
J36;1;0;rGGr;22801.25
J36;1;0;rGGr;22801.50
J36;1;0;rGGr;22801.75
J36;1;0;rGGr;22802.00
J36;1;0;rGGr;22802.25
J36;1;0;rGGr;22802.50
J36;1;0;rGGr;22802.75
J36;1;0;rGGr;22803.00
J36;1;0;rGGr;22803.25
J36;1;0;rGGr;22803.50
J36;1;0;rGGr;22803.75
J36;1;0;rGGr;22804.00
J36;1;0;rGGr;22804.25
J36;1;0;rGGr;22804.50
J36;1;0;rGGr;22804.75
J36;1;0;rGGr;22805.00
J36;1;0;rGGr;22805.25
J36;1;0;rGGr;22805.50
J36;1;0;rGGr;22805.75
J36;1;0;rGGr;22806.00
J36;1;0;rGGr;22806.25
J36;1;0;rGGr;22806.50
J36;1;0;rGGr;22806.75
J36;1;0;rGGr;22807.00
J36;1;0;rGGr;22807.25
J36;1;0;rGGr;22807.50
J36;1;0;rGGr;22807.75
J36;1;0;rGGr;22808.00
J36;1;0;rGGr;22808.25
J36;1;0;rGGr;22808.50
J36;1;0;rGGr;22808.75
J36;1;0;rGGr;22809.00
J36;1;0;rGGr;22809.25
J36;1;0;rGGr;22809.50
J36;1;0;rGGr;22809.75
J36;1;0;rGGr;22810.00
J36;1;0;rGGr;22810.25
J36;1;0;rGGr;22810.50
J36;1;0;rGGr;22810.75
J36;1;0;rGGr;22811.00
J36;1;0;rGGr;22811.25
J36;1;0;rGGr;22811.50
J36;1;0;rGGr;22811.75
J36;1;0;rGGr;22812.00
J36;1;0;rGGr;22812.25
J36;1;0;rGGr;22812.50
J36;1;0;rGGr;22812.75
J36;1;0;rGGr;22813.00
J36;1;0;rGGr;22813.25
J36;1;0;rGGr;22813.50
J36;1;0;rGGr;22813.75
J36;1;0;rGGr;22814.00
J36;1;0;rGGr;22814.25
J36;1;0;rGGr;22814.50
J36;1;0;rGGr;22814.75
J36;1;0;rGGr;22815.00
J36;1;0;rGGr;22815.25
J36;1;0;rGGr;22815.50
J36;1;0;rGGr;22815.75
J36;1;0;rGGr;22816.00
J36;1;0;rGGr;22816.25
J36;1;0;rGGr;22816.50
J36;1;0;rGGr;22816.75
J36;1;0;rGGr;22817.00
J36;1;0;rGGr;22817.25
J36;1;0;rGGr;22817.50
J36;1;0;rGGr;22817.75
J36;1;0;rGGr;22818.00
J36;1;0;rGGr;22818.25
J36;1;0;rGGr;22818.50
J36;1;0;rGGr;22818.75
J36;1;0;rGGr;22819.00
J36;1;0;rGGr;22819.25
J36;1;0;rGGr;22819.50
J36;1;0;rGGr;22819.75
J36;1;0;rGGr;22820.00
J36;1;0;rGGr;22820.25
J36;1;0;rGGr;22820.50
J36;1;0;rGGr;22820.75
J36;1;0;rGGr;22821.00
J36;1;0;rGGr;22821.25
J36;1;0;rGGr;22821.50
J36;1;0;rGGr;22821.75
J36;1;0;rGGr;22822.00
J36;1;0;rGGr;22822.25
J36;1;0;rGGr;22822.50
J36;1;0;rGGr;22822.75
J36;1;0;rGGr;22823.00
J36;1;0;rGGr;22823.25
J36;1;0;rGGr;22823.50
J36;1;0;rGGr;22823.75
J36;1;0;rGGr;22824.00
J36;1;0;rGGr;22824.25
J36;1;0;rGGr;22824.50
J36;1;0;rGGr;22824.75
J36;1;0;rGGr;22825.00
J36;2;0;ryyr;22825.25
J36;2;0;ryyr;22825.50
J36;2;0;ryyr;22825.75
J36;2;0;ryyr;22826.00
J36;2;0;ryyr;22826.25
J36;2;0;ryyr;22826.50
J36;2;0;ryyr;22826.75
J36;2;0;ryyr;22827.00
J36;2;0;ryyr;22827.25
J36;2;0;ryyr;22827.50
J36;2;0;ryyr;22827.75
J36;2;0;ryyr;22828.00
J36;3;0;rrrr;22828.25
J36;3;0;rrrr;22828.50
J36;3;0;rrrr;22828.75
J36;3;0;rrrr;22829.00
J36;4;0;urru;22829.25
J36;4;0;urru;22829.50
J36;4;0;urru;22829.75
J36;4;0;urru;22830.00
J36;5;0;GrrG;22830.25
J36;5;0;GrrG;22830.50
J36;5;0;GrrG;22830.75
J36;5;0;GrrG;22831.00
J36;5;0;GrrG;22831.25
J36;5;0;GrrG;22831.50
J36;5;0;GrrG;22831.75
J36;5;0;GrrG;22832.00
J36;5;0;GrrG;22832.25
J36;5;0;GrrG;22832.50
J36;5;0;GrrG;22832.75
J36;5;0;GrrG;22833.00
J36;5;0;GrrG;22833.25
J36;5;0;GrrG;22833.50
J36;5;0;GrrG;22833.75
J36;5;0;GrrG;22834.00
J36;5;0;GrrG;22834.25
J36;5;0;GrrG;22834.50
J36;5;0;GrrG;22834.75
J36;5;0;GrrG;22835.00
J36;5;0;GrrG;22835.25
J36;5;0;GrrG;22835.50
J36;5;0;GrrG;22835.75
J36;5;0;GrrG;22836.00
J36;5;0;GrrG;22836.25
J36;5;0;GrrG;22836.50
J36;5;0;GrrG;22836.75
J36;5;0;GrrG;22837.00
J36;5;0;GrrG;22837.25
J36;5;0;GrrG;22837.50
J36;5;0;GrrG;22837.75
J36;5;0;GrrG;22838.00
J36;5;0;GrrG;22838.25
J36;5;0;GrrG;22838.50
J36;5;0;GrrG;22838.75
J36;5;0;GrrG;22839.00
J36;5;0;GrrG;22839.25
J36;5;0;GrrG;22839.50
J36;5;0;GrrG;22839.75
J36;5;0;GrrG;22840.00
J36;5;0;GrrG;22840.25
J36;5;0;GrrG;22840.50
J36;5;0;GrrG;22840.75
J36;5;0;GrrG;22841.00
J36;5;0;GrrG;22841.25
J36;5;0;GrrG;22841.50
J36;5;0;GrrG;22841.75
J36;5;0;GrrG;22842.00
J36;5;0;GrrG;22842.25
J36;5;0;GrrG;22842.50
J36;5;0;GrrG;22842.75
J36;5;0;GrrG;22843.00
J36;5;0;GrrG;22843.25
J36;5;0;GrrG;22843.50
J36;5;0;GrrG;22843.75
J36;5;0;GrrG;22844.00
J36;5;0;GrrG;22844.25
J36;5;0;GrrG;22844.50
J36;5;0;GrrG;22844.75
J36;5;0;GrrG;22845.00
J36;5;0;GrrG;22845.25
J36;5;0;GrrG;22845.50
J36;5;0;GrrG;22845.75
J36;5;0;GrrG;22846.00
J36;5;0;GrrG;22846.25
J36;5;0;GrrG;22846.50
J36;5;0;GrrG;22846.75
J36;5;0;GrrG;22847.00
J36;5;0;GrrG;22847.25
J36;5;0;GrrG;22847.50
J36;5;0;GrrG;22847.75
J36;5;0;GrrG;22848.00
J36;5;0;GrrG;22848.25
J36;5;0;GrrG;22848.50
J36;5;0;GrrG;22848.75
J36;5;0;GrrG;22849.00
J36;5;0;GrrG;22849.25
J36;5;0;GrrG;22849.50
J36;5;0;GrrG;22849.75
J36;5;0;GrrG;22850.00
J36;5;0;GrrG;22850.25
J36;5;0;GrrG;22850.50
J36;5;0;GrrG;22850.75
J36;5;0;GrrG;22851.00
J36;5;0;GrrG;22851.25
J36;5;0;GrrG;22851.50
J36;5;0;GrrG;22851.75
J36;5;0;GrrG;22852.00
J36;5;0;GrrG;22852.25
J36;5;0;GrrG;22852.50
J36;5;0;GrrG;22852.75
J36;5;0;GrrG;22853.00
J36;5;0;GrrG;22853.25
J36;5;0;GrrG;22853.50
J36;5;0;GrrG;22853.75
J36;5;0;GrrG;22854.00
J36;5;0;GrrG;22854.25
J36;5;0;GrrG;22854.50
J36;5;0;GrrG;22854.75
J36;5;0;GrrG;22855.00
J36;6;0;yrry;22855.25
J36;6;0;yrry;22855.50
J36;6;0;yrry;22855.75
J36;6;0;yrry;22856.00
J36;6;0;yrry;22856.25
J36;6;0;yrry;22856.50
J36;6;0;yrry;22856.75
J36;6;0;yrry;22857.00
J36;6;0;yrry;22857.25
J36;6;0;yrry;22857.50
J36;6;0;yrry;22857.75
J36;6;0;yrry;22858.00
J36;7;0;rrrr;22858.25
J36;7;0;rrrr;22858.50
J36;7;0;rrrr;22858.75
J36;7;0;rrrr;22859.00
J36;0;0;ruur;22859.25
J36;0;0;ruur;22859.50
J36;0;0;ruur;22859.75
J36;0;0;ruur;22860.00
J36;1;0;rGGr;22860.25
J36;1;0;rGGr;22860.50
J36;1;0;rGGr;22860.75
J36;1;0;rGGr;22861.00
J36;1;0;rGGr;22861.25
J36;1;0;rGGr;22861.50
J36;1;0;rGGr;22861.75
J36;1;0;rGGr;22862.00
J36;1;0;rGGr;22862.25
J36;1;0;rGGr;22862.50
J36;1;0;rGGr;22862.75
J36;1;0;rGGr;22863.00
J36;1;0;rGGr;22863.25
J36;1;0;rGGr;22863.50
J36;1;0;rGGr;22863.75
J36;1;0;rGGr;22864.00
J36;1;0;rGGr;22864.25
J36;1;0;rGGr;22864.50
J36;1;0;rGGr;22864.75
J36;1;0;rGGr;22865.00
J36;1;0;rGGr;22865.25
J36;1;0;rGGr;22865.50
J36;1;0;rGGr;22865.75
J36;1;0;rGGr;22866.00
J36;1;0;rGGr;22866.25
J36;1;0;rGGr;22866.50
J36;1;0;rGGr;22866.75
J36;1;0;rGGr;22867.00
J36;1;0;rGGr;22867.25
J36;1;0;rGGr;22867.50
J36;1;0;rGGr;22867.75
J36;1;0;rGGr;22868.00
J36;1;0;rGGr;22868.25
J36;1;0;rGGr;22868.50
J36;1;0;rGGr;22868.75
J36;1;0;rGGr;22869.00
J36;1;0;rGGr;22869.25
J36;1;0;rGGr;22869.50
J36;1;0;rGGr;22869.75
J36;1;0;rGGr;22870.00
J36;1;0;rGGr;22870.25
J36;1;0;rGGr;22870.50
J36;1;0;rGGr;22870.75
J36;1;0;rGGr;22871.00
J36;1;0;rGGr;22871.25
J36;1;0;rGGr;22871.50
J36;1;0;rGGr;22871.75
J36;1;0;rGGr;22872.00
J36;1;0;rGGr;22872.25
J36;1;0;rGGr;22872.50
J36;1;0;rGGr;22872.75
J36;1;0;rGGr;22873.00
J36;1;0;rGGr;22873.25
J36;1;0;rGGr;22873.50
J36;1;0;rGGr;22873.75
J36;1;0;rGGr;22874.00
J36;1;0;rGGr;22874.25
J36;1;0;rGGr;22874.50
J36;1;0;rGGr;22874.75
J36;1;0;rGGr;22875.00
J36;1;0;rGGr;22875.25
J36;1;0;rGGr;22875.50
J36;1;0;rGGr;22875.75
J36;1;0;rGGr;22876.00
J36;1;0;rGGr;22876.25
J36;1;0;rGGr;22876.50
J36;1;0;rGGr;22876.75
J36;1;0;rGGr;22877.00
J36;1;0;rGGr;22877.25
J36;1;0;rGGr;22877.50
J36;1;0;rGGr;22877.75
J36;1;0;rGGr;22878.00
J36;1;0;rGGr;22878.25
J36;1;0;rGGr;22878.50
J36;1;0;rGGr;22878.75
J36;1;0;rGGr;22879.00
J36;1;0;rGGr;22879.25
J36;1;0;rGGr;22879.50
J36;1;0;rGGr;22879.75
J36;1;0;rGGr;22880.00
J36;1;0;rGGr;22880.25
J36;1;0;rGGr;22880.50
J36;1;0;rGGr;22880.75
J36;1;0;rGGr;22881.00
J36;1;0;rGGr;22881.25
J36;1;0;rGGr;22881.50
J36;1;0;rGGr;22881.75
J36;1;0;rGGr;22882.00
J36;1;0;rGGr;22882.25
J36;1;0;rGGr;22882.50
J36;1;0;rGGr;22882.75
J36;1;0;rGGr;22883.00
J36;1;0;rGGr;22883.25
J36;1;0;rGGr;22883.50
J36;1;0;rGGr;22883.75
J36;1;0;rGGr;22884.00
J36;1;0;rGGr;22884.25
J36;1;0;rGGr;22884.50
J36;1;0;rGGr;22884.75
J36;1;0;rGGr;22885.00
J36;2;0;ryyr;22885.25
J36;2;0;ryyr;22885.50
J36;2;0;ryyr;22885.75
J36;2;0;ryyr;22886.00
J36;2;0;ryyr;22886.25
J36;2;0;ryyr;22886.50
J36;2;0;ryyr;22886.75
J36;2;0;ryyr;22887.00
J36;2;0;ryyr;22887.25
J36;2;0;ryyr;22887.50
J36;2;0;ryyr;22887.75
J36;2;0;ryyr;22888.00
J36;3;0;rrrr;22888.25
J36;3;0;rrrr;22888.50
J36;3;0;rrrr;22888.75
J36;3;0;rrrr;22889.00
J36;4;0;urru;22889.25
J36;4;0;urru;22889.50
J36;4;0;urru;22889.75
J36;4;0;urru;22890.00
J36;5;0;GrrG;22890.25
J36;5;0;GrrG;22890.50
J36;5;0;GrrG;22890.75
J36;5;0;GrrG;22891.00
J36;5;0;GrrG;22891.25
J36;5;0;GrrG;22891.50
J36;5;0;GrrG;22891.75
J36;5;0;GrrG;22892.00
J36;5;0;GrrG;22892.25
J36;5;0;GrrG;22892.50
J36;5;0;GrrG;22892.75
J36;5;0;GrrG;22893.00
J36;5;0;GrrG;22893.25
J36;5;0;GrrG;22893.50
J36;5;0;GrrG;22893.75
J36;5;0;GrrG;22894.00
J36;5;0;GrrG;22894.25
J36;5;0;GrrG;22894.50
J36;5;0;GrrG;22894.75
J36;5;0;GrrG;22895.00
J36;5;0;GrrG;22895.25
J36;5;0;GrrG;22895.50
J36;5;0;GrrG;22895.75
J36;5;0;GrrG;22896.00
J36;5;0;GrrG;22896.25
J36;5;0;GrrG;22896.50
J36;5;0;GrrG;22896.75
J36;5;0;GrrG;22897.00
J36;5;0;GrrG;22897.25
J36;5;0;GrrG;22897.50
J36;5;0;GrrG;22897.75
J36;5;0;GrrG;22898.00
J36;5;0;GrrG;22898.25
J36;5;0;GrrG;22898.50
J36;5;0;GrrG;22898.75
J36;5;0;GrrG;22899.00
J36;5;0;GrrG;22899.25
J36;5;0;GrrG;22899.50
J36;5;0;GrrG;22899.75
J36;5;0;GrrG;22900.00
J36;5;0;GrrG;22900.25
J36;5;0;GrrG;22900.50
J36;5;0;GrrG;22900.75
J36;5;0;GrrG;22901.00
J36;5;0;GrrG;22901.25
J36;5;0;GrrG;22901.50
J36;5;0;GrrG;22901.75
J36;5;0;GrrG;22902.00
J36;5;0;GrrG;22902.25
J36;5;0;GrrG;22902.50
J36;5;0;GrrG;22902.75
J36;5;0;GrrG;22903.00
J36;5;0;GrrG;22903.25
J36;5;0;GrrG;22903.50
J36;5;0;GrrG;22903.75
J36;5;0;GrrG;22904.00
J36;5;0;GrrG;22904.25
J36;5;0;GrrG;22904.50
J36;5;0;GrrG;22904.75
J36;5;0;GrrG;22905.00
J36;5;0;GrrG;22905.25
J36;5;0;GrrG;22905.50
J36;5;0;GrrG;22905.75
J36;5;0;GrrG;22906.00
J36;5;0;GrrG;22906.25
J36;5;0;GrrG;22906.50
J36;5;0;GrrG;22906.75
J36;5;0;GrrG;22907.00
J36;5;0;GrrG;22907.25
J36;5;0;GrrG;22907.50
J36;5;0;GrrG;22907.75
J36;5;0;GrrG;22908.00
J36;5;0;GrrG;22908.25
J36;5;0;GrrG;22908.50
J36;5;0;GrrG;22908.75
J36;5;0;GrrG;22909.00
J36;5;0;GrrG;22909.25
J36;5;0;GrrG;22909.50
J36;5;0;GrrG;22909.75
J36;5;0;GrrG;22910.00
J36;5;0;GrrG;22910.25
J36;5;0;GrrG;22910.50
J36;5;0;GrrG;22910.75
J36;5;0;GrrG;22911.00
J36;5;0;GrrG;22911.25
J36;5;0;GrrG;22911.50
J36;5;0;GrrG;22911.75
J36;5;0;GrrG;22912.00
J36;5;0;GrrG;22912.25
J36;5;0;GrrG;22912.50
J36;5;0;GrrG;22912.75
J36;5;0;GrrG;22913.00
J36;5;0;GrrG;22913.25
J36;5;0;GrrG;22913.50
J36;5;0;GrrG;22913.75
J36;5;0;GrrG;22914.00
J36;5;0;GrrG;22914.25
J36;5;0;GrrG;22914.50
J36;5;0;GrrG;22914.75
J36;5;0;GrrG;22915.00
J36;6;0;yrry;22915.25
J36;6;0;yrry;22915.50
J36;6;0;yrry;22915.75
J36;6;0;yrry;22916.00
J36;6;0;yrry;22916.25
J36;6;0;yrry;22916.50
J36;6;0;yrry;22916.75
J36;6;0;yrry;22917.00
J36;6;0;yrry;22917.25
J36;6;0;yrry;22917.50
J36;6;0;yrry;22917.75
J36;6;0;yrry;22918.00
J36;7;0;rrrr;22918.25
J36;7;0;rrrr;22918.50
J36;7;0;rrrr;22918.75
J36;7;0;rrrr;22919.00
J36;0;0;ruur;22919.25
J36;0;0;ruur;22919.50
J36;0;0;ruur;22919.75
J36;0;0;ruur;22920.00
J36;1;0;rGGr;22920.25
J36;1;0;rGGr;22920.50
J36;1;0;rGGr;22920.75
J36;1;0;rGGr;22921.00
J36;1;0;rGGr;22921.25
J36;1;0;rGGr;22921.50
J36;1;0;rGGr;22921.75
J36;1;0;rGGr;22922.00
J36;1;0;rGGr;22922.25
J36;1;0;rGGr;22922.50
J36;1;0;rGGr;22922.75
J36;1;0;rGGr;22923.00
J36;1;0;rGGr;22923.25
J36;1;0;rGGr;22923.50
J36;1;0;rGGr;22923.75
J36;1;0;rGGr;22924.00
J36;1;0;rGGr;22924.25
J36;1;0;rGGr;22924.50
J36;1;0;rGGr;22924.75
J36;1;0;rGGr;22925.00
J36;1;0;rGGr;22925.25
J36;1;0;rGGr;22925.50
J36;1;0;rGGr;22925.75
J36;1;0;rGGr;22926.00
J36;1;0;rGGr;22926.25
J36;1;0;rGGr;22926.50
J36;1;0;rGGr;22926.75
J36;1;0;rGGr;22927.00
J36;1;0;rGGr;22927.25
J36;1;0;rGGr;22927.50
J36;1;0;rGGr;22927.75
J36;1;0;rGGr;22928.00
J36;1;0;rGGr;22928.25
J36;1;0;rGGr;22928.50
J36;1;0;rGGr;22928.75
J36;1;0;rGGr;22929.00
J36;1;0;rGGr;22929.25
J36;1;0;rGGr;22929.50
J36;1;0;rGGr;22929.75
J36;1;0;rGGr;22930.00
J36;1;0;rGGr;22930.25
J36;1;0;rGGr;22930.50
J36;1;0;rGGr;22930.75
J36;1;0;rGGr;22931.00
J36;1;0;rGGr;22931.25
J36;1;0;rGGr;22931.50
J36;1;0;rGGr;22931.75
J36;1;0;rGGr;22932.00
J36;1;0;rGGr;22932.25
J36;1;0;rGGr;22932.50
J36;1;0;rGGr;22932.75
J36;1;0;rGGr;22933.00
J36;1;0;rGGr;22933.25
J36;1;0;rGGr;22933.50
J36;1;0;rGGr;22933.75
J36;1;0;rGGr;22934.00
J36;1;0;rGGr;22934.25
J36;1;0;rGGr;22934.50
J36;1;0;rGGr;22934.75
J36;1;0;rGGr;22935.00
J36;1;0;rGGr;22935.25
J36;1;0;rGGr;22935.50
J36;1;0;rGGr;22935.75
J36;1;0;rGGr;22936.00
J36;1;0;rGGr;22936.25
J36;1;0;rGGr;22936.50
J36;1;0;rGGr;22936.75
J36;1;0;rGGr;22937.00
J36;1;0;rGGr;22937.25
J36;1;0;rGGr;22937.50
J36;1;0;rGGr;22937.75
J36;1;0;rGGr;22938.00
J36;1;0;rGGr;22938.25
J36;1;0;rGGr;22938.50
J36;1;0;rGGr;22938.75
J36;1;0;rGGr;22939.00
J36;1;0;rGGr;22939.25
J36;1;0;rGGr;22939.50
J36;1;0;rGGr;22939.75
J36;1;0;rGGr;22940.00
J36;1;0;rGGr;22940.25
J36;1;0;rGGr;22940.50
J36;1;0;rGGr;22940.75
J36;1;0;rGGr;22941.00
J36;1;0;rGGr;22941.25
J36;1;0;rGGr;22941.50
J36;1;0;rGGr;22941.75
J36;1;0;rGGr;22942.00
J36;1;0;rGGr;22942.25
J36;1;0;rGGr;22942.50
J36;1;0;rGGr;22942.75
J36;1;0;rGGr;22943.00
J36;1;0;rGGr;22943.25
J36;1;0;rGGr;22943.50
J36;1;0;rGGr;22943.75
J36;1;0;rGGr;22944.00
J36;1;0;rGGr;22944.25
J36;1;0;rGGr;22944.50
J36;1;0;rGGr;22944.75
J36;1;0;rGGr;22945.00
J36;2;0;ryyr;22945.25
J36;2;0;ryyr;22945.50
J36;2;0;ryyr;22945.75
J36;2;0;ryyr;22946.00
J36;2;0;ryyr;22946.25
J36;2;0;ryyr;22946.50
J36;2;0;ryyr;22946.75
J36;2;0;ryyr;22947.00
J36;2;0;ryyr;22947.25
J36;2;0;ryyr;22947.50
J36;2;0;ryyr;22947.75
J36;2;0;ryyr;22948.00
J36;3;0;rrrr;22948.25
J36;3;0;rrrr;22948.50
J36;3;0;rrrr;22948.75
J36;3;0;rrrr;22949.00
J36;4;0;urru;22949.25
J36;4;0;urru;22949.50
J36;4;0;urru;22949.75
J36;4;0;urru;22950.00
J36;5;0;GrrG;22950.25
J36;5;0;GrrG;22950.50
J36;5;0;GrrG;22950.75
J36;5;0;GrrG;22951.00
J36;5;0;GrrG;22951.25
J36;5;0;GrrG;22951.50
J36;5;0;GrrG;22951.75
J36;5;0;GrrG;22952.00
J36;5;0;GrrG;22952.25
J36;5;0;GrrG;22952.50
J36;5;0;GrrG;22952.75
J36;5;0;GrrG;22953.00
J36;5;0;GrrG;22953.25
J36;5;0;GrrG;22953.50
J36;5;0;GrrG;22953.75
J36;5;0;GrrG;22954.00
J36;5;0;GrrG;22954.25
J36;5;0;GrrG;22954.50
J36;5;0;GrrG;22954.75
J36;5;0;GrrG;22955.00
J36;5;0;GrrG;22955.25
J36;5;0;GrrG;22955.50
J36;5;0;GrrG;22955.75
J36;5;0;GrrG;22956.00
J36;5;0;GrrG;22956.25
J36;5;0;GrrG;22956.50
J36;5;0;GrrG;22956.75
J36;5;0;GrrG;22957.00
J36;5;0;GrrG;22957.25
J36;5;0;GrrG;22957.50
J36;5;0;GrrG;22957.75
J36;5;0;GrrG;22958.00
J36;5;0;GrrG;22958.25
J36;5;0;GrrG;22958.50
J36;5;0;GrrG;22958.75
J36;5;0;GrrG;22959.00
J36;5;0;GrrG;22959.25
J36;5;0;GrrG;22959.50
J36;5;0;GrrG;22959.75
J36;5;0;GrrG;22960.00
J36;5;0;GrrG;22960.25
J36;5;0;GrrG;22960.50
J36;5;0;GrrG;22960.75
J36;5;0;GrrG;22961.00
J36;5;0;GrrG;22961.25
J36;5;0;GrrG;22961.50
J36;5;0;GrrG;22961.75
J36;5;0;GrrG;22962.00
J36;5;0;GrrG;22962.25
J36;5;0;GrrG;22962.50
J36;5;0;GrrG;22962.75
J36;5;0;GrrG;22963.00
J36;5;0;GrrG;22963.25
J36;5;0;GrrG;22963.50
J36;5;0;GrrG;22963.75
J36;5;0;GrrG;22964.00
J36;5;0;GrrG;22964.25
J36;5;0;GrrG;22964.50
J36;5;0;GrrG;22964.75
J36;5;0;GrrG;22965.00
J36;5;0;GrrG;22965.25
J36;5;0;GrrG;22965.50
J36;5;0;GrrG;22965.75
J36;5;0;GrrG;22966.00
J36;5;0;GrrG;22966.25
J36;5;0;GrrG;22966.50
J36;5;0;GrrG;22966.75
J36;5;0;GrrG;22967.00
J36;5;0;GrrG;22967.25
J36;5;0;GrrG;22967.50
J36;5;0;GrrG;22967.75
J36;5;0;GrrG;22968.00
J36;5;0;GrrG;22968.25
J36;5;0;GrrG;22968.50
J36;5;0;GrrG;22968.75
J36;5;0;GrrG;22969.00
J36;5;0;GrrG;22969.25
J36;5;0;GrrG;22969.50
J36;5;0;GrrG;22969.75
J36;5;0;GrrG;22970.00
J36;5;0;GrrG;22970.25
J36;5;0;GrrG;22970.50
J36;5;0;GrrG;22970.75
J36;5;0;GrrG;22971.00
J36;5;0;GrrG;22971.25
J36;5;0;GrrG;22971.50
J36;5;0;GrrG;22971.75
J36;5;0;GrrG;22972.00
J36;5;0;GrrG;22972.25
J36;5;0;GrrG;22972.50
J36;5;0;GrrG;22972.75
J36;5;0;GrrG;22973.00
J36;5;0;GrrG;22973.25
J36;5;0;GrrG;22973.50
J36;5;0;GrrG;22973.75
J36;5;0;GrrG;22974.00
J36;5;0;GrrG;22974.25
J36;5;0;GrrG;22974.50
J36;5;0;GrrG;22974.75
J36;5;0;GrrG;22975.00
J36;6;0;yrry;22975.25
J36;6;0;yrry;22975.50
J36;6;0;yrry;22975.75
J36;6;0;yrry;22976.00
J36;6;0;yrry;22976.25
J36;6;0;yrry;22976.50
J36;6;0;yrry;22976.75
J36;6;0;yrry;22977.00
J36;6;0;yrry;22977.25
J36;6;0;yrry;22977.50
J36;6;0;yrry;22977.75
J36;6;0;yrry;22978.00
J36;7;0;rrrr;22978.25
J36;7;0;rrrr;22978.50
J36;7;0;rrrr;22978.75
J36;7;0;rrrr;22979.00
J36;0;0;ruur;22979.25
J36;0;0;ruur;22979.50
J36;0;0;ruur;22979.75
J36;0;0;ruur;22980.00
J36;1;0;rGGr;22980.25
J36;1;0;rGGr;22980.50
J36;1;0;rGGr;22980.75
J36;1;0;rGGr;22981.00
J36;1;0;rGGr;22981.25
J36;1;0;rGGr;22981.50
J36;1;0;rGGr;22981.75
J36;1;0;rGGr;22982.00
J36;1;0;rGGr;22982.25
J36;1;0;rGGr;22982.50
J36;1;0;rGGr;22982.75
J36;1;0;rGGr;22983.00
J36;1;0;rGGr;22983.25
J36;1;0;rGGr;22983.50
J36;1;0;rGGr;22983.75
J36;1;0;rGGr;22984.00
J36;1;0;rGGr;22984.25
J36;1;0;rGGr;22984.50
J36;1;0;rGGr;22984.75
J36;1;0;rGGr;22985.00
J36;1;0;rGGr;22985.25
J36;1;0;rGGr;22985.50
J36;1;0;rGGr;22985.75
J36;1;0;rGGr;22986.00
J36;1;0;rGGr;22986.25
J36;1;0;rGGr;22986.50
J36;1;0;rGGr;22986.75
J36;1;0;rGGr;22987.00
J36;1;0;rGGr;22987.25
J36;1;0;rGGr;22987.50
J36;1;0;rGGr;22987.75
J36;1;0;rGGr;22988.00
J36;1;0;rGGr;22988.25
J36;1;0;rGGr;22988.50
J36;1;0;rGGr;22988.75
J36;1;0;rGGr;22989.00
J36;1;0;rGGr;22989.25
J36;1;0;rGGr;22989.50
J36;1;0;rGGr;22989.75
J36;1;0;rGGr;22990.00
J36;1;0;rGGr;22990.25
J36;1;0;rGGr;22990.50
J36;1;0;rGGr;22990.75
J36;1;0;rGGr;22991.00
J36;1;0;rGGr;22991.25
J36;1;0;rGGr;22991.50
J36;1;0;rGGr;22991.75
J36;1;0;rGGr;22992.00
J36;1;0;rGGr;22992.25
J36;1;0;rGGr;22992.50
J36;1;0;rGGr;22992.75
J36;1;0;rGGr;22993.00
J36;1;0;rGGr;22993.25
J36;1;0;rGGr;22993.50
J36;1;0;rGGr;22993.75
J36;0;online;yyyyyyyyyyyyyyyyyyyyyyyyyyyyyyyyyyyyyyyyyyyyyyyyyyyyyyyyy;22994.00
J36;0;online;yyyyyyyyyyyyyyyyyyyyyyyyyyyyyyyyyyyyyyyyyyyyyyyyyyyyyyyyy;22994.25
J36;0;online;yyyyyyyyyyyyyyyyyyyyyyyyyyyyyyyyyyyyyyyyyyyyyyyyyyyyyyyyy;22994.50
J36;0;online;yyyyyyyyyyyyyyyyyyyyyyyyyyyyyyyyyyyyyyyyyyyyyyyyyyyyyyyyy;22994.75
J36;0;online;yyyyyyyyyyyyyyyyyyyyyyyyyyyyyyyyyyyyyyyyyyyyyyyyyyyyyyyyy;22995.00
J36;0;online;yyyyyyyyyyyyyyyyyyyyyyyyyyyyyyyyyyyyyyyyyyyyyyyyyyyyyyyyy;22995.25
J36;0;online;yyyyyyyyyyyyyyyyyyyyyyyyyyyyyyyyyyyyyyyyyyyyyyyyyyyyyyyyy;22995.50
J36;0;online;yyyyyyyyyyyyyyyyyyyyyyyyyyyyyyyyyyyyyyyyyyyyyyyyyyyyyyyyy;22995.75
J36;0;online;yyyyyyyyyyyyyyyyyyyyyyyyyyyyyyyyyyyyyyyyyyyyyyyyyyyyyyyyy;22996.00
J36;0;online;yyyyyyyyyyyyyyyyyyyyyyyyyyyyyyyyyyyyyyyyyyyyyyyyyyyyyyyyy;22996.25
J36;0;online;yyyyyyyyyyyyyyyyyyyyyyyyyyyyyyyyyyyyyyyyyyyyyyyyyyyyyyyyy;22996.50
J36;0;online;yyyyyyyyyyyyyyyyyyyyyyyyyyyyyyyyyyyyyyyyyyyyyyyyyyyyyyyyy;22996.75
J36;4;0;urru;22997.00
J36;4;0;urru;22997.25
J36;4;0;urru;22997.50
J36;4;0;urru;22997.75
J36;5;0;GrrG;22998.00
J36;5;0;GrrG;22998.25
J36;5;0;GrrG;22998.50
J36;5;0;GrrG;22998.75
J36;5;0;GrrG;22999.00
J36;5;0;GrrG;22999.25
J36;5;0;GrrG;22999.50
J36;5;0;GrrG;22999.75
J36;5;0;GrrG;23000.00
J36;5;0;GrrG;23000.25
J36;5;0;GrrG;23000.50
J36;5;0;GrrG;23000.75
J36;5;0;GrrG;23001.00
J36;5;0;GrrG;23001.25
J36;5;0;GrrG;23001.50
J36;5;0;GrrG;23001.75
J36;5;0;GrrG;23002.00
J36;5;0;GrrG;23002.25
J36;5;0;GrrG;23002.50
J36;5;0;GrrG;23002.75
J36;5;0;GrrG;23003.00
J36;5;0;GrrG;23003.25
J36;5;0;GrrG;23003.50
J36;5;0;GrrG;23003.75
J36;5;0;GrrG;23004.00
J36;5;0;GrrG;23004.25
J36;5;0;GrrG;23004.50
J36;5;0;GrrG;23004.75
J36;5;0;GrrG;23005.00
J36;5;0;GrrG;23005.25
J36;5;0;GrrG;23005.50
J36;5;0;GrrG;23005.75
J36;5;0;GrrG;23006.00
J36;5;0;GrrG;23006.25
J36;5;0;GrrG;23006.50
J36;5;0;GrrG;23006.75
J36;5;0;GrrG;23007.00
J36;5;0;GrrG;23007.25
J36;5;0;GrrG;23007.50
J36;5;0;GrrG;23007.75
J36;5;0;GrrG;23008.00
J36;5;0;GrrG;23008.25
J36;5;0;GrrG;23008.50
J36;5;0;GrrG;23008.75
J36;5;0;GrrG;23009.00
J36;5;0;GrrG;23009.25
J36;5;0;GrrG;23009.50
J36;5;0;GrrG;23009.75
J36;5;0;GrrG;23010.00
J36;5;0;GrrG;23010.25
J36;5;0;GrrG;23010.50
J36;5;0;GrrG;23010.75
J36;5;0;GrrG;23011.00
J36;5;0;GrrG;23011.25
J36;5;0;GrrG;23011.50
J36;5;0;GrrG;23011.75
J36;5;0;GrrG;23012.00
J36;5;0;GrrG;23012.25
J36;5;0;GrrG;23012.50
J36;5;0;GrrG;23012.75
J36;5;0;GrrG;23013.00
J36;5;0;GrrG;23013.25
J36;5;0;GrrG;23013.50
J36;5;0;GrrG;23013.75
J36;5;0;GrrG;23014.00
J36;5;0;GrrG;23014.25
J36;5;0;GrrG;23014.50
J36;5;0;GrrG;23014.75
J36;5;0;GrrG;23015.00
J36;5;0;GrrG;23015.25
J36;5;0;GrrG;23015.50
J36;5;0;GrrG;23015.75
J36;5;0;GrrG;23016.00
J36;5;0;GrrG;23016.25
J36;5;0;GrrG;23016.50
J36;5;0;GrrG;23016.75
J36;5;0;GrrG;23017.00
J36;5;0;GrrG;23017.25
J36;5;0;GrrG;23017.50
J36;5;0;GrrG;23017.75
J36;5;0;GrrG;23018.00
J36;5;0;GrrG;23018.25
J36;5;0;GrrG;23018.50
J36;5;0;GrrG;23018.75
J36;5;0;GrrG;23019.00
J36;5;0;GrrG;23019.25
J36;5;0;GrrG;23019.50
J36;5;0;GrrG;23019.75
J36;5;0;GrrG;23020.00
J36;5;0;GrrG;23020.25
J36;5;0;GrrG;23020.50
J36;5;0;GrrG;23020.75
J36;5;0;GrrG;23021.00
J36;5;0;GrrG;23021.25
J36;5;0;GrrG;23021.50
J36;5;0;GrrG;23021.75
J36;5;0;GrrG;23022.00
J36;5;0;GrrG;23022.25
J36;5;0;GrrG;23022.50
J36;5;0;GrrG;23022.75
J36;6;0;yrry;23023.00
J36;6;0;yrry;23023.25
J36;6;0;yrry;23023.50
J36;6;0;yrry;23023.75
J36;6;0;yrry;23024.00
J36;6;0;yrry;23024.25
J36;6;0;yrry;23024.50
J36;6;0;yrry;23024.75
J36;6;0;yrry;23025.00
J36;6;0;yrry;23025.25
J36;6;0;yrry;23025.50
J36;6;0;yrry;23025.75
J36;7;0;rrrr;23026.00
J36;7;0;rrrr;23026.25
J36;7;0;rrrr;23026.50
J36;7;0;rrrr;23026.75
J36;0;0;ruur;23027.00
J36;0;0;ruur;23027.25
J36;0;0;ruur;23027.50
J36;0;0;ruur;23027.75
J36;1;0;rGGr;23028.00
J36;1;0;rGGr;23028.25
J36;1;0;rGGr;23028.50
J36;1;0;rGGr;23028.75
J36;1;0;rGGr;23029.00
J36;1;0;rGGr;23029.25
J36;1;0;rGGr;23029.50
J36;1;0;rGGr;23029.75
J36;1;0;rGGr;23030.00
J36;1;0;rGGr;23030.25
J36;1;0;rGGr;23030.50
J36;1;0;rGGr;23030.75
J36;1;0;rGGr;23031.00
J36;1;0;rGGr;23031.25
J36;1;0;rGGr;23031.50
J36;1;0;rGGr;23031.75
J36;1;0;rGGr;23032.00
J36;1;0;rGGr;23032.25
J36;1;0;rGGr;23032.50
J36;1;0;rGGr;23032.75
J36;1;0;rGGr;23033.00
J36;1;0;rGGr;23033.25
J36;1;0;rGGr;23033.50
J36;1;0;rGGr;23033.75
J36;1;0;rGGr;23034.00
J36;1;0;rGGr;23034.25
J36;1;0;rGGr;23034.50
J36;1;0;rGGr;23034.75
J36;1;0;rGGr;23035.00
J36;1;0;rGGr;23035.25
J36;1;0;rGGr;23035.50
J36;1;0;rGGr;23035.75
J36;1;0;rGGr;23036.00
J36;1;0;rGGr;23036.25
J36;1;0;rGGr;23036.50
J36;1;0;rGGr;23036.75
J36;1;0;rGGr;23037.00
J36;1;0;rGGr;23037.25
J36;1;0;rGGr;23037.50
J36;1;0;rGGr;23037.75
J36;1;0;rGGr;23038.00
J36;1;0;rGGr;23038.25
J36;1;0;rGGr;23038.50
J36;1;0;rGGr;23038.75
J36;1;0;rGGr;23039.00
J36;1;0;rGGr;23039.25
J36;1;0;rGGr;23039.50
J36;1;0;rGGr;23039.75
J36;1;0;rGGr;23040.00
J36;1;0;rGGr;23040.25
J36;1;0;rGGr;23040.50
J36;1;0;rGGr;23040.75
J36;1;0;rGGr;23041.00
J36;1;0;rGGr;23041.25
J36;1;0;rGGr;23041.50
J36;1;0;rGGr;23041.75
J36;1;0;rGGr;23042.00
J36;1;0;rGGr;23042.25
J36;1;0;rGGr;23042.50
J36;1;0;rGGr;23042.75
J36;1;0;rGGr;23043.00
J36;1;0;rGGr;23043.25
J36;1;0;rGGr;23043.50
J36;1;0;rGGr;23043.75
J36;1;0;rGGr;23044.00
J36;1;0;rGGr;23044.25
J36;1;0;rGGr;23044.50
J36;1;0;rGGr;23044.75
J36;1;0;rGGr;23045.00
J36;1;0;rGGr;23045.25
J36;1;0;rGGr;23045.50
J36;1;0;rGGr;23045.75
J36;1;0;rGGr;23046.00
J36;1;0;rGGr;23046.25
J36;1;0;rGGr;23046.50
J36;1;0;rGGr;23046.75
J36;1;0;rGGr;23047.00
J36;1;0;rGGr;23047.25
J36;1;0;rGGr;23047.50
J36;1;0;rGGr;23047.75
J36;1;0;rGGr;23048.00
J36;1;0;rGGr;23048.25
J36;1;0;rGGr;23048.50
J36;1;0;rGGr;23048.75
J36;1;0;rGGr;23049.00
J36;1;0;rGGr;23049.25
J36;1;0;rGGr;23049.50
J36;1;0;rGGr;23049.75
J36;1;0;rGGr;23050.00
J36;1;0;rGGr;23050.25
J36;1;0;rGGr;23050.50
J36;1;0;rGGr;23050.75
J36;1;0;rGGr;23051.00
J36;1;0;rGGr;23051.25
J36;0;online;yyyyyyyyyyyyyyyyyyyyyyyyyyyyyyyyyyyyyyyyyyyyyyyyyyyyyyyyy;23051.50
J36;0;online;yyyyyyyyyyyyyyyyyyyyyyyyyyyyyyyyyyyyyyyyyyyyyyyyyyyyyyyyy;23051.75
J36;0;online;yyyyyyyyyyyyyyyyyyyyyyyyyyyyyyyyyyyyyyyyyyyyyyyyyyyyyyyyy;23052.00
J36;0;online;yyyyyyyyyyyyyyyyyyyyyyyyyyyyyyyyyyyyyyyyyyyyyyyyyyyyyyyyy;23052.25
J36;0;online;yyyyyyyyyyyyyyyyyyyyyyyyyyyyyyyyyyyyyyyyyyyyyyyyyyyyyyyyy;23052.50
J36;0;online;yyyyyyyyyyyyyyyyyyyyyyyyyyyyyyyyyyyyyyyyyyyyyyyyyyyyyyyyy;23052.75
J36;0;online;yyyyyyyyyyyyyyyyyyyyyyyyyyyyyyyyyyyyyyyyyyyyyyyyyyyyyyyyy;23053.00
J36;0;online;yyyyyyyyyyyyyyyyyyyyyyyyyyyyyyyyyyyyyyyyyyyyyyyyyyyyyyyyy;23053.25
J36;0;online;yyyyyyyyyyyyyyyyyyyyyyyyyyyyyyyyyyyyyyyyyyyyyyyyyyyyyyyyy;23053.50
J36;0;online;yyyyyyyyyyyyyyyyyyyyyyyyyyyyyyyyyyyyyyyyyyyyyyyyyyyyyyyyy;23053.75
J36;0;online;yyyyyyyyyyyyyyyyyyyyyyyyyyyyyyyyyyyyyyyyyyyyyyyyyyyyyyyyy;23054.00
J36;0;online;yyyyyyyyyyyyyyyyyyyyyyyyyyyyyyyyyyyyyyyyyyyyyyyyyyyyyyyyy;23054.25
J36;4;0;urru;23054.50
J36;4;0;urru;23054.75
J36;4;0;urru;23055.00
J36;4;0;urru;23055.25
J36;5;0;GrrG;23055.50
J36;5;0;GrrG;23055.75
J36;5;0;GrrG;23056.00
J36;5;0;GrrG;23056.25
J36;5;0;GrrG;23056.50
J36;5;0;GrrG;23056.75
J36;5;0;GrrG;23057.00
J36;5;0;GrrG;23057.25
J36;5;0;GrrG;23057.50
J36;5;0;GrrG;23057.75
J36;5;0;GrrG;23058.00
J36;5;0;GrrG;23058.25
J36;5;0;GrrG;23058.50
J36;5;0;GrrG;23058.75
J36;5;0;GrrG;23059.00
J36;5;0;GrrG;23059.25
J36;5;0;GrrG;23059.50
J36;5;0;GrrG;23059.75
J36;5;0;GrrG;23060.00
J36;5;0;GrrG;23060.25
J36;5;0;GrrG;23060.50
J36;5;0;GrrG;23060.75
J36;5;0;GrrG;23061.00
J36;5;0;GrrG;23061.25
J36;5;0;GrrG;23061.50
J36;5;0;GrrG;23061.75
J36;5;0;GrrG;23062.00
J36;5;0;GrrG;23062.25
J36;5;0;GrrG;23062.50
J36;5;0;GrrG;23062.75
J36;5;0;GrrG;23063.00
J36;5;0;GrrG;23063.25
J36;5;0;GrrG;23063.50
J36;5;0;GrrG;23063.75
J36;5;0;GrrG;23064.00
J36;5;0;GrrG;23064.25
J36;5;0;GrrG;23064.50
J36;5;0;GrrG;23064.75
J36;5;0;GrrG;23065.00
J36;5;0;GrrG;23065.25
J36;5;0;GrrG;23065.50
J36;5;0;GrrG;23065.75
J36;5;0;GrrG;23066.00
J36;5;0;GrrG;23066.25
J36;5;0;GrrG;23066.50
J36;5;0;GrrG;23066.75
J36;5;0;GrrG;23067.00
J36;5;0;GrrG;23067.25
J36;5;0;GrrG;23067.50
J36;5;0;GrrG;23067.75
J36;5;0;GrrG;23068.00
J36;5;0;GrrG;23068.25
J36;5;0;GrrG;23068.50
J36;5;0;GrrG;23068.75
J36;5;0;GrrG;23069.00
J36;5;0;GrrG;23069.25
J36;5;0;GrrG;23069.50
J36;5;0;GrrG;23069.75
J36;5;0;GrrG;23070.00
J36;5;0;GrrG;23070.25
J36;5;0;GrrG;23070.50
J36;5;0;GrrG;23070.75
J36;5;0;GrrG;23071.00
J36;5;0;GrrG;23071.25
J36;5;0;GrrG;23071.50
J36;5;0;GrrG;23071.75
J36;5;0;GrrG;23072.00
J36;5;0;GrrG;23072.25
J36;5;0;GrrG;23072.50
J36;5;0;GrrG;23072.75
J36;5;0;GrrG;23073.00
J36;5;0;GrrG;23073.25
J36;5;0;GrrG;23073.50
J36;5;0;GrrG;23073.75
J36;5;0;GrrG;23074.00
J36;5;0;GrrG;23074.25
J36;5;0;GrrG;23074.50
J36;5;0;GrrG;23074.75
J36;5;0;GrrG;23075.00
J36;5;0;GrrG;23075.25
J36;5;0;GrrG;23075.50
J36;5;0;GrrG;23075.75
J36;5;0;GrrG;23076.00
J36;5;0;GrrG;23076.25
J36;5;0;GrrG;23076.50
J36;5;0;GrrG;23076.75
J36;5;0;GrrG;23077.00
J36;5;0;GrrG;23077.25
J36;5;0;GrrG;23077.50
J36;5;0;GrrG;23077.75
J36;5;0;GrrG;23078.00
J36;5;0;GrrG;23078.25
J36;5;0;GrrG;23078.50
J36;5;0;GrrG;23078.75
J36;5;0;GrrG;23079.00
J36;5;0;GrrG;23079.25
J36;5;0;GrrG;23079.50
J36;5;0;GrrG;23079.75
J36;5;0;GrrG;23080.00
J36;5;0;GrrG;23080.25
J36;6;0;yrry;23080.50
J36;6;0;yrry;23080.75
J36;6;0;yrry;23081.00
J36;6;0;yrry;23081.25
J36;6;0;yrry;23081.50
J36;6;0;yrry;23081.75
J36;6;0;yrry;23082.00
J36;6;0;yrry;23082.25
J36;6;0;yrry;23082.50
J36;6;0;yrry;23082.75
J36;6;0;yrry;23083.00
J36;6;0;yrry;23083.25
J36;7;0;rrrr;23083.50
J36;7;0;rrrr;23083.75
J36;7;0;rrrr;23084.00
J36;7;0;rrrr;23084.25
J36;0;0;ruur;23084.50
J36;0;0;ruur;23084.75
J36;0;0;ruur;23085.00
J36;0;0;ruur;23085.25
J36;1;0;rGGr;23085.50
J36;1;0;rGGr;23085.75
J36;1;0;rGGr;23086.00
J36;1;0;rGGr;23086.25
J36;1;0;rGGr;23086.50
J36;1;0;rGGr;23086.75
J36;1;0;rGGr;23087.00
J36;1;0;rGGr;23087.25
J36;1;0;rGGr;23087.50
J36;1;0;rGGr;23087.75
J36;1;0;rGGr;23088.00
J36;1;0;rGGr;23088.25
J36;1;0;rGGr;23088.50
J36;1;0;rGGr;23088.75
J36;1;0;rGGr;23089.00
J36;1;0;rGGr;23089.25
J36;1;0;rGGr;23089.50
J36;1;0;rGGr;23089.75
J36;1;0;rGGr;23090.00
J36;1;0;rGGr;23090.25
J36;1;0;rGGr;23090.50
J36;1;0;rGGr;23090.75
J36;1;0;rGGr;23091.00
J36;1;0;rGGr;23091.25
J36;1;0;rGGr;23091.50
J36;1;0;rGGr;23091.75
J36;1;0;rGGr;23092.00
J36;1;0;rGGr;23092.25
J36;1;0;rGGr;23092.50
J36;1;0;rGGr;23092.75
J36;1;0;rGGr;23093.00
J36;1;0;rGGr;23093.25
J36;1;0;rGGr;23093.50
J36;1;0;rGGr;23093.75
J36;1;0;rGGr;23094.00
J36;1;0;rGGr;23094.25
J36;1;0;rGGr;23094.50
J36;1;0;rGGr;23094.75
J36;1;0;rGGr;23095.00
J36;1;0;rGGr;23095.25
J36;1;0;rGGr;23095.50
J36;1;0;rGGr;23095.75
J36;1;0;rGGr;23096.00
J36;1;0;rGGr;23096.25
J36;1;0;rGGr;23096.50
J36;1;0;rGGr;23096.75
J36;1;0;rGGr;23097.00
J36;1;0;rGGr;23097.25
J36;1;0;rGGr;23097.50
J36;1;0;rGGr;23097.75
J36;1;0;rGGr;23098.00
J36;1;0;rGGr;23098.25
J36;1;0;rGGr;23098.50
J36;1;0;rGGr;23098.75
J36;1;0;rGGr;23099.00
J36;1;0;rGGr;23099.25
J36;1;0;rGGr;23099.50
J36;1;0;rGGr;23099.75
J36;1;0;rGGr;23100.00
J36;1;0;rGGr;23100.25
J36;1;0;rGGr;23100.50
J36;1;0;rGGr;23100.75
J36;1;0;rGGr;23101.00
J36;1;0;rGGr;23101.25
J36;1;0;rGGr;23101.50
J36;1;0;rGGr;23101.75
J36;1;0;rGGr;23102.00
J36;1;0;rGGr;23102.25
J36;1;0;rGGr;23102.50
J36;1;0;rGGr;23102.75
J36;1;0;rGGr;23103.00
J36;1;0;rGGr;23103.25
J36;1;0;rGGr;23103.50
J36;1;0;rGGr;23103.75
J36;1;0;rGGr;23104.00
J36;1;0;rGGr;23104.25
J36;1;0;rGGr;23104.50
J36;1;0;rGGr;23104.75
J36;1;0;rGGr;23105.00
J36;1;0;rGGr;23105.25
J36;1;0;rGGr;23105.50
J36;1;0;rGGr;23105.75
J36;1;0;rGGr;23106.00
J36;1;0;rGGr;23106.25
J36;1;0;rGGr;23106.50
J36;1;0;rGGr;23106.75
J36;1;0;rGGr;23107.00
J36;1;0;rGGr;23107.25
J36;1;0;rGGr;23107.50
J36;1;0;rGGr;23107.75
J36;1;0;rGGr;23108.00
J36;1;0;rGGr;23108.25
J36;1;0;rGGr;23108.50
J36;1;0;rGGr;23108.75
J36;1;0;rGGr;23109.00
J36;1;0;rGGr;23109.25
J36;1;0;rGGr;23109.50
J36;1;0;rGGr;23109.75
J36;1;0;rGGr;23110.00
J36;1;0;rGGr;23110.25
J36;1;0;rGGr;23110.50
J36;1;0;rGGr;23110.75
J36;1;0;rGGr;23111.00
J36;1;0;rGGr;23111.25
J36;1;0;rGGr;23111.50
J36;1;0;rGGr;23111.75
J36;1;0;rGGr;23112.00
J36;1;0;rGGr;23112.25
J36;1;0;rGGr;23112.50
J36;1;0;rGGr;23112.75
J36;1;0;rGGr;23113.00
J36;1;0;rGGr;23113.25
J36;1;0;rGGr;23113.50
J36;1;0;rGGr;23113.75
J36;1;0;rGGr;23114.00
J36;1;0;rGGr;23114.25
J36;1;0;rGGr;23114.50
J36;1;0;rGGr;23114.75
J36;1;0;rGGr;23115.00
J36;1;0;rGGr;23115.25
J36;1;0;rGGr;23115.50
J36;1;0;rGGr;23115.75
J36;1;0;rGGr;23116.00
J36;1;0;rGGr;23116.25
J36;1;0;rGGr;23116.50
J36;1;0;rGGr;23116.75
J36;1;0;rGGr;23117.00
J36;1;0;rGGr;23117.25
J36;1;0;rGGr;23117.50
J36;1;0;rGGr;23117.75
J36;1;0;rGGr;23118.00
J36;1;0;rGGr;23118.25
J36;1;0;rGGr;23118.50
J36;1;0;rGGr;23118.75
J36;1;0;rGGr;23119.00
J36;1;0;rGGr;23119.25
J36;1;0;rGGr;23119.50
J36;1;0;rGGr;23119.75
J36;1;0;rGGr;23120.00
J36;1;0;rGGr;23120.25
J36;0;online;yyyyyyyyyyyyyyyyyyyyyyyyyyyyyyyyyyyyyyyyyyyyyyyyyyyyyyyyy;23120.50
J36;0;online;yyyyyyyyyyyyyyyyyyyyyyyyyyyyyyyyyyyyyyyyyyyyyyyyyyyyyyyyy;23120.75
J36;0;online;yyyyyyyyyyyyyyyyyyyyyyyyyyyyyyyyyyyyyyyyyyyyyyyyyyyyyyyyy;23121.00
J36;0;online;yyyyyyyyyyyyyyyyyyyyyyyyyyyyyyyyyyyyyyyyyyyyyyyyyyyyyyyyy;23121.25
J36;0;online;yyyyyyyyyyyyyyyyyyyyyyyyyyyyyyyyyyyyyyyyyyyyyyyyyyyyyyyyy;23121.50
J36;0;online;yyyyyyyyyyyyyyyyyyyyyyyyyyyyyyyyyyyyyyyyyyyyyyyyyyyyyyyyy;23121.75
J36;0;online;yyyyyyyyyyyyyyyyyyyyyyyyyyyyyyyyyyyyyyyyyyyyyyyyyyyyyyyyy;23122.00
J36;0;online;yyyyyyyyyyyyyyyyyyyyyyyyyyyyyyyyyyyyyyyyyyyyyyyyyyyyyyyyy;23122.25
J36;0;online;yyyyyyyyyyyyyyyyyyyyyyyyyyyyyyyyyyyyyyyyyyyyyyyyyyyyyyyyy;23122.50
J36;0;online;yyyyyyyyyyyyyyyyyyyyyyyyyyyyyyyyyyyyyyyyyyyyyyyyyyyyyyyyy;23122.75
J36;0;online;yyyyyyyyyyyyyyyyyyyyyyyyyyyyyyyyyyyyyyyyyyyyyyyyyyyyyyyyy;23123.00
J36;0;online;yyyyyyyyyyyyyyyyyyyyyyyyyyyyyyyyyyyyyyyyyyyyyyyyyyyyyyyyy;23123.25
J36;4;0;urru;23123.50
J36;4;0;urru;23123.75
J36;4;0;urru;23124.00
J36;4;0;urru;23124.25
J36;5;0;GrrG;23124.50
J36;5;0;GrrG;23124.75
J36;5;0;GrrG;23125.00
J36;5;0;GrrG;23125.25
J36;5;0;GrrG;23125.50
J36;5;0;GrrG;23125.75
J36;5;0;GrrG;23126.00
J36;5;0;GrrG;23126.25
J36;5;0;GrrG;23126.50
J36;5;0;GrrG;23126.75
J36;5;0;GrrG;23127.00
J36;5;0;GrrG;23127.25
J36;5;0;GrrG;23127.50
J36;5;0;GrrG;23127.75
J36;5;0;GrrG;23128.00
J36;5;0;GrrG;23128.25
J36;5;0;GrrG;23128.50
J36;5;0;GrrG;23128.75
J36;5;0;GrrG;23129.00
J36;5;0;GrrG;23129.25
J36;5;0;GrrG;23129.50
J36;5;0;GrrG;23129.75
J36;5;0;GrrG;23130.00
J36;5;0;GrrG;23130.25
J36;5;0;GrrG;23130.50
J36;5;0;GrrG;23130.75
J36;5;0;GrrG;23131.00
J36;5;0;GrrG;23131.25
J36;5;0;GrrG;23131.50
J36;5;0;GrrG;23131.75
J36;5;0;GrrG;23132.00
J36;5;0;GrrG;23132.25
J36;5;0;GrrG;23132.50
J36;5;0;GrrG;23132.75
J36;5;0;GrrG;23133.00
J36;5;0;GrrG;23133.25
J36;5;0;GrrG;23133.50
J36;5;0;GrrG;23133.75
J36;5;0;GrrG;23134.00
J36;5;0;GrrG;23134.25
J36;5;0;GrrG;23134.50
J36;5;0;GrrG;23134.75
J36;5;0;GrrG;23135.00
J36;5;0;GrrG;23135.25
J36;5;0;GrrG;23135.50
J36;5;0;GrrG;23135.75
J36;5;0;GrrG;23136.00
J36;5;0;GrrG;23136.25
J36;5;0;GrrG;23136.50
J36;5;0;GrrG;23136.75
J36;5;0;GrrG;23137.00
J36;5;0;GrrG;23137.25
J36;5;0;GrrG;23137.50
J36;5;0;GrrG;23137.75
J36;5;0;GrrG;23138.00
J36;5;0;GrrG;23138.25
J36;5;0;GrrG;23138.50
J36;5;0;GrrG;23138.75
J36;5;0;GrrG;23139.00
J36;5;0;GrrG;23139.25
J36;5;0;GrrG;23139.50
J36;5;0;GrrG;23139.75
J36;5;0;GrrG;23140.00
J36;5;0;GrrG;23140.25
J36;5;0;GrrG;23140.50
J36;5;0;GrrG;23140.75
J36;5;0;GrrG;23141.00
J36;5;0;GrrG;23141.25
J36;5;0;GrrG;23141.50
J36;5;0;GrrG;23141.75
J36;5;0;GrrG;23142.00
J36;5;0;GrrG;23142.25
J36;5;0;GrrG;23142.50
J36;5;0;GrrG;23142.75
J36;5;0;GrrG;23143.00
J36;5;0;GrrG;23143.25
J36;5;0;GrrG;23143.50
J36;5;0;GrrG;23143.75
J36;5;0;GrrG;23144.00
J36;5;0;GrrG;23144.25
J36;5;0;GrrG;23144.50
J36;5;0;GrrG;23144.75
J36;5;0;GrrG;23145.00
J36;5;0;GrrG;23145.25
J36;5;0;GrrG;23145.50
J36;5;0;GrrG;23145.75
J36;5;0;GrrG;23146.00
J36;5;0;GrrG;23146.25
J36;5;0;GrrG;23146.50
J36;5;0;GrrG;23146.75
J36;5;0;GrrG;23147.00
J36;5;0;GrrG;23147.25
J36;5;0;GrrG;23147.50
J36;5;0;GrrG;23147.75
J36;5;0;GrrG;23148.00
J36;5;0;GrrG;23148.25
J36;5;0;GrrG;23148.50
J36;5;0;GrrG;23148.75
J36;5;0;GrrG;23149.00
J36;5;0;GrrG;23149.25
J36;6;0;yrry;23149.50
J36;6;0;yrry;23149.75
J36;6;0;yrry;23150.00
J36;6;0;yrry;23150.25
J36;6;0;yrry;23150.50
J36;6;0;yrry;23150.75
J36;6;0;yrry;23151.00
J36;6;0;yrry;23151.25
J36;6;0;yrry;23151.50
J36;6;0;yrry;23151.75
J36;6;0;yrry;23152.00
J36;6;0;yrry;23152.25
J36;7;0;rrrr;23152.50
J36;7;0;rrrr;23152.75
J36;7;0;rrrr;23153.00
J36;7;0;rrrr;23153.25
J36;0;0;ruur;23153.50
J36;0;0;ruur;23153.75
J36;0;0;ruur;23154.00
J36;0;0;ruur;23154.25
J36;1;0;rGGr;23154.50
J36;1;0;rGGr;23154.75
J36;1;0;rGGr;23155.00
J36;1;0;rGGr;23155.25
J36;1;0;rGGr;23155.50
J36;1;0;rGGr;23155.75
J36;1;0;rGGr;23156.00
J36;1;0;rGGr;23156.25
J36;1;0;rGGr;23156.50
J36;1;0;rGGr;23156.75
J36;1;0;rGGr;23157.00
J36;1;0;rGGr;23157.25
J36;1;0;rGGr;23157.50
J36;1;0;rGGr;23157.75
J36;1;0;rGGr;23158.00
J36;1;0;rGGr;23158.25
J36;1;0;rGGr;23158.50
J36;1;0;rGGr;23158.75
J36;1;0;rGGr;23159.00
J36;1;0;rGGr;23159.25
J36;1;0;rGGr;23159.50
J36;1;0;rGGr;23159.75
J36;1;0;rGGr;23160.00
J36;1;0;rGGr;23160.25
J36;1;0;rGGr;23160.50
J36;1;0;rGGr;23160.75
J36;1;0;rGGr;23161.00
J36;1;0;rGGr;23161.25
J36;1;0;rGGr;23161.50
J36;1;0;rGGr;23161.75
J36;1;0;rGGr;23162.00
J36;1;0;rGGr;23162.25
J36;1;0;rGGr;23162.50
J36;1;0;rGGr;23162.75
J36;1;0;rGGr;23163.00
J36;1;0;rGGr;23163.25
J36;1;0;rGGr;23163.50
J36;1;0;rGGr;23163.75
J36;1;0;rGGr;23164.00
J36;1;0;rGGr;23164.25
J36;1;0;rGGr;23164.50
J36;1;0;rGGr;23164.75
J36;1;0;rGGr;23165.00
J36;1;0;rGGr;23165.25
J36;1;0;rGGr;23165.50
J36;1;0;rGGr;23165.75
J36;1;0;rGGr;23166.00
J36;1;0;rGGr;23166.25
J36;1;0;rGGr;23166.50
J36;1;0;rGGr;23166.75
J36;1;0;rGGr;23167.00
J36;1;0;rGGr;23167.25
J36;1;0;rGGr;23167.50
J36;1;0;rGGr;23167.75
J36;1;0;rGGr;23168.00
J36;1;0;rGGr;23168.25
J36;1;0;rGGr;23168.50
J36;1;0;rGGr;23168.75
J36;1;0;rGGr;23169.00
J36;1;0;rGGr;23169.25
J36;1;0;rGGr;23169.50
J36;1;0;rGGr;23169.75
J36;1;0;rGGr;23170.00
J36;1;0;rGGr;23170.25
J36;1;0;rGGr;23170.50
J36;1;0;rGGr;23170.75
J36;1;0;rGGr;23171.00
J36;1;0;rGGr;23171.25
J36;1;0;rGGr;23171.50
J36;1;0;rGGr;23171.75
J36;1;0;rGGr;23172.00
J36;1;0;rGGr;23172.25
J36;1;0;rGGr;23172.50
J36;1;0;rGGr;23172.75
J36;1;0;rGGr;23173.00
J36;1;0;rGGr;23173.25
J36;1;0;rGGr;23173.50
J36;1;0;rGGr;23173.75
J36;1;0;rGGr;23174.00
J36;1;0;rGGr;23174.25
J36;1;0;rGGr;23174.50
J36;1;0;rGGr;23174.75
J36;1;0;rGGr;23175.00
J36;1;0;rGGr;23175.25
J36;1;0;rGGr;23175.50
J36;1;0;rGGr;23175.75
J36;1;0;rGGr;23176.00
J36;1;0;rGGr;23176.25
J36;1;0;rGGr;23176.50
J36;1;0;rGGr;23176.75
J36;1;0;rGGr;23177.00
J36;1;0;rGGr;23177.25
J36;1;0;rGGr;23177.50
J36;1;0;rGGr;23177.75
J36;1;0;rGGr;23178.00
J36;1;0;rGGr;23178.25
J36;1;0;rGGr;23178.50
J36;1;0;rGGr;23178.75
J36;1;0;rGGr;23179.00
J36;1;0;rGGr;23179.25
J36;1;0;rGGr;23179.50
J36;1;0;rGGr;23179.75
J36;1;0;rGGr;23180.00
J36;1;0;rGGr;23180.25
J36;1;0;rGGr;23180.50
J36;1;0;rGGr;23180.75
J36;1;0;rGGr;23181.00
J36;1;0;rGGr;23181.25
J36;1;0;rGGr;23181.50
J36;1;0;rGGr;23181.75
J36;1;0;rGGr;23182.00
J36;1;0;rGGr;23182.25
J36;1;0;rGGr;23182.50
J36;1;0;rGGr;23182.75
J36;2;0;ryyr;23183.00
J36;2;0;ryyr;23183.25
J36;2;0;ryyr;23183.50
J36;2;0;ryyr;23183.75
J36;2;0;ryyr;23184.00
J36;2;0;ryyr;23184.25
J36;2;0;ryyr;23184.50
J36;2;0;ryyr;23184.75
J36;2;0;ryyr;23185.00
J36;2;0;ryyr;23185.25
J36;2;0;ryyr;23185.50
J36;2;0;ryyr;23185.75
J36;3;0;rrrr;23186.00
J36;3;0;rrrr;23186.25
J36;3;0;rrrr;23186.50
J36;3;0;rrrr;23186.75
J36;4;0;urru;23187.00
J36;4;0;urru;23187.25
J36;4;0;urru;23187.50
J36;4;0;urru;23187.75
J36;5;0;GrrG;23188.00
J36;5;0;GrrG;23188.25
J36;5;0;GrrG;23188.50
J36;5;0;GrrG;23188.75
J36;5;0;GrrG;23189.00
J36;5;0;GrrG;23189.25
J36;5;0;GrrG;23189.50
J36;5;0;GrrG;23189.75
J36;5;0;GrrG;23190.00
J36;5;0;GrrG;23190.25
J36;5;0;GrrG;23190.50
J36;5;0;GrrG;23190.75
J36;5;0;GrrG;23191.00
J36;5;0;GrrG;23191.25
J36;5;0;GrrG;23191.50
J36;5;0;GrrG;23191.75
J36;5;0;GrrG;23192.00
J36;5;0;GrrG;23192.25
J36;5;0;GrrG;23192.50
J36;5;0;GrrG;23192.75
J36;5;0;GrrG;23193.00
J36;5;0;GrrG;23193.25
J36;5;0;GrrG;23193.50
J36;5;0;GrrG;23193.75
J36;5;0;GrrG;23194.00
J36;5;0;GrrG;23194.25
J36;5;0;GrrG;23194.50
J36;5;0;GrrG;23194.75
J36;5;0;GrrG;23195.00
J36;5;0;GrrG;23195.25
J36;5;0;GrrG;23195.50
J36;5;0;GrrG;23195.75
J36;5;0;GrrG;23196.00
J36;5;0;GrrG;23196.25
J36;5;0;GrrG;23196.50
J36;5;0;GrrG;23196.75
J36;5;0;GrrG;23197.00
J36;5;0;GrrG;23197.25
J36;5;0;GrrG;23197.50
J36;5;0;GrrG;23197.75
J36;5;0;GrrG;23198.00
J36;5;0;GrrG;23198.25
J36;5;0;GrrG;23198.50
J36;5;0;GrrG;23198.75
J36;5;0;GrrG;23199.00
J36;5;0;GrrG;23199.25
J36;5;0;GrrG;23199.50
J36;5;0;GrrG;23199.75
J36;5;0;GrrG;23200.00
J36;5;0;GrrG;23200.25
J36;5;0;GrrG;23200.50
J36;5;0;GrrG;23200.75
J36;5;0;GrrG;23201.00
J36;5;0;GrrG;23201.25
J36;5;0;GrrG;23201.50
J36;5;0;GrrG;23201.75
J36;5;0;GrrG;23202.00
J36;5;0;GrrG;23202.25
J36;5;0;GrrG;23202.50
J36;5;0;GrrG;23202.75
J36;5;0;GrrG;23203.00
J36;5;0;GrrG;23203.25
J36;5;0;GrrG;23203.50
J36;5;0;GrrG;23203.75
J36;5;0;GrrG;23204.00
J36;5;0;GrrG;23204.25
J36;5;0;GrrG;23204.50
J36;5;0;GrrG;23204.75
J36;5;0;GrrG;23205.00
J36;5;0;GrrG;23205.25
J36;5;0;GrrG;23205.50
J36;5;0;GrrG;23205.75
J36;5;0;GrrG;23206.00
J36;5;0;GrrG;23206.25
J36;5;0;GrrG;23206.50
J36;5;0;GrrG;23206.75
J36;5;0;GrrG;23207.00
J36;5;0;GrrG;23207.25
J36;5;0;GrrG;23207.50
J36;5;0;GrrG;23207.75
J36;5;0;GrrG;23208.00
J36;5;0;GrrG;23208.25
J36;5;0;GrrG;23208.50
J36;5;0;GrrG;23208.75
J36;5;0;GrrG;23209.00
J36;5;0;GrrG;23209.25
J36;5;0;GrrG;23209.50
J36;5;0;GrrG;23209.75
J36;5;0;GrrG;23210.00
J36;5;0;GrrG;23210.25
J36;5;0;GrrG;23210.50
J36;5;0;GrrG;23210.75
J36;5;0;GrrG;23211.00
J36;5;0;GrrG;23211.25
J36;5;0;GrrG;23211.50
J36;5;0;GrrG;23211.75
J36;5;0;GrrG;23212.00
J36;5;0;GrrG;23212.25
J36;5;0;GrrG;23212.50
J36;5;0;GrrG;23212.75
J36;6;0;yrry;23213.00
J36;6;0;yrry;23213.25
J36;6;0;yrry;23213.50
J36;6;0;yrry;23213.75
J36;6;0;yrry;23214.00
J36;6;0;yrry;23214.25
J36;6;0;yrry;23214.50
J36;6;0;yrry;23214.75
J36;6;0;yrry;23215.00
J36;6;0;yrry;23215.25
J36;6;0;yrry;23215.50
J36;6;0;yrry;23215.75
J36;7;0;rrrr;23216.00
J36;7;0;rrrr;23216.25
J36;7;0;rrrr;23216.50
J36;7;0;rrrr;23216.75
J36;0;0;ruur;23217.00
J36;0;0;ruur;23217.25
J36;0;0;ruur;23217.50
J36;0;0;ruur;23217.75
J36;1;0;rGGr;23218.00
J36;1;0;rGGr;23218.25
J36;1;0;rGGr;23218.50
J36;1;0;rGGr;23218.75
J36;1;0;rGGr;23219.00
J36;1;0;rGGr;23219.25
J36;1;0;rGGr;23219.50
J36;1;0;rGGr;23219.75
J36;1;0;rGGr;23220.00
J36;1;0;rGGr;23220.25
J36;1;0;rGGr;23220.50
J36;1;0;rGGr;23220.75
J36;1;0;rGGr;23221.00
J36;1;0;rGGr;23221.25
J36;1;0;rGGr;23221.50
J36;1;0;rGGr;23221.75
J36;1;0;rGGr;23222.00
J36;1;0;rGGr;23222.25
J36;1;0;rGGr;23222.50
J36;1;0;rGGr;23222.75
J36;1;0;rGGr;23223.00
J36;1;0;rGGr;23223.25
J36;1;0;rGGr;23223.50
J36;1;0;rGGr;23223.75
J36;1;0;rGGr;23224.00
J36;1;0;rGGr;23224.25
J36;1;0;rGGr;23224.50
J36;1;0;rGGr;23224.75
J36;1;0;rGGr;23225.00
J36;1;0;rGGr;23225.25
J36;1;0;rGGr;23225.50
J36;1;0;rGGr;23225.75
J36;1;0;rGGr;23226.00
J36;1;0;rGGr;23226.25
J36;1;0;rGGr;23226.50
J36;1;0;rGGr;23226.75
J36;1;0;rGGr;23227.00
J36;1;0;rGGr;23227.25
J36;1;0;rGGr;23227.50
J36;1;0;rGGr;23227.75
J36;1;0;rGGr;23228.00
J36;1;0;rGGr;23228.25
J36;1;0;rGGr;23228.50
J36;1;0;rGGr;23228.75
J36;1;0;rGGr;23229.00
J36;1;0;rGGr;23229.25
J36;1;0;rGGr;23229.50
J36;1;0;rGGr;23229.75
J36;1;0;rGGr;23230.00
J36;1;0;rGGr;23230.25
J36;1;0;rGGr;23230.50
J36;1;0;rGGr;23230.75
J36;1;0;rGGr;23231.00
J36;1;0;rGGr;23231.25
J36;1;0;rGGr;23231.50
J36;1;0;rGGr;23231.75
J36;1;0;rGGr;23232.00
J36;1;0;rGGr;23232.25
J36;1;0;rGGr;23232.50
J36;1;0;rGGr;23232.75
J36;1;0;rGGr;23233.00
J36;1;0;rGGr;23233.25
J36;1;0;rGGr;23233.50
J36;1;0;rGGr;23233.75
J36;1;0;rGGr;23234.00
J36;1;0;rGGr;23234.25
J36;1;0;rGGr;23234.50
J36;1;0;rGGr;23234.75
J36;1;0;rGGr;23235.00
J36;1;0;rGGr;23235.25
J36;1;0;rGGr;23235.50
J36;1;0;rGGr;23235.75
J36;1;0;rGGr;23236.00
J36;1;0;rGGr;23236.25
J36;1;0;rGGr;23236.50
J36;1;0;rGGr;23236.75
J36;1;0;rGGr;23237.00
J36;1;0;rGGr;23237.25
J36;1;0;rGGr;23237.50
J36;1;0;rGGr;23237.75
J36;1;0;rGGr;23238.00
J36;1;0;rGGr;23238.25
J36;1;0;rGGr;23238.50
J36;1;0;rGGr;23238.75
J36;1;0;rGGr;23239.00
J36;1;0;rGGr;23239.25
J36;1;0;rGGr;23239.50
J36;1;0;rGGr;23239.75
J36;1;0;rGGr;23240.00
J36;1;0;rGGr;23240.25
J36;1;0;rGGr;23240.50
J36;1;0;rGGr;23240.75
J36;1;0;rGGr;23241.00
J36;1;0;rGGr;23241.25
J36;1;0;rGGr;23241.50
J36;1;0;rGGr;23241.75
J36;1;0;rGGr;23242.00
J36;1;0;rGGr;23242.25
J36;1;0;rGGr;23242.50
J36;1;0;rGGr;23242.75
J36;2;0;ryyr;23243.00
J36;2;0;ryyr;23243.25
J36;2;0;ryyr;23243.50
J36;2;0;ryyr;23243.75
J36;2;0;ryyr;23244.00
J36;0;online;yyyyyyyyyyyyyyyyyyyyyyyyyyyyyyyyyyyyyyyyyyyyyyyyyyyyyyyyy;23244.25
J36;0;online;yyyyyyyyyyyyyyyyyyyyyyyyyyyyyyyyyyyyyyyyyyyyyyyyyyyyyyyyy;23244.50
J36;0;online;yyyyyyyyyyyyyyyyyyyyyyyyyyyyyyyyyyyyyyyyyyyyyyyyyyyyyyyyy;23244.75
J36;0;online;yyyyyyyyyyyyyyyyyyyyyyyyyyyyyyyyyyyyyyyyyyyyyyyyyyyyyyyyy;23245.00
J36;0;online;yyyyyyyyyyyyyyyyyyyyyyyyyyyyyyyyyyyyyyyyyyyyyyyyyyyyyyyyy;23245.25
J36;0;online;yyyyyyyyyyyyyyyyyyyyyyyyyyyyyyyyyyyyyyyyyyyyyyyyyyyyyyyyy;23245.50
J36;0;online;yyyyyyyyyyyyyyyyyyyyyyyyyyyyyyyyyyyyyyyyyyyyyyyyyyyyyyyyy;23245.75
J36;0;online;yyyyyyyyyyyyyyyyyyyyyyyyyyyyyyyyyyyyyyyyyyyyyyyyyyyyyyyyy;23246.00
J36;0;online;yyyyyyyyyyyyyyyyyyyyyyyyyyyyyyyyyyyyyyyyyyyyyyyyyyyyyyyyy;23246.25
J36;0;online;yyyyyyyyyyyyyyyyyyyyyyyyyyyyyyyyyyyyyyyyyyyyyyyyyyyyyyyyy;23246.50
J36;0;online;yyyyyyyyyyyyyyyyyyyyyyyyyyyyyyyyyyyyyyyyyyyyyyyyyyyyyyyyy;23246.75
J36;0;online;yyyyyyyyyyyyyyyyyyyyyyyyyyyyyyyyyyyyyyyyyyyyyyyyyyyyyyyyy;23247.00
J36;4;0;urru;23247.25
J36;4;0;urru;23247.50
J36;4;0;urru;23247.75
J36;4;0;urru;23248.00
J36;5;0;GrrG;23248.25
J36;5;0;GrrG;23248.50
J36;5;0;GrrG;23248.75
J36;5;0;GrrG;23249.00
J36;5;0;GrrG;23249.25
J36;5;0;GrrG;23249.50
J36;5;0;GrrG;23249.75
J36;5;0;GrrG;23250.00
J36;5;0;GrrG;23250.25
J36;5;0;GrrG;23250.50
J36;5;0;GrrG;23250.75
J36;5;0;GrrG;23251.00
J36;5;0;GrrG;23251.25
J36;5;0;GrrG;23251.50
J36;5;0;GrrG;23251.75
J36;5;0;GrrG;23252.00
J36;5;0;GrrG;23252.25
J36;5;0;GrrG;23252.50
J36;5;0;GrrG;23252.75
J36;5;0;GrrG;23253.00
J36;5;0;GrrG;23253.25
J36;5;0;GrrG;23253.50
J36;5;0;GrrG;23253.75
J36;5;0;GrrG;23254.00
J36;5;0;GrrG;23254.25
J36;5;0;GrrG;23254.50
J36;5;0;GrrG;23254.75
J36;5;0;GrrG;23255.00
J36;5;0;GrrG;23255.25
J36;5;0;GrrG;23255.50
J36;5;0;GrrG;23255.75
J36;5;0;GrrG;23256.00
J36;5;0;GrrG;23256.25
J36;5;0;GrrG;23256.50
J36;5;0;GrrG;23256.75
J36;5;0;GrrG;23257.00
J36;5;0;GrrG;23257.25
J36;5;0;GrrG;23257.50
J36;5;0;GrrG;23257.75
J36;5;0;GrrG;23258.00
J36;5;0;GrrG;23258.25
J36;5;0;GrrG;23258.50
J36;5;0;GrrG;23258.75
J36;5;0;GrrG;23259.00
J36;5;0;GrrG;23259.25
J36;5;0;GrrG;23259.50
J36;5;0;GrrG;23259.75
J36;5;0;GrrG;23260.00
J36;5;0;GrrG;23260.25
J36;5;0;GrrG;23260.50
J36;5;0;GrrG;23260.75
J36;5;0;GrrG;23261.00
J36;5;0;GrrG;23261.25
J36;5;0;GrrG;23261.50
J36;5;0;GrrG;23261.75
J36;5;0;GrrG;23262.00
J36;5;0;GrrG;23262.25
J36;5;0;GrrG;23262.50
J36;5;0;GrrG;23262.75
J36;5;0;GrrG;23263.00
J36;5;0;GrrG;23263.25
J36;5;0;GrrG;23263.50
J36;5;0;GrrG;23263.75
J36;5;0;GrrG;23264.00
J36;5;0;GrrG;23264.25
J36;5;0;GrrG;23264.50
J36;5;0;GrrG;23264.75
J36;5;0;GrrG;23265.00
J36;5;0;GrrG;23265.25
J36;5;0;GrrG;23265.50
J36;5;0;GrrG;23265.75
J36;5;0;GrrG;23266.00
J36;5;0;GrrG;23266.25
J36;5;0;GrrG;23266.50
J36;5;0;GrrG;23266.75
J36;5;0;GrrG;23267.00
J36;5;0;GrrG;23267.25
J36;5;0;GrrG;23267.50
J36;5;0;GrrG;23267.75
J36;5;0;GrrG;23268.00
J36;5;0;GrrG;23268.25
J36;5;0;GrrG;23268.50
J36;5;0;GrrG;23268.75
J36;5;0;GrrG;23269.00
J36;5;0;GrrG;23269.25
J36;5;0;GrrG;23269.50
J36;5;0;GrrG;23269.75
J36;5;0;GrrG;23270.00
J36;5;0;GrrG;23270.25
J36;5;0;GrrG;23270.50
J36;5;0;GrrG;23270.75
J36;5;0;GrrG;23271.00
J36;5;0;GrrG;23271.25
J36;5;0;GrrG;23271.50
J36;5;0;GrrG;23271.75
J36;5;0;GrrG;23272.00
J36;5;0;GrrG;23272.25
J36;5;0;GrrG;23272.50
J36;5;0;GrrG;23272.75
J36;5;0;GrrG;23273.00
J36;6;0;yrry;23273.25
J36;6;0;yrry;23273.50
J36;6;0;yrry;23273.75
J36;6;0;yrry;23274.00
J36;6;0;yrry;23274.25
J36;6;0;yrry;23274.50
J36;6;0;yrry;23274.75
J36;6;0;yrry;23275.00
J36;6;0;yrry;23275.25
J36;6;0;yrry;23275.50
J36;6;0;yrry;23275.75
J36;6;0;yrry;23276.00
J36;7;0;rrrr;23276.25
J36;7;0;rrrr;23276.50
J36;7;0;rrrr;23276.75
J36;7;0;rrrr;23277.00
J36;0;0;ruur;23277.25
J36;0;0;ruur;23277.50
J36;0;0;ruur;23277.75
J36;0;0;ruur;23278.00
J36;1;0;rGGr;23278.25
J36;1;0;rGGr;23278.50
J36;1;0;rGGr;23278.75
J36;1;0;rGGr;23279.00
J36;1;0;rGGr;23279.25
J36;1;0;rGGr;23279.50
J36;1;0;rGGr;23279.75
J36;1;0;rGGr;23280.00
J36;1;0;rGGr;23280.25
J36;1;0;rGGr;23280.50
J36;1;0;rGGr;23280.75
J36;1;0;rGGr;23281.00
J36;1;0;rGGr;23281.25
J36;1;0;rGGr;23281.50
J36;1;0;rGGr;23281.75
J36;1;0;rGGr;23282.00
J36;1;0;rGGr;23282.25
J36;1;0;rGGr;23282.50
J36;1;0;rGGr;23282.75
J36;1;0;rGGr;23283.00
J36;1;0;rGGr;23283.25
J36;1;0;rGGr;23283.50
J36;1;0;rGGr;23283.75
J36;1;0;rGGr;23284.00
J36;1;0;rGGr;23284.25
J36;1;0;rGGr;23284.50
J36;1;0;rGGr;23284.75
J36;1;0;rGGr;23285.00
J36;1;0;rGGr;23285.25
J36;1;0;rGGr;23285.50
J36;1;0;rGGr;23285.75
J36;1;0;rGGr;23286.00
J36;1;0;rGGr;23286.25
J36;1;0;rGGr;23286.50
J36;1;0;rGGr;23286.75
J36;1;0;rGGr;23287.00
J36;1;0;rGGr;23287.25
J36;1;0;rGGr;23287.50
J36;1;0;rGGr;23287.75
J36;1;0;rGGr;23288.00
J36;1;0;rGGr;23288.25
J36;1;0;rGGr;23288.50
J36;1;0;rGGr;23288.75
J36;1;0;rGGr;23289.00
J36;1;0;rGGr;23289.25
J36;1;0;rGGr;23289.50
J36;1;0;rGGr;23289.75
J36;1;0;rGGr;23290.00
J36;1;0;rGGr;23290.25
J36;1;0;rGGr;23290.50
J36;1;0;rGGr;23290.75
J36;1;0;rGGr;23291.00
J36;1;0;rGGr;23291.25
J36;1;0;rGGr;23291.50
J36;1;0;rGGr;23291.75
J36;1;0;rGGr;23292.00
J36;1;0;rGGr;23292.25
J36;1;0;rGGr;23292.50
J36;1;0;rGGr;23292.75
J36;1;0;rGGr;23293.00
J36;1;0;rGGr;23293.25
J36;1;0;rGGr;23293.50
J36;1;0;rGGr;23293.75
J36;1;0;rGGr;23294.00
J36;1;0;rGGr;23294.25
J36;1;0;rGGr;23294.50
J36;1;0;rGGr;23294.75
J36;1;0;rGGr;23295.00
J36;1;0;rGGr;23295.25
J36;1;0;rGGr;23295.50
J36;1;0;rGGr;23295.75
J36;1;0;rGGr;23296.00
J36;1;0;rGGr;23296.25
J36;1;0;rGGr;23296.50
J36;1;0;rGGr;23296.75
J36;1;0;rGGr;23297.00
J36;1;0;rGGr;23297.25
J36;1;0;rGGr;23297.50
J36;1;0;rGGr;23297.75
J36;1;0;rGGr;23298.00
J36;1;0;rGGr;23298.25
J36;1;0;rGGr;23298.50
J36;1;0;rGGr;23298.75
J36;1;0;rGGr;23299.00
J36;1;0;rGGr;23299.25
J36;1;0;rGGr;23299.50
J36;1;0;rGGr;23299.75
J36;1;0;rGGr;23300.00
J36;1;0;rGGr;23300.25
J36;1;0;rGGr;23300.50
J36;1;0;rGGr;23300.75
J36;1;0;rGGr;23301.00
J36;1;0;rGGr;23301.25
J36;1;0;rGGr;23301.50
J36;1;0;rGGr;23301.75
J36;1;0;rGGr;23302.00
J36;1;0;rGGr;23302.25
J36;1;0;rGGr;23302.50
J36;1;0;rGGr;23302.75
J36;1;0;rGGr;23303.00
J36;2;0;ryyr;23303.25
J36;2;0;ryyr;23303.50
J36;2;0;ryyr;23303.75
J36;2;0;ryyr;23304.00
J36;2;0;ryyr;23304.25
J36;2;0;ryyr;23304.50
J36;2;0;ryyr;23304.75
J36;2;0;ryyr;23305.00
J36;2;0;ryyr;23305.25
J36;2;0;ryyr;23305.50
J36;2;0;ryyr;23305.75
J36;2;0;ryyr;23306.00
J36;2;0;ryyr;23306.25
J36;2;0;ryyr;23306.50
J36;2;0;ryyr;23306.75
J36;2;0;ryyr;23307.00
J36;2;0;ryyr;23307.25
J36;2;0;ryyr;23307.50
J36;2;0;ryyr;23307.75
J36;2;0;ryyr;23308.00
J36;3;0;rrrr;23308.25
J36;3;0;rrrr;23308.50
J36;3;0;rrrr;23308.75
J36;3;0;rrrr;23309.00
J36;4;0;urru;23309.25
J36;4;0;urru;23309.50
J36;4;0;urru;23309.75
J36;4;0;urru;23310.00
J36;5;0;GrrG;23310.25
J36;5;0;GrrG;23310.50
J36;5;0;GrrG;23310.75
J36;5;0;GrrG;23311.00
J36;5;0;GrrG;23311.25
J36;5;0;GrrG;23311.50
J36;5;0;GrrG;23311.75
J36;5;0;GrrG;23312.00
J36;5;0;GrrG;23312.25
J36;5;0;GrrG;23312.50
J36;5;0;GrrG;23312.75
J36;5;0;GrrG;23313.00
J36;5;0;GrrG;23313.25
J36;5;0;GrrG;23313.50
J36;5;0;GrrG;23313.75
J36;5;0;GrrG;23314.00
J36;5;0;GrrG;23314.25
J36;5;0;GrrG;23314.50
J36;5;0;GrrG;23314.75
J36;5;0;GrrG;23315.00
J36;5;0;GrrG;23315.25
J36;5;0;GrrG;23315.50
J36;5;0;GrrG;23315.75
J36;5;0;GrrG;23316.00
J36;5;0;GrrG;23316.25
J36;5;0;GrrG;23316.50
J36;5;0;GrrG;23316.75
J36;5;0;GrrG;23317.00
J36;5;0;GrrG;23317.25
J36;5;0;GrrG;23317.50
J36;5;0;GrrG;23317.75
J36;5;0;GrrG;23318.00
J36;5;0;GrrG;23318.25
J36;5;0;GrrG;23318.50
J36;5;0;GrrG;23318.75
J36;5;0;GrrG;23319.00
J36;5;0;GrrG;23319.25
J36;5;0;GrrG;23319.50
J36;5;0;GrrG;23319.75
J36;5;0;GrrG;23320.00
J36;5;0;GrrG;23320.25
J36;5;0;GrrG;23320.50
J36;5;0;GrrG;23320.75
J36;5;0;GrrG;23321.00
J36;5;0;GrrG;23321.25
J36;5;0;GrrG;23321.50
J36;5;0;GrrG;23321.75
J36;5;0;GrrG;23322.00
J36;5;0;GrrG;23322.25
J36;5;0;GrrG;23322.50
J36;5;0;GrrG;23322.75
J36;5;0;GrrG;23323.00
J36;5;0;GrrG;23323.25
J36;5;0;GrrG;23323.50
J36;5;0;GrrG;23323.75
J36;5;0;GrrG;23324.00
J36;5;0;GrrG;23324.25
J36;5;0;GrrG;23324.50
J36;5;0;GrrG;23324.75
J36;5;0;GrrG;23325.00
J36;5;0;GrrG;23325.25
J36;5;0;GrrG;23325.50
J36;5;0;GrrG;23325.75
J36;5;0;GrrG;23326.00
J36;5;0;GrrG;23326.25
J36;5;0;GrrG;23326.50
J36;5;0;GrrG;23326.75
J36;5;0;GrrG;23327.00
J36;5;0;GrrG;23327.25
J36;5;0;GrrG;23327.50
J36;5;0;GrrG;23327.75
J36;5;0;GrrG;23328.00
J36;5;0;GrrG;23328.25
J36;5;0;GrrG;23328.50
J36;5;0;GrrG;23328.75
J36;5;0;GrrG;23329.00
J36;5;0;GrrG;23329.25
J36;5;0;GrrG;23329.50
J36;5;0;GrrG;23329.75
J36;5;0;GrrG;23330.00
J36;5;0;GrrG;23330.25
J36;5;0;GrrG;23330.50
J36;5;0;GrrG;23330.75
J36;5;0;GrrG;23331.00
J36;5;0;GrrG;23331.25
J36;5;0;GrrG;23331.50
J36;5;0;GrrG;23331.75
J36;5;0;GrrG;23332.00
J36;5;0;GrrG;23332.25
J36;5;0;GrrG;23332.50
J36;5;0;GrrG;23332.75
J36;5;0;GrrG;23333.00
J36;5;0;GrrG;23333.25
J36;5;0;GrrG;23333.50
J36;5;0;GrrG;23333.75
J36;5;0;GrrG;23334.00
J36;5;0;GrrG;23334.25
J36;5;0;GrrG;23334.50
J36;5;0;GrrG;23334.75
J36;5;0;GrrG;23335.00
J36;6;0;yrry;23335.25
J36;6;0;yrry;23335.50
J36;6;0;yrry;23335.75
J36;6;0;yrry;23336.00
J36;6;0;yrry;23336.25
J36;6;0;yrry;23336.50
J36;6;0;yrry;23336.75
J36;6;0;yrry;23337.00
J36;6;0;yrry;23337.25
J36;6;0;yrry;23337.50
J36;6;0;yrry;23337.75
J36;6;0;yrry;23338.00
J36;7;0;rrrr;23338.25
J36;7;0;rrrr;23338.50
J36;7;0;rrrr;23338.75
J36;7;0;rrrr;23339.00
J36;0;0;ruur;23339.25
J36;0;0;ruur;23339.50
J36;0;0;ruur;23339.75
J36;0;0;ruur;23340.00
J36;1;0;rGGr;23340.25
J36;1;0;rGGr;23340.50
J36;1;0;rGGr;23340.75
J36;1;0;rGGr;23341.00
J36;1;0;rGGr;23341.25
J36;1;0;rGGr;23341.50
J36;1;0;rGGr;23341.75
J36;1;0;rGGr;23342.00
J36;1;0;rGGr;23342.25
J36;1;0;rGGr;23342.50
J36;1;0;rGGr;23342.75
J36;1;0;rGGr;23343.00
J36;1;0;rGGr;23343.25
J36;1;0;rGGr;23343.50
J36;1;0;rGGr;23343.75
J36;1;0;rGGr;23344.00
J36;1;0;rGGr;23344.25
J36;1;0;rGGr;23344.50
J36;1;0;rGGr;23344.75
J36;1;0;rGGr;23345.00
J36;1;0;rGGr;23345.25
J36;1;0;rGGr;23345.50
J36;1;0;rGGr;23345.75
J36;1;0;rGGr;23346.00
J36;1;0;rGGr;23346.25
J36;1;0;rGGr;23346.50
J36;1;0;rGGr;23346.75
J36;1;0;rGGr;23347.00
J36;1;0;rGGr;23347.25
J36;1;0;rGGr;23347.50
J36;1;0;rGGr;23347.75
J36;1;0;rGGr;23348.00
J36;1;0;rGGr;23348.25
J36;1;0;rGGr;23348.50
J36;1;0;rGGr;23348.75
J36;1;0;rGGr;23349.00
J36;1;0;rGGr;23349.25
J36;1;0;rGGr;23349.50
J36;1;0;rGGr;23349.75
J36;1;0;rGGr;23350.00
J36;1;0;rGGr;23350.25
J36;1;0;rGGr;23350.50
J36;1;0;rGGr;23350.75
J36;1;0;rGGr;23351.00
J36;1;0;rGGr;23351.25
J36;1;0;rGGr;23351.50
J36;1;0;rGGr;23351.75
J36;1;0;rGGr;23352.00
J36;1;0;rGGr;23352.25
J36;1;0;rGGr;23352.50
J36;1;0;rGGr;23352.75
J36;1;0;rGGr;23353.00
J36;1;0;rGGr;23353.25
J36;1;0;rGGr;23353.50
J36;1;0;rGGr;23353.75
J36;1;0;rGGr;23354.00
J36;1;0;rGGr;23354.25
J36;1;0;rGGr;23354.50
J36;1;0;rGGr;23354.75
J36;1;0;rGGr;23355.00
J36;1;0;rGGr;23355.25
J36;1;0;rGGr;23355.50
J36;1;0;rGGr;23355.75
J36;1;0;rGGr;23356.00
J36;1;0;rGGr;23356.25
J36;1;0;rGGr;23356.50
J36;1;0;rGGr;23356.75
J36;1;0;rGGr;23357.00
J36;1;0;rGGr;23357.25
J36;1;0;rGGr;23357.50
J36;1;0;rGGr;23357.75
J36;1;0;rGGr;23358.00
J36;1;0;rGGr;23358.25
J36;1;0;rGGr;23358.50
J36;1;0;rGGr;23358.75
J36;1;0;rGGr;23359.00
J36;1;0;rGGr;23359.25
J36;1;0;rGGr;23359.50
J36;1;0;rGGr;23359.75
J36;1;0;rGGr;23360.00
J36;1;0;rGGr;23360.25
J36;1;0;rGGr;23360.50
J36;1;0;rGGr;23360.75
J36;1;0;rGGr;23361.00
J36;1;0;rGGr;23361.25
J36;1;0;rGGr;23361.50
J36;1;0;rGGr;23361.75
J36;1;0;rGGr;23362.00
J36;1;0;rGGr;23362.25
J36;1;0;rGGr;23362.50
J36;1;0;rGGr;23362.75
J36;1;0;rGGr;23363.00
J36;1;0;rGGr;23363.25
J36;1;0;rGGr;23363.50
J36;1;0;rGGr;23363.75
J36;1;0;rGGr;23364.00
J36;1;0;rGGr;23364.25
J36;1;0;rGGr;23364.50
J36;1;0;rGGr;23364.75
J36;1;0;rGGr;23365.00
J36;2;0;ryyr;23365.25
J36;2;0;ryyr;23365.50
J36;2;0;ryyr;23365.75
J36;2;0;ryyr;23366.00
J36;2;0;ryyr;23366.25
J36;2;0;ryyr;23366.50
J36;2;0;ryyr;23366.75
J36;2;0;ryyr;23367.00
J36;2;0;ryyr;23367.25
J36;2;0;ryyr;23367.50
J36;2;0;ryyr;23367.75
J36;2;0;ryyr;23368.00
J36;3;0;rrrr;23368.25
J36;3;0;rrrr;23368.50
J36;3;0;rrrr;23368.75
J36;3;0;rrrr;23369.00
J36;4;0;urru;23369.25
J36;4;0;urru;23369.50
J36;4;0;urru;23369.75
J36;4;0;urru;23370.00
J36;5;0;GrrG;23370.25
J36;5;0;GrrG;23370.50
J36;5;0;GrrG;23370.75
J36;5;0;GrrG;23371.00
J36;5;0;GrrG;23371.25
J36;5;0;GrrG;23371.50
J36;5;0;GrrG;23371.75
J36;5;0;GrrG;23372.00
J36;5;0;GrrG;23372.25
J36;5;0;GrrG;23372.50
J36;5;0;GrrG;23372.75
J36;5;0;GrrG;23373.00
J36;5;0;GrrG;23373.25
J36;5;0;GrrG;23373.50
J36;5;0;GrrG;23373.75
J36;5;0;GrrG;23374.00
J36;5;0;GrrG;23374.25
J36;5;0;GrrG;23374.50
J36;5;0;GrrG;23374.75
J36;5;0;GrrG;23375.00
J36;5;0;GrrG;23375.25
J36;5;0;GrrG;23375.50
J36;5;0;GrrG;23375.75
J36;5;0;GrrG;23376.00
J36;5;0;GrrG;23376.25
J36;5;0;GrrG;23376.50
J36;5;0;GrrG;23376.75
J36;5;0;GrrG;23377.00
J36;5;0;GrrG;23377.25
J36;5;0;GrrG;23377.50
J36;5;0;GrrG;23377.75
J36;5;0;GrrG;23378.00
J36;5;0;GrrG;23378.25
J36;5;0;GrrG;23378.50
J36;5;0;GrrG;23378.75
J36;5;0;GrrG;23379.00
J36;5;0;GrrG;23379.25
J36;5;0;GrrG;23379.50
J36;5;0;GrrG;23379.75
J36;5;0;GrrG;23380.00
J36;5;0;GrrG;23380.25
J36;5;0;GrrG;23380.50
J36;5;0;GrrG;23380.75
J36;5;0;GrrG;23381.00
J36;5;0;GrrG;23381.25
J36;5;0;GrrG;23381.50
J36;5;0;GrrG;23381.75
J36;5;0;GrrG;23382.00
J36;5;0;GrrG;23382.25
J36;5;0;GrrG;23382.50
J36;5;0;GrrG;23382.75
J36;5;0;GrrG;23383.00
J36;5;0;GrrG;23383.25
J36;5;0;GrrG;23383.50
J36;5;0;GrrG;23383.75
J36;5;0;GrrG;23384.00
J36;5;0;GrrG;23384.25
J36;5;0;GrrG;23384.50
J36;5;0;GrrG;23384.75
J36;5;0;GrrG;23385.00
J36;5;0;GrrG;23385.25
J36;5;0;GrrG;23385.50
J36;5;0;GrrG;23385.75
J36;5;0;GrrG;23386.00
J36;5;0;GrrG;23386.25
J36;5;0;GrrG;23386.50
J36;5;0;GrrG;23386.75
J36;5;0;GrrG;23387.00
J36;5;0;GrrG;23387.25
J36;5;0;GrrG;23387.50
J36;5;0;GrrG;23387.75
J36;5;0;GrrG;23388.00
J36;5;0;GrrG;23388.25
J36;5;0;GrrG;23388.50
J36;5;0;GrrG;23388.75
J36;5;0;GrrG;23389.00
J36;5;0;GrrG;23389.25
J36;5;0;GrrG;23389.50
J36;5;0;GrrG;23389.75
J36;5;0;GrrG;23390.00
J36;5;0;GrrG;23390.25
J36;5;0;GrrG;23390.50
J36;5;0;GrrG;23390.75
J36;5;0;GrrG;23391.00
J36;5;0;GrrG;23391.25
J36;5;0;GrrG;23391.50
J36;5;0;GrrG;23391.75
J36;5;0;GrrG;23392.00
J36;5;0;GrrG;23392.25
J36;5;0;GrrG;23392.50
J36;5;0;GrrG;23392.75
J36;5;0;GrrG;23393.00
J36;5;0;GrrG;23393.25
J36;5;0;GrrG;23393.50
J36;5;0;GrrG;23393.75
J36;5;0;GrrG;23394.00
J36;5;0;GrrG;23394.25
J36;5;0;GrrG;23394.50
J36;5;0;GrrG;23394.75
J36;5;0;GrrG;23395.00
J36;6;0;yrry;23395.25
J36;6;0;yrry;23395.50
J36;6;0;yrry;23395.75
J36;6;0;yrry;23396.00
J36;6;0;yrry;23396.25
J36;6;0;yrry;23396.50
J36;6;0;yrry;23396.75
J36;6;0;yrry;23397.00
J36;6;0;yrry;23397.25
J36;6;0;yrry;23397.50
J36;6;0;yrry;23397.75
J36;6;0;yrry;23398.00
J36;7;0;rrrr;23398.25
J36;7;0;rrrr;23398.50
J36;7;0;rrrr;23398.75
J36;7;0;rrrr;23399.00
J36;0;0;ruur;23399.25
J36;0;0;ruur;23399.50
J36;0;0;ruur;23399.75
J36;0;0;ruur;23400.00
J36;1;0;rGGr;23400.25
J36;1;0;rGGr;23400.50
J36;1;0;rGGr;23400.75
J36;1;0;rGGr;23401.00
J36;1;0;rGGr;23401.25
J36;1;0;rGGr;23401.50
J36;1;0;rGGr;23401.75
J36;1;0;rGGr;23402.00
J36;1;0;rGGr;23402.25
J36;1;0;rGGr;23402.50
J36;1;0;rGGr;23402.75
J36;1;0;rGGr;23403.00
J36;1;0;rGGr;23403.25
J36;1;0;rGGr;23403.50
J36;1;0;rGGr;23403.75
J36;1;0;rGGr;23404.00
J36;1;0;rGGr;23404.25
J36;1;0;rGGr;23404.50
J36;1;0;rGGr;23404.75
J36;1;0;rGGr;23405.00
J36;1;0;rGGr;23405.25
J36;1;0;rGGr;23405.50
J36;1;0;rGGr;23405.75
J36;1;0;rGGr;23406.00
J36;1;0;rGGr;23406.25
J36;1;0;rGGr;23406.50
J36;1;0;rGGr;23406.75
J36;1;0;rGGr;23407.00
J36;1;0;rGGr;23407.25
J36;1;0;rGGr;23407.50
J36;1;0;rGGr;23407.75
J36;1;0;rGGr;23408.00
J36;1;0;rGGr;23408.25
J36;1;0;rGGr;23408.50
J36;1;0;rGGr;23408.75
J36;1;0;rGGr;23409.00
J36;1;0;rGGr;23409.25
J36;1;0;rGGr;23409.50
J36;1;0;rGGr;23409.75
J36;1;0;rGGr;23410.00
J36;1;0;rGGr;23410.25
J36;1;0;rGGr;23410.50
J36;1;0;rGGr;23410.75
J36;1;0;rGGr;23411.00
J36;1;0;rGGr;23411.25
J36;1;0;rGGr;23411.50
J36;1;0;rGGr;23411.75
J36;1;0;rGGr;23412.00
J36;1;0;rGGr;23412.25
J36;1;0;rGGr;23412.50
J36;1;0;rGGr;23412.75
J36;1;0;rGGr;23413.00
J36;1;0;rGGr;23413.25
J36;1;0;rGGr;23413.50
J36;1;0;rGGr;23413.75
J36;1;0;rGGr;23414.00
J36;1;0;rGGr;23414.25
J36;1;0;rGGr;23414.50
J36;1;0;rGGr;23414.75
J36;1;0;rGGr;23415.00
J36;1;0;rGGr;23415.25
J36;1;0;rGGr;23415.50
J36;1;0;rGGr;23415.75
J36;1;0;rGGr;23416.00
J36;1;0;rGGr;23416.25
J36;1;0;rGGr;23416.50
J36;1;0;rGGr;23416.75
J36;1;0;rGGr;23417.00
J36;1;0;rGGr;23417.25
J36;1;0;rGGr;23417.50
J36;1;0;rGGr;23417.75
J36;1;0;rGGr;23418.00
J36;1;0;rGGr;23418.25
J36;1;0;rGGr;23418.50
J36;1;0;rGGr;23418.75
J36;1;0;rGGr;23419.00
J36;1;0;rGGr;23419.25
J36;1;0;rGGr;23419.50
J36;1;0;rGGr;23419.75
J36;1;0;rGGr;23420.00
J36;1;0;rGGr;23420.25
J36;1;0;rGGr;23420.50
J36;1;0;rGGr;23420.75
J36;1;0;rGGr;23421.00
J36;1;0;rGGr;23421.25
J36;1;0;rGGr;23421.50
J36;1;0;rGGr;23421.75
J36;1;0;rGGr;23422.00
J36;1;0;rGGr;23422.25
J36;1;0;rGGr;23422.50
J36;1;0;rGGr;23422.75
J36;1;0;rGGr;23423.00
J36;1;0;rGGr;23423.25
J36;1;0;rGGr;23423.50
J36;1;0;rGGr;23423.75
J36;1;0;rGGr;23424.00
J36;1;0;rGGr;23424.25
J36;1;0;rGGr;23424.50
J36;1;0;rGGr;23424.75
J36;1;0;rGGr;23425.00
J36;2;0;ryyr;23425.25
J36;0;online;yyyyyyyyyyyyyyyyyyyyyyyyyyyyyyyyyyyyyyyyyyyyyyyyyyyyyyyyy;23425.50
J36;0;online;yyyyyyyyyyyyyyyyyyyyyyyyyyyyyyyyyyyyyyyyyyyyyyyyyyyyyyyyy;23425.75
J36;0;online;yyyyyyyyyyyyyyyyyyyyyyyyyyyyyyyyyyyyyyyyyyyyyyyyyyyyyyyyy;23426.00
J36;0;online;yyyyyyyyyyyyyyyyyyyyyyyyyyyyyyyyyyyyyyyyyyyyyyyyyyyyyyyyy;23426.25
J36;0;online;yyyyyyyyyyyyyyyyyyyyyyyyyyyyyyyyyyyyyyyyyyyyyyyyyyyyyyyyy;23426.50
J36;0;online;yyyyyyyyyyyyyyyyyyyyyyyyyyyyyyyyyyyyyyyyyyyyyyyyyyyyyyyyy;23426.75
J36;0;online;yyyyyyyyyyyyyyyyyyyyyyyyyyyyyyyyyyyyyyyyyyyyyyyyyyyyyyyyy;23427.00
J36;0;online;yyyyyyyyyyyyyyyyyyyyyyyyyyyyyyyyyyyyyyyyyyyyyyyyyyyyyyyyy;23427.25
J36;0;online;yyyyyyyyyyyyyyyyyyyyyyyyyyyyyyyyyyyyyyyyyyyyyyyyyyyyyyyyy;23427.50
J36;0;online;yyyyyyyyyyyyyyyyyyyyyyyyyyyyyyyyyyyyyyyyyyyyyyyyyyyyyyyyy;23427.75
J36;0;online;yyyyyyyyyyyyyyyyyyyyyyyyyyyyyyyyyyyyyyyyyyyyyyyyyyyyyyyyy;23428.00
J36;0;online;yyyyyyyyyyyyyyyyyyyyyyyyyyyyyyyyyyyyyyyyyyyyyyyyyyyyyyyyy;23428.25
J36;4;0;urru;23428.50
J36;4;0;urru;23428.75
J36;4;0;urru;23429.00
J36;4;0;urru;23429.25
J36;5;0;GrrG;23429.50
J36;5;0;GrrG;23429.75
J36;5;0;GrrG;23430.00
J36;5;0;GrrG;23430.25
J36;5;0;GrrG;23430.50
J36;5;0;GrrG;23430.75
J36;5;0;GrrG;23431.00
J36;5;0;GrrG;23431.25
J36;5;0;GrrG;23431.50
J36;5;0;GrrG;23431.75
J36;5;0;GrrG;23432.00
J36;5;0;GrrG;23432.25
J36;5;0;GrrG;23432.50
J36;5;0;GrrG;23432.75
J36;5;0;GrrG;23433.00
J36;5;0;GrrG;23433.25
J36;5;0;GrrG;23433.50
J36;5;0;GrrG;23433.75
J36;5;0;GrrG;23434.00
J36;5;0;GrrG;23434.25
J36;5;0;GrrG;23434.50
J36;5;0;GrrG;23434.75
J36;5;0;GrrG;23435.00
J36;5;0;GrrG;23435.25
J36;5;0;GrrG;23435.50
J36;5;0;GrrG;23435.75
J36;5;0;GrrG;23436.00
J36;5;0;GrrG;23436.25
J36;5;0;GrrG;23436.50
J36;5;0;GrrG;23436.75
J36;5;0;GrrG;23437.00
J36;5;0;GrrG;23437.25
J36;5;0;GrrG;23437.50
J36;5;0;GrrG;23437.75
J36;5;0;GrrG;23438.00
J36;5;0;GrrG;23438.25
J36;5;0;GrrG;23438.50
J36;5;0;GrrG;23438.75
J36;5;0;GrrG;23439.00
J36;5;0;GrrG;23439.25
J36;5;0;GrrG;23439.50
J36;5;0;GrrG;23439.75
J36;5;0;GrrG;23440.00
J36;5;0;GrrG;23440.25
J36;5;0;GrrG;23440.50
J36;5;0;GrrG;23440.75
J36;5;0;GrrG;23441.00
J36;5;0;GrrG;23441.25
J36;5;0;GrrG;23441.50
J36;5;0;GrrG;23441.75
J36;5;0;GrrG;23442.00
J36;5;0;GrrG;23442.25
J36;5;0;GrrG;23442.50
J36;5;0;GrrG;23442.75
J36;5;0;GrrG;23443.00
J36;5;0;GrrG;23443.25
J36;5;0;GrrG;23443.50
J36;5;0;GrrG;23443.75
J36;5;0;GrrG;23444.00
J36;5;0;GrrG;23444.25
J36;5;0;GrrG;23444.50
J36;5;0;GrrG;23444.75
J36;5;0;GrrG;23445.00
J36;5;0;GrrG;23445.25
J36;5;0;GrrG;23445.50
J36;5;0;GrrG;23445.75
J36;5;0;GrrG;23446.00
J36;5;0;GrrG;23446.25
J36;5;0;GrrG;23446.50
J36;5;0;GrrG;23446.75
J36;5;0;GrrG;23447.00
J36;5;0;GrrG;23447.25
J36;5;0;GrrG;23447.50
J36;5;0;GrrG;23447.75
J36;5;0;GrrG;23448.00
J36;5;0;GrrG;23448.25
J36;5;0;GrrG;23448.50
J36;5;0;GrrG;23448.75
J36;5;0;GrrG;23449.00
J36;5;0;GrrG;23449.25
J36;5;0;GrrG;23449.50
J36;5;0;GrrG;23449.75
J36;5;0;GrrG;23450.00
J36;5;0;GrrG;23450.25
J36;5;0;GrrG;23450.50
J36;5;0;GrrG;23450.75
J36;5;0;GrrG;23451.00
J36;5;0;GrrG;23451.25
J36;5;0;GrrG;23451.50
J36;5;0;GrrG;23451.75
J36;5;0;GrrG;23452.00
J36;5;0;GrrG;23452.25
J36;5;0;GrrG;23452.50
J36;5;0;GrrG;23452.75
J36;5;0;GrrG;23453.00
J36;5;0;GrrG;23453.25
J36;5;0;GrrG;23453.50
J36;5;0;GrrG;23453.75
J36;5;0;GrrG;23454.00
J36;5;0;GrrG;23454.25
J36;6;0;yrry;23454.50
J36;6;0;yrry;23454.75
J36;6;0;yrry;23455.00
J36;6;0;yrry;23455.25
J36;6;0;yrry;23455.50
J36;6;0;yrry;23455.75
J36;6;0;yrry;23456.00
J36;6;0;yrry;23456.25
J36;6;0;yrry;23456.50
J36;6;0;yrry;23456.75
J36;6;0;yrry;23457.00
J36;6;0;yrry;23457.25
J36;7;0;rrrr;23457.50
J36;7;0;rrrr;23457.75
J36;7;0;rrrr;23458.00
J36;7;0;rrrr;23458.25
J36;0;0;ruur;23458.50
J36;0;0;ruur;23458.75
J36;0;0;ruur;23459.00
J36;0;0;ruur;23459.25
J36;1;0;rGGr;23459.50
J36;1;0;rGGr;23459.75
J36;1;0;rGGr;23460.00
J36;1;0;rGGr;23460.25
J36;1;0;rGGr;23460.50
J36;1;0;rGGr;23460.75
J36;1;0;rGGr;23461.00
J36;1;0;rGGr;23461.25
J36;1;0;rGGr;23461.50
J36;1;0;rGGr;23461.75
J36;1;0;rGGr;23462.00
J36;1;0;rGGr;23462.25
J36;1;0;rGGr;23462.50
J36;1;0;rGGr;23462.75
J36;1;0;rGGr;23463.00
J36;1;0;rGGr;23463.25
J36;1;0;rGGr;23463.50
J36;1;0;rGGr;23463.75
J36;1;0;rGGr;23464.00
J36;1;0;rGGr;23464.25
J36;1;0;rGGr;23464.50
J36;1;0;rGGr;23464.75
J36;1;0;rGGr;23465.00
J36;1;0;rGGr;23465.25
J36;1;0;rGGr;23465.50
J36;1;0;rGGr;23465.75
J36;1;0;rGGr;23466.00
J36;1;0;rGGr;23466.25
J36;1;0;rGGr;23466.50
J36;1;0;rGGr;23466.75
J36;1;0;rGGr;23467.00
J36;1;0;rGGr;23467.25
J36;1;0;rGGr;23467.50
J36;1;0;rGGr;23467.75
J36;1;0;rGGr;23468.00
J36;1;0;rGGr;23468.25
J36;1;0;rGGr;23468.50
J36;1;0;rGGr;23468.75
J36;1;0;rGGr;23469.00
J36;1;0;rGGr;23469.25
J36;1;0;rGGr;23469.50
J36;1;0;rGGr;23469.75
J36;1;0;rGGr;23470.00
J36;1;0;rGGr;23470.25
J36;1;0;rGGr;23470.50
J36;1;0;rGGr;23470.75
J36;1;0;rGGr;23471.00
J36;1;0;rGGr;23471.25
J36;1;0;rGGr;23471.50
J36;1;0;rGGr;23471.75
J36;1;0;rGGr;23472.00
J36;1;0;rGGr;23472.25
J36;1;0;rGGr;23472.50
J36;1;0;rGGr;23472.75
J36;1;0;rGGr;23473.00
J36;1;0;rGGr;23473.25
J36;1;0;rGGr;23473.50
J36;1;0;rGGr;23473.75
J36;1;0;rGGr;23474.00
J36;1;0;rGGr;23474.25
J36;1;0;rGGr;23474.50
J36;1;0;rGGr;23474.75
J36;1;0;rGGr;23475.00
J36;1;0;rGGr;23475.25
J36;1;0;rGGr;23475.50
J36;1;0;rGGr;23475.75
J36;1;0;rGGr;23476.00
J36;1;0;rGGr;23476.25
J36;1;0;rGGr;23476.50
J36;1;0;rGGr;23476.75
J36;1;0;rGGr;23477.00
J36;1;0;rGGr;23477.25
J36;1;0;rGGr;23477.50
J36;1;0;rGGr;23477.75
J36;1;0;rGGr;23478.00
J36;1;0;rGGr;23478.25
J36;1;0;rGGr;23478.50
J36;1;0;rGGr;23478.75
J36;1;0;rGGr;23479.00
J36;1;0;rGGr;23479.25
J36;1;0;rGGr;23479.50
J36;1;0;rGGr;23479.75
J36;1;0;rGGr;23480.00
J36;1;0;rGGr;23480.25
J36;1;0;rGGr;23480.50
J36;1;0;rGGr;23480.75
J36;1;0;rGGr;23481.00
J36;1;0;rGGr;23481.25
J36;1;0;rGGr;23481.50
J36;1;0;rGGr;23481.75
J36;1;0;rGGr;23482.00
J36;1;0;rGGr;23482.25
J36;1;0;rGGr;23482.50
J36;1;0;rGGr;23482.75
J36;1;0;rGGr;23483.00
J36;1;0;rGGr;23483.25
J36;1;0;rGGr;23483.50
J36;1;0;rGGr;23483.75
J36;1;0;rGGr;23484.00
J36;1;0;rGGr;23484.25
J36;2;0;ryyr;23484.50
J36;2;0;ryyr;23484.75
J36;2;0;ryyr;23485.00
J36;2;0;ryyr;23485.25
J36;2;0;ryyr;23485.50
J36;2;0;ryyr;23485.75
J36;2;0;ryyr;23486.00
J36;2;0;ryyr;23486.25
J36;2;0;ryyr;23486.50
J36;2;0;ryyr;23486.75
J36;2;0;ryyr;23487.00
J36;2;0;ryyr;23487.25
J36;2;0;ryyr;23487.50
J36;2;0;ryyr;23487.75
J36;2;0;ryyr;23488.00
J36;2;0;ryyr;23488.25
J36;2;0;ryyr;23488.50
J36;2;0;ryyr;23488.75
J36;2;0;ryyr;23489.00
J36;2;0;ryyr;23489.25
J36;2;0;ryyr;23489.50
J36;2;0;ryyr;23489.75
J36;2;0;ryyr;23490.00
J36;2;0;ryyr;23490.25
J36;3;0;rrrr;23490.50
J36;3;0;rrrr;23490.75
J36;3;0;rrrr;23491.00
J36;3;0;rrrr;23491.25
J36;4;0;urru;23491.50
J36;4;0;urru;23491.75
J36;4;0;urru;23492.00
J36;4;0;urru;23492.25
J36;5;0;GrrG;23492.50
J36;5;0;GrrG;23492.75
J36;5;0;GrrG;23493.00
J36;5;0;GrrG;23493.25
J36;5;0;GrrG;23493.50
J36;5;0;GrrG;23493.75
J36;5;0;GrrG;23494.00
J36;5;0;GrrG;23494.25
J36;5;0;GrrG;23494.50
J36;5;0;GrrG;23494.75
J36;5;0;GrrG;23495.00
J36;5;0;GrrG;23495.25
J36;5;0;GrrG;23495.50
J36;5;0;GrrG;23495.75
J36;5;0;GrrG;23496.00
J36;5;0;GrrG;23496.25
J36;5;0;GrrG;23496.50
J36;5;0;GrrG;23496.75
J36;5;0;GrrG;23497.00
J36;5;0;GrrG;23497.25
J36;5;0;GrrG;23497.50
J36;5;0;GrrG;23497.75
J36;5;0;GrrG;23498.00
J36;5;0;GrrG;23498.25
J36;5;0;GrrG;23498.50
J36;5;0;GrrG;23498.75
J36;5;0;GrrG;23499.00
J36;5;0;GrrG;23499.25
J36;5;0;GrrG;23499.50
J36;5;0;GrrG;23499.75
J36;5;0;GrrG;23500.00
J36;5;0;GrrG;23500.25
J36;5;0;GrrG;23500.50
J36;5;0;GrrG;23500.75
J36;5;0;GrrG;23501.00
J36;5;0;GrrG;23501.25
J36;5;0;GrrG;23501.50
J36;5;0;GrrG;23501.75
J36;5;0;GrrG;23502.00
J36;5;0;GrrG;23502.25
J36;5;0;GrrG;23502.50
J36;5;0;GrrG;23502.75
J36;5;0;GrrG;23503.00
J36;5;0;GrrG;23503.25
J36;5;0;GrrG;23503.50
J36;5;0;GrrG;23503.75
J36;5;0;GrrG;23504.00
J36;5;0;GrrG;23504.25
J36;5;0;GrrG;23504.50
J36;5;0;GrrG;23504.75
J36;5;0;GrrG;23505.00
J36;5;0;GrrG;23505.25
J36;5;0;GrrG;23505.50
J36;5;0;GrrG;23505.75
J36;5;0;GrrG;23506.00
J36;5;0;GrrG;23506.25
J36;5;0;GrrG;23506.50
J36;5;0;GrrG;23506.75
J36;5;0;GrrG;23507.00
J36;5;0;GrrG;23507.25
J36;5;0;GrrG;23507.50
J36;5;0;GrrG;23507.75
J36;5;0;GrrG;23508.00
J36;5;0;GrrG;23508.25
J36;5;0;GrrG;23508.50
J36;5;0;GrrG;23508.75
J36;5;0;GrrG;23509.00
J36;5;0;GrrG;23509.25
J36;5;0;GrrG;23509.50
J36;5;0;GrrG;23509.75
J36;5;0;GrrG;23510.00
J36;5;0;GrrG;23510.25
J36;5;0;GrrG;23510.50
J36;5;0;GrrG;23510.75
J36;5;0;GrrG;23511.00
J36;5;0;GrrG;23511.25
J36;5;0;GrrG;23511.50
J36;5;0;GrrG;23511.75
J36;5;0;GrrG;23512.00
J36;5;0;GrrG;23512.25
J36;5;0;GrrG;23512.50
J36;5;0;GrrG;23512.75
J36;5;0;GrrG;23513.00
J36;5;0;GrrG;23513.25
J36;5;0;GrrG;23513.50
J36;5;0;GrrG;23513.75
J36;5;0;GrrG;23514.00
J36;5;0;GrrG;23514.25
J36;5;0;GrrG;23514.50
J36;5;0;GrrG;23514.75
J36;5;0;GrrG;23515.00
J36;5;0;GrrG;23515.25
J36;5;0;GrrG;23515.50
J36;5;0;GrrG;23515.75
J36;5;0;GrrG;23516.00
J36;5;0;GrrG;23516.25
J36;5;0;GrrG;23516.50
J36;5;0;GrrG;23516.75
J36;5;0;GrrG;23517.00
J36;5;0;GrrG;23517.25
J36;6;0;yrry;23517.50
J36;6;0;yrry;23517.75
J36;6;0;yrry;23518.00
J36;6;0;yrry;23518.25
J36;6;0;yrry;23518.50
J36;6;0;yrry;23518.75
J36;6;0;yrry;23519.00
J36;6;0;yrry;23519.25
J36;6;0;yrry;23519.50
J36;6;0;yrry;23519.75
J36;6;0;yrry;23520.00
J36;6;0;yrry;23520.25
J36;7;0;rrrr;23520.50
J36;7;0;rrrr;23520.75
J36;7;0;rrrr;23521.00
J36;7;0;rrrr;23521.25
J36;0;0;ruur;23521.50
J36;0;0;ruur;23521.75
J36;0;0;ruur;23522.00
J36;0;0;ruur;23522.25
J36;1;0;rGGr;23522.50
J36;1;0;rGGr;23522.75
J36;1;0;rGGr;23523.00
J36;1;0;rGGr;23523.25
J36;1;0;rGGr;23523.50
J36;1;0;rGGr;23523.75
J36;1;0;rGGr;23524.00
J36;1;0;rGGr;23524.25
J36;1;0;rGGr;23524.50
J36;1;0;rGGr;23524.75
J36;1;0;rGGr;23525.00
J36;1;0;rGGr;23525.25
J36;0;online;yyyyyyyyyyyyyyyyyyyyyyyyyyyyyyyyyyyyyyyyyyyyyyyyyyyyyyyyy;23525.50
J36;0;online;yyyyyyyyyyyyyyyyyyyyyyyyyyyyyyyyyyyyyyyyyyyyyyyyyyyyyyyyy;23525.75
J36;0;online;yyyyyyyyyyyyyyyyyyyyyyyyyyyyyyyyyyyyyyyyyyyyyyyyyyyyyyyyy;23526.00
J36;0;online;yyyyyyyyyyyyyyyyyyyyyyyyyyyyyyyyyyyyyyyyyyyyyyyyyyyyyyyyy;23526.25
J36;0;online;yyyyyyyyyyyyyyyyyyyyyyyyyyyyyyyyyyyyyyyyyyyyyyyyyyyyyyyyy;23526.50
J36;0;online;yyyyyyyyyyyyyyyyyyyyyyyyyyyyyyyyyyyyyyyyyyyyyyyyyyyyyyyyy;23526.75
J36;0;online;yyyyyyyyyyyyyyyyyyyyyyyyyyyyyyyyyyyyyyyyyyyyyyyyyyyyyyyyy;23527.00
J36;0;online;yyyyyyyyyyyyyyyyyyyyyyyyyyyyyyyyyyyyyyyyyyyyyyyyyyyyyyyyy;23527.25
J36;0;online;yyyyyyyyyyyyyyyyyyyyyyyyyyyyyyyyyyyyyyyyyyyyyyyyyyyyyyyyy;23527.50
J36;0;online;yyyyyyyyyyyyyyyyyyyyyyyyyyyyyyyyyyyyyyyyyyyyyyyyyyyyyyyyy;23527.75
J36;0;online;yyyyyyyyyyyyyyyyyyyyyyyyyyyyyyyyyyyyyyyyyyyyyyyyyyyyyyyyy;23528.00
J36;0;online;yyyyyyyyyyyyyyyyyyyyyyyyyyyyyyyyyyyyyyyyyyyyyyyyyyyyyyyyy;23528.25
J36;4;0;urru;23528.50
J36;4;0;urru;23528.75
J36;4;0;urru;23529.00
J36;4;0;urru;23529.25
J36;5;0;GrrG;23529.50
J36;5;0;GrrG;23529.75
J36;5;0;GrrG;23530.00
J36;5;0;GrrG;23530.25
J36;5;0;GrrG;23530.50
J36;5;0;GrrG;23530.75
J36;5;0;GrrG;23531.00
J36;5;0;GrrG;23531.25
J36;5;0;GrrG;23531.50
J36;5;0;GrrG;23531.75
J36;5;0;GrrG;23532.00
J36;5;0;GrrG;23532.25
J36;5;0;GrrG;23532.50
J36;5;0;GrrG;23532.75
J36;5;0;GrrG;23533.00
J36;5;0;GrrG;23533.25
J36;5;0;GrrG;23533.50
J36;5;0;GrrG;23533.75
J36;5;0;GrrG;23534.00
J36;5;0;GrrG;23534.25
J36;5;0;GrrG;23534.50
J36;5;0;GrrG;23534.75
J36;5;0;GrrG;23535.00
J36;5;0;GrrG;23535.25
J36;5;0;GrrG;23535.50
J36;5;0;GrrG;23535.75
J36;5;0;GrrG;23536.00
J36;5;0;GrrG;23536.25
J36;5;0;GrrG;23536.50
J36;5;0;GrrG;23536.75
J36;5;0;GrrG;23537.00
J36;5;0;GrrG;23537.25
J36;5;0;GrrG;23537.50
J36;5;0;GrrG;23537.75
J36;5;0;GrrG;23538.00
J36;5;0;GrrG;23538.25
J36;5;0;GrrG;23538.50
J36;5;0;GrrG;23538.75
J36;5;0;GrrG;23539.00
J36;5;0;GrrG;23539.25
J36;5;0;GrrG;23539.50
J36;5;0;GrrG;23539.75
J36;5;0;GrrG;23540.00
J36;5;0;GrrG;23540.25
J36;5;0;GrrG;23540.50
J36;5;0;GrrG;23540.75
J36;5;0;GrrG;23541.00
J36;5;0;GrrG;23541.25
J36;5;0;GrrG;23541.50
J36;5;0;GrrG;23541.75
J36;5;0;GrrG;23542.00
J36;5;0;GrrG;23542.25
J36;5;0;GrrG;23542.50
J36;5;0;GrrG;23542.75
J36;5;0;GrrG;23543.00
J36;5;0;GrrG;23543.25
J36;5;0;GrrG;23543.50
J36;5;0;GrrG;23543.75
J36;5;0;GrrG;23544.00
J36;5;0;GrrG;23544.25
J36;5;0;GrrG;23544.50
J36;5;0;GrrG;23544.75
J36;5;0;GrrG;23545.00
J36;5;0;GrrG;23545.25
J36;5;0;GrrG;23545.50
J36;5;0;GrrG;23545.75
J36;5;0;GrrG;23546.00
J36;5;0;GrrG;23546.25
J36;5;0;GrrG;23546.50
J36;5;0;GrrG;23546.75
J36;5;0;GrrG;23547.00
J36;5;0;GrrG;23547.25
J36;5;0;GrrG;23547.50
J36;5;0;GrrG;23547.75
J36;5;0;GrrG;23548.00
J36;5;0;GrrG;23548.25
J36;5;0;GrrG;23548.50
J36;5;0;GrrG;23548.75
J36;5;0;GrrG;23549.00
J36;5;0;GrrG;23549.25
J36;5;0;GrrG;23549.50
J36;5;0;GrrG;23549.75
J36;5;0;GrrG;23550.00
J36;5;0;GrrG;23550.25
J36;5;0;GrrG;23550.50
J36;5;0;GrrG;23550.75
J36;5;0;GrrG;23551.00
J36;5;0;GrrG;23551.25
J36;5;0;GrrG;23551.50
J36;5;0;GrrG;23551.75
J36;5;0;GrrG;23552.00
J36;5;0;GrrG;23552.25
J36;5;0;GrrG;23552.50
J36;5;0;GrrG;23552.75
J36;5;0;GrrG;23553.00
J36;5;0;GrrG;23553.25
J36;5;0;GrrG;23553.50
J36;5;0;GrrG;23553.75
J36;5;0;GrrG;23554.00
J36;5;0;GrrG;23554.25
J36;6;0;yrry;23554.50
J36;6;0;yrry;23554.75
J36;6;0;yrry;23555.00
J36;6;0;yrry;23555.25
J36;6;0;yrry;23555.50
J36;6;0;yrry;23555.75
J36;6;0;yrry;23556.00
J36;6;0;yrry;23556.25
J36;6;0;yrry;23556.50
J36;6;0;yrry;23556.75
J36;6;0;yrry;23557.00
J36;6;0;yrry;23557.25
J36;7;0;rrrr;23557.50
J36;7;0;rrrr;23557.75
J36;7;0;rrrr;23558.00
J36;7;0;rrrr;23558.25
J36;0;0;ruur;23558.50
J36;0;0;ruur;23558.75
J36;0;0;ruur;23559.00
J36;0;0;ruur;23559.25
J36;1;0;rGGr;23559.50
J36;1;0;rGGr;23559.75
J36;1;0;rGGr;23560.00
J36;1;0;rGGr;23560.25
J36;1;0;rGGr;23560.50
J36;1;0;rGGr;23560.75
J36;1;0;rGGr;23561.00
J36;1;0;rGGr;23561.25
J36;1;0;rGGr;23561.50
J36;1;0;rGGr;23561.75
J36;1;0;rGGr;23562.00
J36;1;0;rGGr;23562.25
J36;1;0;rGGr;23562.50
J36;1;0;rGGr;23562.75
J36;1;0;rGGr;23563.00
J36;1;0;rGGr;23563.25
J36;1;0;rGGr;23563.50
J36;1;0;rGGr;23563.75
J36;1;0;rGGr;23564.00
J36;1;0;rGGr;23564.25
J36;1;0;rGGr;23564.50
J36;1;0;rGGr;23564.75
J36;1;0;rGGr;23565.00
J36;1;0;rGGr;23565.25
J36;0;online;yyyyyyyyyyyyyyyyyyyyyyyyyyyyyyyyyyyyyyyyyyyyyyyyyyyyyyyyy;23565.50
J36;0;online;yyyyyyyyyyyyyyyyyyyyyyyyyyyyyyyyyyyyyyyyyyyyyyyyyyyyyyyyy;23565.75
J36;0;online;yyyyyyyyyyyyyyyyyyyyyyyyyyyyyyyyyyyyyyyyyyyyyyyyyyyyyyyyy;23566.00
J36;0;online;yyyyyyyyyyyyyyyyyyyyyyyyyyyyyyyyyyyyyyyyyyyyyyyyyyyyyyyyy;23566.25
J36;0;online;yyyyyyyyyyyyyyyyyyyyyyyyyyyyyyyyyyyyyyyyyyyyyyyyyyyyyyyyy;23566.50
J36;0;online;yyyyyyyyyyyyyyyyyyyyyyyyyyyyyyyyyyyyyyyyyyyyyyyyyyyyyyyyy;23566.75
J36;0;online;yyyyyyyyyyyyyyyyyyyyyyyyyyyyyyyyyyyyyyyyyyyyyyyyyyyyyyyyy;23567.00
J36;0;online;yyyyyyyyyyyyyyyyyyyyyyyyyyyyyyyyyyyyyyyyyyyyyyyyyyyyyyyyy;23567.25
J36;0;online;yyyyyyyyyyyyyyyyyyyyyyyyyyyyyyyyyyyyyyyyyyyyyyyyyyyyyyyyy;23567.50
J36;0;online;yyyyyyyyyyyyyyyyyyyyyyyyyyyyyyyyyyyyyyyyyyyyyyyyyyyyyyyyy;23567.75
J36;0;online;yyyyyyyyyyyyyyyyyyyyyyyyyyyyyyyyyyyyyyyyyyyyyyyyyyyyyyyyy;23568.00
J36;0;online;yyyyyyyyyyyyyyyyyyyyyyyyyyyyyyyyyyyyyyyyyyyyyyyyyyyyyyyyy;23568.25
J36;4;0;urru;23568.50
J36;4;0;urru;23568.75
J36;4;0;urru;23569.00
J36;4;0;urru;23569.25
J36;5;0;GrrG;23569.50
J36;5;0;GrrG;23569.75
J36;5;0;GrrG;23570.00
J36;5;0;GrrG;23570.25
J36;5;0;GrrG;23570.50
J36;5;0;GrrG;23570.75
J36;5;0;GrrG;23571.00
J36;5;0;GrrG;23571.25
J36;5;0;GrrG;23571.50
J36;5;0;GrrG;23571.75
J36;5;0;GrrG;23572.00
J36;5;0;GrrG;23572.25
J36;5;0;GrrG;23572.50
J36;5;0;GrrG;23572.75
J36;5;0;GrrG;23573.00
J36;5;0;GrrG;23573.25
J36;5;0;GrrG;23573.50
J36;5;0;GrrG;23573.75
J36;5;0;GrrG;23574.00
J36;5;0;GrrG;23574.25
J36;5;0;GrrG;23574.50
J36;5;0;GrrG;23574.75
J36;5;0;GrrG;23575.00
J36;5;0;GrrG;23575.25
J36;5;0;GrrG;23575.50
J36;5;0;GrrG;23575.75
J36;5;0;GrrG;23576.00
J36;5;0;GrrG;23576.25
J36;5;0;GrrG;23576.50
J36;5;0;GrrG;23576.75
J36;5;0;GrrG;23577.00
J36;5;0;GrrG;23577.25
J36;5;0;GrrG;23577.50
J36;5;0;GrrG;23577.75
J36;5;0;GrrG;23578.00
J36;5;0;GrrG;23578.25
J36;5;0;GrrG;23578.50
J36;5;0;GrrG;23578.75
J36;5;0;GrrG;23579.00
J36;5;0;GrrG;23579.25
J36;5;0;GrrG;23579.50
J36;5;0;GrrG;23579.75
J36;5;0;GrrG;23580.00
J36;5;0;GrrG;23580.25
J36;5;0;GrrG;23580.50
J36;5;0;GrrG;23580.75
J36;5;0;GrrG;23581.00
J36;5;0;GrrG;23581.25
J36;5;0;GrrG;23581.50
J36;5;0;GrrG;23581.75
J36;5;0;GrrG;23582.00
J36;5;0;GrrG;23582.25
J36;5;0;GrrG;23582.50
J36;5;0;GrrG;23582.75
J36;5;0;GrrG;23583.00
J36;5;0;GrrG;23583.25
J36;5;0;GrrG;23583.50
J36;5;0;GrrG;23583.75
J36;5;0;GrrG;23584.00
J36;5;0;GrrG;23584.25
J36;5;0;GrrG;23584.50
J36;5;0;GrrG;23584.75
J36;5;0;GrrG;23585.00
J36;5;0;GrrG;23585.25
J36;5;0;GrrG;23585.50
J36;5;0;GrrG;23585.75
J36;5;0;GrrG;23586.00
J36;5;0;GrrG;23586.25
J36;5;0;GrrG;23586.50
J36;5;0;GrrG;23586.75
J36;5;0;GrrG;23587.00
J36;5;0;GrrG;23587.25
J36;5;0;GrrG;23587.50
J36;5;0;GrrG;23587.75
J36;5;0;GrrG;23588.00
J36;5;0;GrrG;23588.25
J36;5;0;GrrG;23588.50
J36;5;0;GrrG;23588.75
J36;5;0;GrrG;23589.00
J36;5;0;GrrG;23589.25
J36;5;0;GrrG;23589.50
J36;5;0;GrrG;23589.75
J36;5;0;GrrG;23590.00
J36;5;0;GrrG;23590.25
J36;5;0;GrrG;23590.50
J36;5;0;GrrG;23590.75
J36;5;0;GrrG;23591.00
J36;5;0;GrrG;23591.25
J36;5;0;GrrG;23591.50
J36;5;0;GrrG;23591.75
J36;5;0;GrrG;23592.00
J36;5;0;GrrG;23592.25
J36;5;0;GrrG;23592.50
J36;5;0;GrrG;23592.75
J36;5;0;GrrG;23593.00
J36;5;0;GrrG;23593.25
J36;5;0;GrrG;23593.50
J36;5;0;GrrG;23593.75
J36;5;0;GrrG;23594.00
J36;5;0;GrrG;23594.25
J36;6;0;yrry;23594.50
J36;6;0;yrry;23594.75
J36;6;0;yrry;23595.00
J36;6;0;yrry;23595.25
J36;6;0;yrry;23595.50
J36;6;0;yrry;23595.75
J36;6;0;yrry;23596.00
J36;6;0;yrry;23596.25
J36;6;0;yrry;23596.50
J36;6;0;yrry;23596.75
J36;6;0;yrry;23597.00
J36;6;0;yrry;23597.25
J36;7;0;rrrr;23597.50
J36;7;0;rrrr;23597.75
J36;7;0;rrrr;23598.00
J36;7;0;rrrr;23598.25
J36;0;0;ruur;23598.50
J36;0;0;ruur;23598.75
J36;0;0;ruur;23599.00
J36;0;0;ruur;23599.25
J36;1;0;rGGr;23599.50
J36;1;0;rGGr;23599.75
J36;1;0;rGGr;23600.00
J36;1;0;rGGr;23600.25
J36;1;0;rGGr;23600.50
J36;1;0;rGGr;23600.75
J36;1;0;rGGr;23601.00
J36;1;0;rGGr;23601.25
J36;1;0;rGGr;23601.50
J36;1;0;rGGr;23601.75
J36;1;0;rGGr;23602.00
J36;1;0;rGGr;23602.25
J36;1;0;rGGr;23602.50
J36;1;0;rGGr;23602.75
J36;1;0;rGGr;23603.00
J36;1;0;rGGr;23603.25
J36;1;0;rGGr;23603.50
J36;1;0;rGGr;23603.75
J36;1;0;rGGr;23604.00
J36;1;0;rGGr;23604.25
J36;1;0;rGGr;23604.50
J36;1;0;rGGr;23604.75
J36;1;0;rGGr;23605.00
J36;1;0;rGGr;23605.25
J36;1;0;rGGr;23605.50
J36;1;0;rGGr;23605.75
J36;1;0;rGGr;23606.00
J36;1;0;rGGr;23606.25
J36;1;0;rGGr;23606.50
J36;1;0;rGGr;23606.75
J36;1;0;rGGr;23607.00
J36;1;0;rGGr;23607.25
J36;1;0;rGGr;23607.50
J36;1;0;rGGr;23607.75
J36;1;0;rGGr;23608.00
J36;1;0;rGGr;23608.25
J36;1;0;rGGr;23608.50
J36;1;0;rGGr;23608.75
J36;1;0;rGGr;23609.00
J36;1;0;rGGr;23609.25
J36;1;0;rGGr;23609.50
J36;1;0;rGGr;23609.75
J36;1;0;rGGr;23610.00
J36;1;0;rGGr;23610.25
J36;1;0;rGGr;23610.50
J36;1;0;rGGr;23610.75
J36;1;0;rGGr;23611.00
J36;1;0;rGGr;23611.25
J36;1;0;rGGr;23611.50
J36;1;0;rGGr;23611.75
J36;1;0;rGGr;23612.00
J36;1;0;rGGr;23612.25
J36;1;0;rGGr;23612.50
J36;1;0;rGGr;23612.75
J36;1;0;rGGr;23613.00
J36;1;0;rGGr;23613.25
J36;1;0;rGGr;23613.50
J36;1;0;rGGr;23613.75
J36;1;0;rGGr;23614.00
J36;1;0;rGGr;23614.25
J36;1;0;rGGr;23614.50
J36;1;0;rGGr;23614.75
J36;1;0;rGGr;23615.00
J36;1;0;rGGr;23615.25
J36;1;0;rGGr;23615.50
J36;1;0;rGGr;23615.75
J36;1;0;rGGr;23616.00
J36;1;0;rGGr;23616.25
J36;1;0;rGGr;23616.50
J36;1;0;rGGr;23616.75
J36;1;0;rGGr;23617.00
J36;1;0;rGGr;23617.25
J36;1;0;rGGr;23617.50
J36;1;0;rGGr;23617.75
J36;1;0;rGGr;23618.00
J36;1;0;rGGr;23618.25
J36;1;0;rGGr;23618.50
J36;1;0;rGGr;23618.75
J36;1;0;rGGr;23619.00
J36;1;0;rGGr;23619.25
J36;1;0;rGGr;23619.50
J36;1;0;rGGr;23619.75
J36;1;0;rGGr;23620.00
J36;1;0;rGGr;23620.25
J36;1;0;rGGr;23620.50
J36;1;0;rGGr;23620.75
J36;1;0;rGGr;23621.00
J36;1;0;rGGr;23621.25
J36;1;0;rGGr;23621.50
J36;1;0;rGGr;23621.75
J36;1;0;rGGr;23622.00
J36;1;0;rGGr;23622.25
J36;1;0;rGGr;23622.50
J36;1;0;rGGr;23622.75
J36;1;0;rGGr;23623.00
J36;1;0;rGGr;23623.25
J36;1;0;rGGr;23623.50
J36;1;0;rGGr;23623.75
J36;1;0;rGGr;23624.00
J36;1;0;rGGr;23624.25
J36;1;0;rGGr;23624.50
J36;1;0;rGGr;23624.75
J36;1;0;rGGr;23625.00
J36;1;0;rGGr;23625.25
J36;1;0;rGGr;23625.50
J36;1;0;rGGr;23625.75
J36;1;0;rGGr;23626.00
J36;1;0;rGGr;23626.25
J36;1;0;rGGr;23626.50
J36;1;0;rGGr;23626.75
J36;1;0;rGGr;23627.00
J36;1;0;rGGr;23627.25
J36;1;0;rGGr;23627.50
J36;1;0;rGGr;23627.75
J36;1;0;rGGr;23628.00
J36;1;0;rGGr;23628.25
J36;1;0;rGGr;23628.50
J36;1;0;rGGr;23628.75
J36;1;0;rGGr;23629.00
J36;1;0;rGGr;23629.25
J36;1;0;rGGr;23629.50
J36;1;0;rGGr;23629.75
J36;1;0;rGGr;23630.00
J36;1;0;rGGr;23630.25
J36;1;0;rGGr;23630.50
J36;1;0;rGGr;23630.75
J36;1;0;rGGr;23631.00
J36;1;0;rGGr;23631.25
J36;1;0;rGGr;23631.50
J36;1;0;rGGr;23631.75
J36;1;0;rGGr;23632.00
J36;1;0;rGGr;23632.25
J36;1;0;rGGr;23632.50
J36;1;0;rGGr;23632.75
J36;1;0;rGGr;23633.00
J36;1;0;rGGr;23633.25
J36;1;0;rGGr;23633.50
J36;1;0;rGGr;23633.75
J36;1;0;rGGr;23634.00
J36;1;0;rGGr;23634.25
J36;1;0;rGGr;23634.50
J36;1;0;rGGr;23634.75
J36;1;0;rGGr;23635.00
J36;1;0;rGGr;23635.25
J36;1;0;rGGr;23635.50
J36;1;0;rGGr;23635.75
J36;1;0;rGGr;23636.00
J36;1;0;rGGr;23636.25
J36;1;0;rGGr;23636.50
J36;1;0;rGGr;23636.75
J36;1;0;rGGr;23637.00
J36;1;0;rGGr;23637.25
J36;1;0;rGGr;23637.50
J36;1;0;rGGr;23637.75
J36;1;0;rGGr;23638.00
J36;1;0;rGGr;23638.25
J36;1;0;rGGr;23638.50
J36;1;0;rGGr;23638.75
J36;1;0;rGGr;23639.00
J36;1;0;rGGr;23639.25
J36;1;0;rGGr;23639.50
J36;1;0;rGGr;23639.75
J36;1;0;rGGr;23640.00
J36;1;0;rGGr;23640.25
J36;1;0;rGGr;23640.50
J36;1;0;rGGr;23640.75
J36;1;0;rGGr;23641.00
J36;1;0;rGGr;23641.25
J36;1;0;rGGr;23641.50
J36;1;0;rGGr;23641.75
J36;1;0;rGGr;23642.00
J36;1;0;rGGr;23642.25
J36;1;0;rGGr;23642.50
J36;1;0;rGGr;23642.75
J36;1;0;rGGr;23643.00
J36;1;0;rGGr;23643.25
J36;1;0;rGGr;23643.50
J36;1;0;rGGr;23643.75
J36;1;0;rGGr;23644.00
J36;1;0;rGGr;23644.25
J36;1;0;rGGr;23644.50
J36;1;0;rGGr;23644.75
J36;1;0;rGGr;23645.00
J36;1;0;rGGr;23645.25
J36;1;0;rGGr;23645.50
J36;1;0;rGGr;23645.75
J36;1;0;rGGr;23646.00
J36;1;0;rGGr;23646.25
J36;1;0;rGGr;23646.50
J36;1;0;rGGr;23646.75
J36;1;0;rGGr;23647.00
J36;1;0;rGGr;23647.25
J36;1;0;rGGr;23647.50
J36;1;0;rGGr;23647.75
J36;1;0;rGGr;23648.00
J36;1;0;rGGr;23648.25
J36;1;0;rGGr;23648.50
J36;1;0;rGGr;23648.75
J36;1;0;rGGr;23649.00
J36;1;0;rGGr;23649.25
J36;1;0;rGGr;23649.50
J36;1;0;rGGr;23649.75
J36;1;0;rGGr;23650.00
J36;1;0;rGGr;23650.25
J36;1;0;rGGr;23650.50
J36;1;0;rGGr;23650.75
J36;1;0;rGGr;23651.00
J36;1;0;rGGr;23651.25
J36;1;0;rGGr;23651.50
J36;1;0;rGGr;23651.75
J36;1;0;rGGr;23652.00
J36;1;0;rGGr;23652.25
J36;1;0;rGGr;23652.50
J36;1;0;rGGr;23652.75
J36;1;0;rGGr;23653.00
J36;1;0;rGGr;23653.25
J36;1;0;rGGr;23653.50
J36;1;0;rGGr;23653.75
J36;1;0;rGGr;23654.00
J36;1;0;rGGr;23654.25
J36;1;0;rGGr;23654.50
J36;1;0;rGGr;23654.75
J36;1;0;rGGr;23655.00
J36;1;0;rGGr;23655.25
J36;1;0;rGGr;23655.50
J36;1;0;rGGr;23655.75
J36;1;0;rGGr;23656.00
J36;1;0;rGGr;23656.25
J36;1;0;rGGr;23656.50
J36;1;0;rGGr;23656.75
J36;1;0;rGGr;23657.00
J36;1;0;rGGr;23657.25
J36;1;0;rGGr;23657.50
J36;1;0;rGGr;23657.75
J36;1;0;rGGr;23658.00
J36;1;0;rGGr;23658.25
J36;1;0;rGGr;23658.50
J36;1;0;rGGr;23658.75
J36;1;0;rGGr;23659.00
J36;1;0;rGGr;23659.25
J36;1;0;rGGr;23659.50
J36;1;0;rGGr;23659.75
J36;1;0;rGGr;23660.00
J36;1;0;rGGr;23660.25
J36;1;0;rGGr;23660.50
J36;1;0;rGGr;23660.75
J36;1;0;rGGr;23661.00
J36;1;0;rGGr;23661.25
J36;1;0;rGGr;23661.50
J36;1;0;rGGr;23661.75
J36;1;0;rGGr;23662.00
J36;1;0;rGGr;23662.25
J36;1;0;rGGr;23662.50
J36;1;0;rGGr;23662.75
J36;1;0;rGGr;23663.00
J36;1;0;rGGr;23663.25
J36;1;0;rGGr;23663.50
J36;1;0;rGGr;23663.75
J36;1;0;rGGr;23664.00
J36;1;0;rGGr;23664.25
J36;1;0;rGGr;23664.50
J36;1;0;rGGr;23664.75
J36;1;0;rGGr;23665.00
J36;1;0;rGGr;23665.25
J36;1;0;rGGr;23665.50
J36;1;0;rGGr;23665.75
J36;2;0;ryyr;23666.00
J36;2;0;ryyr;23666.25
J36;2;0;ryyr;23666.50
J36;2;0;ryyr;23666.75
J36;2;0;ryyr;23667.00
J36;2;0;ryyr;23667.25
J36;2;0;ryyr;23667.50
J36;2;0;ryyr;23667.75
J36;2;0;ryyr;23668.00
J36;2;0;ryyr;23668.25
J36;2;0;ryyr;23668.50
J36;2;0;ryyr;23668.75
J36;3;0;rrrr;23669.00
J36;3;0;rrrr;23669.25
J36;3;0;rrrr;23669.50
J36;3;0;rrrr;23669.75
J36;4;0;urru;23670.00
J36;4;0;urru;23670.25
J36;4;0;urru;23670.50
J36;4;0;urru;23670.75
J36;5;0;GrrG;23671.00
J36;5;0;GrrG;23671.25
J36;5;0;GrrG;23671.50
J36;5;0;GrrG;23671.75
J36;5;0;GrrG;23672.00
J36;5;0;GrrG;23672.25
J36;5;0;GrrG;23672.50
J36;5;0;GrrG;23672.75
J36;5;0;GrrG;23673.00
J36;5;0;GrrG;23673.25
J36;5;0;GrrG;23673.50
J36;5;0;GrrG;23673.75
J36;5;0;GrrG;23674.00
J36;5;0;GrrG;23674.25
J36;5;0;GrrG;23674.50
J36;5;0;GrrG;23674.75
J36;5;0;GrrG;23675.00
J36;5;0;GrrG;23675.25
J36;5;0;GrrG;23675.50
J36;5;0;GrrG;23675.75
J36;5;0;GrrG;23676.00
J36;5;0;GrrG;23676.25
J36;5;0;GrrG;23676.50
J36;5;0;GrrG;23676.75
J36;5;0;GrrG;23677.00
J36;5;0;GrrG;23677.25
J36;5;0;GrrG;23677.50
J36;5;0;GrrG;23677.75
J36;5;0;GrrG;23678.00
J36;5;0;GrrG;23678.25
J36;5;0;GrrG;23678.50
J36;5;0;GrrG;23678.75
J36;5;0;GrrG;23679.00
J36;5;0;GrrG;23679.25
J36;5;0;GrrG;23679.50
J36;5;0;GrrG;23679.75
J36;5;0;GrrG;23680.00
J36;5;0;GrrG;23680.25
J36;5;0;GrrG;23680.50
J36;5;0;GrrG;23680.75
J36;5;0;GrrG;23681.00
J36;5;0;GrrG;23681.25
J36;5;0;GrrG;23681.50
J36;5;0;GrrG;23681.75
J36;5;0;GrrG;23682.00
J36;5;0;GrrG;23682.25
J36;5;0;GrrG;23682.50
J36;5;0;GrrG;23682.75
J36;5;0;GrrG;23683.00
J36;5;0;GrrG;23683.25
J36;5;0;GrrG;23683.50
J36;5;0;GrrG;23683.75
J36;5;0;GrrG;23684.00
J36;5;0;GrrG;23684.25
J36;5;0;GrrG;23684.50
J36;5;0;GrrG;23684.75
J36;5;0;GrrG;23685.00
J36;5;0;GrrG;23685.25
J36;5;0;GrrG;23685.50
J36;5;0;GrrG;23685.75
J36;5;0;GrrG;23686.00
J36;5;0;GrrG;23686.25
J36;5;0;GrrG;23686.50
J36;5;0;GrrG;23686.75
J36;5;0;GrrG;23687.00
J36;5;0;GrrG;23687.25
J36;5;0;GrrG;23687.50
J36;5;0;GrrG;23687.75
J36;5;0;GrrG;23688.00
J36;5;0;GrrG;23688.25
J36;5;0;GrrG;23688.50
J36;5;0;GrrG;23688.75
J36;5;0;GrrG;23689.00
J36;5;0;GrrG;23689.25
J36;5;0;GrrG;23689.50
J36;5;0;GrrG;23689.75
J36;5;0;GrrG;23690.00
J36;5;0;GrrG;23690.25
J36;5;0;GrrG;23690.50
J36;5;0;GrrG;23690.75
J36;5;0;GrrG;23691.00
J36;5;0;GrrG;23691.25
J36;5;0;GrrG;23691.50
J36;5;0;GrrG;23691.75
J36;5;0;GrrG;23692.00
J36;5;0;GrrG;23692.25
J36;5;0;GrrG;23692.50
J36;5;0;GrrG;23692.75
J36;5;0;GrrG;23693.00
J36;5;0;GrrG;23693.25
J36;5;0;GrrG;23693.50
J36;5;0;GrrG;23693.75
J36;5;0;GrrG;23694.00
J36;5;0;GrrG;23694.25
J36;5;0;GrrG;23694.50
J36;5;0;GrrG;23694.75
J36;5;0;GrrG;23695.00
J36;5;0;GrrG;23695.25
J36;5;0;GrrG;23695.50
J36;5;0;GrrG;23695.75
J36;6;0;yrry;23696.00
J36;6;0;yrry;23696.25
J36;6;0;yrry;23696.50
J36;6;0;yrry;23696.75
J36;6;0;yrry;23697.00
J36;6;0;yrry;23697.25
J36;6;0;yrry;23697.50
J36;6;0;yrry;23697.75
J36;6;0;yrry;23698.00
J36;6;0;yrry;23698.25
J36;6;0;yrry;23698.50
J36;6;0;yrry;23698.75
J36;7;0;rrrr;23699.00
J36;7;0;rrrr;23699.25
J36;7;0;rrrr;23699.50
J36;7;0;rrrr;23699.75
J36;0;0;ruur;23700.00
J36;0;0;ruur;23700.25
J36;0;0;ruur;23700.50
J36;0;0;ruur;23700.75
J36;1;0;rGGr;23701.00
J36;1;0;rGGr;23701.25
J36;1;0;rGGr;23701.50
J36;1;0;rGGr;23701.75
J36;1;0;rGGr;23702.00
J36;1;0;rGGr;23702.25
J36;1;0;rGGr;23702.50
J36;1;0;rGGr;23702.75
J36;1;0;rGGr;23703.00
J36;1;0;rGGr;23703.25
J36;1;0;rGGr;23703.50
J36;1;0;rGGr;23703.75
J36;1;0;rGGr;23704.00
J36;1;0;rGGr;23704.25
J36;1;0;rGGr;23704.50
J36;1;0;rGGr;23704.75
J36;1;0;rGGr;23705.00
J36;1;0;rGGr;23705.25
J36;1;0;rGGr;23705.50
J36;1;0;rGGr;23705.75
J36;1;0;rGGr;23706.00
J36;1;0;rGGr;23706.25
J36;1;0;rGGr;23706.50
J36;1;0;rGGr;23706.75
J36;1;0;rGGr;23707.00
J36;1;0;rGGr;23707.25
J36;1;0;rGGr;23707.50
J36;1;0;rGGr;23707.75
J36;1;0;rGGr;23708.00
J36;1;0;rGGr;23708.25
J36;1;0;rGGr;23708.50
J36;1;0;rGGr;23708.75
J36;1;0;rGGr;23709.00
J36;1;0;rGGr;23709.25
J36;1;0;rGGr;23709.50
J36;1;0;rGGr;23709.75
J36;1;0;rGGr;23710.00
J36;1;0;rGGr;23710.25
J36;1;0;rGGr;23710.50
J36;1;0;rGGr;23710.75
J36;1;0;rGGr;23711.00
J36;1;0;rGGr;23711.25
J36;1;0;rGGr;23711.50
J36;1;0;rGGr;23711.75
J36;1;0;rGGr;23712.00
J36;1;0;rGGr;23712.25
J36;1;0;rGGr;23712.50
J36;1;0;rGGr;23712.75
J36;1;0;rGGr;23713.00
J36;1;0;rGGr;23713.25
J36;1;0;rGGr;23713.50
J36;1;0;rGGr;23713.75
J36;1;0;rGGr;23714.00
J36;1;0;rGGr;23714.25
J36;1;0;rGGr;23714.50
J36;1;0;rGGr;23714.75
J36;1;0;rGGr;23715.00
J36;1;0;rGGr;23715.25
J36;1;0;rGGr;23715.50
J36;1;0;rGGr;23715.75
J36;1;0;rGGr;23716.00
J36;1;0;rGGr;23716.25
J36;1;0;rGGr;23716.50
J36;1;0;rGGr;23716.75
J36;1;0;rGGr;23717.00
J36;1;0;rGGr;23717.25
J36;1;0;rGGr;23717.50
J36;1;0;rGGr;23717.75
J36;1;0;rGGr;23718.00
J36;1;0;rGGr;23718.25
J36;1;0;rGGr;23718.50
J36;1;0;rGGr;23718.75
J36;1;0;rGGr;23719.00
J36;1;0;rGGr;23719.25
J36;1;0;rGGr;23719.50
J36;1;0;rGGr;23719.75
J36;1;0;rGGr;23720.00
J36;1;0;rGGr;23720.25
J36;1;0;rGGr;23720.50
J36;1;0;rGGr;23720.75
J36;1;0;rGGr;23721.00
J36;1;0;rGGr;23721.25
J36;1;0;rGGr;23721.50
J36;1;0;rGGr;23721.75
J36;1;0;rGGr;23722.00
J36;1;0;rGGr;23722.25
J36;1;0;rGGr;23722.50
J36;1;0;rGGr;23722.75
J36;1;0;rGGr;23723.00
J36;1;0;rGGr;23723.25
J36;1;0;rGGr;23723.50
J36;1;0;rGGr;23723.75
J36;1;0;rGGr;23724.00
J36;1;0;rGGr;23724.25
J36;1;0;rGGr;23724.50
J36;1;0;rGGr;23724.75
J36;1;0;rGGr;23725.00
J36;1;0;rGGr;23725.25
J36;1;0;rGGr;23725.50
J36;1;0;rGGr;23725.75
J36;2;0;ryyr;23726.00
J36;2;0;ryyr;23726.25
J36;2;0;ryyr;23726.50
J36;2;0;ryyr;23726.75
J36;2;0;ryyr;23727.00
J36;2;0;ryyr;23727.25
J36;2;0;ryyr;23727.50
J36;2;0;ryyr;23727.75
J36;2;0;ryyr;23728.00
J36;2;0;ryyr;23728.25
J36;2;0;ryyr;23728.50
J36;2;0;ryyr;23728.75
J36;3;0;rrrr;23729.00
J36;3;0;rrrr;23729.25
J36;3;0;rrrr;23729.50
J36;3;0;rrrr;23729.75
J36;4;0;urru;23730.00
J36;4;0;urru;23730.25
J36;4;0;urru;23730.50
J36;4;0;urru;23730.75
J36;5;0;GrrG;23731.00
J36;5;0;GrrG;23731.25
J36;5;0;GrrG;23731.50
J36;5;0;GrrG;23731.75
J36;5;0;GrrG;23732.00
J36;5;0;GrrG;23732.25
J36;5;0;GrrG;23732.50
J36;5;0;GrrG;23732.75
J36;5;0;GrrG;23733.00
J36;5;0;GrrG;23733.25
J36;5;0;GrrG;23733.50
J36;5;0;GrrG;23733.75
J36;5;0;GrrG;23734.00
J36;5;0;GrrG;23734.25
J36;5;0;GrrG;23734.50
J36;5;0;GrrG;23734.75
J36;5;0;GrrG;23735.00
J36;5;0;GrrG;23735.25
J36;5;0;GrrG;23735.50
J36;5;0;GrrG;23735.75
J36;5;0;GrrG;23736.00
J36;5;0;GrrG;23736.25
J36;5;0;GrrG;23736.50
J36;5;0;GrrG;23736.75
J36;5;0;GrrG;23737.00
J36;5;0;GrrG;23737.25
J36;5;0;GrrG;23737.50
J36;5;0;GrrG;23737.75
J36;5;0;GrrG;23738.00
J36;5;0;GrrG;23738.25
J36;5;0;GrrG;23738.50
J36;5;0;GrrG;23738.75
J36;5;0;GrrG;23739.00
J36;5;0;GrrG;23739.25
J36;5;0;GrrG;23739.50
J36;5;0;GrrG;23739.75
J36;5;0;GrrG;23740.00
J36;5;0;GrrG;23740.25
J36;5;0;GrrG;23740.50
J36;5;0;GrrG;23740.75
J36;5;0;GrrG;23741.00
J36;5;0;GrrG;23741.25
J36;5;0;GrrG;23741.50
J36;5;0;GrrG;23741.75
J36;5;0;GrrG;23742.00
J36;5;0;GrrG;23742.25
J36;5;0;GrrG;23742.50
J36;5;0;GrrG;23742.75
J36;5;0;GrrG;23743.00
J36;5;0;GrrG;23743.25
J36;5;0;GrrG;23743.50
J36;5;0;GrrG;23743.75
J36;5;0;GrrG;23744.00
J36;5;0;GrrG;23744.25
J36;5;0;GrrG;23744.50
J36;5;0;GrrG;23744.75
J36;5;0;GrrG;23745.00
J36;5;0;GrrG;23745.25
J36;5;0;GrrG;23745.50
J36;5;0;GrrG;23745.75
J36;5;0;GrrG;23746.00
J36;5;0;GrrG;23746.25
J36;5;0;GrrG;23746.50
J36;5;0;GrrG;23746.75
J36;5;0;GrrG;23747.00
J36;5;0;GrrG;23747.25
J36;5;0;GrrG;23747.50
J36;5;0;GrrG;23747.75
J36;5;0;GrrG;23748.00
J36;5;0;GrrG;23748.25
J36;5;0;GrrG;23748.50
J36;5;0;GrrG;23748.75
J36;5;0;GrrG;23749.00
J36;5;0;GrrG;23749.25
J36;5;0;GrrG;23749.50
J36;5;0;GrrG;23749.75
J36;5;0;GrrG;23750.00
J36;5;0;GrrG;23750.25
J36;5;0;GrrG;23750.50
J36;5;0;GrrG;23750.75
J36;5;0;GrrG;23751.00
J36;5;0;GrrG;23751.25
J36;5;0;GrrG;23751.50
J36;5;0;GrrG;23751.75
J36;5;0;GrrG;23752.00
J36;5;0;GrrG;23752.25
J36;5;0;GrrG;23752.50
J36;5;0;GrrG;23752.75
J36;5;0;GrrG;23753.00
J36;5;0;GrrG;23753.25
J36;5;0;GrrG;23753.50
J36;5;0;GrrG;23753.75
J36;5;0;GrrG;23754.00
J36;5;0;GrrG;23754.25
J36;5;0;GrrG;23754.50
J36;5;0;GrrG;23754.75
J36;5;0;GrrG;23755.00
J36;5;0;GrrG;23755.25
J36;5;0;GrrG;23755.50
J36;5;0;GrrG;23755.75
J36;6;0;yrry;23756.00
J36;6;0;yrry;23756.25
J36;6;0;yrry;23756.50
J36;6;0;yrry;23756.75
J36;6;0;yrry;23757.00
J36;6;0;yrry;23757.25
J36;6;0;yrry;23757.50
J36;6;0;yrry;23757.75
J36;6;0;yrry;23758.00
J36;6;0;yrry;23758.25
J36;6;0;yrry;23758.50
J36;6;0;yrry;23758.75
J36;7;0;rrrr;23759.00
J36;7;0;rrrr;23759.25
J36;7;0;rrrr;23759.50
J36;7;0;rrrr;23759.75
J36;0;0;ruur;23760.00
J36;0;0;ruur;23760.25
J36;0;0;ruur;23760.50
J36;0;0;ruur;23760.75
J36;1;0;rGGr;23761.00
J36;1;0;rGGr;23761.25
J36;1;0;rGGr;23761.50
J36;1;0;rGGr;23761.75
J36;1;0;rGGr;23762.00
J36;1;0;rGGr;23762.25
J36;1;0;rGGr;23762.50
J36;1;0;rGGr;23762.75
J36;1;0;rGGr;23763.00
J36;1;0;rGGr;23763.25
J36;1;0;rGGr;23763.50
J36;1;0;rGGr;23763.75
J36;1;0;rGGr;23764.00
J36;1;0;rGGr;23764.25
J36;1;0;rGGr;23764.50
J36;1;0;rGGr;23764.75
J36;1;0;rGGr;23765.00
J36;1;0;rGGr;23765.25
J36;1;0;rGGr;23765.50
J36;1;0;rGGr;23765.75
J36;1;0;rGGr;23766.00
J36;1;0;rGGr;23766.25
J36;1;0;rGGr;23766.50
J36;1;0;rGGr;23766.75
J36;1;0;rGGr;23767.00
J36;1;0;rGGr;23767.25
J36;1;0;rGGr;23767.50
J36;1;0;rGGr;23767.75
J36;1;0;rGGr;23768.00
J36;1;0;rGGr;23768.25
J36;1;0;rGGr;23768.50
J36;1;0;rGGr;23768.75
J36;1;0;rGGr;23769.00
J36;1;0;rGGr;23769.25
J36;1;0;rGGr;23769.50
J36;1;0;rGGr;23769.75
J36;1;0;rGGr;23770.00
J36;1;0;rGGr;23770.25
J36;1;0;rGGr;23770.50
J36;1;0;rGGr;23770.75
J36;1;0;rGGr;23771.00
J36;1;0;rGGr;23771.25
J36;1;0;rGGr;23771.50
J36;1;0;rGGr;23771.75
J36;1;0;rGGr;23772.00
J36;1;0;rGGr;23772.25
J36;1;0;rGGr;23772.50
J36;1;0;rGGr;23772.75
J36;1;0;rGGr;23773.00
J36;1;0;rGGr;23773.25
J36;1;0;rGGr;23773.50
J36;1;0;rGGr;23773.75
J36;1;0;rGGr;23774.00
J36;1;0;rGGr;23774.25
J36;1;0;rGGr;23774.50
J36;1;0;rGGr;23774.75
J36;1;0;rGGr;23775.00
J36;1;0;rGGr;23775.25
J36;1;0;rGGr;23775.50
J36;1;0;rGGr;23775.75
J36;1;0;rGGr;23776.00
J36;1;0;rGGr;23776.25
J36;1;0;rGGr;23776.50
J36;1;0;rGGr;23776.75
J36;1;0;rGGr;23777.00
J36;1;0;rGGr;23777.25
J36;1;0;rGGr;23777.50
J36;1;0;rGGr;23777.75
J36;1;0;rGGr;23778.00
J36;1;0;rGGr;23778.25
J36;1;0;rGGr;23778.50
J36;1;0;rGGr;23778.75
J36;1;0;rGGr;23779.00
J36;1;0;rGGr;23779.25
J36;1;0;rGGr;23779.50
J36;1;0;rGGr;23779.75
J36;1;0;rGGr;23780.00
J36;1;0;rGGr;23780.25
J36;1;0;rGGr;23780.50
J36;1;0;rGGr;23780.75
J36;1;0;rGGr;23781.00
J36;1;0;rGGr;23781.25
J36;1;0;rGGr;23781.50
J36;1;0;rGGr;23781.75
J36;1;0;rGGr;23782.00
J36;1;0;rGGr;23782.25
J36;0;online;yyyyyyyyyyyyyyyyyyyyyyyyyyyyyyyyyyyyyyyyyyyyyyyyyyyyyyyyy;23782.50
J36;0;online;yyyyyyyyyyyyyyyyyyyyyyyyyyyyyyyyyyyyyyyyyyyyyyyyyyyyyyyyy;23782.75
J36;0;online;yyyyyyyyyyyyyyyyyyyyyyyyyyyyyyyyyyyyyyyyyyyyyyyyyyyyyyyyy;23783.00
J36;0;online;yyyyyyyyyyyyyyyyyyyyyyyyyyyyyyyyyyyyyyyyyyyyyyyyyyyyyyyyy;23783.25
J36;0;online;yyyyyyyyyyyyyyyyyyyyyyyyyyyyyyyyyyyyyyyyyyyyyyyyyyyyyyyyy;23783.50
J36;0;online;yyyyyyyyyyyyyyyyyyyyyyyyyyyyyyyyyyyyyyyyyyyyyyyyyyyyyyyyy;23783.75
J36;0;online;yyyyyyyyyyyyyyyyyyyyyyyyyyyyyyyyyyyyyyyyyyyyyyyyyyyyyyyyy;23784.00
J36;0;online;yyyyyyyyyyyyyyyyyyyyyyyyyyyyyyyyyyyyyyyyyyyyyyyyyyyyyyyyy;23784.25
J36;0;online;yyyyyyyyyyyyyyyyyyyyyyyyyyyyyyyyyyyyyyyyyyyyyyyyyyyyyyyyy;23784.50
J36;0;online;yyyyyyyyyyyyyyyyyyyyyyyyyyyyyyyyyyyyyyyyyyyyyyyyyyyyyyyyy;23784.75
J36;0;online;yyyyyyyyyyyyyyyyyyyyyyyyyyyyyyyyyyyyyyyyyyyyyyyyyyyyyyyyy;23785.00
J36;0;online;yyyyyyyyyyyyyyyyyyyyyyyyyyyyyyyyyyyyyyyyyyyyyyyyyyyyyyyyy;23785.25
J36;4;0;urru;23785.50
J36;4;0;urru;23785.75
J36;4;0;urru;23786.00
J36;4;0;urru;23786.25
J36;5;0;GrrG;23786.50
J36;5;0;GrrG;23786.75
J36;5;0;GrrG;23787.00
J36;5;0;GrrG;23787.25
J36;5;0;GrrG;23787.50
J36;5;0;GrrG;23787.75
J36;5;0;GrrG;23788.00
J36;5;0;GrrG;23788.25
J36;5;0;GrrG;23788.50
J36;5;0;GrrG;23788.75
J36;5;0;GrrG;23789.00
J36;5;0;GrrG;23789.25
J36;5;0;GrrG;23789.50
J36;5;0;GrrG;23789.75
J36;5;0;GrrG;23790.00
J36;5;0;GrrG;23790.25
J36;5;0;GrrG;23790.50
J36;5;0;GrrG;23790.75
J36;5;0;GrrG;23791.00
J36;5;0;GrrG;23791.25
J36;5;0;GrrG;23791.50
J36;5;0;GrrG;23791.75
J36;5;0;GrrG;23792.00
J36;5;0;GrrG;23792.25
J36;5;0;GrrG;23792.50
J36;5;0;GrrG;23792.75
J36;5;0;GrrG;23793.00
J36;5;0;GrrG;23793.25
J36;5;0;GrrG;23793.50
J36;5;0;GrrG;23793.75
J36;5;0;GrrG;23794.00
J36;5;0;GrrG;23794.25
J36;5;0;GrrG;23794.50
J36;5;0;GrrG;23794.75
J36;5;0;GrrG;23795.00
J36;5;0;GrrG;23795.25
J36;5;0;GrrG;23795.50
J36;5;0;GrrG;23795.75
J36;5;0;GrrG;23796.00
J36;5;0;GrrG;23796.25
J36;5;0;GrrG;23796.50
J36;5;0;GrrG;23796.75
J36;5;0;GrrG;23797.00
J36;5;0;GrrG;23797.25
J36;5;0;GrrG;23797.50
J36;5;0;GrrG;23797.75
J36;5;0;GrrG;23798.00
J36;5;0;GrrG;23798.25
J36;5;0;GrrG;23798.50
J36;5;0;GrrG;23798.75
J36;5;0;GrrG;23799.00
J36;5;0;GrrG;23799.25
J36;5;0;GrrG;23799.50
J36;5;0;GrrG;23799.75
J36;5;0;GrrG;23800.00
J36;5;0;GrrG;23800.25
J36;5;0;GrrG;23800.50
J36;5;0;GrrG;23800.75
J36;5;0;GrrG;23801.00
J36;5;0;GrrG;23801.25
J36;5;0;GrrG;23801.50
J36;5;0;GrrG;23801.75
J36;5;0;GrrG;23802.00
J36;5;0;GrrG;23802.25
J36;5;0;GrrG;23802.50
J36;5;0;GrrG;23802.75
J36;5;0;GrrG;23803.00
J36;5;0;GrrG;23803.25
J36;5;0;GrrG;23803.50
J36;5;0;GrrG;23803.75
J36;5;0;GrrG;23804.00
J36;5;0;GrrG;23804.25
J36;5;0;GrrG;23804.50
J36;5;0;GrrG;23804.75
J36;5;0;GrrG;23805.00
J36;5;0;GrrG;23805.25
J36;5;0;GrrG;23805.50
J36;5;0;GrrG;23805.75
J36;5;0;GrrG;23806.00
J36;5;0;GrrG;23806.25
J36;5;0;GrrG;23806.50
J36;5;0;GrrG;23806.75
J36;5;0;GrrG;23807.00
J36;5;0;GrrG;23807.25
J36;5;0;GrrG;23807.50
J36;5;0;GrrG;23807.75
J36;5;0;GrrG;23808.00
J36;5;0;GrrG;23808.25
J36;5;0;GrrG;23808.50
J36;5;0;GrrG;23808.75
J36;5;0;GrrG;23809.00
J36;5;0;GrrG;23809.25
J36;5;0;GrrG;23809.50
J36;5;0;GrrG;23809.75
J36;5;0;GrrG;23810.00
J36;5;0;GrrG;23810.25
J36;5;0;GrrG;23810.50
J36;5;0;GrrG;23810.75
J36;5;0;GrrG;23811.00
J36;5;0;GrrG;23811.25
J36;6;0;yrry;23811.50
J36;6;0;yrry;23811.75
J36;6;0;yrry;23812.00
J36;6;0;yrry;23812.25
J36;6;0;yrry;23812.50
J36;6;0;yrry;23812.75
J36;6;0;yrry;23813.00
J36;6;0;yrry;23813.25
J36;6;0;yrry;23813.50
J36;6;0;yrry;23813.75
J36;6;0;yrry;23814.00
J36;6;0;yrry;23814.25
J36;7;0;rrrr;23814.50
J36;7;0;rrrr;23814.75
J36;7;0;rrrr;23815.00
J36;7;0;rrrr;23815.25
J36;0;0;ruur;23815.50
J36;0;0;ruur;23815.75
J36;0;0;ruur;23816.00
J36;0;0;ruur;23816.25
J36;1;0;rGGr;23816.50
J36;1;0;rGGr;23816.75
J36;1;0;rGGr;23817.00
J36;1;0;rGGr;23817.25
J36;1;0;rGGr;23817.50
J36;1;0;rGGr;23817.75
J36;1;0;rGGr;23818.00
J36;1;0;rGGr;23818.25
J36;1;0;rGGr;23818.50
J36;1;0;rGGr;23818.75
J36;1;0;rGGr;23819.00
J36;1;0;rGGr;23819.25
J36;1;0;rGGr;23819.50
J36;1;0;rGGr;23819.75
J36;1;0;rGGr;23820.00
J36;1;0;rGGr;23820.25
J36;1;0;rGGr;23820.50
J36;1;0;rGGr;23820.75
J36;1;0;rGGr;23821.00
J36;1;0;rGGr;23821.25
J36;1;0;rGGr;23821.50
J36;1;0;rGGr;23821.75
J36;1;0;rGGr;23822.00
J36;1;0;rGGr;23822.25
J36;1;0;rGGr;23822.50
J36;1;0;rGGr;23822.75
J36;1;0;rGGr;23823.00
J36;1;0;rGGr;23823.25
J36;1;0;rGGr;23823.50
J36;1;0;rGGr;23823.75
J36;1;0;rGGr;23824.00
J36;1;0;rGGr;23824.25
J36;1;0;rGGr;23824.50
J36;1;0;rGGr;23824.75
J36;1;0;rGGr;23825.00
J36;1;0;rGGr;23825.25
J36;1;0;rGGr;23825.50
J36;1;0;rGGr;23825.75
J36;1;0;rGGr;23826.00
J36;1;0;rGGr;23826.25
J36;1;0;rGGr;23826.50
J36;1;0;rGGr;23826.75
J36;1;0;rGGr;23827.00
J36;1;0;rGGr;23827.25
J36;1;0;rGGr;23827.50
J36;1;0;rGGr;23827.75
J36;1;0;rGGr;23828.00
J36;1;0;rGGr;23828.25
J36;1;0;rGGr;23828.50
J36;1;0;rGGr;23828.75
J36;1;0;rGGr;23829.00
J36;1;0;rGGr;23829.25
J36;1;0;rGGr;23829.50
J36;1;0;rGGr;23829.75
J36;1;0;rGGr;23830.00
J36;1;0;rGGr;23830.25
J36;1;0;rGGr;23830.50
J36;1;0;rGGr;23830.75
J36;1;0;rGGr;23831.00
J36;1;0;rGGr;23831.25
J36;1;0;rGGr;23831.50
J36;1;0;rGGr;23831.75
J36;1;0;rGGr;23832.00
J36;1;0;rGGr;23832.25
J36;1;0;rGGr;23832.50
J36;1;0;rGGr;23832.75
J36;1;0;rGGr;23833.00
J36;1;0;rGGr;23833.25
J36;1;0;rGGr;23833.50
J36;1;0;rGGr;23833.75
J36;1;0;rGGr;23834.00
J36;1;0;rGGr;23834.25
J36;1;0;rGGr;23834.50
J36;1;0;rGGr;23834.75
J36;1;0;rGGr;23835.00
J36;1;0;rGGr;23835.25
J36;1;0;rGGr;23835.50
J36;1;0;rGGr;23835.75
J36;1;0;rGGr;23836.00
J36;1;0;rGGr;23836.25
J36;1;0;rGGr;23836.50
J36;1;0;rGGr;23836.75
J36;1;0;rGGr;23837.00
J36;1;0;rGGr;23837.25
J36;1;0;rGGr;23837.50
J36;1;0;rGGr;23837.75
J36;1;0;rGGr;23838.00
J36;1;0;rGGr;23838.25
J36;1;0;rGGr;23838.50
J36;1;0;rGGr;23838.75
J36;1;0;rGGr;23839.00
J36;1;0;rGGr;23839.25
J36;1;0;rGGr;23839.50
J36;1;0;rGGr;23839.75
J36;1;0;rGGr;23840.00
J36;1;0;rGGr;23840.25
J36;1;0;rGGr;23840.50
J36;1;0;rGGr;23840.75
J36;1;0;rGGr;23841.00
J36;1;0;rGGr;23841.25
J36;1;0;rGGr;23841.50
J36;1;0;rGGr;23841.75
J36;1;0;rGGr;23842.00
J36;1;0;rGGr;23842.25
J36;1;0;rGGr;23842.50
J36;1;0;rGGr;23842.75
J36;1;0;rGGr;23843.00
J36;1;0;rGGr;23843.25
J36;1;0;rGGr;23843.50
J36;1;0;rGGr;23843.75
J36;1;0;rGGr;23844.00
J36;1;0;rGGr;23844.25
J36;1;0;rGGr;23844.50
J36;1;0;rGGr;23844.75
J36;1;0;rGGr;23845.00
J36;2;0;ryyr;23845.25
J36;2;0;ryyr;23845.50
J36;2;0;ryyr;23845.75
J36;2;0;ryyr;23846.00
J36;2;0;ryyr;23846.25
J36;2;0;ryyr;23846.50
J36;2;0;ryyr;23846.75
J36;2;0;ryyr;23847.00
J36;2;0;ryyr;23847.25
J36;2;0;ryyr;23847.50
J36;2;0;ryyr;23847.75
J36;2;0;ryyr;23848.00
J36;3;0;rrrr;23848.25
J36;3;0;rrrr;23848.50
J36;3;0;rrrr;23848.75
J36;3;0;rrrr;23849.00
J36;4;0;urru;23849.25
J36;4;0;urru;23849.50
J36;4;0;urru;23849.75
J36;4;0;urru;23850.00
J36;5;0;GrrG;23850.25
J36;5;0;GrrG;23850.50
J36;5;0;GrrG;23850.75
J36;5;0;GrrG;23851.00
J36;5;0;GrrG;23851.25
J36;5;0;GrrG;23851.50
J36;5;0;GrrG;23851.75
J36;5;0;GrrG;23852.00
J36;5;0;GrrG;23852.25
J36;5;0;GrrG;23852.50
J36;5;0;GrrG;23852.75
J36;5;0;GrrG;23853.00
J36;5;0;GrrG;23853.25
J36;5;0;GrrG;23853.50
J36;5;0;GrrG;23853.75
J36;5;0;GrrG;23854.00
J36;5;0;GrrG;23854.25
J36;5;0;GrrG;23854.50
J36;5;0;GrrG;23854.75
J36;5;0;GrrG;23855.00
J36;5;0;GrrG;23855.25
J36;5;0;GrrG;23855.50
J36;5;0;GrrG;23855.75
J36;5;0;GrrG;23856.00
J36;5;0;GrrG;23856.25
J36;5;0;GrrG;23856.50
J36;5;0;GrrG;23856.75
J36;5;0;GrrG;23857.00
J36;5;0;GrrG;23857.25
J36;5;0;GrrG;23857.50
J36;5;0;GrrG;23857.75
J36;5;0;GrrG;23858.00
J36;5;0;GrrG;23858.25
J36;5;0;GrrG;23858.50
J36;5;0;GrrG;23858.75
J36;5;0;GrrG;23859.00
J36;5;0;GrrG;23859.25
J36;5;0;GrrG;23859.50
J36;5;0;GrrG;23859.75
J36;5;0;GrrG;23860.00
J36;5;0;GrrG;23860.25
J36;5;0;GrrG;23860.50
J36;5;0;GrrG;23860.75
J36;5;0;GrrG;23861.00
J36;5;0;GrrG;23861.25
J36;5;0;GrrG;23861.50
J36;5;0;GrrG;23861.75
J36;5;0;GrrG;23862.00
J36;5;0;GrrG;23862.25
J36;5;0;GrrG;23862.50
J36;5;0;GrrG;23862.75
J36;5;0;GrrG;23863.00
J36;5;0;GrrG;23863.25
J36;5;0;GrrG;23863.50
J36;5;0;GrrG;23863.75
J36;5;0;GrrG;23864.00
J36;5;0;GrrG;23864.25
J36;5;0;GrrG;23864.50
J36;5;0;GrrG;23864.75
J36;5;0;GrrG;23865.00
J36;5;0;GrrG;23865.25
J36;5;0;GrrG;23865.50
J36;5;0;GrrG;23865.75
J36;5;0;GrrG;23866.00
J36;5;0;GrrG;23866.25
J36;5;0;GrrG;23866.50
J36;5;0;GrrG;23866.75
J36;5;0;GrrG;23867.00
J36;5;0;GrrG;23867.25
J36;5;0;GrrG;23867.50
J36;5;0;GrrG;23867.75
J36;5;0;GrrG;23868.00
J36;5;0;GrrG;23868.25
J36;5;0;GrrG;23868.50
J36;5;0;GrrG;23868.75
J36;5;0;GrrG;23869.00
J36;5;0;GrrG;23869.25
J36;5;0;GrrG;23869.50
J36;5;0;GrrG;23869.75
J36;5;0;GrrG;23870.00
J36;5;0;GrrG;23870.25
J36;5;0;GrrG;23870.50
J36;5;0;GrrG;23870.75
J36;5;0;GrrG;23871.00
J36;5;0;GrrG;23871.25
J36;5;0;GrrG;23871.50
J36;5;0;GrrG;23871.75
J36;5;0;GrrG;23872.00
J36;5;0;GrrG;23872.25
J36;5;0;GrrG;23872.50
J36;5;0;GrrG;23872.75
J36;5;0;GrrG;23873.00
J36;5;0;GrrG;23873.25
J36;5;0;GrrG;23873.50
J36;5;0;GrrG;23873.75
J36;5;0;GrrG;23874.00
J36;5;0;GrrG;23874.25
J36;5;0;GrrG;23874.50
J36;5;0;GrrG;23874.75
J36;5;0;GrrG;23875.00
J36;6;0;yrry;23875.25
J36;6;0;yrry;23875.50
J36;6;0;yrry;23875.75
J36;6;0;yrry;23876.00
J36;6;0;yrry;23876.25
J36;6;0;yrry;23876.50
J36;6;0;yrry;23876.75
J36;6;0;yrry;23877.00
J36;6;0;yrry;23877.25
J36;6;0;yrry;23877.50
J36;6;0;yrry;23877.75
J36;6;0;yrry;23878.00
J36;7;0;rrrr;23878.25
J36;7;0;rrrr;23878.50
J36;7;0;rrrr;23878.75
J36;7;0;rrrr;23879.00
J36;0;0;ruur;23879.25
J36;0;0;ruur;23879.50
J36;0;0;ruur;23879.75
J36;0;0;ruur;23880.00
J36;1;0;rGGr;23880.25
J36;1;0;rGGr;23880.50
J36;1;0;rGGr;23880.75
J36;1;0;rGGr;23881.00
J36;0;online;yyyyyyyyyyyyyyyyyyyyyyyyyyyyyyyyyyyyyyyyyyyyyyyyyyyyyyyyy;23881.25
J36;0;online;yyyyyyyyyyyyyyyyyyyyyyyyyyyyyyyyyyyyyyyyyyyyyyyyyyyyyyyyy;23881.50
J36;0;online;yyyyyyyyyyyyyyyyyyyyyyyyyyyyyyyyyyyyyyyyyyyyyyyyyyyyyyyyy;23881.75
J36;0;online;yyyyyyyyyyyyyyyyyyyyyyyyyyyyyyyyyyyyyyyyyyyyyyyyyyyyyyyyy;23882.00
J36;0;online;yyyyyyyyyyyyyyyyyyyyyyyyyyyyyyyyyyyyyyyyyyyyyyyyyyyyyyyyy;23882.25
J36;0;online;yyyyyyyyyyyyyyyyyyyyyyyyyyyyyyyyyyyyyyyyyyyyyyyyyyyyyyyyy;23882.50
J36;0;online;yyyyyyyyyyyyyyyyyyyyyyyyyyyyyyyyyyyyyyyyyyyyyyyyyyyyyyyyy;23882.75
J36;0;online;yyyyyyyyyyyyyyyyyyyyyyyyyyyyyyyyyyyyyyyyyyyyyyyyyyyyyyyyy;23883.00
J36;0;online;yyyyyyyyyyyyyyyyyyyyyyyyyyyyyyyyyyyyyyyyyyyyyyyyyyyyyyyyy;23883.25
J36;0;online;yyyyyyyyyyyyyyyyyyyyyyyyyyyyyyyyyyyyyyyyyyyyyyyyyyyyyyyyy;23883.50
J36;0;online;yyyyyyyyyyyyyyyyyyyyyyyyyyyyyyyyyyyyyyyyyyyyyyyyyyyyyyyyy;23883.75
J36;0;online;yyyyyyyyyyyyyyyyyyyyyyyyyyyyyyyyyyyyyyyyyyyyyyyyyyyyyyyyy;23884.00
J36;4;0;urru;23884.25
J36;4;0;urru;23884.50
J36;4;0;urru;23884.75
J36;4;0;urru;23885.00
J36;5;0;GrrG;23885.25
J36;5;0;GrrG;23885.50
J36;5;0;GrrG;23885.75
J36;5;0;GrrG;23886.00
J36;5;0;GrrG;23886.25
J36;5;0;GrrG;23886.50
J36;5;0;GrrG;23886.75
J36;5;0;GrrG;23887.00
J36;5;0;GrrG;23887.25
J36;5;0;GrrG;23887.50
J36;5;0;GrrG;23887.75
J36;5;0;GrrG;23888.00
J36;5;0;GrrG;23888.25
J36;5;0;GrrG;23888.50
J36;5;0;GrrG;23888.75
J36;5;0;GrrG;23889.00
J36;5;0;GrrG;23889.25
J36;5;0;GrrG;23889.50
J36;5;0;GrrG;23889.75
J36;5;0;GrrG;23890.00
J36;5;0;GrrG;23890.25
J36;5;0;GrrG;23890.50
J36;5;0;GrrG;23890.75
J36;5;0;GrrG;23891.00
J36;5;0;GrrG;23891.25
J36;5;0;GrrG;23891.50
J36;5;0;GrrG;23891.75
J36;5;0;GrrG;23892.00
J36;5;0;GrrG;23892.25
J36;5;0;GrrG;23892.50
J36;5;0;GrrG;23892.75
J36;5;0;GrrG;23893.00
J36;5;0;GrrG;23893.25
J36;5;0;GrrG;23893.50
J36;5;0;GrrG;23893.75
J36;5;0;GrrG;23894.00
J36;5;0;GrrG;23894.25
J36;5;0;GrrG;23894.50
J36;5;0;GrrG;23894.75
J36;5;0;GrrG;23895.00
J36;5;0;GrrG;23895.25
J36;5;0;GrrG;23895.50
J36;5;0;GrrG;23895.75
J36;5;0;GrrG;23896.00
J36;5;0;GrrG;23896.25
J36;5;0;GrrG;23896.50
J36;5;0;GrrG;23896.75
J36;5;0;GrrG;23897.00
J36;5;0;GrrG;23897.25
J36;5;0;GrrG;23897.50
J36;5;0;GrrG;23897.75
J36;5;0;GrrG;23898.00
J36;5;0;GrrG;23898.25
J36;5;0;GrrG;23898.50
J36;5;0;GrrG;23898.75
J36;5;0;GrrG;23899.00
J36;5;0;GrrG;23899.25
J36;5;0;GrrG;23899.50
J36;5;0;GrrG;23899.75
J36;5;0;GrrG;23900.00
J36;5;0;GrrG;23900.25
J36;5;0;GrrG;23900.50
J36;5;0;GrrG;23900.75
J36;5;0;GrrG;23901.00
J36;5;0;GrrG;23901.25
J36;5;0;GrrG;23901.50
J36;5;0;GrrG;23901.75
J36;5;0;GrrG;23902.00
J36;5;0;GrrG;23902.25
J36;5;0;GrrG;23902.50
J36;5;0;GrrG;23902.75
J36;5;0;GrrG;23903.00
J36;5;0;GrrG;23903.25
J36;5;0;GrrG;23903.50
J36;5;0;GrrG;23903.75
J36;5;0;GrrG;23904.00
J36;5;0;GrrG;23904.25
J36;5;0;GrrG;23904.50
J36;5;0;GrrG;23904.75
J36;5;0;GrrG;23905.00
J36;5;0;GrrG;23905.25
J36;5;0;GrrG;23905.50
J36;5;0;GrrG;23905.75
J36;5;0;GrrG;23906.00
J36;5;0;GrrG;23906.25
J36;5;0;GrrG;23906.50
J36;5;0;GrrG;23906.75
J36;5;0;GrrG;23907.00
J36;5;0;GrrG;23907.25
J36;5;0;GrrG;23907.50
J36;5;0;GrrG;23907.75
J36;5;0;GrrG;23908.00
J36;5;0;GrrG;23908.25
J36;5;0;GrrG;23908.50
J36;5;0;GrrG;23908.75
J36;5;0;GrrG;23909.00
J36;5;0;GrrG;23909.25
J36;5;0;GrrG;23909.50
J36;5;0;GrrG;23909.75
J36;5;0;GrrG;23910.00
J36;6;0;yrry;23910.25
J36;6;0;yrry;23910.50
J36;6;0;yrry;23910.75
J36;6;0;yrry;23911.00
J36;6;0;yrry;23911.25
J36;6;0;yrry;23911.50
J36;6;0;yrry;23911.75
J36;6;0;yrry;23912.00
J36;6;0;yrry;23912.25
J36;6;0;yrry;23912.50
J36;6;0;yrry;23912.75
J36;6;0;yrry;23913.00
J36;7;0;rrrr;23913.25
J36;7;0;rrrr;23913.50
J36;7;0;rrrr;23913.75
J36;7;0;rrrr;23914.00
J36;0;0;ruur;23914.25
J36;0;0;ruur;23914.50
J36;0;0;ruur;23914.75
J36;0;0;ruur;23915.00
J36;1;0;rGGr;23915.25
J36;1;0;rGGr;23915.50
J36;1;0;rGGr;23915.75
J36;1;0;rGGr;23916.00
J36;1;0;rGGr;23916.25
J36;1;0;rGGr;23916.50
J36;1;0;rGGr;23916.75
J36;1;0;rGGr;23917.00
J36;1;0;rGGr;23917.25
J36;1;0;rGGr;23917.50
J36;1;0;rGGr;23917.75
J36;1;0;rGGr;23918.00
J36;1;0;rGGr;23918.25
J36;1;0;rGGr;23918.50
J36;1;0;rGGr;23918.75
J36;1;0;rGGr;23919.00
J36;1;0;rGGr;23919.25
J36;1;0;rGGr;23919.50
J36;1;0;rGGr;23919.75
J36;1;0;rGGr;23920.00
J36;1;0;rGGr;23920.25
J36;1;0;rGGr;23920.50
J36;1;0;rGGr;23920.75
J36;1;0;rGGr;23921.00
J36;1;0;rGGr;23921.25
J36;1;0;rGGr;23921.50
J36;1;0;rGGr;23921.75
J36;1;0;rGGr;23922.00
J36;1;0;rGGr;23922.25
J36;1;0;rGGr;23922.50
J36;1;0;rGGr;23922.75
J36;1;0;rGGr;23923.00
J36;1;0;rGGr;23923.25
J36;1;0;rGGr;23923.50
J36;1;0;rGGr;23923.75
J36;1;0;rGGr;23924.00
J36;1;0;rGGr;23924.25
J36;1;0;rGGr;23924.50
J36;1;0;rGGr;23924.75
J36;1;0;rGGr;23925.00
J36;1;0;rGGr;23925.25
J36;1;0;rGGr;23925.50
J36;1;0;rGGr;23925.75
J36;1;0;rGGr;23926.00
J36;1;0;rGGr;23926.25
J36;1;0;rGGr;23926.50
J36;1;0;rGGr;23926.75
J36;1;0;rGGr;23927.00
J36;1;0;rGGr;23927.25
J36;1;0;rGGr;23927.50
J36;1;0;rGGr;23927.75
J36;1;0;rGGr;23928.00
J36;1;0;rGGr;23928.25
J36;1;0;rGGr;23928.50
J36;1;0;rGGr;23928.75
J36;1;0;rGGr;23929.00
J36;1;0;rGGr;23929.25
J36;1;0;rGGr;23929.50
J36;1;0;rGGr;23929.75
J36;1;0;rGGr;23930.00
J36;1;0;rGGr;23930.25
J36;1;0;rGGr;23930.50
J36;1;0;rGGr;23930.75
J36;1;0;rGGr;23931.00
J36;1;0;rGGr;23931.25
J36;1;0;rGGr;23931.50
J36;1;0;rGGr;23931.75
J36;1;0;rGGr;23932.00
J36;1;0;rGGr;23932.25
J36;1;0;rGGr;23932.50
J36;1;0;rGGr;23932.75
J36;1;0;rGGr;23933.00
J36;1;0;rGGr;23933.25
J36;1;0;rGGr;23933.50
J36;1;0;rGGr;23933.75
J36;1;0;rGGr;23934.00
J36;1;0;rGGr;23934.25
J36;1;0;rGGr;23934.50
J36;1;0;rGGr;23934.75
J36;1;0;rGGr;23935.00
J36;1;0;rGGr;23935.25
J36;1;0;rGGr;23935.50
J36;1;0;rGGr;23935.75
J36;1;0;rGGr;23936.00
J36;1;0;rGGr;23936.25
J36;1;0;rGGr;23936.50
J36;1;0;rGGr;23936.75
J36;1;0;rGGr;23937.00
J36;1;0;rGGr;23937.25
J36;1;0;rGGr;23937.50
J36;1;0;rGGr;23937.75
J36;1;0;rGGr;23938.00
J36;1;0;rGGr;23938.25
J36;1;0;rGGr;23938.50
J36;1;0;rGGr;23938.75
J36;1;0;rGGr;23939.00
J36;1;0;rGGr;23939.25
J36;1;0;rGGr;23939.50
J36;1;0;rGGr;23939.75
J36;1;0;rGGr;23940.00
J36;1;0;rGGr;23940.25
J36;1;0;rGGr;23940.50
J36;1;0;rGGr;23940.75
J36;1;0;rGGr;23941.00
J36;1;0;rGGr;23941.25
J36;1;0;rGGr;23941.50
J36;1;0;rGGr;23941.75
J36;1;0;rGGr;23942.00
J36;1;0;rGGr;23942.25
J36;1;0;rGGr;23942.50
J36;1;0;rGGr;23942.75
J36;1;0;rGGr;23943.00
J36;1;0;rGGr;23943.25
J36;1;0;rGGr;23943.50
J36;1;0;rGGr;23943.75
J36;1;0;rGGr;23944.00
J36;1;0;rGGr;23944.25
J36;1;0;rGGr;23944.50
J36;1;0;rGGr;23944.75
J36;1;0;rGGr;23945.00
J36;1;0;rGGr;23945.25
J36;1;0;rGGr;23945.50
J36;1;0;rGGr;23945.75
J36;1;0;rGGr;23946.00
J36;1;0;rGGr;23946.25
J36;1;0;rGGr;23946.50
J36;1;0;rGGr;23946.75
J36;1;0;rGGr;23947.00
J36;1;0;rGGr;23947.25
J36;1;0;rGGr;23947.50
J36;1;0;rGGr;23947.75
J36;1;0;rGGr;23948.00
J36;1;0;rGGr;23948.25
J36;1;0;rGGr;23948.50
J36;1;0;rGGr;23948.75
J36;1;0;rGGr;23949.00
J36;1;0;rGGr;23949.25
J36;1;0;rGGr;23949.50
J36;1;0;rGGr;23949.75
J36;1;0;rGGr;23950.00
J36;1;0;rGGr;23950.25
J36;1;0;rGGr;23950.50
J36;1;0;rGGr;23950.75
J36;1;0;rGGr;23951.00
J36;1;0;rGGr;23951.25
J36;1;0;rGGr;23951.50
J36;1;0;rGGr;23951.75
J36;1;0;rGGr;23952.00
J36;1;0;rGGr;23952.25
J36;1;0;rGGr;23952.50
J36;1;0;rGGr;23952.75
J36;1;0;rGGr;23953.00
J36;1;0;rGGr;23953.25
J36;1;0;rGGr;23953.50
J36;1;0;rGGr;23953.75
J36;1;0;rGGr;23954.00
J36;1;0;rGGr;23954.25
J36;1;0;rGGr;23954.50
J36;1;0;rGGr;23954.75
J36;1;0;rGGr;23955.00
J36;1;0;rGGr;23955.25
J36;1;0;rGGr;23955.50
J36;1;0;rGGr;23955.75
J36;1;0;rGGr;23956.00
J36;1;0;rGGr;23956.25
J36;1;0;rGGr;23956.50
J36;1;0;rGGr;23956.75
J36;1;0;rGGr;23957.00
J36;1;0;rGGr;23957.25
J36;1;0;rGGr;23957.50
J36;1;0;rGGr;23957.75
J36;1;0;rGGr;23958.00
J36;1;0;rGGr;23958.25
J36;1;0;rGGr;23958.50
J36;1;0;rGGr;23958.75
J36;1;0;rGGr;23959.00
J36;1;0;rGGr;23959.25
J36;1;0;rGGr;23959.50
J36;1;0;rGGr;23959.75
J36;0;online;yyyyyyyyyyyyyyyyyyyyyyyyyyyyyyyyyyyyyyyyyyyyyyyyyyyyyyyyy;23960.00
J36;0;online;yyyyyyyyyyyyyyyyyyyyyyyyyyyyyyyyyyyyyyyyyyyyyyyyyyyyyyyyy;23960.25
J36;0;online;yyyyyyyyyyyyyyyyyyyyyyyyyyyyyyyyyyyyyyyyyyyyyyyyyyyyyyyyy;23960.50
J36;0;online;yyyyyyyyyyyyyyyyyyyyyyyyyyyyyyyyyyyyyyyyyyyyyyyyyyyyyyyyy;23960.75
J36;0;online;yyyyyyyyyyyyyyyyyyyyyyyyyyyyyyyyyyyyyyyyyyyyyyyyyyyyyyyyy;23961.00
J36;0;online;yyyyyyyyyyyyyyyyyyyyyyyyyyyyyyyyyyyyyyyyyyyyyyyyyyyyyyyyy;23961.25
J36;0;online;yyyyyyyyyyyyyyyyyyyyyyyyyyyyyyyyyyyyyyyyyyyyyyyyyyyyyyyyy;23961.50
J36;0;online;yyyyyyyyyyyyyyyyyyyyyyyyyyyyyyyyyyyyyyyyyyyyyyyyyyyyyyyyy;23961.75
J36;0;online;yyyyyyyyyyyyyyyyyyyyyyyyyyyyyyyyyyyyyyyyyyyyyyyyyyyyyyyyy;23962.00
J36;0;online;yyyyyyyyyyyyyyyyyyyyyyyyyyyyyyyyyyyyyyyyyyyyyyyyyyyyyyyyy;23962.25
J36;0;online;yyyyyyyyyyyyyyyyyyyyyyyyyyyyyyyyyyyyyyyyyyyyyyyyyyyyyyyyy;23962.50
J36;0;online;yyyyyyyyyyyyyyyyyyyyyyyyyyyyyyyyyyyyyyyyyyyyyyyyyyyyyyyyy;23962.75
J36;4;0;urru;23963.00
J36;4;0;urru;23963.25
J36;4;0;urru;23963.50
J36;4;0;urru;23963.75
J36;5;0;GrrG;23964.00
J36;5;0;GrrG;23964.25
J36;5;0;GrrG;23964.50
J36;5;0;GrrG;23964.75
J36;5;0;GrrG;23965.00
J36;5;0;GrrG;23965.25
J36;5;0;GrrG;23965.50
J36;5;0;GrrG;23965.75
J36;5;0;GrrG;23966.00
J36;5;0;GrrG;23966.25
J36;5;0;GrrG;23966.50
J36;5;0;GrrG;23966.75
J36;5;0;GrrG;23967.00
J36;5;0;GrrG;23967.25
J36;5;0;GrrG;23967.50
J36;5;0;GrrG;23967.75
J36;5;0;GrrG;23968.00
J36;5;0;GrrG;23968.25
J36;5;0;GrrG;23968.50
J36;5;0;GrrG;23968.75
J36;5;0;GrrG;23969.00
J36;5;0;GrrG;23969.25
J36;5;0;GrrG;23969.50
J36;5;0;GrrG;23969.75
J36;5;0;GrrG;23970.00
J36;5;0;GrrG;23970.25
J36;5;0;GrrG;23970.50
J36;5;0;GrrG;23970.75
J36;5;0;GrrG;23971.00
J36;5;0;GrrG;23971.25
J36;5;0;GrrG;23971.50
J36;5;0;GrrG;23971.75
J36;5;0;GrrG;23972.00
J36;5;0;GrrG;23972.25
J36;5;0;GrrG;23972.50
J36;5;0;GrrG;23972.75
J36;5;0;GrrG;23973.00
J36;5;0;GrrG;23973.25
J36;5;0;GrrG;23973.50
J36;5;0;GrrG;23973.75
J36;5;0;GrrG;23974.00
J36;5;0;GrrG;23974.25
J36;5;0;GrrG;23974.50
J36;5;0;GrrG;23974.75
J36;5;0;GrrG;23975.00
J36;5;0;GrrG;23975.25
J36;5;0;GrrG;23975.50
J36;5;0;GrrG;23975.75
J36;5;0;GrrG;23976.00
J36;5;0;GrrG;23976.25
J36;5;0;GrrG;23976.50
J36;5;0;GrrG;23976.75
J36;5;0;GrrG;23977.00
J36;5;0;GrrG;23977.25
J36;5;0;GrrG;23977.50
J36;5;0;GrrG;23977.75
J36;5;0;GrrG;23978.00
J36;5;0;GrrG;23978.25
J36;5;0;GrrG;23978.50
J36;5;0;GrrG;23978.75
J36;5;0;GrrG;23979.00
J36;5;0;GrrG;23979.25
J36;5;0;GrrG;23979.50
J36;5;0;GrrG;23979.75
J36;5;0;GrrG;23980.00
J36;5;0;GrrG;23980.25
J36;5;0;GrrG;23980.50
J36;5;0;GrrG;23980.75
J36;5;0;GrrG;23981.00
J36;5;0;GrrG;23981.25
J36;5;0;GrrG;23981.50
J36;5;0;GrrG;23981.75
J36;5;0;GrrG;23982.00
J36;5;0;GrrG;23982.25
J36;5;0;GrrG;23982.50
J36;5;0;GrrG;23982.75
J36;5;0;GrrG;23983.00
J36;5;0;GrrG;23983.25
J36;5;0;GrrG;23983.50
J36;5;0;GrrG;23983.75
J36;5;0;GrrG;23984.00
J36;5;0;GrrG;23984.25
J36;5;0;GrrG;23984.50
J36;5;0;GrrG;23984.75
J36;5;0;GrrG;23985.00
J36;5;0;GrrG;23985.25
J36;5;0;GrrG;23985.50
J36;5;0;GrrG;23985.75
J36;5;0;GrrG;23986.00
J36;5;0;GrrG;23986.25
J36;5;0;GrrG;23986.50
J36;5;0;GrrG;23986.75
J36;5;0;GrrG;23987.00
J36;5;0;GrrG;23987.25
J36;5;0;GrrG;23987.50
J36;5;0;GrrG;23987.75
J36;5;0;GrrG;23988.00
J36;5;0;GrrG;23988.25
J36;5;0;GrrG;23988.50
J36;5;0;GrrG;23988.75
J36;6;0;yrry;23989.00
J36;6;0;yrry;23989.25
J36;6;0;yrry;23989.50
J36;6;0;yrry;23989.75
J36;6;0;yrry;23990.00
J36;6;0;yrry;23990.25
J36;6;0;yrry;23990.50
J36;6;0;yrry;23990.75
J36;6;0;yrry;23991.00
J36;6;0;yrry;23991.25
J36;6;0;yrry;23991.50
J36;6;0;yrry;23991.75
J36;7;0;rrrr;23992.00
J36;7;0;rrrr;23992.25
J36;7;0;rrrr;23992.50
J36;7;0;rrrr;23992.75
J36;0;0;ruur;23993.00
J36;0;0;ruur;23993.25
J36;0;0;ruur;23993.50
J36;0;0;ruur;23993.75
J36;1;0;rGGr;23994.00
J36;1;0;rGGr;23994.25
J36;1;0;rGGr;23994.50
J36;1;0;rGGr;23994.75
J36;1;0;rGGr;23995.00
J36;1;0;rGGr;23995.25
J36;1;0;rGGr;23995.50
J36;1;0;rGGr;23995.75
J36;1;0;rGGr;23996.00
J36;1;0;rGGr;23996.25
J36;1;0;rGGr;23996.50
J36;1;0;rGGr;23996.75
J36;1;0;rGGr;23997.00
J36;0;online;yyyyyyyyyyyyyyyyyyyyyyyyyyyyyyyyyyyyyyyyyyyyyyyyyyyyyyyyy;23997.25
J36;0;online;yyyyyyyyyyyyyyyyyyyyyyyyyyyyyyyyyyyyyyyyyyyyyyyyyyyyyyyyy;23997.50
J36;0;online;yyyyyyyyyyyyyyyyyyyyyyyyyyyyyyyyyyyyyyyyyyyyyyyyyyyyyyyyy;23997.75
J36;0;online;yyyyyyyyyyyyyyyyyyyyyyyyyyyyyyyyyyyyyyyyyyyyyyyyyyyyyyyyy;23998.00
J36;0;online;yyyyyyyyyyyyyyyyyyyyyyyyyyyyyyyyyyyyyyyyyyyyyyyyyyyyyyyyy;23998.25
J36;0;online;yyyyyyyyyyyyyyyyyyyyyyyyyyyyyyyyyyyyyyyyyyyyyyyyyyyyyyyyy;23998.50
J36;0;online;yyyyyyyyyyyyyyyyyyyyyyyyyyyyyyyyyyyyyyyyyyyyyyyyyyyyyyyyy;23998.75
J36;0;online;yyyyyyyyyyyyyyyyyyyyyyyyyyyyyyyyyyyyyyyyyyyyyyyyyyyyyyyyy;23999.00
J36;0;online;yyyyyyyyyyyyyyyyyyyyyyyyyyyyyyyyyyyyyyyyyyyyyyyyyyyyyyyyy;23999.25
J36;0;online;yyyyyyyyyyyyyyyyyyyyyyyyyyyyyyyyyyyyyyyyyyyyyyyyyyyyyyyyy;23999.50
J36;0;online;yyyyyyyyyyyyyyyyyyyyyyyyyyyyyyyyyyyyyyyyyyyyyyyyyyyyyyyyy;23999.75
J36;0;online;yyyyyyyyyyyyyyyyyyyyyyyyyyyyyyyyyyyyyyyyyyyyyyyyyyyyyyyyy;24000.00
J36;4;0;urru;24000.25
J36;4;0;urru;24000.50
J36;4;0;urru;24000.75
J36;4;0;urru;24001.00
J36;5;0;GrrG;24001.25
J36;5;0;GrrG;24001.50
J36;5;0;GrrG;24001.75
J36;5;0;GrrG;24002.00
J36;5;0;GrrG;24002.25
J36;5;0;GrrG;24002.50
J36;5;0;GrrG;24002.75
J36;5;0;GrrG;24003.00
J36;5;0;GrrG;24003.25
J36;5;0;GrrG;24003.50
J36;5;0;GrrG;24003.75
J36;5;0;GrrG;24004.00
J36;5;0;GrrG;24004.25
J36;5;0;GrrG;24004.50
J36;5;0;GrrG;24004.75
J36;5;0;GrrG;24005.00
J36;5;0;GrrG;24005.25
J36;5;0;GrrG;24005.50
J36;5;0;GrrG;24005.75
J36;5;0;GrrG;24006.00
J36;5;0;GrrG;24006.25
J36;5;0;GrrG;24006.50
J36;5;0;GrrG;24006.75
J36;5;0;GrrG;24007.00
J36;5;0;GrrG;24007.25
J36;5;0;GrrG;24007.50
J36;5;0;GrrG;24007.75
J36;5;0;GrrG;24008.00
J36;5;0;GrrG;24008.25
J36;5;0;GrrG;24008.50
J36;5;0;GrrG;24008.75
J36;5;0;GrrG;24009.00
J36;5;0;GrrG;24009.25
J36;5;0;GrrG;24009.50
J36;5;0;GrrG;24009.75
J36;5;0;GrrG;24010.00
J36;5;0;GrrG;24010.25
J36;5;0;GrrG;24010.50
J36;5;0;GrrG;24010.75
J36;5;0;GrrG;24011.00
J36;5;0;GrrG;24011.25
J36;5;0;GrrG;24011.50
J36;5;0;GrrG;24011.75
J36;5;0;GrrG;24012.00
J36;5;0;GrrG;24012.25
J36;5;0;GrrG;24012.50
J36;5;0;GrrG;24012.75
J36;5;0;GrrG;24013.00
J36;5;0;GrrG;24013.25
J36;5;0;GrrG;24013.50
J36;5;0;GrrG;24013.75
J36;5;0;GrrG;24014.00
J36;5;0;GrrG;24014.25
J36;5;0;GrrG;24014.50
J36;5;0;GrrG;24014.75
J36;5;0;GrrG;24015.00
J36;5;0;GrrG;24015.25
J36;5;0;GrrG;24015.50
J36;5;0;GrrG;24015.75
J36;5;0;GrrG;24016.00
J36;5;0;GrrG;24016.25
J36;5;0;GrrG;24016.50
J36;5;0;GrrG;24016.75
J36;5;0;GrrG;24017.00
J36;5;0;GrrG;24017.25
J36;5;0;GrrG;24017.50
J36;5;0;GrrG;24017.75
J36;5;0;GrrG;24018.00
J36;5;0;GrrG;24018.25
J36;5;0;GrrG;24018.50
J36;5;0;GrrG;24018.75
J36;5;0;GrrG;24019.00
J36;5;0;GrrG;24019.25
J36;5;0;GrrG;24019.50
J36;5;0;GrrG;24019.75
J36;5;0;GrrG;24020.00
J36;5;0;GrrG;24020.25
J36;5;0;GrrG;24020.50
J36;5;0;GrrG;24020.75
J36;5;0;GrrG;24021.00
J36;5;0;GrrG;24021.25
J36;5;0;GrrG;24021.50
J36;5;0;GrrG;24021.75
J36;5;0;GrrG;24022.00
J36;5;0;GrrG;24022.25
J36;5;0;GrrG;24022.50
J36;5;0;GrrG;24022.75
J36;5;0;GrrG;24023.00
J36;5;0;GrrG;24023.25
J36;5;0;GrrG;24023.50
J36;5;0;GrrG;24023.75
J36;5;0;GrrG;24024.00
J36;5;0;GrrG;24024.25
J36;5;0;GrrG;24024.50
J36;5;0;GrrG;24024.75
J36;5;0;GrrG;24025.00
J36;5;0;GrrG;24025.25
J36;5;0;GrrG;24025.50
J36;5;0;GrrG;24025.75
J36;5;0;GrrG;24026.00
J36;6;0;yrry;24026.25
J36;6;0;yrry;24026.50
J36;6;0;yrry;24026.75
J36;6;0;yrry;24027.00
J36;6;0;yrry;24027.25
J36;6;0;yrry;24027.50
J36;6;0;yrry;24027.75
J36;6;0;yrry;24028.00
J36;6;0;yrry;24028.25
J36;6;0;yrry;24028.50
J36;6;0;yrry;24028.75
J36;6;0;yrry;24029.00
J36;7;0;rrrr;24029.25
J36;7;0;rrrr;24029.50
J36;7;0;rrrr;24029.75
J36;7;0;rrrr;24030.00
J36;0;0;ruur;24030.25
J36;0;0;ruur;24030.50
J36;0;0;ruur;24030.75
J36;0;0;ruur;24031.00
J36;1;0;rGGr;24031.25
J36;1;0;rGGr;24031.50
J36;1;0;rGGr;24031.75
J36;1;0;rGGr;24032.00
J36;1;0;rGGr;24032.25
J36;1;0;rGGr;24032.50
J36;1;0;rGGr;24032.75
J36;1;0;rGGr;24033.00
J36;1;0;rGGr;24033.25
J36;1;0;rGGr;24033.50
J36;1;0;rGGr;24033.75
J36;1;0;rGGr;24034.00
J36;1;0;rGGr;24034.25
J36;1;0;rGGr;24034.50
J36;1;0;rGGr;24034.75
J36;1;0;rGGr;24035.00
J36;1;0;rGGr;24035.25
J36;1;0;rGGr;24035.50
J36;1;0;rGGr;24035.75
J36;1;0;rGGr;24036.00
J36;1;0;rGGr;24036.25
J36;1;0;rGGr;24036.50
J36;1;0;rGGr;24036.75
J36;1;0;rGGr;24037.00
J36;1;0;rGGr;24037.25
J36;1;0;rGGr;24037.50
J36;1;0;rGGr;24037.75
J36;1;0;rGGr;24038.00
J36;1;0;rGGr;24038.25
J36;1;0;rGGr;24038.50
J36;1;0;rGGr;24038.75
J36;1;0;rGGr;24039.00
J36;1;0;rGGr;24039.25
J36;1;0;rGGr;24039.50
J36;1;0;rGGr;24039.75
J36;1;0;rGGr;24040.00
J36;1;0;rGGr;24040.25
J36;1;0;rGGr;24040.50
J36;1;0;rGGr;24040.75
J36;1;0;rGGr;24041.00
J36;1;0;rGGr;24041.25
J36;1;0;rGGr;24041.50
J36;1;0;rGGr;24041.75
J36;1;0;rGGr;24042.00
J36;1;0;rGGr;24042.25
J36;1;0;rGGr;24042.50
J36;1;0;rGGr;24042.75
J36;1;0;rGGr;24043.00
J36;1;0;rGGr;24043.25
J36;1;0;rGGr;24043.50
J36;1;0;rGGr;24043.75
J36;1;0;rGGr;24044.00
J36;1;0;rGGr;24044.25
J36;1;0;rGGr;24044.50
J36;1;0;rGGr;24044.75
J36;1;0;rGGr;24045.00
J36;1;0;rGGr;24045.25
J36;1;0;rGGr;24045.50
J36;1;0;rGGr;24045.75
J36;1;0;rGGr;24046.00
J36;1;0;rGGr;24046.25
J36;1;0;rGGr;24046.50
J36;1;0;rGGr;24046.75
J36;1;0;rGGr;24047.00
J36;1;0;rGGr;24047.25
J36;1;0;rGGr;24047.50
J36;1;0;rGGr;24047.75
J36;1;0;rGGr;24048.00
J36;1;0;rGGr;24048.25
J36;1;0;rGGr;24048.50
J36;1;0;rGGr;24048.75
J36;1;0;rGGr;24049.00
J36;1;0;rGGr;24049.25
J36;1;0;rGGr;24049.50
J36;1;0;rGGr;24049.75
J36;1;0;rGGr;24050.00
J36;1;0;rGGr;24050.25
J36;1;0;rGGr;24050.50
J36;1;0;rGGr;24050.75
J36;1;0;rGGr;24051.00
J36;1;0;rGGr;24051.25
J36;1;0;rGGr;24051.50
J36;1;0;rGGr;24051.75
J36;1;0;rGGr;24052.00
J36;1;0;rGGr;24052.25
J36;1;0;rGGr;24052.50
J36;1;0;rGGr;24052.75
J36;1;0;rGGr;24053.00
J36;1;0;rGGr;24053.25
J36;1;0;rGGr;24053.50
J36;1;0;rGGr;24053.75
J36;1;0;rGGr;24054.00
J36;1;0;rGGr;24054.25
J36;1;0;rGGr;24054.50
J36;1;0;rGGr;24054.75
J36;1;0;rGGr;24055.00
J36;1;0;rGGr;24055.25
J36;1;0;rGGr;24055.50
J36;1;0;rGGr;24055.75
J36;1;0;rGGr;24056.00
J36;1;0;rGGr;24056.25
J36;1;0;rGGr;24056.50
J36;1;0;rGGr;24056.75
J36;1;0;rGGr;24057.00
J36;1;0;rGGr;24057.25
J36;1;0;rGGr;24057.50
J36;1;0;rGGr;24057.75
J36;1;0;rGGr;24058.00
J36;1;0;rGGr;24058.25
J36;1;0;rGGr;24058.50
J36;1;0;rGGr;24058.75
J36;1;0;rGGr;24059.00
J36;1;0;rGGr;24059.25
J36;1;0;rGGr;24059.50
J36;1;0;rGGr;24059.75
J36;1;0;rGGr;24060.00
J36;1;0;rGGr;24060.25
J36;1;0;rGGr;24060.50
J36;1;0;rGGr;24060.75
J36;1;0;rGGr;24061.00
J36;1;0;rGGr;24061.25
J36;1;0;rGGr;24061.50
J36;1;0;rGGr;24061.75
J36;1;0;rGGr;24062.00
J36;1;0;rGGr;24062.25
J36;1;0;rGGr;24062.50
J36;1;0;rGGr;24062.75
J36;1;0;rGGr;24063.00
J36;1;0;rGGr;24063.25
J36;1;0;rGGr;24063.50
J36;1;0;rGGr;24063.75
J36;1;0;rGGr;24064.00
J36;1;0;rGGr;24064.25
J36;1;0;rGGr;24064.50
J36;1;0;rGGr;24064.75
J36;1;0;rGGr;24065.00
J36;1;0;rGGr;24065.25
J36;1;0;rGGr;24065.50
J36;1;0;rGGr;24065.75
J36;1;0;rGGr;24066.00
J36;1;0;rGGr;24066.25
J36;1;0;rGGr;24066.50
J36;1;0;rGGr;24066.75
J36;1;0;rGGr;24067.00
J36;1;0;rGGr;24067.25
J36;1;0;rGGr;24067.50
J36;1;0;rGGr;24067.75
J36;1;0;rGGr;24068.00
J36;1;0;rGGr;24068.25
J36;1;0;rGGr;24068.50
J36;1;0;rGGr;24068.75
J36;1;0;rGGr;24069.00
J36;1;0;rGGr;24069.25
J36;1;0;rGGr;24069.50
J36;1;0;rGGr;24069.75
J36;1;0;rGGr;24070.00
J36;1;0;rGGr;24070.25
J36;1;0;rGGr;24070.50
J36;1;0;rGGr;24070.75
J36;1;0;rGGr;24071.00
J36;1;0;rGGr;24071.25
J36;1;0;rGGr;24071.50
J36;1;0;rGGr;24071.75
J36;1;0;rGGr;24072.00
J36;1;0;rGGr;24072.25
J36;1;0;rGGr;24072.50
J36;1;0;rGGr;24072.75
J36;1;0;rGGr;24073.00
J36;1;0;rGGr;24073.25
J36;1;0;rGGr;24073.50
J36;1;0;rGGr;24073.75
J36;1;0;rGGr;24074.00
J36;1;0;rGGr;24074.25
J36;1;0;rGGr;24074.50
J36;1;0;rGGr;24074.75
J36;1;0;rGGr;24075.00
J36;1;0;rGGr;24075.25
J36;1;0;rGGr;24075.50
J36;1;0;rGGr;24075.75
J36;1;0;rGGr;24076.00
J36;1;0;rGGr;24076.25
J36;1;0;rGGr;24076.50
J36;1;0;rGGr;24076.75
J36;1;0;rGGr;24077.00
J36;1;0;rGGr;24077.25
J36;1;0;rGGr;24077.50
J36;1;0;rGGr;24077.75
J36;1;0;rGGr;24078.00
J36;1;0;rGGr;24078.25
J36;1;0;rGGr;24078.50
J36;1;0;rGGr;24078.75
J36;1;0;rGGr;24079.00
J36;1;0;rGGr;24079.25
J36;1;0;rGGr;24079.50
J36;1;0;rGGr;24079.75
J36;1;0;rGGr;24080.00
J36;1;0;rGGr;24080.25
J36;1;0;rGGr;24080.50
J36;1;0;rGGr;24080.75
J36;1;0;rGGr;24081.00
J36;1;0;rGGr;24081.25
J36;1;0;rGGr;24081.50
J36;1;0;rGGr;24081.75
J36;1;0;rGGr;24082.00
J36;1;0;rGGr;24082.25
J36;1;0;rGGr;24082.50
J36;1;0;rGGr;24082.75
J36;2;0;ryyr;24083.00
J36;2;0;ryyr;24083.25
J36;2;0;ryyr;24083.50
J36;2;0;ryyr;24083.75
J36;2;0;ryyr;24084.00
J36;2;0;ryyr;24084.25
J36;2;0;ryyr;24084.50
J36;2;0;ryyr;24084.75
J36;2;0;ryyr;24085.00
J36;2;0;ryyr;24085.25
J36;2;0;ryyr;24085.50
J36;2;0;ryyr;24085.75
J36;3;0;rrrr;24086.00
J36;3;0;rrrr;24086.25
J36;3;0;rrrr;24086.50
J36;3;0;rrrr;24086.75
J36;4;0;urru;24087.00
J36;4;0;urru;24087.25
J36;4;0;urru;24087.50
J36;4;0;urru;24087.75
J36;5;0;GrrG;24088.00
J36;5;0;GrrG;24088.25
J36;5;0;GrrG;24088.50
J36;5;0;GrrG;24088.75
J36;5;0;GrrG;24089.00
J36;5;0;GrrG;24089.25
J36;5;0;GrrG;24089.50
J36;5;0;GrrG;24089.75
J36;5;0;GrrG;24090.00
J36;5;0;GrrG;24090.25
J36;5;0;GrrG;24090.50
J36;5;0;GrrG;24090.75
J36;5;0;GrrG;24091.00
J36;5;0;GrrG;24091.25
J36;5;0;GrrG;24091.50
J36;5;0;GrrG;24091.75
J36;5;0;GrrG;24092.00
J36;5;0;GrrG;24092.25
J36;5;0;GrrG;24092.50
J36;5;0;GrrG;24092.75
J36;5;0;GrrG;24093.00
J36;5;0;GrrG;24093.25
J36;5;0;GrrG;24093.50
J36;5;0;GrrG;24093.75
J36;5;0;GrrG;24094.00
J36;5;0;GrrG;24094.25
J36;5;0;GrrG;24094.50
J36;5;0;GrrG;24094.75
J36;5;0;GrrG;24095.00
J36;5;0;GrrG;24095.25
J36;5;0;GrrG;24095.50
J36;5;0;GrrG;24095.75
J36;5;0;GrrG;24096.00
J36;5;0;GrrG;24096.25
J36;5;0;GrrG;24096.50
J36;5;0;GrrG;24096.75
J36;5;0;GrrG;24097.00
J36;5;0;GrrG;24097.25
J36;5;0;GrrG;24097.50
J36;5;0;GrrG;24097.75
J36;5;0;GrrG;24098.00
J36;5;0;GrrG;24098.25
J36;5;0;GrrG;24098.50
J36;5;0;GrrG;24098.75
J36;5;0;GrrG;24099.00
J36;5;0;GrrG;24099.25
J36;5;0;GrrG;24099.50
J36;5;0;GrrG;24099.75
J36;5;0;GrrG;24100.00
J36;5;0;GrrG;24100.25
J36;5;0;GrrG;24100.50
J36;5;0;GrrG;24100.75
J36;5;0;GrrG;24101.00
J36;5;0;GrrG;24101.25
J36;5;0;GrrG;24101.50
J36;5;0;GrrG;24101.75
J36;5;0;GrrG;24102.00
J36;5;0;GrrG;24102.25
J36;5;0;GrrG;24102.50
J36;5;0;GrrG;24102.75
J36;5;0;GrrG;24103.00
J36;5;0;GrrG;24103.25
J36;5;0;GrrG;24103.50
J36;5;0;GrrG;24103.75
J36;5;0;GrrG;24104.00
J36;5;0;GrrG;24104.25
J36;5;0;GrrG;24104.50
J36;5;0;GrrG;24104.75
J36;5;0;GrrG;24105.00
J36;5;0;GrrG;24105.25
J36;5;0;GrrG;24105.50
J36;5;0;GrrG;24105.75
J36;5;0;GrrG;24106.00
J36;5;0;GrrG;24106.25
J36;5;0;GrrG;24106.50
J36;5;0;GrrG;24106.75
J36;5;0;GrrG;24107.00
J36;5;0;GrrG;24107.25
J36;5;0;GrrG;24107.50
J36;5;0;GrrG;24107.75
J36;5;0;GrrG;24108.00
J36;5;0;GrrG;24108.25
J36;5;0;GrrG;24108.50
J36;5;0;GrrG;24108.75
J36;5;0;GrrG;24109.00
J36;5;0;GrrG;24109.25
J36;5;0;GrrG;24109.50
J36;5;0;GrrG;24109.75
J36;5;0;GrrG;24110.00
J36;5;0;GrrG;24110.25
J36;5;0;GrrG;24110.50
J36;5;0;GrrG;24110.75
J36;5;0;GrrG;24111.00
J36;5;0;GrrG;24111.25
J36;5;0;GrrG;24111.50
J36;5;0;GrrG;24111.75
J36;5;0;GrrG;24112.00
J36;5;0;GrrG;24112.25
J36;5;0;GrrG;24112.50
J36;5;0;GrrG;24112.75
J36;6;0;yrry;24113.00
J36;6;0;yrry;24113.25
J36;6;0;yrry;24113.50
J36;6;0;yrry;24113.75
J36;6;0;yrry;24114.00
J36;6;0;yrry;24114.25
J36;6;0;yrry;24114.50
J36;6;0;yrry;24114.75
J36;6;0;yrry;24115.00
J36;6;0;yrry;24115.25
J36;6;0;yrry;24115.50
J36;6;0;yrry;24115.75
J36;7;0;rrrr;24116.00
J36;7;0;rrrr;24116.25
J36;7;0;rrrr;24116.50
J36;7;0;rrrr;24116.75
J36;0;0;ruur;24117.00
J36;0;0;ruur;24117.25
J36;0;0;ruur;24117.50
J36;0;0;ruur;24117.75
J36;1;0;rGGr;24118.00
J36;1;0;rGGr;24118.25
J36;1;0;rGGr;24118.50
J36;1;0;rGGr;24118.75
J36;1;0;rGGr;24119.00
J36;1;0;rGGr;24119.25
J36;1;0;rGGr;24119.50
J36;1;0;rGGr;24119.75
J36;1;0;rGGr;24120.00
J36;1;0;rGGr;24120.25
J36;1;0;rGGr;24120.50
J36;1;0;rGGr;24120.75
J36;1;0;rGGr;24121.00
J36;1;0;rGGr;24121.25
J36;1;0;rGGr;24121.50
J36;1;0;rGGr;24121.75
J36;1;0;rGGr;24122.00
J36;1;0;rGGr;24122.25
J36;1;0;rGGr;24122.50
J36;1;0;rGGr;24122.75
J36;1;0;rGGr;24123.00
J36;1;0;rGGr;24123.25
J36;1;0;rGGr;24123.50
J36;1;0;rGGr;24123.75
J36;1;0;rGGr;24124.00
J36;1;0;rGGr;24124.25
J36;1;0;rGGr;24124.50
J36;1;0;rGGr;24124.75
J36;1;0;rGGr;24125.00
J36;1;0;rGGr;24125.25
J36;1;0;rGGr;24125.50
J36;1;0;rGGr;24125.75
J36;1;0;rGGr;24126.00
J36;1;0;rGGr;24126.25
J36;1;0;rGGr;24126.50
J36;1;0;rGGr;24126.75
J36;1;0;rGGr;24127.00
J36;1;0;rGGr;24127.25
J36;1;0;rGGr;24127.50
J36;1;0;rGGr;24127.75
J36;1;0;rGGr;24128.00
J36;1;0;rGGr;24128.25
J36;1;0;rGGr;24128.50
J36;1;0;rGGr;24128.75
J36;1;0;rGGr;24129.00
J36;1;0;rGGr;24129.25
J36;1;0;rGGr;24129.50
J36;1;0;rGGr;24129.75
J36;1;0;rGGr;24130.00
J36;1;0;rGGr;24130.25
J36;1;0;rGGr;24130.50
J36;1;0;rGGr;24130.75
J36;1;0;rGGr;24131.00
J36;1;0;rGGr;24131.25
J36;1;0;rGGr;24131.50
J36;1;0;rGGr;24131.75
J36;1;0;rGGr;24132.00
J36;1;0;rGGr;24132.25
J36;1;0;rGGr;24132.50
J36;1;0;rGGr;24132.75
J36;1;0;rGGr;24133.00
J36;1;0;rGGr;24133.25
J36;1;0;rGGr;24133.50
J36;1;0;rGGr;24133.75
J36;1;0;rGGr;24134.00
J36;1;0;rGGr;24134.25
J36;1;0;rGGr;24134.50
J36;1;0;rGGr;24134.75
J36;1;0;rGGr;24135.00
J36;1;0;rGGr;24135.25
J36;1;0;rGGr;24135.50
J36;1;0;rGGr;24135.75
J36;1;0;rGGr;24136.00
J36;1;0;rGGr;24136.25
J36;1;0;rGGr;24136.50
J36;1;0;rGGr;24136.75
J36;1;0;rGGr;24137.00
J36;1;0;rGGr;24137.25
J36;1;0;rGGr;24137.50
J36;1;0;rGGr;24137.75
J36;1;0;rGGr;24138.00
J36;1;0;rGGr;24138.25
J36;1;0;rGGr;24138.50
J36;1;0;rGGr;24138.75
J36;1;0;rGGr;24139.00
J36;1;0;rGGr;24139.25
J36;1;0;rGGr;24139.50
J36;1;0;rGGr;24139.75
J36;1;0;rGGr;24140.00
J36;1;0;rGGr;24140.25
J36;1;0;rGGr;24140.50
J36;1;0;rGGr;24140.75
J36;1;0;rGGr;24141.00
J36;1;0;rGGr;24141.25
J36;1;0;rGGr;24141.50
J36;1;0;rGGr;24141.75
J36;1;0;rGGr;24142.00
J36;1;0;rGGr;24142.25
J36;1;0;rGGr;24142.50
J36;0;online;yyyyyyyyyyyyyyyyyyyyyyyyyyyyyyyyyyyyyyyyyyyyyyyyyyyyyyyyy;24142.75
J36;0;online;yyyyyyyyyyyyyyyyyyyyyyyyyyyyyyyyyyyyyyyyyyyyyyyyyyyyyyyyy;24143.00
J36;0;online;yyyyyyyyyyyyyyyyyyyyyyyyyyyyyyyyyyyyyyyyyyyyyyyyyyyyyyyyy;24143.25
J36;0;online;yyyyyyyyyyyyyyyyyyyyyyyyyyyyyyyyyyyyyyyyyyyyyyyyyyyyyyyyy;24143.50
J36;0;online;yyyyyyyyyyyyyyyyyyyyyyyyyyyyyyyyyyyyyyyyyyyyyyyyyyyyyyyyy;24143.75
J36;0;online;yyyyyyyyyyyyyyyyyyyyyyyyyyyyyyyyyyyyyyyyyyyyyyyyyyyyyyyyy;24144.00
J36;0;online;yyyyyyyyyyyyyyyyyyyyyyyyyyyyyyyyyyyyyyyyyyyyyyyyyyyyyyyyy;24144.25
J36;0;online;yyyyyyyyyyyyyyyyyyyyyyyyyyyyyyyyyyyyyyyyyyyyyyyyyyyyyyyyy;24144.50
J36;0;online;yyyyyyyyyyyyyyyyyyyyyyyyyyyyyyyyyyyyyyyyyyyyyyyyyyyyyyyyy;24144.75
J36;0;online;yyyyyyyyyyyyyyyyyyyyyyyyyyyyyyyyyyyyyyyyyyyyyyyyyyyyyyyyy;24145.00
J36;0;online;yyyyyyyyyyyyyyyyyyyyyyyyyyyyyyyyyyyyyyyyyyyyyyyyyyyyyyyyy;24145.25
J36;0;online;yyyyyyyyyyyyyyyyyyyyyyyyyyyyyyyyyyyyyyyyyyyyyyyyyyyyyyyyy;24145.50
J36;4;0;urru;24145.75
J36;4;0;urru;24146.00
J36;4;0;urru;24146.25
J36;4;0;urru;24146.50
J36;5;0;GrrG;24146.75
J36;5;0;GrrG;24147.00
J36;5;0;GrrG;24147.25
J36;5;0;GrrG;24147.50
J36;5;0;GrrG;24147.75
J36;5;0;GrrG;24148.00
J36;5;0;GrrG;24148.25
J36;5;0;GrrG;24148.50
J36;5;0;GrrG;24148.75
J36;5;0;GrrG;24149.00
J36;5;0;GrrG;24149.25
J36;5;0;GrrG;24149.50
J36;5;0;GrrG;24149.75
J36;5;0;GrrG;24150.00
J36;5;0;GrrG;24150.25
J36;5;0;GrrG;24150.50
J36;5;0;GrrG;24150.75
J36;5;0;GrrG;24151.00
J36;5;0;GrrG;24151.25
J36;5;0;GrrG;24151.50
J36;5;0;GrrG;24151.75
J36;5;0;GrrG;24152.00
J36;5;0;GrrG;24152.25
J36;5;0;GrrG;24152.50
J36;5;0;GrrG;24152.75
J36;5;0;GrrG;24153.00
J36;5;0;GrrG;24153.25
J36;5;0;GrrG;24153.50
J36;5;0;GrrG;24153.75
J36;5;0;GrrG;24154.00
J36;5;0;GrrG;24154.25
J36;5;0;GrrG;24154.50
J36;5;0;GrrG;24154.75
J36;5;0;GrrG;24155.00
J36;5;0;GrrG;24155.25
J36;5;0;GrrG;24155.50
J36;5;0;GrrG;24155.75
J36;5;0;GrrG;24156.00
J36;5;0;GrrG;24156.25
J36;5;0;GrrG;24156.50
J36;5;0;GrrG;24156.75
J36;5;0;GrrG;24157.00
J36;5;0;GrrG;24157.25
J36;5;0;GrrG;24157.50
J36;5;0;GrrG;24157.75
J36;5;0;GrrG;24158.00
J36;5;0;GrrG;24158.25
J36;5;0;GrrG;24158.50
J36;5;0;GrrG;24158.75
J36;5;0;GrrG;24159.00
J36;5;0;GrrG;24159.25
J36;5;0;GrrG;24159.50
J36;5;0;GrrG;24159.75
J36;5;0;GrrG;24160.00
J36;5;0;GrrG;24160.25
J36;5;0;GrrG;24160.50
J36;5;0;GrrG;24160.75
J36;5;0;GrrG;24161.00
J36;5;0;GrrG;24161.25
J36;5;0;GrrG;24161.50
J36;5;0;GrrG;24161.75
J36;5;0;GrrG;24162.00
J36;5;0;GrrG;24162.25
J36;5;0;GrrG;24162.50
J36;5;0;GrrG;24162.75
J36;5;0;GrrG;24163.00
J36;5;0;GrrG;24163.25
J36;5;0;GrrG;24163.50
J36;5;0;GrrG;24163.75
J36;5;0;GrrG;24164.00
J36;5;0;GrrG;24164.25
J36;5;0;GrrG;24164.50
J36;5;0;GrrG;24164.75
J36;5;0;GrrG;24165.00
J36;5;0;GrrG;24165.25
J36;5;0;GrrG;24165.50
J36;5;0;GrrG;24165.75
J36;5;0;GrrG;24166.00
J36;5;0;GrrG;24166.25
J36;5;0;GrrG;24166.50
J36;5;0;GrrG;24166.75
J36;5;0;GrrG;24167.00
J36;5;0;GrrG;24167.25
J36;5;0;GrrG;24167.50
J36;5;0;GrrG;24167.75
J36;5;0;GrrG;24168.00
J36;5;0;GrrG;24168.25
J36;5;0;GrrG;24168.50
J36;5;0;GrrG;24168.75
J36;5;0;GrrG;24169.00
J36;5;0;GrrG;24169.25
J36;5;0;GrrG;24169.50
J36;5;0;GrrG;24169.75
J36;5;0;GrrG;24170.00
J36;5;0;GrrG;24170.25
J36;5;0;GrrG;24170.50
J36;5;0;GrrG;24170.75
J36;5;0;GrrG;24171.00
J36;5;0;GrrG;24171.25
J36;5;0;GrrG;24171.50
J36;6;0;yrry;24171.75
J36;6;0;yrry;24172.00
J36;6;0;yrry;24172.25
J36;6;0;yrry;24172.50
J36;6;0;yrry;24172.75
J36;6;0;yrry;24173.00
J36;6;0;yrry;24173.25
J36;6;0;yrry;24173.50
J36;6;0;yrry;24173.75
J36;6;0;yrry;24174.00
J36;6;0;yrry;24174.25
J36;6;0;yrry;24174.50
J36;7;0;rrrr;24174.75
J36;7;0;rrrr;24175.00
J36;7;0;rrrr;24175.25
J36;7;0;rrrr;24175.50
J36;0;0;ruur;24175.75
J36;0;0;ruur;24176.00
J36;0;0;ruur;24176.25
J36;0;0;ruur;24176.50
J36;1;0;rGGr;24176.75
J36;1;0;rGGr;24177.00
J36;1;0;rGGr;24177.25
J36;1;0;rGGr;24177.50
J36;1;0;rGGr;24177.75
J36;1;0;rGGr;24178.00
J36;1;0;rGGr;24178.25
J36;1;0;rGGr;24178.50
J36;1;0;rGGr;24178.75
J36;1;0;rGGr;24179.00
J36;1;0;rGGr;24179.25
J36;1;0;rGGr;24179.50
J36;1;0;rGGr;24179.75
J36;1;0;rGGr;24180.00
J36;1;0;rGGr;24180.25
J36;1;0;rGGr;24180.50
J36;1;0;rGGr;24180.75
J36;1;0;rGGr;24181.00
J36;1;0;rGGr;24181.25
J36;1;0;rGGr;24181.50
J36;1;0;rGGr;24181.75
J36;1;0;rGGr;24182.00
J36;1;0;rGGr;24182.25
J36;1;0;rGGr;24182.50
J36;1;0;rGGr;24182.75
J36;1;0;rGGr;24183.00
J36;1;0;rGGr;24183.25
J36;1;0;rGGr;24183.50
J36;1;0;rGGr;24183.75
J36;1;0;rGGr;24184.00
J36;1;0;rGGr;24184.25
J36;1;0;rGGr;24184.50
J36;1;0;rGGr;24184.75
J36;1;0;rGGr;24185.00
J36;1;0;rGGr;24185.25
J36;1;0;rGGr;24185.50
J36;1;0;rGGr;24185.75
J36;1;0;rGGr;24186.00
J36;1;0;rGGr;24186.25
J36;1;0;rGGr;24186.50
J36;1;0;rGGr;24186.75
J36;1;0;rGGr;24187.00
J36;1;0;rGGr;24187.25
J36;1;0;rGGr;24187.50
J36;1;0;rGGr;24187.75
J36;1;0;rGGr;24188.00
J36;1;0;rGGr;24188.25
J36;1;0;rGGr;24188.50
J36;1;0;rGGr;24188.75
J36;1;0;rGGr;24189.00
J36;1;0;rGGr;24189.25
J36;1;0;rGGr;24189.50
J36;1;0;rGGr;24189.75
J36;1;0;rGGr;24190.00
J36;1;0;rGGr;24190.25
J36;1;0;rGGr;24190.50
J36;1;0;rGGr;24190.75
J36;1;0;rGGr;24191.00
J36;1;0;rGGr;24191.25
J36;1;0;rGGr;24191.50
J36;1;0;rGGr;24191.75
J36;1;0;rGGr;24192.00
J36;1;0;rGGr;24192.25
J36;1;0;rGGr;24192.50
J36;1;0;rGGr;24192.75
J36;1;0;rGGr;24193.00
J36;1;0;rGGr;24193.25
J36;1;0;rGGr;24193.50
J36;1;0;rGGr;24193.75
J36;1;0;rGGr;24194.00
J36;1;0;rGGr;24194.25
J36;1;0;rGGr;24194.50
J36;1;0;rGGr;24194.75
J36;1;0;rGGr;24195.00
J36;1;0;rGGr;24195.25
J36;1;0;rGGr;24195.50
J36;1;0;rGGr;24195.75
J36;1;0;rGGr;24196.00
J36;1;0;rGGr;24196.25
J36;1;0;rGGr;24196.50
J36;1;0;rGGr;24196.75
J36;1;0;rGGr;24197.00
J36;1;0;rGGr;24197.25
J36;1;0;rGGr;24197.50
J36;1;0;rGGr;24197.75
J36;1;0;rGGr;24198.00
J36;1;0;rGGr;24198.25
J36;1;0;rGGr;24198.50
J36;1;0;rGGr;24198.75
J36;1;0;rGGr;24199.00
J36;1;0;rGGr;24199.25
J36;1;0;rGGr;24199.50
J36;1;0;rGGr;24199.75
J36;1;0;rGGr;24200.00
J36;1;0;rGGr;24200.25
J36;1;0;rGGr;24200.50
J36;1;0;rGGr;24200.75
J36;1;0;rGGr;24201.00
J36;1;0;rGGr;24201.25
J36;1;0;rGGr;24201.50
J36;1;0;rGGr;24201.75
J36;1;0;rGGr;24202.00
J36;2;0;ryyr;24202.25
J36;2;0;ryyr;24202.50
J36;2;0;ryyr;24202.75
J36;2;0;ryyr;24203.00
J36;2;0;ryyr;24203.25
J36;2;0;ryyr;24203.50
J36;2;0;ryyr;24203.75
J36;2;0;ryyr;24204.00
J36;2;0;ryyr;24204.25
J36;2;0;ryyr;24204.50
J36;2;0;ryyr;24204.75
J36;2;0;ryyr;24205.00
J36;3;0;rrrr;24205.25
J36;3;0;rrrr;24205.50
J36;3;0;rrrr;24205.75
J36;3;0;rrrr;24206.00
J36;4;0;urru;24206.25
J36;4;0;urru;24206.50
J36;4;0;urru;24206.75
J36;4;0;urru;24207.00
J36;5;0;GrrG;24207.25
J36;5;0;GrrG;24207.50
J36;5;0;GrrG;24207.75
J36;5;0;GrrG;24208.00
J36;5;0;GrrG;24208.25
J36;5;0;GrrG;24208.50
J36;5;0;GrrG;24208.75
J36;5;0;GrrG;24209.00
J36;5;0;GrrG;24209.25
J36;5;0;GrrG;24209.50
J36;5;0;GrrG;24209.75
J36;5;0;GrrG;24210.00
J36;5;0;GrrG;24210.25
J36;5;0;GrrG;24210.50
J36;5;0;GrrG;24210.75
J36;5;0;GrrG;24211.00
J36;5;0;GrrG;24211.25
J36;5;0;GrrG;24211.50
J36;5;0;GrrG;24211.75
J36;5;0;GrrG;24212.00
J36;5;0;GrrG;24212.25
J36;5;0;GrrG;24212.50
J36;5;0;GrrG;24212.75
J36;5;0;GrrG;24213.00
J36;5;0;GrrG;24213.25
J36;5;0;GrrG;24213.50
J36;5;0;GrrG;24213.75
J36;5;0;GrrG;24214.00
J36;5;0;GrrG;24214.25
J36;5;0;GrrG;24214.50
J36;5;0;GrrG;24214.75
J36;5;0;GrrG;24215.00
J36;5;0;GrrG;24215.25
J36;5;0;GrrG;24215.50
J36;5;0;GrrG;24215.75
J36;5;0;GrrG;24216.00
J36;5;0;GrrG;24216.25
J36;5;0;GrrG;24216.50
J36;5;0;GrrG;24216.75
J36;5;0;GrrG;24217.00
J36;5;0;GrrG;24217.25
J36;5;0;GrrG;24217.50
J36;5;0;GrrG;24217.75
J36;5;0;GrrG;24218.00
J36;5;0;GrrG;24218.25
J36;5;0;GrrG;24218.50
J36;5;0;GrrG;24218.75
J36;5;0;GrrG;24219.00
J36;5;0;GrrG;24219.25
J36;5;0;GrrG;24219.50
J36;5;0;GrrG;24219.75
J36;5;0;GrrG;24220.00
J36;5;0;GrrG;24220.25
J36;5;0;GrrG;24220.50
J36;5;0;GrrG;24220.75
J36;5;0;GrrG;24221.00
J36;5;0;GrrG;24221.25
J36;5;0;GrrG;24221.50
J36;5;0;GrrG;24221.75
J36;5;0;GrrG;24222.00
J36;5;0;GrrG;24222.25
J36;5;0;GrrG;24222.50
J36;5;0;GrrG;24222.75
J36;5;0;GrrG;24223.00
J36;5;0;GrrG;24223.25
J36;5;0;GrrG;24223.50
J36;5;0;GrrG;24223.75
J36;5;0;GrrG;24224.00
J36;5;0;GrrG;24224.25
J36;5;0;GrrG;24224.50
J36;5;0;GrrG;24224.75
J36;5;0;GrrG;24225.00
J36;5;0;GrrG;24225.25
J36;5;0;GrrG;24225.50
J36;5;0;GrrG;24225.75
J36;5;0;GrrG;24226.00
J36;5;0;GrrG;24226.25
J36;5;0;GrrG;24226.50
J36;5;0;GrrG;24226.75
J36;5;0;GrrG;24227.00
J36;5;0;GrrG;24227.25
J36;5;0;GrrG;24227.50
J36;5;0;GrrG;24227.75
J36;5;0;GrrG;24228.00
J36;5;0;GrrG;24228.25
J36;5;0;GrrG;24228.50
J36;5;0;GrrG;24228.75
J36;5;0;GrrG;24229.00
J36;5;0;GrrG;24229.25
J36;5;0;GrrG;24229.50
J36;5;0;GrrG;24229.75
J36;5;0;GrrG;24230.00
J36;5;0;GrrG;24230.25
J36;5;0;GrrG;24230.50
J36;5;0;GrrG;24230.75
J36;5;0;GrrG;24231.00
J36;5;0;GrrG;24231.25
J36;5;0;GrrG;24231.50
J36;5;0;GrrG;24231.75
J36;5;0;GrrG;24232.00
J36;6;0;yrry;24232.25
J36;6;0;yrry;24232.50
J36;6;0;yrry;24232.75
J36;6;0;yrry;24233.00
J36;6;0;yrry;24233.25
J36;6;0;yrry;24233.50
J36;6;0;yrry;24233.75
J36;6;0;yrry;24234.00
J36;6;0;yrry;24234.25
J36;6;0;yrry;24234.50
J36;6;0;yrry;24234.75
J36;6;0;yrry;24235.00
J36;7;0;rrrr;24235.25
J36;7;0;rrrr;24235.50
J36;7;0;rrrr;24235.75
J36;7;0;rrrr;24236.00
J36;0;0;ruur;24236.25
J36;0;0;ruur;24236.50
J36;0;0;ruur;24236.75
J36;0;0;ruur;24237.00
J36;1;0;rGGr;24237.25
J36;1;0;rGGr;24237.50
J36;1;0;rGGr;24237.75
J36;1;0;rGGr;24238.00
J36;1;0;rGGr;24238.25
J36;1;0;rGGr;24238.50
J36;1;0;rGGr;24238.75
J36;1;0;rGGr;24239.00
J36;1;0;rGGr;24239.25
J36;1;0;rGGr;24239.50
J36;1;0;rGGr;24239.75
J36;1;0;rGGr;24240.00
J36;1;0;rGGr;24240.25
J36;1;0;rGGr;24240.50
J36;1;0;rGGr;24240.75
J36;1;0;rGGr;24241.00
J36;1;0;rGGr;24241.25
J36;1;0;rGGr;24241.50
J36;1;0;rGGr;24241.75
J36;1;0;rGGr;24242.00
J36;1;0;rGGr;24242.25
J36;1;0;rGGr;24242.50
J36;1;0;rGGr;24242.75
J36;1;0;rGGr;24243.00
J36;1;0;rGGr;24243.25
J36;1;0;rGGr;24243.50
J36;1;0;rGGr;24243.75
J36;1;0;rGGr;24244.00
J36;1;0;rGGr;24244.25
J36;1;0;rGGr;24244.50
J36;1;0;rGGr;24244.75
J36;1;0;rGGr;24245.00
J36;1;0;rGGr;24245.25
J36;1;0;rGGr;24245.50
J36;1;0;rGGr;24245.75
J36;1;0;rGGr;24246.00
J36;1;0;rGGr;24246.25
J36;1;0;rGGr;24246.50
J36;1;0;rGGr;24246.75
J36;1;0;rGGr;24247.00
J36;1;0;rGGr;24247.25
J36;1;0;rGGr;24247.50
J36;1;0;rGGr;24247.75
J36;1;0;rGGr;24248.00
J36;1;0;rGGr;24248.25
J36;1;0;rGGr;24248.50
J36;1;0;rGGr;24248.75
J36;1;0;rGGr;24249.00
J36;1;0;rGGr;24249.25
J36;1;0;rGGr;24249.50
J36;1;0;rGGr;24249.75
J36;1;0;rGGr;24250.00
J36;1;0;rGGr;24250.25
J36;1;0;rGGr;24250.50
J36;1;0;rGGr;24250.75
J36;1;0;rGGr;24251.00
J36;1;0;rGGr;24251.25
J36;1;0;rGGr;24251.50
J36;1;0;rGGr;24251.75
J36;1;0;rGGr;24252.00
J36;1;0;rGGr;24252.25
J36;1;0;rGGr;24252.50
J36;1;0;rGGr;24252.75
J36;1;0;rGGr;24253.00
J36;1;0;rGGr;24253.25
J36;1;0;rGGr;24253.50
J36;1;0;rGGr;24253.75
J36;1;0;rGGr;24254.00
J36;1;0;rGGr;24254.25
J36;1;0;rGGr;24254.50
J36;1;0;rGGr;24254.75
J36;1;0;rGGr;24255.00
J36;1;0;rGGr;24255.25
J36;1;0;rGGr;24255.50
J36;1;0;rGGr;24255.75
J36;1;0;rGGr;24256.00
J36;1;0;rGGr;24256.25
J36;1;0;rGGr;24256.50
J36;1;0;rGGr;24256.75
J36;1;0;rGGr;24257.00
J36;1;0;rGGr;24257.25
J36;1;0;rGGr;24257.50
J36;1;0;rGGr;24257.75
J36;1;0;rGGr;24258.00
J36;1;0;rGGr;24258.25
J36;1;0;rGGr;24258.50
J36;1;0;rGGr;24258.75
J36;1;0;rGGr;24259.00
J36;1;0;rGGr;24259.25
J36;1;0;rGGr;24259.50
J36;1;0;rGGr;24259.75
J36;1;0;rGGr;24260.00
J36;1;0;rGGr;24260.25
J36;1;0;rGGr;24260.50
J36;1;0;rGGr;24260.75
J36;1;0;rGGr;24261.00
J36;1;0;rGGr;24261.25
J36;1;0;rGGr;24261.50
J36;1;0;rGGr;24261.75
J36;1;0;rGGr;24262.00
J36;2;0;ryyr;24262.25
J36;2;0;ryyr;24262.50
J36;2;0;ryyr;24262.75
J36;2;0;ryyr;24263.00
J36;2;0;ryyr;24263.25
J36;2;0;ryyr;24263.50
J36;2;0;ryyr;24263.75
J36;2;0;ryyr;24264.00
J36;2;0;ryyr;24264.25
J36;2;0;ryyr;24264.50
J36;2;0;ryyr;24264.75
J36;2;0;ryyr;24265.00
J36;3;0;rrrr;24265.25
J36;3;0;rrrr;24265.50
J36;3;0;rrrr;24265.75
J36;3;0;rrrr;24266.00
J36;4;0;urru;24266.25
J36;4;0;urru;24266.50
J36;4;0;urru;24266.75
J36;4;0;urru;24267.00
J36;5;0;GrrG;24267.25
J36;5;0;GrrG;24267.50
J36;5;0;GrrG;24267.75
J36;5;0;GrrG;24268.00
J36;5;0;GrrG;24268.25
J36;5;0;GrrG;24268.50
J36;5;0;GrrG;24268.75
J36;5;0;GrrG;24269.00
J36;5;0;GrrG;24269.25
J36;5;0;GrrG;24269.50
J36;5;0;GrrG;24269.75
J36;5;0;GrrG;24270.00
J36;5;0;GrrG;24270.25
J36;5;0;GrrG;24270.50
J36;5;0;GrrG;24270.75
J36;5;0;GrrG;24271.00
J36;5;0;GrrG;24271.25
J36;5;0;GrrG;24271.50
J36;5;0;GrrG;24271.75
J36;5;0;GrrG;24272.00
J36;5;0;GrrG;24272.25
J36;5;0;GrrG;24272.50
J36;5;0;GrrG;24272.75
J36;5;0;GrrG;24273.00
J36;5;0;GrrG;24273.25
J36;5;0;GrrG;24273.50
J36;5;0;GrrG;24273.75
J36;5;0;GrrG;24274.00
J36;5;0;GrrG;24274.25
J36;5;0;GrrG;24274.50
J36;5;0;GrrG;24274.75
J36;5;0;GrrG;24275.00
J36;5;0;GrrG;24275.25
J36;5;0;GrrG;24275.50
J36;5;0;GrrG;24275.75
J36;5;0;GrrG;24276.00
J36;5;0;GrrG;24276.25
J36;5;0;GrrG;24276.50
J36;5;0;GrrG;24276.75
J36;5;0;GrrG;24277.00
J36;5;0;GrrG;24277.25
J36;5;0;GrrG;24277.50
J36;5;0;GrrG;24277.75
J36;5;0;GrrG;24278.00
J36;5;0;GrrG;24278.25
J36;5;0;GrrG;24278.50
J36;5;0;GrrG;24278.75
J36;5;0;GrrG;24279.00
J36;5;0;GrrG;24279.25
J36;5;0;GrrG;24279.50
J36;5;0;GrrG;24279.75
J36;5;0;GrrG;24280.00
J36;5;0;GrrG;24280.25
J36;5;0;GrrG;24280.50
J36;5;0;GrrG;24280.75
J36;5;0;GrrG;24281.00
J36;5;0;GrrG;24281.25
J36;5;0;GrrG;24281.50
J36;5;0;GrrG;24281.75
J36;5;0;GrrG;24282.00
J36;5;0;GrrG;24282.25
J36;5;0;GrrG;24282.50
J36;5;0;GrrG;24282.75
J36;5;0;GrrG;24283.00
J36;5;0;GrrG;24283.25
J36;5;0;GrrG;24283.50
J36;5;0;GrrG;24283.75
J36;5;0;GrrG;24284.00
J36;5;0;GrrG;24284.25
J36;5;0;GrrG;24284.50
J36;5;0;GrrG;24284.75
J36;5;0;GrrG;24285.00
J36;5;0;GrrG;24285.25
J36;5;0;GrrG;24285.50
J36;5;0;GrrG;24285.75
J36;5;0;GrrG;24286.00
J36;5;0;GrrG;24286.25
J36;5;0;GrrG;24286.50
J36;5;0;GrrG;24286.75
J36;5;0;GrrG;24287.00
J36;5;0;GrrG;24287.25
J36;5;0;GrrG;24287.50
J36;5;0;GrrG;24287.75
J36;5;0;GrrG;24288.00
J36;5;0;GrrG;24288.25
J36;5;0;GrrG;24288.50
J36;5;0;GrrG;24288.75
J36;5;0;GrrG;24289.00
J36;5;0;GrrG;24289.25
J36;5;0;GrrG;24289.50
J36;5;0;GrrG;24289.75
J36;5;0;GrrG;24290.00
J36;5;0;GrrG;24290.25
J36;5;0;GrrG;24290.50
J36;5;0;GrrG;24290.75
J36;5;0;GrrG;24291.00
J36;5;0;GrrG;24291.25
J36;5;0;GrrG;24291.50
J36;5;0;GrrG;24291.75
J36;5;0;GrrG;24292.00
J36;6;0;yrry;24292.25
J36;6;0;yrry;24292.50
J36;6;0;yrry;24292.75
J36;6;0;yrry;24293.00
J36;6;0;yrry;24293.25
J36;6;0;yrry;24293.50
J36;6;0;yrry;24293.75
J36;6;0;yrry;24294.00
J36;6;0;yrry;24294.25
J36;6;0;yrry;24294.50
J36;6;0;yrry;24294.75
J36;6;0;yrry;24295.00
J36;7;0;rrrr;24295.25
J36;7;0;rrrr;24295.50
J36;7;0;rrrr;24295.75
J36;7;0;rrrr;24296.00
J36;0;0;ruur;24296.25
J36;0;0;ruur;24296.50
J36;0;0;ruur;24296.75
J36;0;0;ruur;24297.00
J36;1;0;rGGr;24297.25
J36;1;0;rGGr;24297.50
J36;1;0;rGGr;24297.75
J36;1;0;rGGr;24298.00
J36;1;0;rGGr;24298.25
J36;1;0;rGGr;24298.50
J36;1;0;rGGr;24298.75
J36;1;0;rGGr;24299.00
J36;1;0;rGGr;24299.25
J36;1;0;rGGr;24299.50
J36;1;0;rGGr;24299.75
J36;1;0;rGGr;24300.00
J36;1;0;rGGr;24300.25
J36;1;0;rGGr;24300.50
J36;1;0;rGGr;24300.75
J36;1;0;rGGr;24301.00
J36;1;0;rGGr;24301.25
J36;1;0;rGGr;24301.50
J36;1;0;rGGr;24301.75
J36;1;0;rGGr;24302.00
J36;1;0;rGGr;24302.25
J36;1;0;rGGr;24302.50
J36;1;0;rGGr;24302.75
J36;1;0;rGGr;24303.00
J36;1;0;rGGr;24303.25
J36;1;0;rGGr;24303.50
J36;1;0;rGGr;24303.75
J36;1;0;rGGr;24304.00
J36;1;0;rGGr;24304.25
J36;1;0;rGGr;24304.50
J36;1;0;rGGr;24304.75
J36;1;0;rGGr;24305.00
J36;1;0;rGGr;24305.25
J36;1;0;rGGr;24305.50
J36;1;0;rGGr;24305.75
J36;1;0;rGGr;24306.00
J36;1;0;rGGr;24306.25
J36;1;0;rGGr;24306.50
J36;1;0;rGGr;24306.75
J36;1;0;rGGr;24307.00
J36;1;0;rGGr;24307.25
J36;1;0;rGGr;24307.50
J36;1;0;rGGr;24307.75
J36;1;0;rGGr;24308.00
J36;1;0;rGGr;24308.25
J36;1;0;rGGr;24308.50
J36;1;0;rGGr;24308.75
J36;1;0;rGGr;24309.00
J36;1;0;rGGr;24309.25
J36;1;0;rGGr;24309.50
J36;1;0;rGGr;24309.75
J36;1;0;rGGr;24310.00
J36;1;0;rGGr;24310.25
J36;1;0;rGGr;24310.50
J36;1;0;rGGr;24310.75
J36;1;0;rGGr;24311.00
J36;1;0;rGGr;24311.25
J36;1;0;rGGr;24311.50
J36;1;0;rGGr;24311.75
J36;1;0;rGGr;24312.00
J36;1;0;rGGr;24312.25
J36;1;0;rGGr;24312.50
J36;1;0;rGGr;24312.75
J36;1;0;rGGr;24313.00
J36;1;0;rGGr;24313.25
J36;1;0;rGGr;24313.50
J36;1;0;rGGr;24313.75
J36;1;0;rGGr;24314.00
J36;1;0;rGGr;24314.25
J36;1;0;rGGr;24314.50
J36;1;0;rGGr;24314.75
J36;1;0;rGGr;24315.00
J36;1;0;rGGr;24315.25
J36;1;0;rGGr;24315.50
J36;1;0;rGGr;24315.75
J36;1;0;rGGr;24316.00
J36;1;0;rGGr;24316.25
J36;1;0;rGGr;24316.50
J36;1;0;rGGr;24316.75
J36;1;0;rGGr;24317.00
J36;1;0;rGGr;24317.25
J36;1;0;rGGr;24317.50
J36;1;0;rGGr;24317.75
J36;1;0;rGGr;24318.00
J36;1;0;rGGr;24318.25
J36;1;0;rGGr;24318.50
J36;1;0;rGGr;24318.75
J36;1;0;rGGr;24319.00
J36;1;0;rGGr;24319.25
J36;1;0;rGGr;24319.50
J36;1;0;rGGr;24319.75
J36;1;0;rGGr;24320.00
J36;1;0;rGGr;24320.25
J36;1;0;rGGr;24320.50
J36;1;0;rGGr;24320.75
J36;1;0;rGGr;24321.00
J36;1;0;rGGr;24321.25
J36;1;0;rGGr;24321.50
J36;1;0;rGGr;24321.75
J36;1;0;rGGr;24322.00
J36;2;0;ryyr;24322.25
J36;2;0;ryyr;24322.50
J36;2;0;ryyr;24322.75
J36;2;0;ryyr;24323.00
J36;2;0;ryyr;24323.25
J36;2;0;ryyr;24323.50
J36;2;0;ryyr;24323.75
J36;2;0;ryyr;24324.00
J36;2;0;ryyr;24324.25
J36;0;online;yyyyyyyyyyyyyyyyyyyyyyyyyyyyyyyyyyyyyyyyyyyyyyyyyyyyyyyyy;24324.50
J36;0;online;yyyyyyyyyyyyyyyyyyyyyyyyyyyyyyyyyyyyyyyyyyyyyyyyyyyyyyyyy;24324.75
J36;0;online;yyyyyyyyyyyyyyyyyyyyyyyyyyyyyyyyyyyyyyyyyyyyyyyyyyyyyyyyy;24325.00
J36;0;online;yyyyyyyyyyyyyyyyyyyyyyyyyyyyyyyyyyyyyyyyyyyyyyyyyyyyyyyyy;24325.25
J36;0;online;yyyyyyyyyyyyyyyyyyyyyyyyyyyyyyyyyyyyyyyyyyyyyyyyyyyyyyyyy;24325.50
J36;0;online;yyyyyyyyyyyyyyyyyyyyyyyyyyyyyyyyyyyyyyyyyyyyyyyyyyyyyyyyy;24325.75
J36;0;online;yyyyyyyyyyyyyyyyyyyyyyyyyyyyyyyyyyyyyyyyyyyyyyyyyyyyyyyyy;24326.00
J36;0;online;yyyyyyyyyyyyyyyyyyyyyyyyyyyyyyyyyyyyyyyyyyyyyyyyyyyyyyyyy;24326.25
J36;0;online;yyyyyyyyyyyyyyyyyyyyyyyyyyyyyyyyyyyyyyyyyyyyyyyyyyyyyyyyy;24326.50
J36;0;online;yyyyyyyyyyyyyyyyyyyyyyyyyyyyyyyyyyyyyyyyyyyyyyyyyyyyyyyyy;24326.75
J36;0;online;yyyyyyyyyyyyyyyyyyyyyyyyyyyyyyyyyyyyyyyyyyyyyyyyyyyyyyyyy;24327.00
J36;0;online;yyyyyyyyyyyyyyyyyyyyyyyyyyyyyyyyyyyyyyyyyyyyyyyyyyyyyyyyy;24327.25
J36;4;0;urru;24327.50
J36;4;0;urru;24327.75
J36;4;0;urru;24328.00
J36;4;0;urru;24328.25
J36;5;0;GrrG;24328.50
J36;5;0;GrrG;24328.75
J36;5;0;GrrG;24329.00
J36;5;0;GrrG;24329.25
J36;5;0;GrrG;24329.50
J36;5;0;GrrG;24329.75
J36;5;0;GrrG;24330.00
J36;5;0;GrrG;24330.25
J36;5;0;GrrG;24330.50
J36;5;0;GrrG;24330.75
J36;5;0;GrrG;24331.00
J36;5;0;GrrG;24331.25
J36;5;0;GrrG;24331.50
J36;5;0;GrrG;24331.75
J36;5;0;GrrG;24332.00
J36;5;0;GrrG;24332.25
J36;5;0;GrrG;24332.50
J36;5;0;GrrG;24332.75
J36;5;0;GrrG;24333.00
J36;5;0;GrrG;24333.25
J36;5;0;GrrG;24333.50
J36;5;0;GrrG;24333.75
J36;5;0;GrrG;24334.00
J36;5;0;GrrG;24334.25
J36;5;0;GrrG;24334.50
J36;5;0;GrrG;24334.75
J36;5;0;GrrG;24335.00
J36;5;0;GrrG;24335.25
J36;5;0;GrrG;24335.50
J36;5;0;GrrG;24335.75
J36;5;0;GrrG;24336.00
J36;5;0;GrrG;24336.25
J36;5;0;GrrG;24336.50
J36;5;0;GrrG;24336.75
J36;5;0;GrrG;24337.00
J36;5;0;GrrG;24337.25
J36;5;0;GrrG;24337.50
J36;5;0;GrrG;24337.75
J36;5;0;GrrG;24338.00
J36;5;0;GrrG;24338.25
J36;5;0;GrrG;24338.50
J36;5;0;GrrG;24338.75
J36;5;0;GrrG;24339.00
J36;5;0;GrrG;24339.25
J36;5;0;GrrG;24339.50
J36;5;0;GrrG;24339.75
J36;5;0;GrrG;24340.00
J36;5;0;GrrG;24340.25
J36;5;0;GrrG;24340.50
J36;5;0;GrrG;24340.75
J36;5;0;GrrG;24341.00
J36;5;0;GrrG;24341.25
J36;5;0;GrrG;24341.50
J36;5;0;GrrG;24341.75
J36;5;0;GrrG;24342.00
J36;5;0;GrrG;24342.25
J36;5;0;GrrG;24342.50
J36;5;0;GrrG;24342.75
J36;5;0;GrrG;24343.00
J36;5;0;GrrG;24343.25
J36;5;0;GrrG;24343.50
J36;5;0;GrrG;24343.75
J36;5;0;GrrG;24344.00
J36;5;0;GrrG;24344.25
J36;5;0;GrrG;24344.50
J36;5;0;GrrG;24344.75
J36;5;0;GrrG;24345.00
J36;5;0;GrrG;24345.25
J36;5;0;GrrG;24345.50
J36;5;0;GrrG;24345.75
J36;5;0;GrrG;24346.00
J36;5;0;GrrG;24346.25
J36;5;0;GrrG;24346.50
J36;5;0;GrrG;24346.75
J36;5;0;GrrG;24347.00
J36;5;0;GrrG;24347.25
J36;5;0;GrrG;24347.50
J36;5;0;GrrG;24347.75
J36;5;0;GrrG;24348.00
J36;5;0;GrrG;24348.25
J36;5;0;GrrG;24348.50
J36;5;0;GrrG;24348.75
J36;5;0;GrrG;24349.00
J36;5;0;GrrG;24349.25
J36;5;0;GrrG;24349.50
J36;5;0;GrrG;24349.75
J36;5;0;GrrG;24350.00
J36;5;0;GrrG;24350.25
J36;5;0;GrrG;24350.50
J36;5;0;GrrG;24350.75
J36;5;0;GrrG;24351.00
J36;5;0;GrrG;24351.25
J36;5;0;GrrG;24351.50
J36;5;0;GrrG;24351.75
J36;5;0;GrrG;24352.00
J36;5;0;GrrG;24352.25
J36;5;0;GrrG;24352.50
J36;5;0;GrrG;24352.75
J36;5;0;GrrG;24353.00
J36;5;0;GrrG;24353.25
J36;6;0;yrry;24353.50
J36;6;0;yrry;24353.75
J36;6;0;yrry;24354.00
J36;6;0;yrry;24354.25
J36;6;0;yrry;24354.50
J36;6;0;yrry;24354.75
J36;6;0;yrry;24355.00
J36;6;0;yrry;24355.25
J36;6;0;yrry;24355.50
J36;6;0;yrry;24355.75
J36;6;0;yrry;24356.00
J36;6;0;yrry;24356.25
J36;7;0;rrrr;24356.50
J36;7;0;rrrr;24356.75
J36;7;0;rrrr;24357.00
J36;7;0;rrrr;24357.25
J36;0;0;ruur;24357.50
J36;0;0;ruur;24357.75
J36;0;0;ruur;24358.00
J36;0;0;ruur;24358.25
J36;1;0;rGGr;24358.50
J36;1;0;rGGr;24358.75
J36;1;0;rGGr;24359.00
J36;1;0;rGGr;24359.25
J36;1;0;rGGr;24359.50
J36;1;0;rGGr;24359.75
J36;1;0;rGGr;24360.00
J36;1;0;rGGr;24360.25
J36;1;0;rGGr;24360.50
J36;1;0;rGGr;24360.75
J36;1;0;rGGr;24361.00
J36;1;0;rGGr;24361.25
J36;1;0;rGGr;24361.50
J36;1;0;rGGr;24361.75
J36;1;0;rGGr;24362.00
J36;1;0;rGGr;24362.25
J36;1;0;rGGr;24362.50
J36;1;0;rGGr;24362.75
J36;1;0;rGGr;24363.00
J36;1;0;rGGr;24363.25
J36;1;0;rGGr;24363.50
J36;1;0;rGGr;24363.75
J36;1;0;rGGr;24364.00
J36;1;0;rGGr;24364.25
J36;1;0;rGGr;24364.50
J36;1;0;rGGr;24364.75
J36;1;0;rGGr;24365.00
J36;1;0;rGGr;24365.25
J36;1;0;rGGr;24365.50
J36;1;0;rGGr;24365.75
J36;1;0;rGGr;24366.00
J36;1;0;rGGr;24366.25
J36;1;0;rGGr;24366.50
J36;1;0;rGGr;24366.75
J36;1;0;rGGr;24367.00
J36;1;0;rGGr;24367.25
J36;1;0;rGGr;24367.50
J36;1;0;rGGr;24367.75
J36;1;0;rGGr;24368.00
J36;1;0;rGGr;24368.25
J36;1;0;rGGr;24368.50
J36;1;0;rGGr;24368.75
J36;1;0;rGGr;24369.00
J36;1;0;rGGr;24369.25
J36;1;0;rGGr;24369.50
J36;1;0;rGGr;24369.75
J36;1;0;rGGr;24370.00
J36;1;0;rGGr;24370.25
J36;1;0;rGGr;24370.50
J36;1;0;rGGr;24370.75
J36;1;0;rGGr;24371.00
J36;1;0;rGGr;24371.25
J36;1;0;rGGr;24371.50
J36;1;0;rGGr;24371.75
J36;1;0;rGGr;24372.00
J36;1;0;rGGr;24372.25
J36;1;0;rGGr;24372.50
J36;1;0;rGGr;24372.75
J36;1;0;rGGr;24373.00
J36;1;0;rGGr;24373.25
J36;1;0;rGGr;24373.50
J36;1;0;rGGr;24373.75
J36;1;0;rGGr;24374.00
J36;1;0;rGGr;24374.25
J36;1;0;rGGr;24374.50
J36;1;0;rGGr;24374.75
J36;1;0;rGGr;24375.00
J36;1;0;rGGr;24375.25
J36;1;0;rGGr;24375.50
J36;1;0;rGGr;24375.75
J36;1;0;rGGr;24376.00
J36;1;0;rGGr;24376.25
J36;1;0;rGGr;24376.50
J36;1;0;rGGr;24376.75
J36;1;0;rGGr;24377.00
J36;1;0;rGGr;24377.25
J36;1;0;rGGr;24377.50
J36;1;0;rGGr;24377.75
J36;1;0;rGGr;24378.00
J36;1;0;rGGr;24378.25
J36;1;0;rGGr;24378.50
J36;1;0;rGGr;24378.75
J36;1;0;rGGr;24379.00
J36;1;0;rGGr;24379.25
J36;1;0;rGGr;24379.50
J36;1;0;rGGr;24379.75
J36;1;0;rGGr;24380.00
J36;1;0;rGGr;24380.25
J36;1;0;rGGr;24380.50
J36;1;0;rGGr;24380.75
J36;1;0;rGGr;24381.00
J36;1;0;rGGr;24381.25
J36;1;0;rGGr;24381.50
J36;1;0;rGGr;24381.75
J36;1;0;rGGr;24382.00
J36;1;0;rGGr;24382.25
J36;1;0;rGGr;24382.50
J36;1;0;rGGr;24382.75
J36;1;0;rGGr;24383.00
J36;1;0;rGGr;24383.25
J36;2;0;ryyr;24383.50
J36;2;0;ryyr;24383.75
J36;2;0;ryyr;24384.00
J36;2;0;ryyr;24384.25
J36;2;0;ryyr;24384.50
J36;2;0;ryyr;24384.75
J36;2;0;ryyr;24385.00
J36;2;0;ryyr;24385.25
J36;2;0;ryyr;24385.50
J36;2;0;ryyr;24385.75
J36;2;0;ryyr;24386.00
J36;2;0;ryyr;24386.25
J36;2;0;ryyr;24386.50
J36;2;0;ryyr;24386.75
J36;2;0;ryyr;24387.00
J36;2;0;ryyr;24387.25
J36;3;0;rrrr;24387.50
J36;3;0;rrrr;24387.75
J36;3;0;rrrr;24388.00
J36;3;0;rrrr;24388.25
J36;4;0;urru;24388.50
J36;4;0;urru;24388.75
J36;4;0;urru;24389.00
J36;4;0;urru;24389.25
J36;5;0;GrrG;24389.50
J36;5;0;GrrG;24389.75
J36;5;0;GrrG;24390.00
J36;5;0;GrrG;24390.25
J36;5;0;GrrG;24390.50
J36;5;0;GrrG;24390.75
J36;5;0;GrrG;24391.00
J36;5;0;GrrG;24391.25
J36;5;0;GrrG;24391.50
J36;5;0;GrrG;24391.75
J36;5;0;GrrG;24392.00
J36;5;0;GrrG;24392.25
J36;5;0;GrrG;24392.50
J36;5;0;GrrG;24392.75
J36;5;0;GrrG;24393.00
J36;5;0;GrrG;24393.25
J36;5;0;GrrG;24393.50
J36;5;0;GrrG;24393.75
J36;5;0;GrrG;24394.00
J36;5;0;GrrG;24394.25
J36;5;0;GrrG;24394.50
J36;5;0;GrrG;24394.75
J36;5;0;GrrG;24395.00
J36;5;0;GrrG;24395.25
J36;5;0;GrrG;24395.50
J36;5;0;GrrG;24395.75
J36;5;0;GrrG;24396.00
J36;5;0;GrrG;24396.25
J36;5;0;GrrG;24396.50
J36;5;0;GrrG;24396.75
J36;5;0;GrrG;24397.00
J36;5;0;GrrG;24397.25
J36;5;0;GrrG;24397.50
J36;5;0;GrrG;24397.75
J36;5;0;GrrG;24398.00
J36;5;0;GrrG;24398.25
J36;5;0;GrrG;24398.50
J36;5;0;GrrG;24398.75
J36;5;0;GrrG;24399.00
J36;5;0;GrrG;24399.25
J36;5;0;GrrG;24399.50
J36;5;0;GrrG;24399.75
J36;5;0;GrrG;24400.00
J36;5;0;GrrG;24400.25
J36;5;0;GrrG;24400.50
J36;5;0;GrrG;24400.75
J36;5;0;GrrG;24401.00
J36;5;0;GrrG;24401.25
J36;5;0;GrrG;24401.50
J36;5;0;GrrG;24401.75
J36;5;0;GrrG;24402.00
J36;5;0;GrrG;24402.25
J36;5;0;GrrG;24402.50
J36;5;0;GrrG;24402.75
J36;5;0;GrrG;24403.00
J36;5;0;GrrG;24403.25
J36;5;0;GrrG;24403.50
J36;5;0;GrrG;24403.75
J36;5;0;GrrG;24404.00
J36;5;0;GrrG;24404.25
J36;5;0;GrrG;24404.50
J36;5;0;GrrG;24404.75
J36;5;0;GrrG;24405.00
J36;5;0;GrrG;24405.25
J36;5;0;GrrG;24405.50
J36;5;0;GrrG;24405.75
J36;5;0;GrrG;24406.00
J36;5;0;GrrG;24406.25
J36;5;0;GrrG;24406.50
J36;5;0;GrrG;24406.75
J36;5;0;GrrG;24407.00
J36;5;0;GrrG;24407.25
J36;5;0;GrrG;24407.50
J36;5;0;GrrG;24407.75
J36;5;0;GrrG;24408.00
J36;5;0;GrrG;24408.25
J36;5;0;GrrG;24408.50
J36;5;0;GrrG;24408.75
J36;5;0;GrrG;24409.00
J36;5;0;GrrG;24409.25
J36;5;0;GrrG;24409.50
J36;5;0;GrrG;24409.75
J36;5;0;GrrG;24410.00
J36;5;0;GrrG;24410.25
J36;5;0;GrrG;24410.50
J36;5;0;GrrG;24410.75
J36;5;0;GrrG;24411.00
J36;5;0;GrrG;24411.25
J36;5;0;GrrG;24411.50
J36;5;0;GrrG;24411.75
J36;5;0;GrrG;24412.00
J36;5;0;GrrG;24412.25
J36;5;0;GrrG;24412.50
J36;5;0;GrrG;24412.75
J36;5;0;GrrG;24413.00
J36;5;0;GrrG;24413.25
J36;5;0;GrrG;24413.50
J36;5;0;GrrG;24413.75
J36;5;0;GrrG;24414.00
J36;5;0;GrrG;24414.25
J36;6;0;yrry;24414.50
J36;6;0;yrry;24414.75
J36;6;0;yrry;24415.00
J36;6;0;yrry;24415.25
J36;6;0;yrry;24415.50
J36;6;0;yrry;24415.75
J36;6;0;yrry;24416.00
J36;6;0;yrry;24416.25
J36;6;0;yrry;24416.50
J36;6;0;yrry;24416.75
J36;6;0;yrry;24417.00
J36;6;0;yrry;24417.25
J36;7;0;rrrr;24417.50
J36;7;0;rrrr;24417.75
J36;7;0;rrrr;24418.00
J36;7;0;rrrr;24418.25
J36;0;0;ruur;24418.50
J36;0;0;ruur;24418.75
J36;0;0;ruur;24419.00
J36;0;0;ruur;24419.25
J36;1;0;rGGr;24419.50
J36;1;0;rGGr;24419.75
J36;1;0;rGGr;24420.00
J36;1;0;rGGr;24420.25
J36;1;0;rGGr;24420.50
J36;1;0;rGGr;24420.75
J36;1;0;rGGr;24421.00
J36;1;0;rGGr;24421.25
J36;1;0;rGGr;24421.50
J36;1;0;rGGr;24421.75
J36;1;0;rGGr;24422.00
J36;1;0;rGGr;24422.25
J36;1;0;rGGr;24422.50
J36;1;0;rGGr;24422.75
J36;1;0;rGGr;24423.00
J36;1;0;rGGr;24423.25
J36;1;0;rGGr;24423.50
J36;1;0;rGGr;24423.75
J36;1;0;rGGr;24424.00
J36;1;0;rGGr;24424.25
J36;1;0;rGGr;24424.50
J36;1;0;rGGr;24424.75
J36;1;0;rGGr;24425.00
J36;1;0;rGGr;24425.25
J36;1;0;rGGr;24425.50
J36;1;0;rGGr;24425.75
J36;1;0;rGGr;24426.00
J36;1;0;rGGr;24426.25
J36;0;online;yyyyyyyyyyyyyyyyyyyyyyyyyyyyyyyyyyyyyyyyyyyyyyyyyyyyyyyyy;24426.50
J36;0;online;yyyyyyyyyyyyyyyyyyyyyyyyyyyyyyyyyyyyyyyyyyyyyyyyyyyyyyyyy;24426.75
J36;0;online;yyyyyyyyyyyyyyyyyyyyyyyyyyyyyyyyyyyyyyyyyyyyyyyyyyyyyyyyy;24427.00
J36;0;online;yyyyyyyyyyyyyyyyyyyyyyyyyyyyyyyyyyyyyyyyyyyyyyyyyyyyyyyyy;24427.25
J36;0;online;yyyyyyyyyyyyyyyyyyyyyyyyyyyyyyyyyyyyyyyyyyyyyyyyyyyyyyyyy;24427.50
J36;0;online;yyyyyyyyyyyyyyyyyyyyyyyyyyyyyyyyyyyyyyyyyyyyyyyyyyyyyyyyy;24427.75
J36;0;online;yyyyyyyyyyyyyyyyyyyyyyyyyyyyyyyyyyyyyyyyyyyyyyyyyyyyyyyyy;24428.00
J36;0;online;yyyyyyyyyyyyyyyyyyyyyyyyyyyyyyyyyyyyyyyyyyyyyyyyyyyyyyyyy;24428.25
J36;0;online;yyyyyyyyyyyyyyyyyyyyyyyyyyyyyyyyyyyyyyyyyyyyyyyyyyyyyyyyy;24428.50
J36;0;online;yyyyyyyyyyyyyyyyyyyyyyyyyyyyyyyyyyyyyyyyyyyyyyyyyyyyyyyyy;24428.75
J36;0;online;yyyyyyyyyyyyyyyyyyyyyyyyyyyyyyyyyyyyyyyyyyyyyyyyyyyyyyyyy;24429.00
J36;0;online;yyyyyyyyyyyyyyyyyyyyyyyyyyyyyyyyyyyyyyyyyyyyyyyyyyyyyyyyy;24429.25
J36;4;0;urru;24429.50
J36;4;0;urru;24429.75
J36;4;0;urru;24430.00
J36;4;0;urru;24430.25
J36;5;0;GrrG;24430.50
J36;5;0;GrrG;24430.75
J36;5;0;GrrG;24431.00
J36;5;0;GrrG;24431.25
J36;5;0;GrrG;24431.50
J36;5;0;GrrG;24431.75
J36;5;0;GrrG;24432.00
J36;5;0;GrrG;24432.25
J36;5;0;GrrG;24432.50
J36;5;0;GrrG;24432.75
J36;5;0;GrrG;24433.00
J36;5;0;GrrG;24433.25
J36;5;0;GrrG;24433.50
J36;5;0;GrrG;24433.75
J36;5;0;GrrG;24434.00
J36;5;0;GrrG;24434.25
J36;5;0;GrrG;24434.50
J36;5;0;GrrG;24434.75
J36;5;0;GrrG;24435.00
J36;5;0;GrrG;24435.25
J36;5;0;GrrG;24435.50
J36;5;0;GrrG;24435.75
J36;5;0;GrrG;24436.00
J36;5;0;GrrG;24436.25
J36;5;0;GrrG;24436.50
J36;5;0;GrrG;24436.75
J36;5;0;GrrG;24437.00
J36;5;0;GrrG;24437.25
J36;5;0;GrrG;24437.50
J36;5;0;GrrG;24437.75
J36;5;0;GrrG;24438.00
J36;5;0;GrrG;24438.25
J36;5;0;GrrG;24438.50
J36;5;0;GrrG;24438.75
J36;5;0;GrrG;24439.00
J36;5;0;GrrG;24439.25
J36;5;0;GrrG;24439.50
J36;5;0;GrrG;24439.75
J36;5;0;GrrG;24440.00
J36;5;0;GrrG;24440.25
J36;5;0;GrrG;24440.50
J36;5;0;GrrG;24440.75
J36;5;0;GrrG;24441.00
J36;5;0;GrrG;24441.25
J36;5;0;GrrG;24441.50
J36;5;0;GrrG;24441.75
J36;5;0;GrrG;24442.00
J36;5;0;GrrG;24442.25
J36;5;0;GrrG;24442.50
J36;5;0;GrrG;24442.75
J36;5;0;GrrG;24443.00
J36;5;0;GrrG;24443.25
J36;5;0;GrrG;24443.50
J36;5;0;GrrG;24443.75
J36;5;0;GrrG;24444.00
J36;5;0;GrrG;24444.25
J36;5;0;GrrG;24444.50
J36;5;0;GrrG;24444.75
J36;5;0;GrrG;24445.00
J36;5;0;GrrG;24445.25
J36;5;0;GrrG;24445.50
J36;5;0;GrrG;24445.75
J36;5;0;GrrG;24446.00
J36;5;0;GrrG;24446.25
J36;5;0;GrrG;24446.50
J36;5;0;GrrG;24446.75
J36;5;0;GrrG;24447.00
J36;5;0;GrrG;24447.25
J36;5;0;GrrG;24447.50
J36;5;0;GrrG;24447.75
J36;5;0;GrrG;24448.00
J36;5;0;GrrG;24448.25
J36;5;0;GrrG;24448.50
J36;5;0;GrrG;24448.75
J36;5;0;GrrG;24449.00
J36;5;0;GrrG;24449.25
J36;5;0;GrrG;24449.50
J36;5;0;GrrG;24449.75
J36;5;0;GrrG;24450.00
J36;5;0;GrrG;24450.25
J36;5;0;GrrG;24450.50
J36;5;0;GrrG;24450.75
J36;5;0;GrrG;24451.00
J36;5;0;GrrG;24451.25
J36;5;0;GrrG;24451.50
J36;5;0;GrrG;24451.75
J36;5;0;GrrG;24452.00
J36;5;0;GrrG;24452.25
J36;5;0;GrrG;24452.50
J36;5;0;GrrG;24452.75
J36;5;0;GrrG;24453.00
J36;5;0;GrrG;24453.25
J36;5;0;GrrG;24453.50
J36;5;0;GrrG;24453.75
J36;5;0;GrrG;24454.00
J36;5;0;GrrG;24454.25
J36;5;0;GrrG;24454.50
J36;5;0;GrrG;24454.75
J36;5;0;GrrG;24455.00
J36;5;0;GrrG;24455.25
J36;6;0;yrry;24455.50
J36;6;0;yrry;24455.75
J36;6;0;yrry;24456.00
J36;6;0;yrry;24456.25
J36;6;0;yrry;24456.50
J36;6;0;yrry;24456.75
J36;6;0;yrry;24457.00
J36;6;0;yrry;24457.25
J36;6;0;yrry;24457.50
J36;6;0;yrry;24457.75
J36;6;0;yrry;24458.00
J36;6;0;yrry;24458.25
J36;7;0;rrrr;24458.50
J36;7;0;rrrr;24458.75
J36;7;0;rrrr;24459.00
J36;7;0;rrrr;24459.25
J36;0;0;ruur;24459.50
J36;0;0;ruur;24459.75
J36;0;0;ruur;24460.00
J36;0;0;ruur;24460.25
J36;1;0;rGGr;24460.50
J36;1;0;rGGr;24460.75
J36;1;0;rGGr;24461.00
J36;1;0;rGGr;24461.25
J36;1;0;rGGr;24461.50
J36;1;0;rGGr;24461.75
J36;1;0;rGGr;24462.00
J36;1;0;rGGr;24462.25
J36;1;0;rGGr;24462.50
J36;1;0;rGGr;24462.75
J36;1;0;rGGr;24463.00
J36;1;0;rGGr;24463.25
J36;1;0;rGGr;24463.50
J36;1;0;rGGr;24463.75
J36;1;0;rGGr;24464.00
J36;1;0;rGGr;24464.25
J36;1;0;rGGr;24464.50
J36;1;0;rGGr;24464.75
J36;1;0;rGGr;24465.00
J36;1;0;rGGr;24465.25
J36;1;0;rGGr;24465.50
J36;1;0;rGGr;24465.75
J36;1;0;rGGr;24466.00
J36;1;0;rGGr;24466.25
J36;1;0;rGGr;24466.50
J36;1;0;rGGr;24466.75
J36;1;0;rGGr;24467.00
J36;1;0;rGGr;24467.25
J36;1;0;rGGr;24467.50
J36;1;0;rGGr;24467.75
J36;1;0;rGGr;24468.00
J36;0;online;yyyyyyyyyyyyyyyyyyyyyyyyyyyyyyyyyyyyyyyyyyyyyyyyyyyyyyyyy;24468.25
J36;0;online;yyyyyyyyyyyyyyyyyyyyyyyyyyyyyyyyyyyyyyyyyyyyyyyyyyyyyyyyy;24468.50
J36;0;online;yyyyyyyyyyyyyyyyyyyyyyyyyyyyyyyyyyyyyyyyyyyyyyyyyyyyyyyyy;24468.75
J36;0;online;yyyyyyyyyyyyyyyyyyyyyyyyyyyyyyyyyyyyyyyyyyyyyyyyyyyyyyyyy;24469.00
J36;0;online;yyyyyyyyyyyyyyyyyyyyyyyyyyyyyyyyyyyyyyyyyyyyyyyyyyyyyyyyy;24469.25
J36;0;online;yyyyyyyyyyyyyyyyyyyyyyyyyyyyyyyyyyyyyyyyyyyyyyyyyyyyyyyyy;24469.50
J36;0;online;yyyyyyyyyyyyyyyyyyyyyyyyyyyyyyyyyyyyyyyyyyyyyyyyyyyyyyyyy;24469.75
J36;0;online;yyyyyyyyyyyyyyyyyyyyyyyyyyyyyyyyyyyyyyyyyyyyyyyyyyyyyyyyy;24470.00
J36;0;online;yyyyyyyyyyyyyyyyyyyyyyyyyyyyyyyyyyyyyyyyyyyyyyyyyyyyyyyyy;24470.25
J36;0;online;yyyyyyyyyyyyyyyyyyyyyyyyyyyyyyyyyyyyyyyyyyyyyyyyyyyyyyyyy;24470.50
J36;0;online;yyyyyyyyyyyyyyyyyyyyyyyyyyyyyyyyyyyyyyyyyyyyyyyyyyyyyyyyy;24470.75
J36;0;online;yyyyyyyyyyyyyyyyyyyyyyyyyyyyyyyyyyyyyyyyyyyyyyyyyyyyyyyyy;24471.00
J36;4;0;urru;24471.25
J36;4;0;urru;24471.50
J36;4;0;urru;24471.75
J36;4;0;urru;24472.00
J36;5;0;GrrG;24472.25
J36;5;0;GrrG;24472.50
J36;5;0;GrrG;24472.75
J36;5;0;GrrG;24473.00
J36;5;0;GrrG;24473.25
J36;5;0;GrrG;24473.50
J36;5;0;GrrG;24473.75
J36;5;0;GrrG;24474.00
J36;5;0;GrrG;24474.25
J36;5;0;GrrG;24474.50
J36;5;0;GrrG;24474.75
J36;5;0;GrrG;24475.00
J36;5;0;GrrG;24475.25
J36;5;0;GrrG;24475.50
J36;5;0;GrrG;24475.75
J36;5;0;GrrG;24476.00
J36;5;0;GrrG;24476.25
J36;5;0;GrrG;24476.50
J36;5;0;GrrG;24476.75
J36;5;0;GrrG;24477.00
J36;5;0;GrrG;24477.25
J36;5;0;GrrG;24477.50
J36;5;0;GrrG;24477.75
J36;5;0;GrrG;24478.00
J36;5;0;GrrG;24478.25
J36;5;0;GrrG;24478.50
J36;5;0;GrrG;24478.75
J36;5;0;GrrG;24479.00
J36;5;0;GrrG;24479.25
J36;5;0;GrrG;24479.50
J36;5;0;GrrG;24479.75
J36;5;0;GrrG;24480.00
J36;5;0;GrrG;24480.25
J36;5;0;GrrG;24480.50
J36;5;0;GrrG;24480.75
J36;5;0;GrrG;24481.00
J36;5;0;GrrG;24481.25
J36;5;0;GrrG;24481.50
J36;5;0;GrrG;24481.75
J36;5;0;GrrG;24482.00
J36;5;0;GrrG;24482.25
J36;5;0;GrrG;24482.50
J36;5;0;GrrG;24482.75
J36;5;0;GrrG;24483.00
J36;5;0;GrrG;24483.25
J36;5;0;GrrG;24483.50
J36;5;0;GrrG;24483.75
J36;5;0;GrrG;24484.00
J36;5;0;GrrG;24484.25
J36;5;0;GrrG;24484.50
J36;5;0;GrrG;24484.75
J36;5;0;GrrG;24485.00
J36;5;0;GrrG;24485.25
J36;5;0;GrrG;24485.50
J36;5;0;GrrG;24485.75
J36;5;0;GrrG;24486.00
J36;5;0;GrrG;24486.25
J36;5;0;GrrG;24486.50
J36;5;0;GrrG;24486.75
J36;5;0;GrrG;24487.00
J36;5;0;GrrG;24487.25
J36;5;0;GrrG;24487.50
J36;5;0;GrrG;24487.75
J36;5;0;GrrG;24488.00
J36;5;0;GrrG;24488.25
J36;5;0;GrrG;24488.50
J36;5;0;GrrG;24488.75
J36;5;0;GrrG;24489.00
J36;5;0;GrrG;24489.25
J36;5;0;GrrG;24489.50
J36;5;0;GrrG;24489.75
J36;5;0;GrrG;24490.00
J36;5;0;GrrG;24490.25
J36;5;0;GrrG;24490.50
J36;5;0;GrrG;24490.75
J36;5;0;GrrG;24491.00
J36;5;0;GrrG;24491.25
J36;5;0;GrrG;24491.50
J36;5;0;GrrG;24491.75
J36;5;0;GrrG;24492.00
J36;5;0;GrrG;24492.25
J36;5;0;GrrG;24492.50
J36;5;0;GrrG;24492.75
J36;5;0;GrrG;24493.00
J36;5;0;GrrG;24493.25
J36;5;0;GrrG;24493.50
J36;5;0;GrrG;24493.75
J36;5;0;GrrG;24494.00
J36;5;0;GrrG;24494.25
J36;5;0;GrrG;24494.50
J36;5;0;GrrG;24494.75
J36;5;0;GrrG;24495.00
J36;5;0;GrrG;24495.25
J36;5;0;GrrG;24495.50
J36;5;0;GrrG;24495.75
J36;5;0;GrrG;24496.00
J36;5;0;GrrG;24496.25
J36;5;0;GrrG;24496.50
J36;5;0;GrrG;24496.75
J36;5;0;GrrG;24497.00
J36;6;0;yrry;24497.25
J36;6;0;yrry;24497.50
J36;6;0;yrry;24497.75
J36;6;0;yrry;24498.00
J36;6;0;yrry;24498.25
J36;6;0;yrry;24498.50
J36;6;0;yrry;24498.75
J36;6;0;yrry;24499.00
J36;6;0;yrry;24499.25
J36;6;0;yrry;24499.50
J36;6;0;yrry;24499.75
J36;6;0;yrry;24500.00
J36;7;0;rrrr;24500.25
J36;7;0;rrrr;24500.50
J36;7;0;rrrr;24500.75
J36;7;0;rrrr;24501.00
J36;0;0;ruur;24501.25
J36;0;0;ruur;24501.50
J36;0;0;ruur;24501.75
J36;0;0;ruur;24502.00
J36;1;0;rGGr;24502.25
J36;1;0;rGGr;24502.50
J36;1;0;rGGr;24502.75
J36;1;0;rGGr;24503.00
J36;1;0;rGGr;24503.25
J36;1;0;rGGr;24503.50
J36;1;0;rGGr;24503.75
J36;1;0;rGGr;24504.00
J36;1;0;rGGr;24504.25
J36;1;0;rGGr;24504.50
J36;1;0;rGGr;24504.75
J36;1;0;rGGr;24505.00
J36;1;0;rGGr;24505.25
J36;1;0;rGGr;24505.50
J36;1;0;rGGr;24505.75
J36;1;0;rGGr;24506.00
J36;1;0;rGGr;24506.25
J36;1;0;rGGr;24506.50
J36;1;0;rGGr;24506.75
J36;1;0;rGGr;24507.00
J36;1;0;rGGr;24507.25
J36;1;0;rGGr;24507.50
J36;1;0;rGGr;24507.75
J36;1;0;rGGr;24508.00
J36;1;0;rGGr;24508.25
J36;1;0;rGGr;24508.50
J36;1;0;rGGr;24508.75
J36;1;0;rGGr;24509.00
J36;1;0;rGGr;24509.25
J36;1;0;rGGr;24509.50
J36;1;0;rGGr;24509.75
J36;1;0;rGGr;24510.00
J36;1;0;rGGr;24510.25
J36;1;0;rGGr;24510.50
J36;1;0;rGGr;24510.75
J36;1;0;rGGr;24511.00
J36;1;0;rGGr;24511.25
J36;1;0;rGGr;24511.50
J36;1;0;rGGr;24511.75
J36;1;0;rGGr;24512.00
J36;1;0;rGGr;24512.25
J36;1;0;rGGr;24512.50
J36;1;0;rGGr;24512.75
J36;1;0;rGGr;24513.00
J36;1;0;rGGr;24513.25
J36;1;0;rGGr;24513.50
J36;1;0;rGGr;24513.75
J36;1;0;rGGr;24514.00
J36;1;0;rGGr;24514.25
J36;1;0;rGGr;24514.50
J36;1;0;rGGr;24514.75
J36;1;0;rGGr;24515.00
J36;1;0;rGGr;24515.25
J36;1;0;rGGr;24515.50
J36;1;0;rGGr;24515.75
J36;1;0;rGGr;24516.00
J36;1;0;rGGr;24516.25
J36;1;0;rGGr;24516.50
J36;1;0;rGGr;24516.75
J36;1;0;rGGr;24517.00
J36;1;0;rGGr;24517.25
J36;1;0;rGGr;24517.50
J36;1;0;rGGr;24517.75
J36;1;0;rGGr;24518.00
J36;1;0;rGGr;24518.25
J36;1;0;rGGr;24518.50
J36;1;0;rGGr;24518.75
J36;1;0;rGGr;24519.00
J36;1;0;rGGr;24519.25
J36;1;0;rGGr;24519.50
J36;1;0;rGGr;24519.75
J36;1;0;rGGr;24520.00
J36;1;0;rGGr;24520.25
J36;1;0;rGGr;24520.50
J36;1;0;rGGr;24520.75
J36;1;0;rGGr;24521.00
J36;1;0;rGGr;24521.25
J36;1;0;rGGr;24521.50
J36;1;0;rGGr;24521.75
J36;1;0;rGGr;24522.00
J36;1;0;rGGr;24522.25
J36;1;0;rGGr;24522.50
J36;1;0;rGGr;24522.75
J36;1;0;rGGr;24523.00
J36;1;0;rGGr;24523.25
J36;1;0;rGGr;24523.50
J36;1;0;rGGr;24523.75
J36;1;0;rGGr;24524.00
J36;1;0;rGGr;24524.25
J36;1;0;rGGr;24524.50
J36;1;0;rGGr;24524.75
J36;1;0;rGGr;24525.00
J36;1;0;rGGr;24525.25
J36;1;0;rGGr;24525.50
J36;1;0;rGGr;24525.75
J36;1;0;rGGr;24526.00
J36;1;0;rGGr;24526.25
J36;1;0;rGGr;24526.50
J36;1;0;rGGr;24526.75
J36;1;0;rGGr;24527.00
J36;1;0;rGGr;24527.25
J36;1;0;rGGr;24527.50
J36;1;0;rGGr;24527.75
J36;1;0;rGGr;24528.00
J36;1;0;rGGr;24528.25
J36;1;0;rGGr;24528.50
J36;1;0;rGGr;24528.75
J36;1;0;rGGr;24529.00
J36;1;0;rGGr;24529.25
J36;1;0;rGGr;24529.50
J36;1;0;rGGr;24529.75
J36;1;0;rGGr;24530.00
J36;1;0;rGGr;24530.25
J36;1;0;rGGr;24530.50
J36;1;0;rGGr;24530.75
J36;1;0;rGGr;24531.00
J36;1;0;rGGr;24531.25
J36;1;0;rGGr;24531.50
J36;1;0;rGGr;24531.75
J36;1;0;rGGr;24532.00
J36;1;0;rGGr;24532.25
J36;1;0;rGGr;24532.50
J36;1;0;rGGr;24532.75
J36;1;0;rGGr;24533.00
J36;1;0;rGGr;24533.25
J36;1;0;rGGr;24533.50
J36;1;0;rGGr;24533.75
J36;1;0;rGGr;24534.00
J36;1;0;rGGr;24534.25
J36;1;0;rGGr;24534.50
J36;1;0;rGGr;24534.75
J36;1;0;rGGr;24535.00
J36;1;0;rGGr;24535.25
J36;1;0;rGGr;24535.50
J36;1;0;rGGr;24535.75
J36;1;0;rGGr;24536.00
J36;1;0;rGGr;24536.25
J36;1;0;rGGr;24536.50
J36;1;0;rGGr;24536.75
J36;1;0;rGGr;24537.00
J36;1;0;rGGr;24537.25
J36;1;0;rGGr;24537.50
J36;1;0;rGGr;24537.75
J36;1;0;rGGr;24538.00
J36;1;0;rGGr;24538.25
J36;1;0;rGGr;24538.50
J36;1;0;rGGr;24538.75
J36;1;0;rGGr;24539.00
J36;1;0;rGGr;24539.25
J36;1;0;rGGr;24539.50
J36;1;0;rGGr;24539.75
J36;1;0;rGGr;24540.00
J36;1;0;rGGr;24540.25
J36;1;0;rGGr;24540.50
J36;1;0;rGGr;24540.75
J36;1;0;rGGr;24541.00
J36;1;0;rGGr;24541.25
J36;1;0;rGGr;24541.50
J36;1;0;rGGr;24541.75
J36;1;0;rGGr;24542.00
J36;1;0;rGGr;24542.25
J36;1;0;rGGr;24542.50
J36;1;0;rGGr;24542.75
J36;1;0;rGGr;24543.00
J36;1;0;rGGr;24543.25
J36;1;0;rGGr;24543.50
J36;1;0;rGGr;24543.75
J36;1;0;rGGr;24544.00
J36;1;0;rGGr;24544.25
J36;1;0;rGGr;24544.50
J36;1;0;rGGr;24544.75
J36;1;0;rGGr;24545.00
J36;1;0;rGGr;24545.25
J36;1;0;rGGr;24545.50
J36;1;0;rGGr;24545.75
J36;1;0;rGGr;24546.00
J36;1;0;rGGr;24546.25
J36;1;0;rGGr;24546.50
J36;1;0;rGGr;24546.75
J36;1;0;rGGr;24547.00
J36;1;0;rGGr;24547.25
J36;1;0;rGGr;24547.50
J36;1;0;rGGr;24547.75
J36;1;0;rGGr;24548.00
J36;1;0;rGGr;24548.25
J36;1;0;rGGr;24548.50
J36;1;0;rGGr;24548.75
J36;1;0;rGGr;24549.00
J36;1;0;rGGr;24549.25
J36;1;0;rGGr;24549.50
J36;1;0;rGGr;24549.75
J36;1;0;rGGr;24550.00
J36;1;0;rGGr;24550.25
J36;1;0;rGGr;24550.50
J36;1;0;rGGr;24550.75
J36;1;0;rGGr;24551.00
J36;1;0;rGGr;24551.25
J36;1;0;rGGr;24551.50
J36;1;0;rGGr;24551.75
J36;1;0;rGGr;24552.00
J36;1;0;rGGr;24552.25
J36;1;0;rGGr;24552.50
J36;1;0;rGGr;24552.75
J36;1;0;rGGr;24553.00
J36;1;0;rGGr;24553.25
J36;1;0;rGGr;24553.50
J36;1;0;rGGr;24553.75
J36;1;0;rGGr;24554.00
J36;1;0;rGGr;24554.25
J36;1;0;rGGr;24554.50
J36;1;0;rGGr;24554.75
J36;1;0;rGGr;24555.00
J36;1;0;rGGr;24555.25
J36;1;0;rGGr;24555.50
J36;1;0;rGGr;24555.75
J36;1;0;rGGr;24556.00
J36;1;0;rGGr;24556.25
J36;1;0;rGGr;24556.50
J36;1;0;rGGr;24556.75
J36;1;0;rGGr;24557.00
J36;1;0;rGGr;24557.25
J36;1;0;rGGr;24557.50
J36;1;0;rGGr;24557.75
J36;1;0;rGGr;24558.00
J36;1;0;rGGr;24558.25
J36;1;0;rGGr;24558.50
J36;1;0;rGGr;24558.75
J36;1;0;rGGr;24559.00
J36;1;0;rGGr;24559.25
J36;1;0;rGGr;24559.50
J36;1;0;rGGr;24559.75
J36;1;0;rGGr;24560.00
J36;1;0;rGGr;24560.25
J36;1;0;rGGr;24560.50
J36;1;0;rGGr;24560.75
J36;1;0;rGGr;24561.00
J36;1;0;rGGr;24561.25
J36;1;0;rGGr;24561.50
J36;1;0;rGGr;24561.75
J36;1;0;rGGr;24562.00
J36;1;0;rGGr;24562.25
J36;1;0;rGGr;24562.50
J36;1;0;rGGr;24562.75
J36;2;0;ryyr;24563.00
J36;2;0;ryyr;24563.25
J36;2;0;ryyr;24563.50
J36;2;0;ryyr;24563.75
J36;2;0;ryyr;24564.00
J36;2;0;ryyr;24564.25
J36;2;0;ryyr;24564.50
J36;2;0;ryyr;24564.75
J36;2;0;ryyr;24565.00
J36;2;0;ryyr;24565.25
J36;2;0;ryyr;24565.50
J36;2;0;ryyr;24565.75
J36;3;0;rrrr;24566.00
J36;3;0;rrrr;24566.25
J36;3;0;rrrr;24566.50
J36;3;0;rrrr;24566.75
J36;4;0;urru;24567.00
J36;4;0;urru;24567.25
J36;4;0;urru;24567.50
J36;4;0;urru;24567.75
J36;5;0;GrrG;24568.00
J36;5;0;GrrG;24568.25
J36;5;0;GrrG;24568.50
J36;5;0;GrrG;24568.75
J36;5;0;GrrG;24569.00
J36;5;0;GrrG;24569.25
J36;5;0;GrrG;24569.50
J36;5;0;GrrG;24569.75
J36;5;0;GrrG;24570.00
J36;5;0;GrrG;24570.25
J36;5;0;GrrG;24570.50
J36;5;0;GrrG;24570.75
J36;5;0;GrrG;24571.00
J36;5;0;GrrG;24571.25
J36;5;0;GrrG;24571.50
J36;5;0;GrrG;24571.75
J36;5;0;GrrG;24572.00
J36;5;0;GrrG;24572.25
J36;5;0;GrrG;24572.50
J36;5;0;GrrG;24572.75
J36;5;0;GrrG;24573.00
J36;5;0;GrrG;24573.25
J36;5;0;GrrG;24573.50
J36;5;0;GrrG;24573.75
J36;5;0;GrrG;24574.00
J36;5;0;GrrG;24574.25
J36;5;0;GrrG;24574.50
J36;5;0;GrrG;24574.75
J36;5;0;GrrG;24575.00
J36;5;0;GrrG;24575.25
J36;5;0;GrrG;24575.50
J36;5;0;GrrG;24575.75
J36;5;0;GrrG;24576.00
J36;5;0;GrrG;24576.25
J36;5;0;GrrG;24576.50
J36;5;0;GrrG;24576.75
J36;5;0;GrrG;24577.00
J36;5;0;GrrG;24577.25
J36;5;0;GrrG;24577.50
J36;5;0;GrrG;24577.75
J36;5;0;GrrG;24578.00
J36;5;0;GrrG;24578.25
J36;5;0;GrrG;24578.50
J36;5;0;GrrG;24578.75
J36;5;0;GrrG;24579.00
J36;5;0;GrrG;24579.25
J36;5;0;GrrG;24579.50
J36;5;0;GrrG;24579.75
J36;5;0;GrrG;24580.00
J36;5;0;GrrG;24580.25
J36;5;0;GrrG;24580.50
J36;5;0;GrrG;24580.75
J36;5;0;GrrG;24581.00
J36;5;0;GrrG;24581.25
J36;5;0;GrrG;24581.50
J36;5;0;GrrG;24581.75
J36;5;0;GrrG;24582.00
J36;5;0;GrrG;24582.25
J36;5;0;GrrG;24582.50
J36;5;0;GrrG;24582.75
J36;5;0;GrrG;24583.00
J36;5;0;GrrG;24583.25
J36;5;0;GrrG;24583.50
J36;5;0;GrrG;24583.75
J36;5;0;GrrG;24584.00
J36;5;0;GrrG;24584.25
J36;5;0;GrrG;24584.50
J36;5;0;GrrG;24584.75
J36;5;0;GrrG;24585.00
J36;5;0;GrrG;24585.25
J36;5;0;GrrG;24585.50
J36;5;0;GrrG;24585.75
J36;5;0;GrrG;24586.00
J36;5;0;GrrG;24586.25
J36;5;0;GrrG;24586.50
J36;5;0;GrrG;24586.75
J36;5;0;GrrG;24587.00
J36;5;0;GrrG;24587.25
J36;5;0;GrrG;24587.50
J36;5;0;GrrG;24587.75
J36;5;0;GrrG;24588.00
J36;5;0;GrrG;24588.25
J36;5;0;GrrG;24588.50
J36;5;0;GrrG;24588.75
J36;5;0;GrrG;24589.00
J36;5;0;GrrG;24589.25
J36;5;0;GrrG;24589.50
J36;5;0;GrrG;24589.75
J36;5;0;GrrG;24590.00
J36;5;0;GrrG;24590.25
J36;5;0;GrrG;24590.50
J36;5;0;GrrG;24590.75
J36;5;0;GrrG;24591.00
J36;5;0;GrrG;24591.25
J36;5;0;GrrG;24591.50
J36;5;0;GrrG;24591.75
J36;5;0;GrrG;24592.00
J36;5;0;GrrG;24592.25
J36;5;0;GrrG;24592.50
J36;5;0;GrrG;24592.75
J36;6;0;yrry;24593.00
J36;6;0;yrry;24593.25
J36;6;0;yrry;24593.50
J36;6;0;yrry;24593.75
J36;6;0;yrry;24594.00
J36;6;0;yrry;24594.25
J36;6;0;yrry;24594.50
J36;6;0;yrry;24594.75
J36;6;0;yrry;24595.00
J36;6;0;yrry;24595.25
J36;6;0;yrry;24595.50
J36;6;0;yrry;24595.75
J36;7;0;rrrr;24596.00
J36;7;0;rrrr;24596.25
J36;7;0;rrrr;24596.50
J36;7;0;rrrr;24596.75
J36;0;0;ruur;24597.00
J36;0;0;ruur;24597.25
J36;0;0;ruur;24597.50
J36;0;0;ruur;24597.75
J36;1;0;rGGr;24598.00
J36;1;0;rGGr;24598.25
J36;1;0;rGGr;24598.50
J36;1;0;rGGr;24598.75
J36;1;0;rGGr;24599.00
J36;1;0;rGGr;24599.25
J36;1;0;rGGr;24599.50
J36;1;0;rGGr;24599.75
J36;1;0;rGGr;24600.00
J36;1;0;rGGr;24600.25
J36;1;0;rGGr;24600.50
J36;1;0;rGGr;24600.75
J36;1;0;rGGr;24601.00
J36;1;0;rGGr;24601.25
J36;1;0;rGGr;24601.50
J36;1;0;rGGr;24601.75
J36;1;0;rGGr;24602.00
J36;1;0;rGGr;24602.25
J36;1;0;rGGr;24602.50
J36;1;0;rGGr;24602.75
J36;1;0;rGGr;24603.00
J36;1;0;rGGr;24603.25
J36;1;0;rGGr;24603.50
J36;1;0;rGGr;24603.75
J36;1;0;rGGr;24604.00
J36;1;0;rGGr;24604.25
J36;1;0;rGGr;24604.50
J36;1;0;rGGr;24604.75
J36;1;0;rGGr;24605.00
J36;1;0;rGGr;24605.25
J36;1;0;rGGr;24605.50
J36;1;0;rGGr;24605.75
J36;1;0;rGGr;24606.00
J36;1;0;rGGr;24606.25
J36;1;0;rGGr;24606.50
J36;1;0;rGGr;24606.75
J36;1;0;rGGr;24607.00
J36;1;0;rGGr;24607.25
J36;1;0;rGGr;24607.50
J36;1;0;rGGr;24607.75
J36;1;0;rGGr;24608.00
J36;1;0;rGGr;24608.25
J36;1;0;rGGr;24608.50
J36;1;0;rGGr;24608.75
J36;1;0;rGGr;24609.00
J36;1;0;rGGr;24609.25
J36;1;0;rGGr;24609.50
J36;1;0;rGGr;24609.75
J36;1;0;rGGr;24610.00
J36;1;0;rGGr;24610.25
J36;1;0;rGGr;24610.50
J36;1;0;rGGr;24610.75
J36;1;0;rGGr;24611.00
J36;1;0;rGGr;24611.25
J36;1;0;rGGr;24611.50
J36;1;0;rGGr;24611.75
J36;1;0;rGGr;24612.00
J36;1;0;rGGr;24612.25
J36;1;0;rGGr;24612.50
J36;1;0;rGGr;24612.75
J36;1;0;rGGr;24613.00
J36;1;0;rGGr;24613.25
J36;1;0;rGGr;24613.50
J36;1;0;rGGr;24613.75
J36;1;0;rGGr;24614.00
J36;1;0;rGGr;24614.25
J36;1;0;rGGr;24614.50
J36;1;0;rGGr;24614.75
J36;1;0;rGGr;24615.00
J36;1;0;rGGr;24615.25
J36;1;0;rGGr;24615.50
J36;1;0;rGGr;24615.75
J36;1;0;rGGr;24616.00
J36;1;0;rGGr;24616.25
J36;1;0;rGGr;24616.50
J36;1;0;rGGr;24616.75
J36;1;0;rGGr;24617.00
J36;1;0;rGGr;24617.25
J36;1;0;rGGr;24617.50
J36;1;0;rGGr;24617.75
J36;1;0;rGGr;24618.00
J36;1;0;rGGr;24618.25
J36;1;0;rGGr;24618.50
J36;1;0;rGGr;24618.75
J36;1;0;rGGr;24619.00
J36;1;0;rGGr;24619.25
J36;1;0;rGGr;24619.50
J36;1;0;rGGr;24619.75
J36;1;0;rGGr;24620.00
J36;1;0;rGGr;24620.25
J36;1;0;rGGr;24620.50
J36;1;0;rGGr;24620.75
J36;1;0;rGGr;24621.00
J36;1;0;rGGr;24621.25
J36;1;0;rGGr;24621.50
J36;1;0;rGGr;24621.75
J36;1;0;rGGr;24622.00
J36;1;0;rGGr;24622.25
J36;1;0;rGGr;24622.50
J36;1;0;rGGr;24622.75
J36;2;0;ryyr;24623.00
J36;2;0;ryyr;24623.25
J36;2;0;ryyr;24623.50
J36;2;0;ryyr;24623.75
J36;2;0;ryyr;24624.00
J36;2;0;ryyr;24624.25
J36;2;0;ryyr;24624.50
J36;2;0;ryyr;24624.75
J36;2;0;ryyr;24625.00
J36;2;0;ryyr;24625.25
J36;2;0;ryyr;24625.50
J36;2;0;ryyr;24625.75
J36;3;0;rrrr;24626.00
J36;3;0;rrrr;24626.25
J36;3;0;rrrr;24626.50
J36;3;0;rrrr;24626.75
J36;4;0;urru;24627.00
J36;4;0;urru;24627.25
J36;4;0;urru;24627.50
J36;4;0;urru;24627.75
J36;5;0;GrrG;24628.00
J36;5;0;GrrG;24628.25
J36;5;0;GrrG;24628.50
J36;5;0;GrrG;24628.75
J36;5;0;GrrG;24629.00
J36;5;0;GrrG;24629.25
J36;5;0;GrrG;24629.50
J36;5;0;GrrG;24629.75
J36;5;0;GrrG;24630.00
J36;5;0;GrrG;24630.25
J36;5;0;GrrG;24630.50
J36;5;0;GrrG;24630.75
J36;5;0;GrrG;24631.00
J36;5;0;GrrG;24631.25
J36;5;0;GrrG;24631.50
J36;5;0;GrrG;24631.75
J36;5;0;GrrG;24632.00
J36;5;0;GrrG;24632.25
J36;5;0;GrrG;24632.50
J36;5;0;GrrG;24632.75
J36;5;0;GrrG;24633.00
J36;5;0;GrrG;24633.25
J36;5;0;GrrG;24633.50
J36;5;0;GrrG;24633.75
J36;5;0;GrrG;24634.00
J36;5;0;GrrG;24634.25
J36;5;0;GrrG;24634.50
J36;5;0;GrrG;24634.75
J36;5;0;GrrG;24635.00
J36;5;0;GrrG;24635.25
J36;5;0;GrrG;24635.50
J36;5;0;GrrG;24635.75
J36;5;0;GrrG;24636.00
J36;5;0;GrrG;24636.25
J36;5;0;GrrG;24636.50
J36;5;0;GrrG;24636.75
J36;5;0;GrrG;24637.00
J36;5;0;GrrG;24637.25
J36;5;0;GrrG;24637.50
J36;5;0;GrrG;24637.75
J36;5;0;GrrG;24638.00
J36;5;0;GrrG;24638.25
J36;5;0;GrrG;24638.50
J36;5;0;GrrG;24638.75
J36;5;0;GrrG;24639.00
J36;5;0;GrrG;24639.25
J36;5;0;GrrG;24639.50
J36;5;0;GrrG;24639.75
J36;5;0;GrrG;24640.00
J36;5;0;GrrG;24640.25
J36;5;0;GrrG;24640.50
J36;5;0;GrrG;24640.75
J36;5;0;GrrG;24641.00
J36;5;0;GrrG;24641.25
J36;5;0;GrrG;24641.50
J36;5;0;GrrG;24641.75
J36;5;0;GrrG;24642.00
J36;5;0;GrrG;24642.25
J36;5;0;GrrG;24642.50
J36;5;0;GrrG;24642.75
J36;5;0;GrrG;24643.00
J36;5;0;GrrG;24643.25
J36;5;0;GrrG;24643.50
J36;5;0;GrrG;24643.75
J36;5;0;GrrG;24644.00
J36;5;0;GrrG;24644.25
J36;5;0;GrrG;24644.50
J36;5;0;GrrG;24644.75
J36;5;0;GrrG;24645.00
J36;5;0;GrrG;24645.25
J36;5;0;GrrG;24645.50
J36;5;0;GrrG;24645.75
J36;5;0;GrrG;24646.00
J36;5;0;GrrG;24646.25
J36;5;0;GrrG;24646.50
J36;5;0;GrrG;24646.75
J36;5;0;GrrG;24647.00
J36;5;0;GrrG;24647.25
J36;5;0;GrrG;24647.50
J36;5;0;GrrG;24647.75
J36;5;0;GrrG;24648.00
J36;5;0;GrrG;24648.25
J36;5;0;GrrG;24648.50
J36;5;0;GrrG;24648.75
J36;5;0;GrrG;24649.00
J36;5;0;GrrG;24649.25
J36;5;0;GrrG;24649.50
J36;5;0;GrrG;24649.75
J36;5;0;GrrG;24650.00
J36;5;0;GrrG;24650.25
J36;5;0;GrrG;24650.50
J36;5;0;GrrG;24650.75
J36;5;0;GrrG;24651.00
J36;5;0;GrrG;24651.25
J36;5;0;GrrG;24651.50
J36;5;0;GrrG;24651.75
J36;5;0;GrrG;24652.00
J36;5;0;GrrG;24652.25
J36;5;0;GrrG;24652.50
J36;5;0;GrrG;24652.75
J36;6;0;yrry;24653.00
J36;6;0;yrry;24653.25
J36;6;0;yrry;24653.50
J36;6;0;yrry;24653.75
J36;6;0;yrry;24654.00
J36;6;0;yrry;24654.25
J36;6;0;yrry;24654.50
J36;6;0;yrry;24654.75
J36;6;0;yrry;24655.00
J36;6;0;yrry;24655.25
J36;6;0;yrry;24655.50
J36;6;0;yrry;24655.75
J36;7;0;rrrr;24656.00
J36;7;0;rrrr;24656.25
J36;7;0;rrrr;24656.50
J36;7;0;rrrr;24656.75
J36;0;0;ruur;24657.00
J36;0;0;ruur;24657.25
J36;0;0;ruur;24657.50
J36;0;0;ruur;24657.75
J36;1;0;rGGr;24658.00
J36;1;0;rGGr;24658.25
J36;1;0;rGGr;24658.50
J36;1;0;rGGr;24658.75
J36;1;0;rGGr;24659.00
J36;1;0;rGGr;24659.25
J36;1;0;rGGr;24659.50
J36;1;0;rGGr;24659.75
J36;1;0;rGGr;24660.00
J36;1;0;rGGr;24660.25
J36;1;0;rGGr;24660.50
J36;1;0;rGGr;24660.75
J36;1;0;rGGr;24661.00
J36;1;0;rGGr;24661.25
J36;1;0;rGGr;24661.50
J36;1;0;rGGr;24661.75
J36;1;0;rGGr;24662.00
J36;1;0;rGGr;24662.25
J36;1;0;rGGr;24662.50
J36;1;0;rGGr;24662.75
J36;1;0;rGGr;24663.00
J36;1;0;rGGr;24663.25
J36;1;0;rGGr;24663.50
J36;1;0;rGGr;24663.75
J36;1;0;rGGr;24664.00
J36;1;0;rGGr;24664.25
J36;1;0;rGGr;24664.50
J36;1;0;rGGr;24664.75
J36;1;0;rGGr;24665.00
J36;1;0;rGGr;24665.25
J36;1;0;rGGr;24665.50
J36;1;0;rGGr;24665.75
J36;1;0;rGGr;24666.00
J36;1;0;rGGr;24666.25
J36;1;0;rGGr;24666.50
J36;1;0;rGGr;24666.75
J36;1;0;rGGr;24667.00
J36;1;0;rGGr;24667.25
J36;1;0;rGGr;24667.50
J36;1;0;rGGr;24667.75
J36;1;0;rGGr;24668.00
J36;1;0;rGGr;24668.25
J36;1;0;rGGr;24668.50
J36;1;0;rGGr;24668.75
J36;1;0;rGGr;24669.00
J36;1;0;rGGr;24669.25
J36;1;0;rGGr;24669.50
J36;1;0;rGGr;24669.75
J36;1;0;rGGr;24670.00
J36;1;0;rGGr;24670.25
J36;1;0;rGGr;24670.50
J36;1;0;rGGr;24670.75
J36;1;0;rGGr;24671.00
J36;1;0;rGGr;24671.25
J36;1;0;rGGr;24671.50
J36;1;0;rGGr;24671.75
J36;1;0;rGGr;24672.00
J36;1;0;rGGr;24672.25
J36;1;0;rGGr;24672.50
J36;1;0;rGGr;24672.75
J36;1;0;rGGr;24673.00
J36;1;0;rGGr;24673.25
J36;1;0;rGGr;24673.50
J36;1;0;rGGr;24673.75
J36;1;0;rGGr;24674.00
J36;1;0;rGGr;24674.25
J36;1;0;rGGr;24674.50
J36;1;0;rGGr;24674.75
J36;1;0;rGGr;24675.00
J36;1;0;rGGr;24675.25
J36;1;0;rGGr;24675.50
J36;1;0;rGGr;24675.75
J36;1;0;rGGr;24676.00
J36;1;0;rGGr;24676.25
J36;1;0;rGGr;24676.50
J36;1;0;rGGr;24676.75
J36;1;0;rGGr;24677.00
J36;1;0;rGGr;24677.25
J36;1;0;rGGr;24677.50
J36;1;0;rGGr;24677.75
J36;1;0;rGGr;24678.00
J36;1;0;rGGr;24678.25
J36;1;0;rGGr;24678.50
J36;1;0;rGGr;24678.75
J36;1;0;rGGr;24679.00
J36;1;0;rGGr;24679.25
J36;1;0;rGGr;24679.50
J36;1;0;rGGr;24679.75
J36;1;0;rGGr;24680.00
J36;1;0;rGGr;24680.25
J36;1;0;rGGr;24680.50
J36;1;0;rGGr;24680.75
J36;1;0;rGGr;24681.00
J36;1;0;rGGr;24681.25
J36;1;0;rGGr;24681.50
J36;1;0;rGGr;24681.75
J36;1;0;rGGr;24682.00
J36;1;0;rGGr;24682.25
J36;1;0;rGGr;24682.50
J36;1;0;rGGr;24682.75
J36;2;0;ryyr;24683.00
J36;2;0;ryyr;24683.25
J36;2;0;ryyr;24683.50
J36;2;0;ryyr;24683.75
J36;2;0;ryyr;24684.00
J36;2;0;ryyr;24684.25
J36;2;0;ryyr;24684.50
J36;2;0;ryyr;24684.75
J36;2;0;ryyr;24685.00
J36;2;0;ryyr;24685.25
J36;2;0;ryyr;24685.50
J36;2;0;ryyr;24685.75
J36;3;0;rrrr;24686.00
J36;3;0;rrrr;24686.25
J36;3;0;rrrr;24686.50
J36;3;0;rrrr;24686.75
J36;4;0;urru;24687.00
J36;4;0;urru;24687.25
J36;4;0;urru;24687.50
J36;4;0;urru;24687.75
J36;5;0;GrrG;24688.00
J36;5;0;GrrG;24688.25
J36;5;0;GrrG;24688.50
J36;5;0;GrrG;24688.75
J36;5;0;GrrG;24689.00
J36;5;0;GrrG;24689.25
J36;5;0;GrrG;24689.50
J36;5;0;GrrG;24689.75
J36;5;0;GrrG;24690.00
J36;5;0;GrrG;24690.25
J36;5;0;GrrG;24690.50
J36;5;0;GrrG;24690.75
J36;5;0;GrrG;24691.00
J36;5;0;GrrG;24691.25
J36;5;0;GrrG;24691.50
J36;5;0;GrrG;24691.75
J36;5;0;GrrG;24692.00
J36;5;0;GrrG;24692.25
J36;5;0;GrrG;24692.50
J36;5;0;GrrG;24692.75
J36;5;0;GrrG;24693.00
J36;5;0;GrrG;24693.25
J36;5;0;GrrG;24693.50
J36;5;0;GrrG;24693.75
J36;5;0;GrrG;24694.00
J36;5;0;GrrG;24694.25
J36;5;0;GrrG;24694.50
J36;5;0;GrrG;24694.75
J36;5;0;GrrG;24695.00
J36;5;0;GrrG;24695.25
J36;5;0;GrrG;24695.50
J36;5;0;GrrG;24695.75
J36;5;0;GrrG;24696.00
J36;5;0;GrrG;24696.25
J36;5;0;GrrG;24696.50
J36;5;0;GrrG;24696.75
J36;5;0;GrrG;24697.00
J36;5;0;GrrG;24697.25
J36;5;0;GrrG;24697.50
J36;5;0;GrrG;24697.75
J36;5;0;GrrG;24698.00
J36;5;0;GrrG;24698.25
J36;5;0;GrrG;24698.50
J36;5;0;GrrG;24698.75
J36;5;0;GrrG;24699.00
J36;5;0;GrrG;24699.25
J36;5;0;GrrG;24699.50
J36;5;0;GrrG;24699.75
J36;5;0;GrrG;24700.00
J36;5;0;GrrG;24700.25
J36;5;0;GrrG;24700.50
J36;5;0;GrrG;24700.75
J36;5;0;GrrG;24701.00
J36;5;0;GrrG;24701.25
J36;5;0;GrrG;24701.50
J36;5;0;GrrG;24701.75
J36;5;0;GrrG;24702.00
J36;5;0;GrrG;24702.25
J36;5;0;GrrG;24702.50
J36;5;0;GrrG;24702.75
J36;5;0;GrrG;24703.00
J36;5;0;GrrG;24703.25
J36;5;0;GrrG;24703.50
J36;5;0;GrrG;24703.75
J36;5;0;GrrG;24704.00
J36;5;0;GrrG;24704.25
J36;5;0;GrrG;24704.50
J36;5;0;GrrG;24704.75
J36;5;0;GrrG;24705.00
J36;5;0;GrrG;24705.25
J36;5;0;GrrG;24705.50
J36;5;0;GrrG;24705.75
J36;5;0;GrrG;24706.00
J36;5;0;GrrG;24706.25
J36;5;0;GrrG;24706.50
J36;5;0;GrrG;24706.75
J36;5;0;GrrG;24707.00
J36;5;0;GrrG;24707.25
J36;5;0;GrrG;24707.50
J36;5;0;GrrG;24707.75
J36;5;0;GrrG;24708.00
J36;5;0;GrrG;24708.25
J36;5;0;GrrG;24708.50
J36;5;0;GrrG;24708.75
J36;5;0;GrrG;24709.00
J36;5;0;GrrG;24709.25
J36;5;0;GrrG;24709.50
J36;5;0;GrrG;24709.75
J36;5;0;GrrG;24710.00
J36;5;0;GrrG;24710.25
J36;5;0;GrrG;24710.50
J36;5;0;GrrG;24710.75
J36;5;0;GrrG;24711.00
J36;5;0;GrrG;24711.25
J36;5;0;GrrG;24711.50
J36;5;0;GrrG;24711.75
J36;5;0;GrrG;24712.00
J36;5;0;GrrG;24712.25
J36;5;0;GrrG;24712.50
J36;5;0;GrrG;24712.75
J36;6;0;yrry;24713.00
J36;6;0;yrry;24713.25
J36;6;0;yrry;24713.50
J36;6;0;yrry;24713.75
J36;6;0;yrry;24714.00
J36;6;0;yrry;24714.25
J36;6;0;yrry;24714.50
J36;6;0;yrry;24714.75
J36;6;0;yrry;24715.00
J36;6;0;yrry;24715.25
J36;6;0;yrry;24715.50
J36;6;0;yrry;24715.75
J36;7;0;rrrr;24716.00
J36;7;0;rrrr;24716.25
J36;7;0;rrrr;24716.50
J36;7;0;rrrr;24716.75
J36;0;0;ruur;24717.00
J36;0;0;ruur;24717.25
J36;0;0;ruur;24717.50
J36;0;0;ruur;24717.75
J36;1;0;rGGr;24718.00
J36;1;0;rGGr;24718.25
J36;1;0;rGGr;24718.50
J36;1;0;rGGr;24718.75
J36;1;0;rGGr;24719.00
J36;1;0;rGGr;24719.25
J36;1;0;rGGr;24719.50
J36;1;0;rGGr;24719.75
J36;1;0;rGGr;24720.00
J36;1;0;rGGr;24720.25
J36;1;0;rGGr;24720.50
J36;1;0;rGGr;24720.75
J36;1;0;rGGr;24721.00
J36;1;0;rGGr;24721.25
J36;1;0;rGGr;24721.50
J36;1;0;rGGr;24721.75
J36;1;0;rGGr;24722.00
J36;1;0;rGGr;24722.25
J36;1;0;rGGr;24722.50
J36;1;0;rGGr;24722.75
J36;1;0;rGGr;24723.00
J36;1;0;rGGr;24723.25
J36;1;0;rGGr;24723.50
J36;1;0;rGGr;24723.75
J36;1;0;rGGr;24724.00
J36;1;0;rGGr;24724.25
J36;1;0;rGGr;24724.50
J36;1;0;rGGr;24724.75
J36;1;0;rGGr;24725.00
J36;1;0;rGGr;24725.25
J36;1;0;rGGr;24725.50
J36;1;0;rGGr;24725.75
J36;1;0;rGGr;24726.00
J36;1;0;rGGr;24726.25
J36;1;0;rGGr;24726.50
J36;1;0;rGGr;24726.75
J36;1;0;rGGr;24727.00
J36;1;0;rGGr;24727.25
J36;1;0;rGGr;24727.50
J36;1;0;rGGr;24727.75
J36;1;0;rGGr;24728.00
J36;1;0;rGGr;24728.25
J36;1;0;rGGr;24728.50
J36;1;0;rGGr;24728.75
J36;1;0;rGGr;24729.00
J36;1;0;rGGr;24729.25
J36;1;0;rGGr;24729.50
J36;1;0;rGGr;24729.75
J36;1;0;rGGr;24730.00
J36;1;0;rGGr;24730.25
J36;1;0;rGGr;24730.50
J36;1;0;rGGr;24730.75
J36;1;0;rGGr;24731.00
J36;1;0;rGGr;24731.25
J36;1;0;rGGr;24731.50
J36;1;0;rGGr;24731.75
J36;1;0;rGGr;24732.00
J36;1;0;rGGr;24732.25
J36;1;0;rGGr;24732.50
J36;1;0;rGGr;24732.75
J36;1;0;rGGr;24733.00
J36;1;0;rGGr;24733.25
J36;1;0;rGGr;24733.50
J36;1;0;rGGr;24733.75
J36;1;0;rGGr;24734.00
J36;1;0;rGGr;24734.25
J36;1;0;rGGr;24734.50
J36;1;0;rGGr;24734.75
J36;1;0;rGGr;24735.00
J36;1;0;rGGr;24735.25
J36;1;0;rGGr;24735.50
J36;1;0;rGGr;24735.75
J36;1;0;rGGr;24736.00
J36;1;0;rGGr;24736.25
J36;1;0;rGGr;24736.50
J36;1;0;rGGr;24736.75
J36;1;0;rGGr;24737.00
J36;1;0;rGGr;24737.25
J36;1;0;rGGr;24737.50
J36;1;0;rGGr;24737.75
J36;1;0;rGGr;24738.00
J36;1;0;rGGr;24738.25
J36;1;0;rGGr;24738.50
J36;1;0;rGGr;24738.75
J36;1;0;rGGr;24739.00
J36;1;0;rGGr;24739.25
J36;1;0;rGGr;24739.50
J36;1;0;rGGr;24739.75
J36;1;0;rGGr;24740.00
J36;1;0;rGGr;24740.25
J36;1;0;rGGr;24740.50
J36;1;0;rGGr;24740.75
J36;1;0;rGGr;24741.00
J36;1;0;rGGr;24741.25
J36;1;0;rGGr;24741.50
J36;1;0;rGGr;24741.75
J36;1;0;rGGr;24742.00
J36;1;0;rGGr;24742.25
J36;1;0;rGGr;24742.50
J36;1;0;rGGr;24742.75
J36;2;0;ryyr;24743.00
J36;2;0;ryyr;24743.25
J36;2;0;ryyr;24743.50
J36;2;0;ryyr;24743.75
J36;2;0;ryyr;24744.00
J36;2;0;ryyr;24744.25
J36;2;0;ryyr;24744.50
J36;2;0;ryyr;24744.75
J36;2;0;ryyr;24745.00
J36;2;0;ryyr;24745.25
J36;2;0;ryyr;24745.50
J36;2;0;ryyr;24745.75
J36;3;0;rrrr;24746.00
J36;3;0;rrrr;24746.25
J36;3;0;rrrr;24746.50
J36;3;0;rrrr;24746.75
J36;4;0;urru;24747.00
J36;4;0;urru;24747.25
J36;4;0;urru;24747.50
J36;4;0;urru;24747.75
J36;5;0;GrrG;24748.00
J36;5;0;GrrG;24748.25
J36;5;0;GrrG;24748.50
J36;5;0;GrrG;24748.75
J36;5;0;GrrG;24749.00
J36;5;0;GrrG;24749.25
J36;5;0;GrrG;24749.50
J36;5;0;GrrG;24749.75
J36;5;0;GrrG;24750.00
J36;5;0;GrrG;24750.25
J36;5;0;GrrG;24750.50
J36;5;0;GrrG;24750.75
J36;5;0;GrrG;24751.00
J36;5;0;GrrG;24751.25
J36;5;0;GrrG;24751.50
J36;5;0;GrrG;24751.75
J36;5;0;GrrG;24752.00
J36;5;0;GrrG;24752.25
J36;5;0;GrrG;24752.50
J36;5;0;GrrG;24752.75
J36;5;0;GrrG;24753.00
J36;5;0;GrrG;24753.25
J36;5;0;GrrG;24753.50
J36;5;0;GrrG;24753.75
J36;5;0;GrrG;24754.00
J36;5;0;GrrG;24754.25
J36;5;0;GrrG;24754.50
J36;5;0;GrrG;24754.75
J36;5;0;GrrG;24755.00
J36;5;0;GrrG;24755.25
J36;5;0;GrrG;24755.50
J36;5;0;GrrG;24755.75
J36;5;0;GrrG;24756.00
J36;5;0;GrrG;24756.25
J36;5;0;GrrG;24756.50
J36;5;0;GrrG;24756.75
J36;5;0;GrrG;24757.00
J36;5;0;GrrG;24757.25
J36;5;0;GrrG;24757.50
J36;5;0;GrrG;24757.75
J36;5;0;GrrG;24758.00
J36;5;0;GrrG;24758.25
J36;5;0;GrrG;24758.50
J36;5;0;GrrG;24758.75
J36;5;0;GrrG;24759.00
J36;5;0;GrrG;24759.25
J36;5;0;GrrG;24759.50
J36;5;0;GrrG;24759.75
J36;5;0;GrrG;24760.00
J36;5;0;GrrG;24760.25
J36;5;0;GrrG;24760.50
J36;5;0;GrrG;24760.75
J36;5;0;GrrG;24761.00
J36;5;0;GrrG;24761.25
J36;5;0;GrrG;24761.50
J36;5;0;GrrG;24761.75
J36;5;0;GrrG;24762.00
J36;5;0;GrrG;24762.25
J36;5;0;GrrG;24762.50
J36;5;0;GrrG;24762.75
J36;5;0;GrrG;24763.00
J36;5;0;GrrG;24763.25
J36;5;0;GrrG;24763.50
J36;5;0;GrrG;24763.75
J36;5;0;GrrG;24764.00
J36;5;0;GrrG;24764.25
J36;5;0;GrrG;24764.50
J36;5;0;GrrG;24764.75
J36;5;0;GrrG;24765.00
J36;5;0;GrrG;24765.25
J36;5;0;GrrG;24765.50
J36;5;0;GrrG;24765.75
J36;5;0;GrrG;24766.00
J36;5;0;GrrG;24766.25
J36;5;0;GrrG;24766.50
J36;5;0;GrrG;24766.75
J36;5;0;GrrG;24767.00
J36;5;0;GrrG;24767.25
J36;5;0;GrrG;24767.50
J36;5;0;GrrG;24767.75
J36;5;0;GrrG;24768.00
J36;5;0;GrrG;24768.25
J36;5;0;GrrG;24768.50
J36;5;0;GrrG;24768.75
J36;5;0;GrrG;24769.00
J36;5;0;GrrG;24769.25
J36;5;0;GrrG;24769.50
J36;5;0;GrrG;24769.75
J36;5;0;GrrG;24770.00
J36;5;0;GrrG;24770.25
J36;5;0;GrrG;24770.50
J36;5;0;GrrG;24770.75
J36;5;0;GrrG;24771.00
J36;5;0;GrrG;24771.25
J36;5;0;GrrG;24771.50
J36;5;0;GrrG;24771.75
J36;5;0;GrrG;24772.00
J36;5;0;GrrG;24772.25
J36;5;0;GrrG;24772.50
J36;5;0;GrrG;24772.75
J36;6;0;yrry;24773.00
J36;6;0;yrry;24773.25
J36;6;0;yrry;24773.50
J36;6;0;yrry;24773.75
J36;6;0;yrry;24774.00
J36;6;0;yrry;24774.25
J36;6;0;yrry;24774.50
J36;6;0;yrry;24774.75
J36;6;0;yrry;24775.00
J36;6;0;yrry;24775.25
J36;6;0;yrry;24775.50
J36;6;0;yrry;24775.75
J36;7;0;rrrr;24776.00
J36;7;0;rrrr;24776.25
J36;7;0;rrrr;24776.50
J36;7;0;rrrr;24776.75
J36;0;0;ruur;24777.00
J36;0;0;ruur;24777.25
J36;0;0;ruur;24777.50
J36;0;0;ruur;24777.75
J36;1;0;rGGr;24778.00
J36;1;0;rGGr;24778.25
J36;1;0;rGGr;24778.50
J36;1;0;rGGr;24778.75
J36;1;0;rGGr;24779.00
J36;1;0;rGGr;24779.25
J36;1;0;rGGr;24779.50
J36;1;0;rGGr;24779.75
J36;1;0;rGGr;24780.00
J36;1;0;rGGr;24780.25
J36;1;0;rGGr;24780.50
J36;1;0;rGGr;24780.75
J36;1;0;rGGr;24781.00
J36;1;0;rGGr;24781.25
J36;1;0;rGGr;24781.50
J36;1;0;rGGr;24781.75
J36;1;0;rGGr;24782.00
J36;1;0;rGGr;24782.25
J36;1;0;rGGr;24782.50
J36;1;0;rGGr;24782.75
J36;1;0;rGGr;24783.00
J36;1;0;rGGr;24783.25
J36;1;0;rGGr;24783.50
J36;1;0;rGGr;24783.75
J36;1;0;rGGr;24784.00
J36;1;0;rGGr;24784.25
J36;1;0;rGGr;24784.50
J36;1;0;rGGr;24784.75
J36;1;0;rGGr;24785.00
J36;1;0;rGGr;24785.25
J36;1;0;rGGr;24785.50
J36;1;0;rGGr;24785.75
J36;1;0;rGGr;24786.00
J36;1;0;rGGr;24786.25
J36;1;0;rGGr;24786.50
J36;1;0;rGGr;24786.75
J36;1;0;rGGr;24787.00
J36;1;0;rGGr;24787.25
J36;1;0;rGGr;24787.50
J36;1;0;rGGr;24787.75
J36;1;0;rGGr;24788.00
J36;1;0;rGGr;24788.25
J36;1;0;rGGr;24788.50
J36;1;0;rGGr;24788.75
J36;1;0;rGGr;24789.00
J36;1;0;rGGr;24789.25
J36;1;0;rGGr;24789.50
J36;1;0;rGGr;24789.75
J36;1;0;rGGr;24790.00
J36;1;0;rGGr;24790.25
J36;1;0;rGGr;24790.50
J36;1;0;rGGr;24790.75
J36;1;0;rGGr;24791.00
J36;1;0;rGGr;24791.25
J36;1;0;rGGr;24791.50
J36;1;0;rGGr;24791.75
J36;1;0;rGGr;24792.00
J36;1;0;rGGr;24792.25
J36;1;0;rGGr;24792.50
J36;1;0;rGGr;24792.75
J36;1;0;rGGr;24793.00
J36;1;0;rGGr;24793.25
J36;1;0;rGGr;24793.50
J36;1;0;rGGr;24793.75
J36;1;0;rGGr;24794.00
J36;1;0;rGGr;24794.25
J36;1;0;rGGr;24794.50
J36;1;0;rGGr;24794.75
J36;1;0;rGGr;24795.00
J36;1;0;rGGr;24795.25
J36;1;0;rGGr;24795.50
J36;1;0;rGGr;24795.75
J36;1;0;rGGr;24796.00
J36;1;0;rGGr;24796.25
J36;1;0;rGGr;24796.50
J36;1;0;rGGr;24796.75
J36;1;0;rGGr;24797.00
J36;1;0;rGGr;24797.25
J36;1;0;rGGr;24797.50
J36;1;0;rGGr;24797.75
J36;1;0;rGGr;24798.00
J36;1;0;rGGr;24798.25
J36;1;0;rGGr;24798.50
J36;1;0;rGGr;24798.75
J36;1;0;rGGr;24799.00
J36;1;0;rGGr;24799.25
J36;1;0;rGGr;24799.50
J36;1;0;rGGr;24799.75
J36;1;0;rGGr;24800.00
J36;1;0;rGGr;24800.25
J36;1;0;rGGr;24800.50
J36;1;0;rGGr;24800.75
J36;1;0;rGGr;24801.00
J36;1;0;rGGr;24801.25
J36;1;0;rGGr;24801.50
J36;1;0;rGGr;24801.75
J36;1;0;rGGr;24802.00
J36;1;0;rGGr;24802.25
J36;1;0;rGGr;24802.50
J36;1;0;rGGr;24802.75
J36;2;0;ryyr;24803.00
J36;2;0;ryyr;24803.25
J36;2;0;ryyr;24803.50
J36;2;0;ryyr;24803.75
J36;2;0;ryyr;24804.00
J36;2;0;ryyr;24804.25
J36;2;0;ryyr;24804.50
J36;2;0;ryyr;24804.75
J36;2;0;ryyr;24805.00
J36;2;0;ryyr;24805.25
J36;2;0;ryyr;24805.50
J36;2;0;ryyr;24805.75
J36;3;0;rrrr;24806.00
J36;3;0;rrrr;24806.25
J36;3;0;rrrr;24806.50
J36;3;0;rrrr;24806.75
J36;4;0;urru;24807.00
J36;4;0;urru;24807.25
J36;4;0;urru;24807.50
J36;4;0;urru;24807.75
J36;5;0;GrrG;24808.00
J36;5;0;GrrG;24808.25
J36;5;0;GrrG;24808.50
J36;5;0;GrrG;24808.75
J36;5;0;GrrG;24809.00
J36;5;0;GrrG;24809.25
J36;5;0;GrrG;24809.50
J36;5;0;GrrG;24809.75
J36;5;0;GrrG;24810.00
J36;5;0;GrrG;24810.25
J36;5;0;GrrG;24810.50
J36;5;0;GrrG;24810.75
J36;5;0;GrrG;24811.00
J36;5;0;GrrG;24811.25
J36;5;0;GrrG;24811.50
J36;5;0;GrrG;24811.75
J36;5;0;GrrG;24812.00
J36;5;0;GrrG;24812.25
J36;5;0;GrrG;24812.50
J36;5;0;GrrG;24812.75
J36;5;0;GrrG;24813.00
J36;5;0;GrrG;24813.25
J36;5;0;GrrG;24813.50
J36;5;0;GrrG;24813.75
J36;5;0;GrrG;24814.00
J36;5;0;GrrG;24814.25
J36;5;0;GrrG;24814.50
J36;5;0;GrrG;24814.75
J36;5;0;GrrG;24815.00
J36;5;0;GrrG;24815.25
J36;5;0;GrrG;24815.50
J36;5;0;GrrG;24815.75
J36;5;0;GrrG;24816.00
J36;5;0;GrrG;24816.25
J36;5;0;GrrG;24816.50
J36;5;0;GrrG;24816.75
J36;5;0;GrrG;24817.00
J36;5;0;GrrG;24817.25
J36;5;0;GrrG;24817.50
J36;5;0;GrrG;24817.75
J36;5;0;GrrG;24818.00
J36;5;0;GrrG;24818.25
J36;5;0;GrrG;24818.50
J36;5;0;GrrG;24818.75
J36;5;0;GrrG;24819.00
J36;5;0;GrrG;24819.25
J36;5;0;GrrG;24819.50
J36;5;0;GrrG;24819.75
J36;5;0;GrrG;24820.00
J36;5;0;GrrG;24820.25
J36;5;0;GrrG;24820.50
J36;5;0;GrrG;24820.75
J36;5;0;GrrG;24821.00
J36;5;0;GrrG;24821.25
J36;5;0;GrrG;24821.50
J36;5;0;GrrG;24821.75
J36;5;0;GrrG;24822.00
J36;5;0;GrrG;24822.25
J36;5;0;GrrG;24822.50
J36;5;0;GrrG;24822.75
J36;5;0;GrrG;24823.00
J36;5;0;GrrG;24823.25
J36;5;0;GrrG;24823.50
J36;5;0;GrrG;24823.75
J36;5;0;GrrG;24824.00
J36;5;0;GrrG;24824.25
J36;5;0;GrrG;24824.50
J36;5;0;GrrG;24824.75
J36;5;0;GrrG;24825.00
J36;5;0;GrrG;24825.25
J36;5;0;GrrG;24825.50
J36;5;0;GrrG;24825.75
J36;5;0;GrrG;24826.00
J36;5;0;GrrG;24826.25
J36;5;0;GrrG;24826.50
J36;5;0;GrrG;24826.75
J36;5;0;GrrG;24827.00
J36;5;0;GrrG;24827.25
J36;5;0;GrrG;24827.50
J36;5;0;GrrG;24827.75
J36;5;0;GrrG;24828.00
J36;5;0;GrrG;24828.25
J36;5;0;GrrG;24828.50
J36;5;0;GrrG;24828.75
J36;5;0;GrrG;24829.00
J36;5;0;GrrG;24829.25
J36;5;0;GrrG;24829.50
J36;5;0;GrrG;24829.75
J36;5;0;GrrG;24830.00
J36;5;0;GrrG;24830.25
J36;5;0;GrrG;24830.50
J36;5;0;GrrG;24830.75
J36;5;0;GrrG;24831.00
J36;5;0;GrrG;24831.25
J36;5;0;GrrG;24831.50
J36;5;0;GrrG;24831.75
J36;5;0;GrrG;24832.00
J36;5;0;GrrG;24832.25
J36;5;0;GrrG;24832.50
J36;5;0;GrrG;24832.75
J36;6;0;yrry;24833.00
J36;6;0;yrry;24833.25
J36;6;0;yrry;24833.50
J36;6;0;yrry;24833.75
J36;6;0;yrry;24834.00
J36;6;0;yrry;24834.25
J36;6;0;yrry;24834.50
J36;6;0;yrry;24834.75
J36;6;0;yrry;24835.00
J36;6;0;yrry;24835.25
J36;6;0;yrry;24835.50
J36;6;0;yrry;24835.75
J36;7;0;rrrr;24836.00
J36;7;0;rrrr;24836.25
J36;7;0;rrrr;24836.50
J36;7;0;rrrr;24836.75
J36;0;0;ruur;24837.00
J36;0;0;ruur;24837.25
J36;0;0;ruur;24837.50
J36;0;0;ruur;24837.75
J36;1;0;rGGr;24838.00
J36;1;0;rGGr;24838.25
J36;1;0;rGGr;24838.50
J36;1;0;rGGr;24838.75
J36;1;0;rGGr;24839.00
J36;1;0;rGGr;24839.25
J36;1;0;rGGr;24839.50
J36;1;0;rGGr;24839.75
J36;1;0;rGGr;24840.00
J36;1;0;rGGr;24840.25
J36;1;0;rGGr;24840.50
J36;1;0;rGGr;24840.75
J36;1;0;rGGr;24841.00
J36;1;0;rGGr;24841.25
J36;1;0;rGGr;24841.50
J36;1;0;rGGr;24841.75
J36;1;0;rGGr;24842.00
J36;1;0;rGGr;24842.25
J36;1;0;rGGr;24842.50
J36;1;0;rGGr;24842.75
J36;0;online;yyyyyyyyyyyyyyyyyyyyyyyyyyyyyyyyyyyyyyyyyyyyyyyyyyyyyyyyy;24843.00
J36;0;online;yyyyyyyyyyyyyyyyyyyyyyyyyyyyyyyyyyyyyyyyyyyyyyyyyyyyyyyyy;24843.25
J36;0;online;yyyyyyyyyyyyyyyyyyyyyyyyyyyyyyyyyyyyyyyyyyyyyyyyyyyyyyyyy;24843.50
J36;0;online;yyyyyyyyyyyyyyyyyyyyyyyyyyyyyyyyyyyyyyyyyyyyyyyyyyyyyyyyy;24843.75
J36;0;online;yyyyyyyyyyyyyyyyyyyyyyyyyyyyyyyyyyyyyyyyyyyyyyyyyyyyyyyyy;24844.00
J36;0;online;yyyyyyyyyyyyyyyyyyyyyyyyyyyyyyyyyyyyyyyyyyyyyyyyyyyyyyyyy;24844.25
J36;0;online;yyyyyyyyyyyyyyyyyyyyyyyyyyyyyyyyyyyyyyyyyyyyyyyyyyyyyyyyy;24844.50
J36;0;online;yyyyyyyyyyyyyyyyyyyyyyyyyyyyyyyyyyyyyyyyyyyyyyyyyyyyyyyyy;24844.75
J36;0;online;yyyyyyyyyyyyyyyyyyyyyyyyyyyyyyyyyyyyyyyyyyyyyyyyyyyyyyyyy;24845.00
J36;0;online;yyyyyyyyyyyyyyyyyyyyyyyyyyyyyyyyyyyyyyyyyyyyyyyyyyyyyyyyy;24845.25
J36;0;online;yyyyyyyyyyyyyyyyyyyyyyyyyyyyyyyyyyyyyyyyyyyyyyyyyyyyyyyyy;24845.50
J36;0;online;yyyyyyyyyyyyyyyyyyyyyyyyyyyyyyyyyyyyyyyyyyyyyyyyyyyyyyyyy;24845.75
J36;4;0;urru;24846.00
J36;4;0;urru;24846.25
J36;4;0;urru;24846.50
J36;4;0;urru;24846.75
J36;5;0;GrrG;24847.00
J36;5;0;GrrG;24847.25
J36;5;0;GrrG;24847.50
J36;5;0;GrrG;24847.75
J36;5;0;GrrG;24848.00
J36;5;0;GrrG;24848.25
J36;5;0;GrrG;24848.50
J36;5;0;GrrG;24848.75
J36;5;0;GrrG;24849.00
J36;5;0;GrrG;24849.25
J36;5;0;GrrG;24849.50
J36;5;0;GrrG;24849.75
J36;5;0;GrrG;24850.00
J36;5;0;GrrG;24850.25
J36;5;0;GrrG;24850.50
J36;5;0;GrrG;24850.75
J36;5;0;GrrG;24851.00
J36;5;0;GrrG;24851.25
J36;5;0;GrrG;24851.50
J36;5;0;GrrG;24851.75
J36;5;0;GrrG;24852.00
J36;5;0;GrrG;24852.25
J36;5;0;GrrG;24852.50
J36;5;0;GrrG;24852.75
J36;5;0;GrrG;24853.00
J36;5;0;GrrG;24853.25
J36;5;0;GrrG;24853.50
J36;5;0;GrrG;24853.75
J36;5;0;GrrG;24854.00
J36;5;0;GrrG;24854.25
J36;5;0;GrrG;24854.50
J36;5;0;GrrG;24854.75
J36;5;0;GrrG;24855.00
J36;5;0;GrrG;24855.25
J36;5;0;GrrG;24855.50
J36;5;0;GrrG;24855.75
J36;5;0;GrrG;24856.00
J36;5;0;GrrG;24856.25
J36;5;0;GrrG;24856.50
J36;5;0;GrrG;24856.75
J36;5;0;GrrG;24857.00
J36;5;0;GrrG;24857.25
J36;5;0;GrrG;24857.50
J36;5;0;GrrG;24857.75
J36;5;0;GrrG;24858.00
J36;5;0;GrrG;24858.25
J36;5;0;GrrG;24858.50
J36;5;0;GrrG;24858.75
J36;5;0;GrrG;24859.00
J36;5;0;GrrG;24859.25
J36;5;0;GrrG;24859.50
J36;5;0;GrrG;24859.75
J36;5;0;GrrG;24860.00
J36;5;0;GrrG;24860.25
J36;5;0;GrrG;24860.50
J36;5;0;GrrG;24860.75
J36;5;0;GrrG;24861.00
J36;5;0;GrrG;24861.25
J36;5;0;GrrG;24861.50
J36;5;0;GrrG;24861.75
J36;5;0;GrrG;24862.00
J36;5;0;GrrG;24862.25
J36;5;0;GrrG;24862.50
J36;5;0;GrrG;24862.75
J36;5;0;GrrG;24863.00
J36;5;0;GrrG;24863.25
J36;5;0;GrrG;24863.50
J36;5;0;GrrG;24863.75
J36;5;0;GrrG;24864.00
J36;5;0;GrrG;24864.25
J36;5;0;GrrG;24864.50
J36;5;0;GrrG;24864.75
J36;5;0;GrrG;24865.00
J36;5;0;GrrG;24865.25
J36;5;0;GrrG;24865.50
J36;5;0;GrrG;24865.75
J36;5;0;GrrG;24866.00
J36;5;0;GrrG;24866.25
J36;5;0;GrrG;24866.50
J36;5;0;GrrG;24866.75
J36;5;0;GrrG;24867.00
J36;5;0;GrrG;24867.25
J36;5;0;GrrG;24867.50
J36;5;0;GrrG;24867.75
J36;5;0;GrrG;24868.00
J36;5;0;GrrG;24868.25
J36;5;0;GrrG;24868.50
J36;5;0;GrrG;24868.75
J36;5;0;GrrG;24869.00
J36;5;0;GrrG;24869.25
J36;5;0;GrrG;24869.50
J36;5;0;GrrG;24869.75
J36;5;0;GrrG;24870.00
J36;5;0;GrrG;24870.25
J36;5;0;GrrG;24870.50
J36;5;0;GrrG;24870.75
J36;5;0;GrrG;24871.00
J36;5;0;GrrG;24871.25
J36;5;0;GrrG;24871.50
J36;5;0;GrrG;24871.75
J36;6;0;yrry;24872.00
J36;6;0;yrry;24872.25
J36;6;0;yrry;24872.50
J36;6;0;yrry;24872.75
J36;6;0;yrry;24873.00
J36;6;0;yrry;24873.25
J36;6;0;yrry;24873.50
J36;6;0;yrry;24873.75
J36;6;0;yrry;24874.00
J36;6;0;yrry;24874.25
J36;6;0;yrry;24874.50
J36;6;0;yrry;24874.75
J36;7;0;rrrr;24875.00
J36;7;0;rrrr;24875.25
J36;7;0;rrrr;24875.50
J36;7;0;rrrr;24875.75
J36;0;0;ruur;24876.00
J36;0;0;ruur;24876.25
J36;0;0;ruur;24876.50
J36;0;0;ruur;24876.75
J36;1;0;rGGr;24877.00
J36;1;0;rGGr;24877.25
J36;1;0;rGGr;24877.50
J36;1;0;rGGr;24877.75
J36;1;0;rGGr;24878.00
J36;1;0;rGGr;24878.25
J36;1;0;rGGr;24878.50
J36;1;0;rGGr;24878.75
J36;1;0;rGGr;24879.00
J36;1;0;rGGr;24879.25
J36;1;0;rGGr;24879.50
J36;1;0;rGGr;24879.75
J36;1;0;rGGr;24880.00
J36;1;0;rGGr;24880.25
J36;1;0;rGGr;24880.50
J36;1;0;rGGr;24880.75
J36;1;0;rGGr;24881.00
J36;1;0;rGGr;24881.25
J36;1;0;rGGr;24881.50
J36;1;0;rGGr;24881.75
J36;1;0;rGGr;24882.00
J36;1;0;rGGr;24882.25
J36;1;0;rGGr;24882.50
J36;1;0;rGGr;24882.75
J36;1;0;rGGr;24883.00
J36;1;0;rGGr;24883.25
J36;1;0;rGGr;24883.50
J36;1;0;rGGr;24883.75
J36;1;0;rGGr;24884.00
J36;1;0;rGGr;24884.25
J36;1;0;rGGr;24884.50
J36;1;0;rGGr;24884.75
J36;1;0;rGGr;24885.00
J36;1;0;rGGr;24885.25
J36;1;0;rGGr;24885.50
J36;1;0;rGGr;24885.75
J36;1;0;rGGr;24886.00
J36;1;0;rGGr;24886.25
J36;1;0;rGGr;24886.50
J36;1;0;rGGr;24886.75
J36;1;0;rGGr;24887.00
J36;1;0;rGGr;24887.25
J36;1;0;rGGr;24887.50
J36;1;0;rGGr;24887.75
J36;1;0;rGGr;24888.00
J36;1;0;rGGr;24888.25
J36;1;0;rGGr;24888.50
J36;1;0;rGGr;24888.75
J36;1;0;rGGr;24889.00
J36;1;0;rGGr;24889.25
J36;1;0;rGGr;24889.50
J36;1;0;rGGr;24889.75
J36;1;0;rGGr;24890.00
J36;1;0;rGGr;24890.25
J36;1;0;rGGr;24890.50
J36;1;0;rGGr;24890.75
J36;1;0;rGGr;24891.00
J36;1;0;rGGr;24891.25
J36;1;0;rGGr;24891.50
J36;1;0;rGGr;24891.75
J36;1;0;rGGr;24892.00
J36;1;0;rGGr;24892.25
J36;1;0;rGGr;24892.50
J36;1;0;rGGr;24892.75
J36;1;0;rGGr;24893.00
J36;1;0;rGGr;24893.25
J36;1;0;rGGr;24893.50
J36;1;0;rGGr;24893.75
J36;1;0;rGGr;24894.00
J36;1;0;rGGr;24894.25
J36;1;0;rGGr;24894.50
J36;1;0;rGGr;24894.75
J36;1;0;rGGr;24895.00
J36;1;0;rGGr;24895.25
J36;1;0;rGGr;24895.50
J36;1;0;rGGr;24895.75
J36;0;online;yyyyyyyyyyyyyyyyyyyyyyyyyyyyyyyyyyyyyyyyyyyyyyyyyyyyyyyyy;24896.00
J36;0;online;yyyyyyyyyyyyyyyyyyyyyyyyyyyyyyyyyyyyyyyyyyyyyyyyyyyyyyyyy;24896.25
J36;0;online;yyyyyyyyyyyyyyyyyyyyyyyyyyyyyyyyyyyyyyyyyyyyyyyyyyyyyyyyy;24896.50
J36;0;online;yyyyyyyyyyyyyyyyyyyyyyyyyyyyyyyyyyyyyyyyyyyyyyyyyyyyyyyyy;24896.75
J36;0;online;yyyyyyyyyyyyyyyyyyyyyyyyyyyyyyyyyyyyyyyyyyyyyyyyyyyyyyyyy;24897.00
J36;0;online;yyyyyyyyyyyyyyyyyyyyyyyyyyyyyyyyyyyyyyyyyyyyyyyyyyyyyyyyy;24897.25
J36;0;online;yyyyyyyyyyyyyyyyyyyyyyyyyyyyyyyyyyyyyyyyyyyyyyyyyyyyyyyyy;24897.50
J36;0;online;yyyyyyyyyyyyyyyyyyyyyyyyyyyyyyyyyyyyyyyyyyyyyyyyyyyyyyyyy;24897.75
J36;0;online;yyyyyyyyyyyyyyyyyyyyyyyyyyyyyyyyyyyyyyyyyyyyyyyyyyyyyyyyy;24898.00
J36;0;online;yyyyyyyyyyyyyyyyyyyyyyyyyyyyyyyyyyyyyyyyyyyyyyyyyyyyyyyyy;24898.25
J36;0;online;yyyyyyyyyyyyyyyyyyyyyyyyyyyyyyyyyyyyyyyyyyyyyyyyyyyyyyyyy;24898.50
J36;0;online;yyyyyyyyyyyyyyyyyyyyyyyyyyyyyyyyyyyyyyyyyyyyyyyyyyyyyyyyy;24898.75
J36;4;0;urru;24899.00
J36;4;0;urru;24899.25
J36;4;0;urru;24899.50
J36;4;0;urru;24899.75
J36;5;0;GrrG;24900.00
J36;5;0;GrrG;24900.25
J36;5;0;GrrG;24900.50
J36;5;0;GrrG;24900.75
J36;5;0;GrrG;24901.00
J36;5;0;GrrG;24901.25
J36;5;0;GrrG;24901.50
J36;5;0;GrrG;24901.75
J36;5;0;GrrG;24902.00
J36;5;0;GrrG;24902.25
J36;5;0;GrrG;24902.50
J36;5;0;GrrG;24902.75
J36;5;0;GrrG;24903.00
J36;5;0;GrrG;24903.25
J36;5;0;GrrG;24903.50
J36;5;0;GrrG;24903.75
J36;5;0;GrrG;24904.00
J36;5;0;GrrG;24904.25
J36;5;0;GrrG;24904.50
J36;5;0;GrrG;24904.75
J36;5;0;GrrG;24905.00
J36;5;0;GrrG;24905.25
J36;5;0;GrrG;24905.50
J36;5;0;GrrG;24905.75
J36;5;0;GrrG;24906.00
J36;5;0;GrrG;24906.25
J36;5;0;GrrG;24906.50
J36;5;0;GrrG;24906.75
J36;5;0;GrrG;24907.00
J36;5;0;GrrG;24907.25
J36;5;0;GrrG;24907.50
J36;5;0;GrrG;24907.75
J36;5;0;GrrG;24908.00
J36;5;0;GrrG;24908.25
J36;5;0;GrrG;24908.50
J36;5;0;GrrG;24908.75
J36;5;0;GrrG;24909.00
J36;5;0;GrrG;24909.25
J36;5;0;GrrG;24909.50
J36;5;0;GrrG;24909.75
J36;5;0;GrrG;24910.00
J36;5;0;GrrG;24910.25
J36;5;0;GrrG;24910.50
J36;5;0;GrrG;24910.75
J36;5;0;GrrG;24911.00
J36;5;0;GrrG;24911.25
J36;5;0;GrrG;24911.50
J36;5;0;GrrG;24911.75
J36;5;0;GrrG;24912.00
J36;5;0;GrrG;24912.25
J36;5;0;GrrG;24912.50
J36;5;0;GrrG;24912.75
J36;5;0;GrrG;24913.00
J36;5;0;GrrG;24913.25
J36;5;0;GrrG;24913.50
J36;5;0;GrrG;24913.75
J36;5;0;GrrG;24914.00
J36;5;0;GrrG;24914.25
J36;5;0;GrrG;24914.50
J36;5;0;GrrG;24914.75
J36;5;0;GrrG;24915.00
J36;5;0;GrrG;24915.25
J36;5;0;GrrG;24915.50
J36;5;0;GrrG;24915.75
J36;5;0;GrrG;24916.00
J36;5;0;GrrG;24916.25
J36;5;0;GrrG;24916.50
J36;5;0;GrrG;24916.75
J36;5;0;GrrG;24917.00
J36;5;0;GrrG;24917.25
J36;5;0;GrrG;24917.50
J36;5;0;GrrG;24917.75
J36;5;0;GrrG;24918.00
J36;5;0;GrrG;24918.25
J36;5;0;GrrG;24918.50
J36;5;0;GrrG;24918.75
J36;5;0;GrrG;24919.00
J36;5;0;GrrG;24919.25
J36;5;0;GrrG;24919.50
J36;5;0;GrrG;24919.75
J36;5;0;GrrG;24920.00
J36;5;0;GrrG;24920.25
J36;5;0;GrrG;24920.50
J36;5;0;GrrG;24920.75
J36;5;0;GrrG;24921.00
J36;5;0;GrrG;24921.25
J36;5;0;GrrG;24921.50
J36;5;0;GrrG;24921.75
J36;5;0;GrrG;24922.00
J36;5;0;GrrG;24922.25
J36;5;0;GrrG;24922.50
J36;5;0;GrrG;24922.75
J36;5;0;GrrG;24923.00
J36;5;0;GrrG;24923.25
J36;5;0;GrrG;24923.50
J36;5;0;GrrG;24923.75
J36;5;0;GrrG;24924.00
J36;5;0;GrrG;24924.25
J36;5;0;GrrG;24924.50
J36;5;0;GrrG;24924.75
J36;6;0;yrry;24925.00
J36;6;0;yrry;24925.25
J36;6;0;yrry;24925.50
J36;6;0;yrry;24925.75
J36;6;0;yrry;24926.00
J36;6;0;yrry;24926.25
J36;6;0;yrry;24926.50
J36;6;0;yrry;24926.75
J36;6;0;yrry;24927.00
J36;6;0;yrry;24927.25
J36;6;0;yrry;24927.50
J36;6;0;yrry;24927.75
J36;7;0;rrrr;24928.00
J36;7;0;rrrr;24928.25
J36;7;0;rrrr;24928.50
J36;7;0;rrrr;24928.75
J36;0;0;ruur;24929.00
J36;0;0;ruur;24929.25
J36;0;0;ruur;24929.50
J36;0;0;ruur;24929.75
J36;1;0;rGGr;24930.00
J36;1;0;rGGr;24930.25
J36;1;0;rGGr;24930.50
J36;1;0;rGGr;24930.75
J36;1;0;rGGr;24931.00
J36;1;0;rGGr;24931.25
J36;1;0;rGGr;24931.50
J36;1;0;rGGr;24931.75
J36;1;0;rGGr;24932.00
J36;1;0;rGGr;24932.25
J36;1;0;rGGr;24932.50
J36;1;0;rGGr;24932.75
J36;1;0;rGGr;24933.00
J36;1;0;rGGr;24933.25
J36;1;0;rGGr;24933.50
J36;1;0;rGGr;24933.75
J36;1;0;rGGr;24934.00
J36;1;0;rGGr;24934.25
J36;1;0;rGGr;24934.50
J36;1;0;rGGr;24934.75
J36;1;0;rGGr;24935.00
J36;1;0;rGGr;24935.25
J36;1;0;rGGr;24935.50
J36;1;0;rGGr;24935.75
J36;1;0;rGGr;24936.00
J36;1;0;rGGr;24936.25
J36;0;online;yyyyyyyyyyyyyyyyyyyyyyyyyyyyyyyyyyyyyyyyyyyyyyyyyyyyyyyyy;24936.50
J36;0;online;yyyyyyyyyyyyyyyyyyyyyyyyyyyyyyyyyyyyyyyyyyyyyyyyyyyyyyyyy;24936.75
J36;0;online;yyyyyyyyyyyyyyyyyyyyyyyyyyyyyyyyyyyyyyyyyyyyyyyyyyyyyyyyy;24937.00
J36;0;online;yyyyyyyyyyyyyyyyyyyyyyyyyyyyyyyyyyyyyyyyyyyyyyyyyyyyyyyyy;24937.25
J36;0;online;yyyyyyyyyyyyyyyyyyyyyyyyyyyyyyyyyyyyyyyyyyyyyyyyyyyyyyyyy;24937.50
J36;0;online;yyyyyyyyyyyyyyyyyyyyyyyyyyyyyyyyyyyyyyyyyyyyyyyyyyyyyyyyy;24937.75
J36;0;online;yyyyyyyyyyyyyyyyyyyyyyyyyyyyyyyyyyyyyyyyyyyyyyyyyyyyyyyyy;24938.00
J36;0;online;yyyyyyyyyyyyyyyyyyyyyyyyyyyyyyyyyyyyyyyyyyyyyyyyyyyyyyyyy;24938.25
J36;0;online;yyyyyyyyyyyyyyyyyyyyyyyyyyyyyyyyyyyyyyyyyyyyyyyyyyyyyyyyy;24938.50
J36;0;online;yyyyyyyyyyyyyyyyyyyyyyyyyyyyyyyyyyyyyyyyyyyyyyyyyyyyyyyyy;24938.75
J36;0;online;yyyyyyyyyyyyyyyyyyyyyyyyyyyyyyyyyyyyyyyyyyyyyyyyyyyyyyyyy;24939.00
J36;0;online;yyyyyyyyyyyyyyyyyyyyyyyyyyyyyyyyyyyyyyyyyyyyyyyyyyyyyyyyy;24939.25
J36;4;0;urru;24939.50
J36;4;0;urru;24939.75
J36;4;0;urru;24940.00
J36;4;0;urru;24940.25
J36;5;0;GrrG;24940.50
J36;5;0;GrrG;24940.75
J36;5;0;GrrG;24941.00
J36;5;0;GrrG;24941.25
J36;5;0;GrrG;24941.50
J36;5;0;GrrG;24941.75
J36;5;0;GrrG;24942.00
J36;5;0;GrrG;24942.25
J36;5;0;GrrG;24942.50
J36;5;0;GrrG;24942.75
J36;5;0;GrrG;24943.00
J36;5;0;GrrG;24943.25
J36;5;0;GrrG;24943.50
J36;5;0;GrrG;24943.75
J36;5;0;GrrG;24944.00
J36;5;0;GrrG;24944.25
J36;5;0;GrrG;24944.50
J36;5;0;GrrG;24944.75
J36;5;0;GrrG;24945.00
J36;5;0;GrrG;24945.25
J36;5;0;GrrG;24945.50
J36;5;0;GrrG;24945.75
J36;5;0;GrrG;24946.00
J36;5;0;GrrG;24946.25
J36;5;0;GrrG;24946.50
J36;5;0;GrrG;24946.75
J36;5;0;GrrG;24947.00
J36;5;0;GrrG;24947.25
J36;5;0;GrrG;24947.50
J36;5;0;GrrG;24947.75
J36;5;0;GrrG;24948.00
J36;5;0;GrrG;24948.25
J36;5;0;GrrG;24948.50
J36;5;0;GrrG;24948.75
J36;5;0;GrrG;24949.00
J36;5;0;GrrG;24949.25
J36;5;0;GrrG;24949.50
J36;5;0;GrrG;24949.75
J36;5;0;GrrG;24950.00
J36;5;0;GrrG;24950.25
J36;5;0;GrrG;24950.50
J36;5;0;GrrG;24950.75
J36;5;0;GrrG;24951.00
J36;5;0;GrrG;24951.25
J36;5;0;GrrG;24951.50
J36;5;0;GrrG;24951.75
J36;5;0;GrrG;24952.00
J36;5;0;GrrG;24952.25
J36;5;0;GrrG;24952.50
J36;5;0;GrrG;24952.75
J36;5;0;GrrG;24953.00
J36;5;0;GrrG;24953.25
J36;5;0;GrrG;24953.50
J36;5;0;GrrG;24953.75
J36;5;0;GrrG;24954.00
J36;5;0;GrrG;24954.25
J36;5;0;GrrG;24954.50
J36;5;0;GrrG;24954.75
J36;5;0;GrrG;24955.00
J36;5;0;GrrG;24955.25
J36;5;0;GrrG;24955.50
J36;5;0;GrrG;24955.75
J36;5;0;GrrG;24956.00
J36;5;0;GrrG;24956.25
J36;5;0;GrrG;24956.50
J36;5;0;GrrG;24956.75
J36;5;0;GrrG;24957.00
J36;5;0;GrrG;24957.25
J36;5;0;GrrG;24957.50
J36;5;0;GrrG;24957.75
J36;5;0;GrrG;24958.00
J36;5;0;GrrG;24958.25
J36;5;0;GrrG;24958.50
J36;5;0;GrrG;24958.75
J36;5;0;GrrG;24959.00
J36;5;0;GrrG;24959.25
J36;5;0;GrrG;24959.50
J36;5;0;GrrG;24959.75
J36;5;0;GrrG;24960.00
J36;5;0;GrrG;24960.25
J36;5;0;GrrG;24960.50
J36;5;0;GrrG;24960.75
J36;5;0;GrrG;24961.00
J36;5;0;GrrG;24961.25
J36;5;0;GrrG;24961.50
J36;5;0;GrrG;24961.75
J36;5;0;GrrG;24962.00
J36;5;0;GrrG;24962.25
J36;5;0;GrrG;24962.50
J36;5;0;GrrG;24962.75
J36;5;0;GrrG;24963.00
J36;5;0;GrrG;24963.25
J36;5;0;GrrG;24963.50
J36;5;0;GrrG;24963.75
J36;5;0;GrrG;24964.00
J36;5;0;GrrG;24964.25
J36;5;0;GrrG;24964.50
J36;5;0;GrrG;24964.75
J36;5;0;GrrG;24965.00
J36;5;0;GrrG;24965.25
J36;6;0;yrry;24965.50
J36;6;0;yrry;24965.75
J36;6;0;yrry;24966.00
J36;6;0;yrry;24966.25
J36;6;0;yrry;24966.50
J36;6;0;yrry;24966.75
J36;6;0;yrry;24967.00
J36;6;0;yrry;24967.25
J36;6;0;yrry;24967.50
J36;6;0;yrry;24967.75
J36;6;0;yrry;24968.00
J36;6;0;yrry;24968.25
J36;7;0;rrrr;24968.50
J36;7;0;rrrr;24968.75
J36;7;0;rrrr;24969.00
J36;7;0;rrrr;24969.25
J36;0;0;ruur;24969.50
J36;0;0;ruur;24969.75
J36;0;0;ruur;24970.00
J36;0;0;ruur;24970.25
J36;1;0;rGGr;24970.50
J36;1;0;rGGr;24970.75
J36;1;0;rGGr;24971.00
J36;1;0;rGGr;24971.25
J36;1;0;rGGr;24971.50
J36;1;0;rGGr;24971.75
J36;1;0;rGGr;24972.00
J36;1;0;rGGr;24972.25
J36;1;0;rGGr;24972.50
J36;1;0;rGGr;24972.75
J36;1;0;rGGr;24973.00
J36;1;0;rGGr;24973.25
J36;1;0;rGGr;24973.50
J36;1;0;rGGr;24973.75
J36;1;0;rGGr;24974.00
J36;1;0;rGGr;24974.25
J36;1;0;rGGr;24974.50
J36;1;0;rGGr;24974.75
J36;1;0;rGGr;24975.00
J36;1;0;rGGr;24975.25
J36;1;0;rGGr;24975.50
J36;1;0;rGGr;24975.75
J36;1;0;rGGr;24976.00
J36;1;0;rGGr;24976.25
J36;1;0;rGGr;24976.50
J36;1;0;rGGr;24976.75
J36;1;0;rGGr;24977.00
J36;1;0;rGGr;24977.25
J36;1;0;rGGr;24977.50
J36;1;0;rGGr;24977.75
J36;1;0;rGGr;24978.00
J36;1;0;rGGr;24978.25
J36;1;0;rGGr;24978.50
J36;1;0;rGGr;24978.75
J36;1;0;rGGr;24979.00
J36;1;0;rGGr;24979.25
J36;1;0;rGGr;24979.50
J36;1;0;rGGr;24979.75
J36;1;0;rGGr;24980.00
J36;1;0;rGGr;24980.25
J36;1;0;rGGr;24980.50
J36;1;0;rGGr;24980.75
J36;1;0;rGGr;24981.00
J36;1;0;rGGr;24981.25
J36;1;0;rGGr;24981.50
J36;1;0;rGGr;24981.75
J36;1;0;rGGr;24982.00
J36;1;0;rGGr;24982.25
J36;1;0;rGGr;24982.50
J36;1;0;rGGr;24982.75
J36;1;0;rGGr;24983.00
J36;1;0;rGGr;24983.25
J36;1;0;rGGr;24983.50
J36;1;0;rGGr;24983.75
J36;1;0;rGGr;24984.00
J36;1;0;rGGr;24984.25
J36;1;0;rGGr;24984.50
J36;1;0;rGGr;24984.75
J36;1;0;rGGr;24985.00
J36;1;0;rGGr;24985.25
J36;1;0;rGGr;24985.50
J36;1;0;rGGr;24985.75
J36;1;0;rGGr;24986.00
J36;1;0;rGGr;24986.25
J36;1;0;rGGr;24986.50
J36;1;0;rGGr;24986.75
J36;1;0;rGGr;24987.00
J36;1;0;rGGr;24987.25
J36;1;0;rGGr;24987.50
J36;1;0;rGGr;24987.75
J36;1;0;rGGr;24988.00
J36;1;0;rGGr;24988.25
J36;1;0;rGGr;24988.50
J36;1;0;rGGr;24988.75
J36;1;0;rGGr;24989.00
J36;1;0;rGGr;24989.25
J36;1;0;rGGr;24989.50
J36;1;0;rGGr;24989.75
J36;1;0;rGGr;24990.00
J36;1;0;rGGr;24990.25
J36;1;0;rGGr;24990.50
J36;1;0;rGGr;24990.75
J36;1;0;rGGr;24991.00
J36;1;0;rGGr;24991.25
J36;1;0;rGGr;24991.50
J36;1;0;rGGr;24991.75
J36;1;0;rGGr;24992.00
J36;1;0;rGGr;24992.25
J36;1;0;rGGr;24992.50
J36;1;0;rGGr;24992.75
J36;1;0;rGGr;24993.00
J36;1;0;rGGr;24993.25
J36;1;0;rGGr;24993.50
J36;1;0;rGGr;24993.75
J36;1;0;rGGr;24994.00
J36;1;0;rGGr;24994.25
J36;1;0;rGGr;24994.50
J36;1;0;rGGr;24994.75
J36;1;0;rGGr;24995.00
J36;1;0;rGGr;24995.25
J36;1;0;rGGr;24995.50
J36;1;0;rGGr;24995.75
J36;1;0;rGGr;24996.00
J36;1;0;rGGr;24996.25
J36;1;0;rGGr;24996.50
J36;1;0;rGGr;24996.75
J36;1;0;rGGr;24997.00
J36;1;0;rGGr;24997.25
J36;1;0;rGGr;24997.50
J36;1;0;rGGr;24997.75
J36;1;0;rGGr;24998.00
J36;1;0;rGGr;24998.25
J36;1;0;rGGr;24998.50
J36;1;0;rGGr;24998.75
J36;1;0;rGGr;24999.00
J36;1;0;rGGr;24999.25
J36;1;0;rGGr;24999.50
J36;1;0;rGGr;24999.75
J36;1;0;rGGr;25000.00
J36;1;0;rGGr;25000.25
J36;1;0;rGGr;25000.50
J36;1;0;rGGr;25000.75
J36;1;0;rGGr;25001.00
J36;1;0;rGGr;25001.25
J36;1;0;rGGr;25001.50
J36;1;0;rGGr;25001.75
J36;1;0;rGGr;25002.00
J36;1;0;rGGr;25002.25
J36;1;0;rGGr;25002.50
J36;1;0;rGGr;25002.75
J36;1;0;rGGr;25003.00
J36;1;0;rGGr;25003.25
J36;1;0;rGGr;25003.50
J36;1;0;rGGr;25003.75
J36;1;0;rGGr;25004.00
J36;1;0;rGGr;25004.25
J36;1;0;rGGr;25004.50
J36;1;0;rGGr;25004.75
J36;1;0;rGGr;25005.00
J36;1;0;rGGr;25005.25
J36;1;0;rGGr;25005.50
J36;1;0;rGGr;25005.75
J36;1;0;rGGr;25006.00
J36;1;0;rGGr;25006.25
J36;1;0;rGGr;25006.50
J36;1;0;rGGr;25006.75
J36;1;0;rGGr;25007.00
J36;1;0;rGGr;25007.25
J36;1;0;rGGr;25007.50
J36;1;0;rGGr;25007.75
J36;1;0;rGGr;25008.00
J36;1;0;rGGr;25008.25
J36;1;0;rGGr;25008.50
J36;1;0;rGGr;25008.75
J36;1;0;rGGr;25009.00
J36;1;0;rGGr;25009.25
J36;1;0;rGGr;25009.50
J36;1;0;rGGr;25009.75
J36;1;0;rGGr;25010.00
J36;1;0;rGGr;25010.25
J36;1;0;rGGr;25010.50
J36;1;0;rGGr;25010.75
J36;1;0;rGGr;25011.00
J36;1;0;rGGr;25011.25
J36;1;0;rGGr;25011.50
J36;1;0;rGGr;25011.75
J36;1;0;rGGr;25012.00
J36;1;0;rGGr;25012.25
J36;1;0;rGGr;25012.50
J36;1;0;rGGr;25012.75
J36;1;0;rGGr;25013.00
J36;1;0;rGGr;25013.25
J36;1;0;rGGr;25013.50
J36;1;0;rGGr;25013.75
J36;1;0;rGGr;25014.00
J36;1;0;rGGr;25014.25
J36;1;0;rGGr;25014.50
J36;1;0;rGGr;25014.75
J36;1;0;rGGr;25015.00
J36;1;0;rGGr;25015.25
J36;1;0;rGGr;25015.50
J36;1;0;rGGr;25015.75
J36;1;0;rGGr;25016.00
J36;1;0;rGGr;25016.25
J36;1;0;rGGr;25016.50
J36;1;0;rGGr;25016.75
J36;1;0;rGGr;25017.00
J36;1;0;rGGr;25017.25
J36;1;0;rGGr;25017.50
J36;1;0;rGGr;25017.75
J36;1;0;rGGr;25018.00
J36;1;0;rGGr;25018.25
J36;1;0;rGGr;25018.50
J36;1;0;rGGr;25018.75
J36;1;0;rGGr;25019.00
J36;1;0;rGGr;25019.25
J36;1;0;rGGr;25019.50
J36;1;0;rGGr;25019.75
J36;1;0;rGGr;25020.00
J36;1;0;rGGr;25020.25
J36;1;0;rGGr;25020.50
J36;1;0;rGGr;25020.75
J36;1;0;rGGr;25021.00
J36;1;0;rGGr;25021.25
J36;1;0;rGGr;25021.50
J36;1;0;rGGr;25021.75
J36;1;0;rGGr;25022.00
J36;1;0;rGGr;25022.25
J36;1;0;rGGr;25022.50
J36;1;0;rGGr;25022.75
J36;1;0;rGGr;25023.00
J36;1;0;rGGr;25023.25
J36;1;0;rGGr;25023.50
J36;1;0;rGGr;25023.75
J36;1;0;rGGr;25024.00
J36;1;0;rGGr;25024.25
J36;1;0;rGGr;25024.50
J36;1;0;rGGr;25024.75
J36;1;0;rGGr;25025.00
J36;1;0;rGGr;25025.25
J36;1;0;rGGr;25025.50
J36;1;0;rGGr;25025.75
J36;1;0;rGGr;25026.00
J36;1;0;rGGr;25026.25
J36;1;0;rGGr;25026.50
J36;1;0;rGGr;25026.75
J36;1;0;rGGr;25027.00
J36;1;0;rGGr;25027.25
J36;1;0;rGGr;25027.50
J36;1;0;rGGr;25027.75
J36;1;0;rGGr;25028.00
J36;1;0;rGGr;25028.25
J36;1;0;rGGr;25028.50
J36;1;0;rGGr;25028.75
J36;1;0;rGGr;25029.00
J36;1;0;rGGr;25029.25
J36;1;0;rGGr;25029.50
J36;1;0;rGGr;25029.75
J36;1;0;rGGr;25030.00
J36;1;0;rGGr;25030.25
J36;1;0;rGGr;25030.50
J36;1;0;rGGr;25030.75
J36;1;0;rGGr;25031.00
J36;1;0;rGGr;25031.25
J36;1;0;rGGr;25031.50
J36;1;0;rGGr;25031.75
J36;1;0;rGGr;25032.00
J36;1;0;rGGr;25032.25
J36;1;0;rGGr;25032.50
J36;1;0;rGGr;25032.75
J36;1;0;rGGr;25033.00
J36;1;0;rGGr;25033.25
J36;1;0;rGGr;25033.50
J36;0;online;yyyyyyyyyyyyyyyyyyyyyyyyyyyyyyyyyyyyyyyyyyyyyyyyyyyyyyyyy;25033.75
J36;0;online;yyyyyyyyyyyyyyyyyyyyyyyyyyyyyyyyyyyyyyyyyyyyyyyyyyyyyyyyy;25034.00
J36;0;online;yyyyyyyyyyyyyyyyyyyyyyyyyyyyyyyyyyyyyyyyyyyyyyyyyyyyyyyyy;25034.25
J36;0;online;yyyyyyyyyyyyyyyyyyyyyyyyyyyyyyyyyyyyyyyyyyyyyyyyyyyyyyyyy;25034.50
J36;0;online;yyyyyyyyyyyyyyyyyyyyyyyyyyyyyyyyyyyyyyyyyyyyyyyyyyyyyyyyy;25034.75
J36;0;online;yyyyyyyyyyyyyyyyyyyyyyyyyyyyyyyyyyyyyyyyyyyyyyyyyyyyyyyyy;25035.00
J36;0;online;yyyyyyyyyyyyyyyyyyyyyyyyyyyyyyyyyyyyyyyyyyyyyyyyyyyyyyyyy;25035.25
J36;0;online;yyyyyyyyyyyyyyyyyyyyyyyyyyyyyyyyyyyyyyyyyyyyyyyyyyyyyyyyy;25035.50
J36;0;online;yyyyyyyyyyyyyyyyyyyyyyyyyyyyyyyyyyyyyyyyyyyyyyyyyyyyyyyyy;25035.75
J36;0;online;yyyyyyyyyyyyyyyyyyyyyyyyyyyyyyyyyyyyyyyyyyyyyyyyyyyyyyyyy;25036.00
J36;0;online;yyyyyyyyyyyyyyyyyyyyyyyyyyyyyyyyyyyyyyyyyyyyyyyyyyyyyyyyy;25036.25
J36;0;online;yyyyyyyyyyyyyyyyyyyyyyyyyyyyyyyyyyyyyyyyyyyyyyyyyyyyyyyyy;25036.50
J36;4;0;urru;25036.75
J36;4;0;urru;25037.00
J36;4;0;urru;25037.25
J36;4;0;urru;25037.50
J36;5;0;GrrG;25037.75
J36;5;0;GrrG;25038.00
J36;5;0;GrrG;25038.25
J36;5;0;GrrG;25038.50
J36;5;0;GrrG;25038.75
J36;5;0;GrrG;25039.00
J36;5;0;GrrG;25039.25
J36;5;0;GrrG;25039.50
J36;5;0;GrrG;25039.75
J36;5;0;GrrG;25040.00
J36;5;0;GrrG;25040.25
J36;5;0;GrrG;25040.50
J36;5;0;GrrG;25040.75
J36;5;0;GrrG;25041.00
J36;5;0;GrrG;25041.25
J36;5;0;GrrG;25041.50
J36;5;0;GrrG;25041.75
J36;5;0;GrrG;25042.00
J36;5;0;GrrG;25042.25
J36;5;0;GrrG;25042.50
J36;5;0;GrrG;25042.75
J36;5;0;GrrG;25043.00
J36;5;0;GrrG;25043.25
J36;5;0;GrrG;25043.50
J36;5;0;GrrG;25043.75
J36;5;0;GrrG;25044.00
J36;5;0;GrrG;25044.25
J36;5;0;GrrG;25044.50
J36;5;0;GrrG;25044.75
J36;5;0;GrrG;25045.00
J36;5;0;GrrG;25045.25
J36;5;0;GrrG;25045.50
J36;5;0;GrrG;25045.75
J36;5;0;GrrG;25046.00
J36;5;0;GrrG;25046.25
J36;5;0;GrrG;25046.50
J36;5;0;GrrG;25046.75
J36;5;0;GrrG;25047.00
J36;5;0;GrrG;25047.25
J36;5;0;GrrG;25047.50
J36;5;0;GrrG;25047.75
J36;5;0;GrrG;25048.00
J36;5;0;GrrG;25048.25
J36;5;0;GrrG;25048.50
J36;5;0;GrrG;25048.75
J36;5;0;GrrG;25049.00
J36;5;0;GrrG;25049.25
J36;5;0;GrrG;25049.50
J36;5;0;GrrG;25049.75
J36;5;0;GrrG;25050.00
J36;5;0;GrrG;25050.25
J36;5;0;GrrG;25050.50
J36;5;0;GrrG;25050.75
J36;5;0;GrrG;25051.00
J36;5;0;GrrG;25051.25
J36;5;0;GrrG;25051.50
J36;5;0;GrrG;25051.75
J36;5;0;GrrG;25052.00
J36;5;0;GrrG;25052.25
J36;5;0;GrrG;25052.50
J36;5;0;GrrG;25052.75
J36;5;0;GrrG;25053.00
J36;5;0;GrrG;25053.25
J36;5;0;GrrG;25053.50
J36;5;0;GrrG;25053.75
J36;5;0;GrrG;25054.00
J36;5;0;GrrG;25054.25
J36;5;0;GrrG;25054.50
J36;5;0;GrrG;25054.75
J36;5;0;GrrG;25055.00
J36;5;0;GrrG;25055.25
J36;5;0;GrrG;25055.50
J36;5;0;GrrG;25055.75
J36;5;0;GrrG;25056.00
J36;5;0;GrrG;25056.25
J36;5;0;GrrG;25056.50
J36;5;0;GrrG;25056.75
J36;5;0;GrrG;25057.00
J36;5;0;GrrG;25057.25
J36;5;0;GrrG;25057.50
J36;5;0;GrrG;25057.75
J36;5;0;GrrG;25058.00
J36;5;0;GrrG;25058.25
J36;5;0;GrrG;25058.50
J36;5;0;GrrG;25058.75
J36;5;0;GrrG;25059.00
J36;5;0;GrrG;25059.25
J36;5;0;GrrG;25059.50
J36;5;0;GrrG;25059.75
J36;5;0;GrrG;25060.00
J36;5;0;GrrG;25060.25
J36;5;0;GrrG;25060.50
J36;5;0;GrrG;25060.75
J36;5;0;GrrG;25061.00
J36;5;0;GrrG;25061.25
J36;5;0;GrrG;25061.50
J36;5;0;GrrG;25061.75
J36;5;0;GrrG;25062.00
J36;5;0;GrrG;25062.25
J36;5;0;GrrG;25062.50
J36;6;0;yrry;25062.75
J36;6;0;yrry;25063.00
J36;6;0;yrry;25063.25
J36;6;0;yrry;25063.50
J36;6;0;yrry;25063.75
J36;6;0;yrry;25064.00
J36;6;0;yrry;25064.25
J36;6;0;yrry;25064.50
J36;6;0;yrry;25064.75
J36;6;0;yrry;25065.00
J36;6;0;yrry;25065.25
J36;6;0;yrry;25065.50
J36;7;0;rrrr;25065.75
J36;7;0;rrrr;25066.00
J36;7;0;rrrr;25066.25
J36;7;0;rrrr;25066.50
J36;0;0;ruur;25066.75
J36;0;0;ruur;25067.00
J36;0;0;ruur;25067.25
J36;0;0;ruur;25067.50
J36;1;0;rGGr;25067.75
J36;1;0;rGGr;25068.00
J36;1;0;rGGr;25068.25
J36;1;0;rGGr;25068.50
J36;1;0;rGGr;25068.75
J36;1;0;rGGr;25069.00
J36;1;0;rGGr;25069.25
J36;1;0;rGGr;25069.50
J36;1;0;rGGr;25069.75
J36;1;0;rGGr;25070.00
J36;1;0;rGGr;25070.25
J36;1;0;rGGr;25070.50
J36;1;0;rGGr;25070.75
J36;1;0;rGGr;25071.00
J36;1;0;rGGr;25071.25
J36;1;0;rGGr;25071.50
J36;1;0;rGGr;25071.75
J36;1;0;rGGr;25072.00
J36;1;0;rGGr;25072.25
J36;1;0;rGGr;25072.50
J36;1;0;rGGr;25072.75
J36;1;0;rGGr;25073.00
J36;1;0;rGGr;25073.25
J36;1;0;rGGr;25073.50
J36;1;0;rGGr;25073.75
J36;1;0;rGGr;25074.00
J36;1;0;rGGr;25074.25
J36;1;0;rGGr;25074.50
J36;1;0;rGGr;25074.75
J36;1;0;rGGr;25075.00
J36;1;0;rGGr;25075.25
J36;1;0;rGGr;25075.50
J36;1;0;rGGr;25075.75
J36;1;0;rGGr;25076.00
J36;1;0;rGGr;25076.25
J36;1;0;rGGr;25076.50
J36;1;0;rGGr;25076.75
J36;1;0;rGGr;25077.00
J36;1;0;rGGr;25077.25
J36;1;0;rGGr;25077.50
J36;1;0;rGGr;25077.75
J36;1;0;rGGr;25078.00
J36;1;0;rGGr;25078.25
J36;1;0;rGGr;25078.50
J36;1;0;rGGr;25078.75
J36;1;0;rGGr;25079.00
J36;1;0;rGGr;25079.25
J36;1;0;rGGr;25079.50
J36;1;0;rGGr;25079.75
J36;1;0;rGGr;25080.00
J36;1;0;rGGr;25080.25
J36;1;0;rGGr;25080.50
J36;1;0;rGGr;25080.75
J36;1;0;rGGr;25081.00
J36;1;0;rGGr;25081.25
J36;1;0;rGGr;25081.50
J36;1;0;rGGr;25081.75
J36;1;0;rGGr;25082.00
J36;1;0;rGGr;25082.25
J36;1;0;rGGr;25082.50
J36;1;0;rGGr;25082.75
J36;1;0;rGGr;25083.00
J36;1;0;rGGr;25083.25
J36;1;0;rGGr;25083.50
J36;1;0;rGGr;25083.75
J36;1;0;rGGr;25084.00
J36;1;0;rGGr;25084.25
J36;1;0;rGGr;25084.50
J36;1;0;rGGr;25084.75
J36;1;0;rGGr;25085.00
J36;1;0;rGGr;25085.25
J36;1;0;rGGr;25085.50
J36;1;0;rGGr;25085.75
J36;1;0;rGGr;25086.00
J36;1;0;rGGr;25086.25
J36;1;0;rGGr;25086.50
J36;1;0;rGGr;25086.75
J36;1;0;rGGr;25087.00
J36;1;0;rGGr;25087.25
J36;1;0;rGGr;25087.50
J36;1;0;rGGr;25087.75
J36;1;0;rGGr;25088.00
J36;1;0;rGGr;25088.25
J36;1;0;rGGr;25088.50
J36;1;0;rGGr;25088.75
J36;1;0;rGGr;25089.00
J36;1;0;rGGr;25089.25
J36;1;0;rGGr;25089.50
J36;1;0;rGGr;25089.75
J36;1;0;rGGr;25090.00
J36;1;0;rGGr;25090.25
J36;1;0;rGGr;25090.50
J36;1;0;rGGr;25090.75
J36;1;0;rGGr;25091.00
J36;1;0;rGGr;25091.25
J36;1;0;rGGr;25091.50
J36;1;0;rGGr;25091.75
J36;1;0;rGGr;25092.00
J36;1;0;rGGr;25092.25
J36;1;0;rGGr;25092.50
J36;1;0;rGGr;25092.75
J36;1;0;rGGr;25093.00
J36;1;0;rGGr;25093.25
J36;1;0;rGGr;25093.50
J36;1;0;rGGr;25093.75
J36;1;0;rGGr;25094.00
J36;1;0;rGGr;25094.25
J36;1;0;rGGr;25094.50
J36;1;0;rGGr;25094.75
J36;1;0;rGGr;25095.00
J36;1;0;rGGr;25095.25
J36;1;0;rGGr;25095.50
J36;1;0;rGGr;25095.75
J36;1;0;rGGr;25096.00
J36;1;0;rGGr;25096.25
J36;1;0;rGGr;25096.50
J36;1;0;rGGr;25096.75
J36;1;0;rGGr;25097.00
J36;1;0;rGGr;25097.25
J36;1;0;rGGr;25097.50
J36;1;0;rGGr;25097.75
J36;0;online;yyyyyyyyyyyyyyyyyyyyyyyyyyyyyyyyyyyyyyyyyyyyyyyyyyyyyyyyy;25098.00
J36;0;online;yyyyyyyyyyyyyyyyyyyyyyyyyyyyyyyyyyyyyyyyyyyyyyyyyyyyyyyyy;25098.25
J36;0;online;yyyyyyyyyyyyyyyyyyyyyyyyyyyyyyyyyyyyyyyyyyyyyyyyyyyyyyyyy;25098.50
J36;0;online;yyyyyyyyyyyyyyyyyyyyyyyyyyyyyyyyyyyyyyyyyyyyyyyyyyyyyyyyy;25098.75
J36;0;online;yyyyyyyyyyyyyyyyyyyyyyyyyyyyyyyyyyyyyyyyyyyyyyyyyyyyyyyyy;25099.00
J36;0;online;yyyyyyyyyyyyyyyyyyyyyyyyyyyyyyyyyyyyyyyyyyyyyyyyyyyyyyyyy;25099.25
J36;0;online;yyyyyyyyyyyyyyyyyyyyyyyyyyyyyyyyyyyyyyyyyyyyyyyyyyyyyyyyy;25099.50
J36;0;online;yyyyyyyyyyyyyyyyyyyyyyyyyyyyyyyyyyyyyyyyyyyyyyyyyyyyyyyyy;25099.75
J36;0;online;yyyyyyyyyyyyyyyyyyyyyyyyyyyyyyyyyyyyyyyyyyyyyyyyyyyyyyyyy;25100.00
J36;0;online;yyyyyyyyyyyyyyyyyyyyyyyyyyyyyyyyyyyyyyyyyyyyyyyyyyyyyyyyy;25100.25
J36;0;online;yyyyyyyyyyyyyyyyyyyyyyyyyyyyyyyyyyyyyyyyyyyyyyyyyyyyyyyyy;25100.50
J36;0;online;yyyyyyyyyyyyyyyyyyyyyyyyyyyyyyyyyyyyyyyyyyyyyyyyyyyyyyyyy;25100.75
J36;4;0;urru;25101.00
J36;4;0;urru;25101.25
J36;4;0;urru;25101.50
J36;4;0;urru;25101.75
J36;5;0;GrrG;25102.00
J36;5;0;GrrG;25102.25
J36;5;0;GrrG;25102.50
J36;5;0;GrrG;25102.75
J36;5;0;GrrG;25103.00
J36;5;0;GrrG;25103.25
J36;5;0;GrrG;25103.50
J36;5;0;GrrG;25103.75
J36;5;0;GrrG;25104.00
J36;5;0;GrrG;25104.25
J36;5;0;GrrG;25104.50
J36;5;0;GrrG;25104.75
J36;5;0;GrrG;25105.00
J36;5;0;GrrG;25105.25
J36;5;0;GrrG;25105.50
J36;5;0;GrrG;25105.75
J36;5;0;GrrG;25106.00
J36;5;0;GrrG;25106.25
J36;5;0;GrrG;25106.50
J36;5;0;GrrG;25106.75
J36;5;0;GrrG;25107.00
J36;5;0;GrrG;25107.25
J36;5;0;GrrG;25107.50
J36;5;0;GrrG;25107.75
J36;5;0;GrrG;25108.00
J36;5;0;GrrG;25108.25
J36;5;0;GrrG;25108.50
J36;5;0;GrrG;25108.75
J36;5;0;GrrG;25109.00
J36;5;0;GrrG;25109.25
J36;5;0;GrrG;25109.50
J36;5;0;GrrG;25109.75
J36;5;0;GrrG;25110.00
J36;5;0;GrrG;25110.25
J36;5;0;GrrG;25110.50
J36;5;0;GrrG;25110.75
J36;5;0;GrrG;25111.00
J36;5;0;GrrG;25111.25
J36;5;0;GrrG;25111.50
J36;5;0;GrrG;25111.75
J36;5;0;GrrG;25112.00
J36;5;0;GrrG;25112.25
J36;5;0;GrrG;25112.50
J36;5;0;GrrG;25112.75
J36;5;0;GrrG;25113.00
J36;5;0;GrrG;25113.25
J36;5;0;GrrG;25113.50
J36;5;0;GrrG;25113.75
J36;5;0;GrrG;25114.00
J36;5;0;GrrG;25114.25
J36;5;0;GrrG;25114.50
J36;5;0;GrrG;25114.75
J36;5;0;GrrG;25115.00
J36;5;0;GrrG;25115.25
J36;5;0;GrrG;25115.50
J36;5;0;GrrG;25115.75
J36;5;0;GrrG;25116.00
J36;5;0;GrrG;25116.25
J36;5;0;GrrG;25116.50
J36;5;0;GrrG;25116.75
J36;5;0;GrrG;25117.00
J36;5;0;GrrG;25117.25
J36;5;0;GrrG;25117.50
J36;5;0;GrrG;25117.75
J36;5;0;GrrG;25118.00
J36;5;0;GrrG;25118.25
J36;5;0;GrrG;25118.50
J36;5;0;GrrG;25118.75
J36;5;0;GrrG;25119.00
J36;5;0;GrrG;25119.25
J36;5;0;GrrG;25119.50
J36;5;0;GrrG;25119.75
J36;5;0;GrrG;25120.00
J36;5;0;GrrG;25120.25
J36;5;0;GrrG;25120.50
J36;5;0;GrrG;25120.75
J36;5;0;GrrG;25121.00
J36;5;0;GrrG;25121.25
J36;5;0;GrrG;25121.50
J36;5;0;GrrG;25121.75
J36;5;0;GrrG;25122.00
J36;5;0;GrrG;25122.25
J36;5;0;GrrG;25122.50
J36;5;0;GrrG;25122.75
J36;5;0;GrrG;25123.00
J36;5;0;GrrG;25123.25
J36;5;0;GrrG;25123.50
J36;5;0;GrrG;25123.75
J36;5;0;GrrG;25124.00
J36;5;0;GrrG;25124.25
J36;5;0;GrrG;25124.50
J36;5;0;GrrG;25124.75
J36;5;0;GrrG;25125.00
J36;5;0;GrrG;25125.25
J36;5;0;GrrG;25125.50
J36;5;0;GrrG;25125.75
J36;5;0;GrrG;25126.00
J36;5;0;GrrG;25126.25
J36;5;0;GrrG;25126.50
J36;5;0;GrrG;25126.75
J36;6;0;yrry;25127.00
J36;6;0;yrry;25127.25
J36;6;0;yrry;25127.50
J36;6;0;yrry;25127.75
J36;6;0;yrry;25128.00
J36;6;0;yrry;25128.25
J36;6;0;yrry;25128.50
J36;6;0;yrry;25128.75
J36;6;0;yrry;25129.00
J36;6;0;yrry;25129.25
J36;6;0;yrry;25129.50
J36;6;0;yrry;25129.75
J36;7;0;rrrr;25130.00
J36;7;0;rrrr;25130.25
J36;7;0;rrrr;25130.50
J36;7;0;rrrr;25130.75
J36;0;0;ruur;25131.00
J36;0;0;ruur;25131.25
J36;0;0;ruur;25131.50
J36;0;0;ruur;25131.75
J36;1;0;rGGr;25132.00
J36;1;0;rGGr;25132.25
J36;1;0;rGGr;25132.50
J36;1;0;rGGr;25132.75
J36;1;0;rGGr;25133.00
J36;1;0;rGGr;25133.25
J36;1;0;rGGr;25133.50
J36;1;0;rGGr;25133.75
J36;1;0;rGGr;25134.00
J36;1;0;rGGr;25134.25
J36;1;0;rGGr;25134.50
J36;1;0;rGGr;25134.75
J36;1;0;rGGr;25135.00
J36;1;0;rGGr;25135.25
J36;1;0;rGGr;25135.50
J36;1;0;rGGr;25135.75
J36;1;0;rGGr;25136.00
J36;1;0;rGGr;25136.25
J36;1;0;rGGr;25136.50
J36;1;0;rGGr;25136.75
J36;1;0;rGGr;25137.00
J36;1;0;rGGr;25137.25
J36;1;0;rGGr;25137.50
J36;1;0;rGGr;25137.75
J36;1;0;rGGr;25138.00
J36;1;0;rGGr;25138.25
J36;1;0;rGGr;25138.50
J36;1;0;rGGr;25138.75
J36;1;0;rGGr;25139.00
J36;1;0;rGGr;25139.25
J36;1;0;rGGr;25139.50
J36;1;0;rGGr;25139.75
J36;1;0;rGGr;25140.00
J36;1;0;rGGr;25140.25
J36;1;0;rGGr;25140.50
J36;1;0;rGGr;25140.75
J36;1;0;rGGr;25141.00
J36;1;0;rGGr;25141.25
J36;1;0;rGGr;25141.50
J36;1;0;rGGr;25141.75
J36;1;0;rGGr;25142.00
J36;1;0;rGGr;25142.25
J36;1;0;rGGr;25142.50
J36;1;0;rGGr;25142.75
J36;1;0;rGGr;25143.00
J36;1;0;rGGr;25143.25
J36;1;0;rGGr;25143.50
J36;1;0;rGGr;25143.75
J36;1;0;rGGr;25144.00
J36;1;0;rGGr;25144.25
J36;1;0;rGGr;25144.50
J36;1;0;rGGr;25144.75
J36;1;0;rGGr;25145.00
J36;1;0;rGGr;25145.25
J36;1;0;rGGr;25145.50
J36;1;0;rGGr;25145.75
J36;1;0;rGGr;25146.00
J36;1;0;rGGr;25146.25
J36;1;0;rGGr;25146.50
J36;1;0;rGGr;25146.75
J36;1;0;rGGr;25147.00
J36;1;0;rGGr;25147.25
J36;1;0;rGGr;25147.50
J36;1;0;rGGr;25147.75
J36;1;0;rGGr;25148.00
J36;1;0;rGGr;25148.25
J36;1;0;rGGr;25148.50
J36;1;0;rGGr;25148.75
J36;1;0;rGGr;25149.00
J36;1;0;rGGr;25149.25
J36;1;0;rGGr;25149.50
J36;1;0;rGGr;25149.75
J36;1;0;rGGr;25150.00
J36;1;0;rGGr;25150.25
J36;1;0;rGGr;25150.50
J36;1;0;rGGr;25150.75
J36;1;0;rGGr;25151.00
J36;1;0;rGGr;25151.25
J36;1;0;rGGr;25151.50
J36;1;0;rGGr;25151.75
J36;1;0;rGGr;25152.00
J36;1;0;rGGr;25152.25
J36;1;0;rGGr;25152.50
J36;1;0;rGGr;25152.75
J36;1;0;rGGr;25153.00
J36;1;0;rGGr;25153.25
J36;1;0;rGGr;25153.50
J36;1;0;rGGr;25153.75
J36;1;0;rGGr;25154.00
J36;1;0;rGGr;25154.25
J36;1;0;rGGr;25154.50
J36;1;0;rGGr;25154.75
J36;1;0;rGGr;25155.00
J36;1;0;rGGr;25155.25
J36;1;0;rGGr;25155.50
J36;1;0;rGGr;25155.75
J36;1;0;rGGr;25156.00
J36;1;0;rGGr;25156.25
J36;1;0;rGGr;25156.50
J36;1;0;rGGr;25156.75
J36;1;0;rGGr;25157.00
J36;1;0;rGGr;25157.25
J36;1;0;rGGr;25157.50
J36;1;0;rGGr;25157.75
J36;1;0;rGGr;25158.00
J36;1;0;rGGr;25158.25
J36;1;0;rGGr;25158.50
J36;1;0;rGGr;25158.75
J36;1;0;rGGr;25159.00
J36;2;0;ryyr;25159.25
J36;2;0;ryyr;25159.50
J36;2;0;ryyr;25159.75
J36;2;0;ryyr;25160.00
J36;2;0;ryyr;25160.25
J36;2;0;ryyr;25160.50
J36;2;0;ryyr;25160.75
J36;2;0;ryyr;25161.00
J36;2;0;ryyr;25161.25
J36;2;0;ryyr;25161.50
J36;2;0;ryyr;25161.75
J36;2;0;ryyr;25162.00
J36;3;0;rrrr;25162.25
J36;3;0;rrrr;25162.50
J36;3;0;rrrr;25162.75
J36;3;0;rrrr;25163.00
J36;4;0;urru;25163.25
J36;4;0;urru;25163.50
J36;4;0;urru;25163.75
J36;4;0;urru;25164.00
J36;5;0;GrrG;25164.25
J36;5;0;GrrG;25164.50
J36;5;0;GrrG;25164.75
J36;5;0;GrrG;25165.00
J36;5;0;GrrG;25165.25
J36;5;0;GrrG;25165.50
J36;5;0;GrrG;25165.75
J36;5;0;GrrG;25166.00
J36;5;0;GrrG;25166.25
J36;5;0;GrrG;25166.50
J36;5;0;GrrG;25166.75
J36;5;0;GrrG;25167.00
J36;5;0;GrrG;25167.25
J36;5;0;GrrG;25167.50
J36;5;0;GrrG;25167.75
J36;5;0;GrrG;25168.00
J36;5;0;GrrG;25168.25
J36;5;0;GrrG;25168.50
J36;5;0;GrrG;25168.75
J36;5;0;GrrG;25169.00
J36;5;0;GrrG;25169.25
J36;5;0;GrrG;25169.50
J36;5;0;GrrG;25169.75
J36;5;0;GrrG;25170.00
J36;5;0;GrrG;25170.25
J36;5;0;GrrG;25170.50
J36;5;0;GrrG;25170.75
J36;5;0;GrrG;25171.00
J36;5;0;GrrG;25171.25
J36;5;0;GrrG;25171.50
J36;5;0;GrrG;25171.75
J36;5;0;GrrG;25172.00
J36;5;0;GrrG;25172.25
J36;5;0;GrrG;25172.50
J36;5;0;GrrG;25172.75
J36;5;0;GrrG;25173.00
J36;5;0;GrrG;25173.25
J36;5;0;GrrG;25173.50
J36;5;0;GrrG;25173.75
J36;5;0;GrrG;25174.00
J36;5;0;GrrG;25174.25
J36;5;0;GrrG;25174.50
J36;5;0;GrrG;25174.75
J36;5;0;GrrG;25175.00
J36;5;0;GrrG;25175.25
J36;5;0;GrrG;25175.50
J36;5;0;GrrG;25175.75
J36;5;0;GrrG;25176.00
J36;5;0;GrrG;25176.25
J36;5;0;GrrG;25176.50
J36;5;0;GrrG;25176.75
J36;5;0;GrrG;25177.00
J36;5;0;GrrG;25177.25
J36;5;0;GrrG;25177.50
J36;5;0;GrrG;25177.75
J36;5;0;GrrG;25178.00
J36;5;0;GrrG;25178.25
J36;5;0;GrrG;25178.50
J36;5;0;GrrG;25178.75
J36;5;0;GrrG;25179.00
J36;5;0;GrrG;25179.25
J36;5;0;GrrG;25179.50
J36;5;0;GrrG;25179.75
J36;5;0;GrrG;25180.00
J36;5;0;GrrG;25180.25
J36;5;0;GrrG;25180.50
J36;5;0;GrrG;25180.75
J36;5;0;GrrG;25181.00
J36;5;0;GrrG;25181.25
J36;5;0;GrrG;25181.50
J36;5;0;GrrG;25181.75
J36;5;0;GrrG;25182.00
J36;5;0;GrrG;25182.25
J36;5;0;GrrG;25182.50
J36;5;0;GrrG;25182.75
J36;5;0;GrrG;25183.00
J36;5;0;GrrG;25183.25
J36;5;0;GrrG;25183.50
J36;5;0;GrrG;25183.75
J36;5;0;GrrG;25184.00
J36;5;0;GrrG;25184.25
J36;5;0;GrrG;25184.50
J36;5;0;GrrG;25184.75
J36;5;0;GrrG;25185.00
J36;5;0;GrrG;25185.25
J36;5;0;GrrG;25185.50
J36;5;0;GrrG;25185.75
J36;5;0;GrrG;25186.00
J36;5;0;GrrG;25186.25
J36;5;0;GrrG;25186.50
J36;5;0;GrrG;25186.75
J36;5;0;GrrG;25187.00
J36;5;0;GrrG;25187.25
J36;5;0;GrrG;25187.50
J36;5;0;GrrG;25187.75
J36;5;0;GrrG;25188.00
J36;5;0;GrrG;25188.25
J36;5;0;GrrG;25188.50
J36;5;0;GrrG;25188.75
J36;5;0;GrrG;25189.00
J36;6;0;yrry;25189.25
J36;6;0;yrry;25189.50
J36;6;0;yrry;25189.75
J36;6;0;yrry;25190.00
J36;6;0;yrry;25190.25
J36;6;0;yrry;25190.50
J36;6;0;yrry;25190.75
J36;6;0;yrry;25191.00
J36;6;0;yrry;25191.25
J36;6;0;yrry;25191.50
J36;6;0;yrry;25191.75
J36;6;0;yrry;25192.00
J36;7;0;rrrr;25192.25
J36;7;0;rrrr;25192.50
J36;7;0;rrrr;25192.75
J36;7;0;rrrr;25193.00
J36;0;0;ruur;25193.25
J36;0;0;ruur;25193.50
J36;0;0;ruur;25193.75
J36;0;0;ruur;25194.00
J36;1;0;rGGr;25194.25
J36;1;0;rGGr;25194.50
J36;1;0;rGGr;25194.75
J36;1;0;rGGr;25195.00
J36;1;0;rGGr;25195.25
J36;1;0;rGGr;25195.50
J36;1;0;rGGr;25195.75
J36;1;0;rGGr;25196.00
J36;1;0;rGGr;25196.25
J36;1;0;rGGr;25196.50
J36;1;0;rGGr;25196.75
J36;1;0;rGGr;25197.00
J36;1;0;rGGr;25197.25
J36;1;0;rGGr;25197.50
J36;1;0;rGGr;25197.75
J36;1;0;rGGr;25198.00
J36;1;0;rGGr;25198.25
J36;1;0;rGGr;25198.50
J36;1;0;rGGr;25198.75
J36;1;0;rGGr;25199.00
J36;1;0;rGGr;25199.25
J36;1;0;rGGr;25199.50
J36;1;0;rGGr;25199.75
J36;1;0;rGGr;25200.00
J36;1;0;rGGr;25200.25
J36;1;0;rGGr;25200.50
J36;1;0;rGGr;25200.75
J36;1;0;rGGr;25201.00
J36;1;0;rGGr;25201.25
J36;1;0;rGGr;25201.50
J36;1;0;rGGr;25201.75
J36;1;0;rGGr;25202.00
J36;1;0;rGGr;25202.25
J36;1;0;rGGr;25202.50
J36;1;0;rGGr;25202.75
J36;1;0;rGGr;25203.00
J36;1;0;rGGr;25203.25
J36;1;0;rGGr;25203.50
J36;1;0;rGGr;25203.75
J36;1;0;rGGr;25204.00
J36;1;0;rGGr;25204.25
J36;1;0;rGGr;25204.50
J36;1;0;rGGr;25204.75
J36;1;0;rGGr;25205.00
J36;1;0;rGGr;25205.25
J36;1;0;rGGr;25205.50
J36;1;0;rGGr;25205.75
J36;1;0;rGGr;25206.00
J36;1;0;rGGr;25206.25
J36;1;0;rGGr;25206.50
J36;1;0;rGGr;25206.75
J36;1;0;rGGr;25207.00
J36;1;0;rGGr;25207.25
J36;1;0;rGGr;25207.50
J36;1;0;rGGr;25207.75
J36;1;0;rGGr;25208.00
J36;1;0;rGGr;25208.25
J36;1;0;rGGr;25208.50
J36;1;0;rGGr;25208.75
J36;1;0;rGGr;25209.00
J36;1;0;rGGr;25209.25
J36;1;0;rGGr;25209.50
J36;1;0;rGGr;25209.75
J36;1;0;rGGr;25210.00
J36;1;0;rGGr;25210.25
J36;1;0;rGGr;25210.50
J36;1;0;rGGr;25210.75
J36;1;0;rGGr;25211.00
J36;1;0;rGGr;25211.25
J36;1;0;rGGr;25211.50
J36;1;0;rGGr;25211.75
J36;1;0;rGGr;25212.00
J36;1;0;rGGr;25212.25
J36;1;0;rGGr;25212.50
J36;1;0;rGGr;25212.75
J36;1;0;rGGr;25213.00
J36;1;0;rGGr;25213.25
J36;1;0;rGGr;25213.50
J36;1;0;rGGr;25213.75
J36;1;0;rGGr;25214.00
J36;1;0;rGGr;25214.25
J36;1;0;rGGr;25214.50
J36;1;0;rGGr;25214.75
J36;1;0;rGGr;25215.00
J36;1;0;rGGr;25215.25
J36;1;0;rGGr;25215.50
J36;1;0;rGGr;25215.75
J36;1;0;rGGr;25216.00
J36;1;0;rGGr;25216.25
J36;1;0;rGGr;25216.50
J36;1;0;rGGr;25216.75
J36;1;0;rGGr;25217.00
J36;1;0;rGGr;25217.25
J36;1;0;rGGr;25217.50
J36;1;0;rGGr;25217.75
J36;1;0;rGGr;25218.00
J36;1;0;rGGr;25218.25
J36;1;0;rGGr;25218.50
J36;1;0;rGGr;25218.75
J36;1;0;rGGr;25219.00
J36;2;0;ryyr;25219.25
J36;2;0;ryyr;25219.50
J36;2;0;ryyr;25219.75
J36;2;0;ryyr;25220.00
J36;2;0;ryyr;25220.25
J36;2;0;ryyr;25220.50
J36;2;0;ryyr;25220.75
J36;2;0;ryyr;25221.00
J36;2;0;ryyr;25221.25
J36;2;0;ryyr;25221.50
J36;2;0;ryyr;25221.75
J36;2;0;ryyr;25222.00
J36;3;0;rrrr;25222.25
J36;3;0;rrrr;25222.50
J36;3;0;rrrr;25222.75
J36;3;0;rrrr;25223.00
J36;4;0;urru;25223.25
J36;4;0;urru;25223.50
J36;4;0;urru;25223.75
J36;4;0;urru;25224.00
J36;5;0;GrrG;25224.25
J36;5;0;GrrG;25224.50
J36;5;0;GrrG;25224.75
J36;5;0;GrrG;25225.00
J36;5;0;GrrG;25225.25
J36;5;0;GrrG;25225.50
J36;5;0;GrrG;25225.75
J36;5;0;GrrG;25226.00
J36;5;0;GrrG;25226.25
J36;5;0;GrrG;25226.50
J36;5;0;GrrG;25226.75
J36;5;0;GrrG;25227.00
J36;5;0;GrrG;25227.25
J36;5;0;GrrG;25227.50
J36;5;0;GrrG;25227.75
J36;5;0;GrrG;25228.00
J36;5;0;GrrG;25228.25
J36;5;0;GrrG;25228.50
J36;5;0;GrrG;25228.75
J36;5;0;GrrG;25229.00
J36;5;0;GrrG;25229.25
J36;5;0;GrrG;25229.50
J36;5;0;GrrG;25229.75
J36;5;0;GrrG;25230.00
J36;5;0;GrrG;25230.25
J36;5;0;GrrG;25230.50
J36;5;0;GrrG;25230.75
J36;5;0;GrrG;25231.00
J36;5;0;GrrG;25231.25
J36;5;0;GrrG;25231.50
J36;5;0;GrrG;25231.75
J36;5;0;GrrG;25232.00
J36;5;0;GrrG;25232.25
J36;5;0;GrrG;25232.50
J36;5;0;GrrG;25232.75
J36;5;0;GrrG;25233.00
J36;5;0;GrrG;25233.25
J36;5;0;GrrG;25233.50
J36;5;0;GrrG;25233.75
J36;5;0;GrrG;25234.00
J36;5;0;GrrG;25234.25
J36;5;0;GrrG;25234.50
J36;5;0;GrrG;25234.75
J36;5;0;GrrG;25235.00
J36;5;0;GrrG;25235.25
J36;5;0;GrrG;25235.50
J36;5;0;GrrG;25235.75
J36;5;0;GrrG;25236.00
J36;5;0;GrrG;25236.25
J36;5;0;GrrG;25236.50
J36;5;0;GrrG;25236.75
J36;5;0;GrrG;25237.00
J36;5;0;GrrG;25237.25
J36;5;0;GrrG;25237.50
J36;5;0;GrrG;25237.75
J36;5;0;GrrG;25238.00
J36;5;0;GrrG;25238.25
J36;5;0;GrrG;25238.50
J36;5;0;GrrG;25238.75
J36;5;0;GrrG;25239.00
J36;5;0;GrrG;25239.25
J36;5;0;GrrG;25239.50
J36;5;0;GrrG;25239.75
J36;5;0;GrrG;25240.00
J36;5;0;GrrG;25240.25
J36;5;0;GrrG;25240.50
J36;5;0;GrrG;25240.75
J36;5;0;GrrG;25241.00
J36;5;0;GrrG;25241.25
J36;5;0;GrrG;25241.50
J36;5;0;GrrG;25241.75
J36;5;0;GrrG;25242.00
J36;5;0;GrrG;25242.25
J36;5;0;GrrG;25242.50
J36;5;0;GrrG;25242.75
J36;5;0;GrrG;25243.00
J36;5;0;GrrG;25243.25
J36;5;0;GrrG;25243.50
J36;5;0;GrrG;25243.75
J36;5;0;GrrG;25244.00
J36;5;0;GrrG;25244.25
J36;5;0;GrrG;25244.50
J36;5;0;GrrG;25244.75
J36;5;0;GrrG;25245.00
J36;5;0;GrrG;25245.25
J36;5;0;GrrG;25245.50
J36;5;0;GrrG;25245.75
J36;5;0;GrrG;25246.00
J36;5;0;GrrG;25246.25
J36;5;0;GrrG;25246.50
J36;5;0;GrrG;25246.75
J36;5;0;GrrG;25247.00
J36;5;0;GrrG;25247.25
J36;5;0;GrrG;25247.50
J36;5;0;GrrG;25247.75
J36;5;0;GrrG;25248.00
J36;5;0;GrrG;25248.25
J36;5;0;GrrG;25248.50
J36;5;0;GrrG;25248.75
J36;5;0;GrrG;25249.00
J36;6;0;yrry;25249.25
J36;6;0;yrry;25249.50
J36;6;0;yrry;25249.75
J36;6;0;yrry;25250.00
J36;6;0;yrry;25250.25
J36;6;0;yrry;25250.50
J36;6;0;yrry;25250.75
J36;6;0;yrry;25251.00
J36;6;0;yrry;25251.25
J36;6;0;yrry;25251.50
J36;6;0;yrry;25251.75
J36;6;0;yrry;25252.00
J36;7;0;rrrr;25252.25
J36;7;0;rrrr;25252.50
J36;7;0;rrrr;25252.75
J36;7;0;rrrr;25253.00
J36;0;0;ruur;25253.25
J36;0;0;ruur;25253.50
J36;0;0;ruur;25253.75
J36;0;0;ruur;25254.00
J36;1;0;rGGr;25254.25
J36;1;0;rGGr;25254.50
J36;1;0;rGGr;25254.75
J36;1;0;rGGr;25255.00
J36;1;0;rGGr;25255.25
J36;1;0;rGGr;25255.50
J36;1;0;rGGr;25255.75
J36;1;0;rGGr;25256.00
J36;1;0;rGGr;25256.25
J36;1;0;rGGr;25256.50
J36;1;0;rGGr;25256.75
J36;1;0;rGGr;25257.00
J36;1;0;rGGr;25257.25
J36;1;0;rGGr;25257.50
J36;1;0;rGGr;25257.75
J36;1;0;rGGr;25258.00
J36;1;0;rGGr;25258.25
J36;1;0;rGGr;25258.50
J36;1;0;rGGr;25258.75
J36;1;0;rGGr;25259.00
J36;1;0;rGGr;25259.25
J36;1;0;rGGr;25259.50
J36;1;0;rGGr;25259.75
J36;1;0;rGGr;25260.00
J36;1;0;rGGr;25260.25
J36;1;0;rGGr;25260.50
J36;1;0;rGGr;25260.75
J36;1;0;rGGr;25261.00
J36;1;0;rGGr;25261.25
J36;1;0;rGGr;25261.50
J36;1;0;rGGr;25261.75
J36;1;0;rGGr;25262.00
J36;1;0;rGGr;25262.25
J36;1;0;rGGr;25262.50
J36;1;0;rGGr;25262.75
J36;1;0;rGGr;25263.00
J36;1;0;rGGr;25263.25
J36;1;0;rGGr;25263.50
J36;1;0;rGGr;25263.75
J36;1;0;rGGr;25264.00
J36;1;0;rGGr;25264.25
J36;1;0;rGGr;25264.50
J36;1;0;rGGr;25264.75
J36;1;0;rGGr;25265.00
J36;1;0;rGGr;25265.25
J36;1;0;rGGr;25265.50
J36;1;0;rGGr;25265.75
J36;1;0;rGGr;25266.00
J36;1;0;rGGr;25266.25
J36;1;0;rGGr;25266.50
J36;1;0;rGGr;25266.75
J36;1;0;rGGr;25267.00
J36;1;0;rGGr;25267.25
J36;1;0;rGGr;25267.50
J36;1;0;rGGr;25267.75
J36;1;0;rGGr;25268.00
J36;1;0;rGGr;25268.25
J36;1;0;rGGr;25268.50
J36;1;0;rGGr;25268.75
J36;1;0;rGGr;25269.00
J36;1;0;rGGr;25269.25
J36;1;0;rGGr;25269.50
J36;1;0;rGGr;25269.75
J36;1;0;rGGr;25270.00
J36;1;0;rGGr;25270.25
J36;1;0;rGGr;25270.50
J36;1;0;rGGr;25270.75
J36;1;0;rGGr;25271.00
J36;1;0;rGGr;25271.25
J36;1;0;rGGr;25271.50
J36;1;0;rGGr;25271.75
J36;1;0;rGGr;25272.00
J36;1;0;rGGr;25272.25
J36;1;0;rGGr;25272.50
J36;1;0;rGGr;25272.75
J36;1;0;rGGr;25273.00
J36;1;0;rGGr;25273.25
J36;1;0;rGGr;25273.50
J36;1;0;rGGr;25273.75
J36;1;0;rGGr;25274.00
J36;1;0;rGGr;25274.25
J36;1;0;rGGr;25274.50
J36;1;0;rGGr;25274.75
J36;1;0;rGGr;25275.00
J36;1;0;rGGr;25275.25
J36;1;0;rGGr;25275.50
J36;1;0;rGGr;25275.75
J36;1;0;rGGr;25276.00
J36;1;0;rGGr;25276.25
J36;1;0;rGGr;25276.50
J36;1;0;rGGr;25276.75
J36;1;0;rGGr;25277.00
J36;1;0;rGGr;25277.25
J36;1;0;rGGr;25277.50
J36;1;0;rGGr;25277.75
J36;1;0;rGGr;25278.00
J36;1;0;rGGr;25278.25
J36;1;0;rGGr;25278.50
J36;1;0;rGGr;25278.75
J36;1;0;rGGr;25279.00
J36;2;0;ryyr;25279.25
J36;2;0;ryyr;25279.50
J36;2;0;ryyr;25279.75
J36;2;0;ryyr;25280.00
J36;2;0;ryyr;25280.25
J36;2;0;ryyr;25280.50
J36;2;0;ryyr;25280.75
J36;2;0;ryyr;25281.00
J36;2;0;ryyr;25281.25
J36;2;0;ryyr;25281.50
J36;2;0;ryyr;25281.75
J36;2;0;ryyr;25282.00
J36;3;0;rrrr;25282.25
J36;3;0;rrrr;25282.50
J36;3;0;rrrr;25282.75
J36;3;0;rrrr;25283.00
J36;4;0;urru;25283.25
J36;4;0;urru;25283.50
J36;4;0;urru;25283.75
J36;4;0;urru;25284.00
J36;5;0;GrrG;25284.25
J36;5;0;GrrG;25284.50
J36;5;0;GrrG;25284.75
J36;5;0;GrrG;25285.00
J36;5;0;GrrG;25285.25
J36;5;0;GrrG;25285.50
J36;5;0;GrrG;25285.75
J36;5;0;GrrG;25286.00
J36;5;0;GrrG;25286.25
J36;5;0;GrrG;25286.50
J36;5;0;GrrG;25286.75
J36;5;0;GrrG;25287.00
J36;5;0;GrrG;25287.25
J36;5;0;GrrG;25287.50
J36;5;0;GrrG;25287.75
J36;5;0;GrrG;25288.00
J36;5;0;GrrG;25288.25
J36;5;0;GrrG;25288.50
J36;5;0;GrrG;25288.75
J36;5;0;GrrG;25289.00
J36;5;0;GrrG;25289.25
J36;5;0;GrrG;25289.50
J36;5;0;GrrG;25289.75
J36;5;0;GrrG;25290.00
J36;5;0;GrrG;25290.25
J36;5;0;GrrG;25290.50
J36;5;0;GrrG;25290.75
J36;5;0;GrrG;25291.00
J36;5;0;GrrG;25291.25
J36;5;0;GrrG;25291.50
J36;5;0;GrrG;25291.75
J36;5;0;GrrG;25292.00
J36;5;0;GrrG;25292.25
J36;5;0;GrrG;25292.50
J36;5;0;GrrG;25292.75
J36;5;0;GrrG;25293.00
J36;5;0;GrrG;25293.25
J36;5;0;GrrG;25293.50
J36;5;0;GrrG;25293.75
J36;5;0;GrrG;25294.00
J36;5;0;GrrG;25294.25
J36;5;0;GrrG;25294.50
J36;5;0;GrrG;25294.75
J36;5;0;GrrG;25295.00
J36;5;0;GrrG;25295.25
J36;5;0;GrrG;25295.50
J36;5;0;GrrG;25295.75
J36;5;0;GrrG;25296.00
J36;5;0;GrrG;25296.25
J36;5;0;GrrG;25296.50
J36;5;0;GrrG;25296.75
J36;5;0;GrrG;25297.00
J36;5;0;GrrG;25297.25
J36;5;0;GrrG;25297.50
J36;5;0;GrrG;25297.75
J36;5;0;GrrG;25298.00
J36;5;0;GrrG;25298.25
J36;5;0;GrrG;25298.50
J36;5;0;GrrG;25298.75
J36;5;0;GrrG;25299.00
J36;5;0;GrrG;25299.25
J36;5;0;GrrG;25299.50
J36;5;0;GrrG;25299.75
J36;5;0;GrrG;25300.00
J36;5;0;GrrG;25300.25
J36;5;0;GrrG;25300.50
J36;5;0;GrrG;25300.75
J36;5;0;GrrG;25301.00
J36;5;0;GrrG;25301.25
J36;5;0;GrrG;25301.50
J36;5;0;GrrG;25301.75
J36;5;0;GrrG;25302.00
J36;5;0;GrrG;25302.25
J36;5;0;GrrG;25302.50
J36;5;0;GrrG;25302.75
J36;5;0;GrrG;25303.00
J36;5;0;GrrG;25303.25
J36;5;0;GrrG;25303.50
J36;5;0;GrrG;25303.75
J36;5;0;GrrG;25304.00
J36;5;0;GrrG;25304.25
J36;5;0;GrrG;25304.50
J36;5;0;GrrG;25304.75
J36;5;0;GrrG;25305.00
J36;5;0;GrrG;25305.25
J36;5;0;GrrG;25305.50
J36;5;0;GrrG;25305.75
J36;5;0;GrrG;25306.00
J36;5;0;GrrG;25306.25
J36;5;0;GrrG;25306.50
J36;5;0;GrrG;25306.75
J36;5;0;GrrG;25307.00
J36;5;0;GrrG;25307.25
J36;5;0;GrrG;25307.50
J36;5;0;GrrG;25307.75
J36;5;0;GrrG;25308.00
J36;5;0;GrrG;25308.25
J36;5;0;GrrG;25308.50
J36;5;0;GrrG;25308.75
J36;5;0;GrrG;25309.00
J36;6;0;yrry;25309.25
J36;6;0;yrry;25309.50
J36;6;0;yrry;25309.75
J36;6;0;yrry;25310.00
J36;6;0;yrry;25310.25
J36;6;0;yrry;25310.50
J36;6;0;yrry;25310.75
J36;6;0;yrry;25311.00
J36;6;0;yrry;25311.25
J36;6;0;yrry;25311.50
J36;6;0;yrry;25311.75
J36;6;0;yrry;25312.00
J36;7;0;rrrr;25312.25
J36;7;0;rrrr;25312.50
J36;7;0;rrrr;25312.75
J36;7;0;rrrr;25313.00
J36;0;0;ruur;25313.25
J36;0;0;ruur;25313.50
J36;0;0;ruur;25313.75
J36;0;0;ruur;25314.00
J36;1;0;rGGr;25314.25
J36;1;0;rGGr;25314.50
J36;1;0;rGGr;25314.75
J36;1;0;rGGr;25315.00
J36;1;0;rGGr;25315.25
J36;1;0;rGGr;25315.50
J36;1;0;rGGr;25315.75
J36;1;0;rGGr;25316.00
J36;1;0;rGGr;25316.25
J36;1;0;rGGr;25316.50
J36;1;0;rGGr;25316.75
J36;1;0;rGGr;25317.00
J36;1;0;rGGr;25317.25
J36;1;0;rGGr;25317.50
J36;1;0;rGGr;25317.75
J36;1;0;rGGr;25318.00
J36;1;0;rGGr;25318.25
J36;1;0;rGGr;25318.50
J36;1;0;rGGr;25318.75
J36;1;0;rGGr;25319.00
J36;1;0;rGGr;25319.25
J36;1;0;rGGr;25319.50
J36;1;0;rGGr;25319.75
J36;1;0;rGGr;25320.00
J36;1;0;rGGr;25320.25
J36;1;0;rGGr;25320.50
J36;1;0;rGGr;25320.75
J36;1;0;rGGr;25321.00
J36;0;online;yyyyyyyyyyyyyyyyyyyyyyyyyyyyyyyyyyyyyyyyyyyyyyyyyyyyyyyyy;25321.25
J36;0;online;yyyyyyyyyyyyyyyyyyyyyyyyyyyyyyyyyyyyyyyyyyyyyyyyyyyyyyyyy;25321.50
J36;0;online;yyyyyyyyyyyyyyyyyyyyyyyyyyyyyyyyyyyyyyyyyyyyyyyyyyyyyyyyy;25321.75
J36;0;online;yyyyyyyyyyyyyyyyyyyyyyyyyyyyyyyyyyyyyyyyyyyyyyyyyyyyyyyyy;25322.00
J36;0;online;yyyyyyyyyyyyyyyyyyyyyyyyyyyyyyyyyyyyyyyyyyyyyyyyyyyyyyyyy;25322.25
J36;0;online;yyyyyyyyyyyyyyyyyyyyyyyyyyyyyyyyyyyyyyyyyyyyyyyyyyyyyyyyy;25322.50
J36;0;online;yyyyyyyyyyyyyyyyyyyyyyyyyyyyyyyyyyyyyyyyyyyyyyyyyyyyyyyyy;25322.75
J36;0;online;yyyyyyyyyyyyyyyyyyyyyyyyyyyyyyyyyyyyyyyyyyyyyyyyyyyyyyyyy;25323.00
J36;0;online;yyyyyyyyyyyyyyyyyyyyyyyyyyyyyyyyyyyyyyyyyyyyyyyyyyyyyyyyy;25323.25
J36;0;online;yyyyyyyyyyyyyyyyyyyyyyyyyyyyyyyyyyyyyyyyyyyyyyyyyyyyyyyyy;25323.50
J36;0;online;yyyyyyyyyyyyyyyyyyyyyyyyyyyyyyyyyyyyyyyyyyyyyyyyyyyyyyyyy;25323.75
J36;0;online;yyyyyyyyyyyyyyyyyyyyyyyyyyyyyyyyyyyyyyyyyyyyyyyyyyyyyyyyy;25324.00
J36;4;0;urru;25324.25
J36;4;0;urru;25324.50
J36;4;0;urru;25324.75
J36;4;0;urru;25325.00
J36;5;0;GrrG;25325.25
J36;5;0;GrrG;25325.50
J36;5;0;GrrG;25325.75
J36;5;0;GrrG;25326.00
J36;5;0;GrrG;25326.25
J36;5;0;GrrG;25326.50
J36;5;0;GrrG;25326.75
J36;5;0;GrrG;25327.00
J36;5;0;GrrG;25327.25
J36;5;0;GrrG;25327.50
J36;5;0;GrrG;25327.75
J36;5;0;GrrG;25328.00
J36;5;0;GrrG;25328.25
J36;5;0;GrrG;25328.50
J36;5;0;GrrG;25328.75
J36;5;0;GrrG;25329.00
J36;5;0;GrrG;25329.25
J36;5;0;GrrG;25329.50
J36;5;0;GrrG;25329.75
J36;5;0;GrrG;25330.00
J36;5;0;GrrG;25330.25
J36;5;0;GrrG;25330.50
J36;5;0;GrrG;25330.75
J36;5;0;GrrG;25331.00
J36;5;0;GrrG;25331.25
J36;5;0;GrrG;25331.50
J36;5;0;GrrG;25331.75
J36;5;0;GrrG;25332.00
J36;5;0;GrrG;25332.25
J36;5;0;GrrG;25332.50
J36;5;0;GrrG;25332.75
J36;5;0;GrrG;25333.00
J36;5;0;GrrG;25333.25
J36;5;0;GrrG;25333.50
J36;5;0;GrrG;25333.75
J36;5;0;GrrG;25334.00
J36;5;0;GrrG;25334.25
J36;5;0;GrrG;25334.50
J36;5;0;GrrG;25334.75
J36;5;0;GrrG;25335.00
J36;5;0;GrrG;25335.25
J36;5;0;GrrG;25335.50
J36;5;0;GrrG;25335.75
J36;5;0;GrrG;25336.00
J36;5;0;GrrG;25336.25
J36;5;0;GrrG;25336.50
J36;5;0;GrrG;25336.75
J36;5;0;GrrG;25337.00
J36;5;0;GrrG;25337.25
J36;5;0;GrrG;25337.50
J36;5;0;GrrG;25337.75
J36;5;0;GrrG;25338.00
J36;5;0;GrrG;25338.25
J36;5;0;GrrG;25338.50
J36;5;0;GrrG;25338.75
J36;5;0;GrrG;25339.00
J36;5;0;GrrG;25339.25
J36;5;0;GrrG;25339.50
J36;5;0;GrrG;25339.75
J36;5;0;GrrG;25340.00
J36;5;0;GrrG;25340.25
J36;5;0;GrrG;25340.50
J36;5;0;GrrG;25340.75
J36;5;0;GrrG;25341.00
J36;5;0;GrrG;25341.25
J36;5;0;GrrG;25341.50
J36;5;0;GrrG;25341.75
J36;5;0;GrrG;25342.00
J36;5;0;GrrG;25342.25
J36;5;0;GrrG;25342.50
J36;5;0;GrrG;25342.75
J36;5;0;GrrG;25343.00
J36;5;0;GrrG;25343.25
J36;5;0;GrrG;25343.50
J36;5;0;GrrG;25343.75
J36;5;0;GrrG;25344.00
J36;5;0;GrrG;25344.25
J36;5;0;GrrG;25344.50
J36;5;0;GrrG;25344.75
J36;5;0;GrrG;25345.00
J36;5;0;GrrG;25345.25
J36;5;0;GrrG;25345.50
J36;5;0;GrrG;25345.75
J36;5;0;GrrG;25346.00
J36;5;0;GrrG;25346.25
J36;5;0;GrrG;25346.50
J36;5;0;GrrG;25346.75
J36;5;0;GrrG;25347.00
J36;5;0;GrrG;25347.25
J36;5;0;GrrG;25347.50
J36;5;0;GrrG;25347.75
J36;5;0;GrrG;25348.00
J36;5;0;GrrG;25348.25
J36;5;0;GrrG;25348.50
J36;5;0;GrrG;25348.75
J36;5;0;GrrG;25349.00
J36;5;0;GrrG;25349.25
J36;5;0;GrrG;25349.50
J36;5;0;GrrG;25349.75
J36;5;0;GrrG;25350.00
J36;6;0;yrry;25350.25
J36;6;0;yrry;25350.50
J36;6;0;yrry;25350.75
J36;6;0;yrry;25351.00
J36;6;0;yrry;25351.25
J36;6;0;yrry;25351.50
J36;6;0;yrry;25351.75
J36;6;0;yrry;25352.00
J36;6;0;yrry;25352.25
J36;6;0;yrry;25352.50
J36;6;0;yrry;25352.75
J36;6;0;yrry;25353.00
J36;7;0;rrrr;25353.25
J36;7;0;rrrr;25353.50
J36;7;0;rrrr;25353.75
J36;7;0;rrrr;25354.00
J36;0;0;ruur;25354.25
J36;0;0;ruur;25354.50
J36;0;0;ruur;25354.75
J36;0;0;ruur;25355.00
J36;1;0;rGGr;25355.25
J36;1;0;rGGr;25355.50
J36;1;0;rGGr;25355.75
J36;1;0;rGGr;25356.00
J36;1;0;rGGr;25356.25
J36;1;0;rGGr;25356.50
J36;1;0;rGGr;25356.75
J36;1;0;rGGr;25357.00
J36;1;0;rGGr;25357.25
J36;1;0;rGGr;25357.50
J36;1;0;rGGr;25357.75
J36;1;0;rGGr;25358.00
J36;1;0;rGGr;25358.25
J36;1;0;rGGr;25358.50
J36;1;0;rGGr;25358.75
J36;1;0;rGGr;25359.00
J36;1;0;rGGr;25359.25
J36;1;0;rGGr;25359.50
J36;1;0;rGGr;25359.75
J36;1;0;rGGr;25360.00
J36;1;0;rGGr;25360.25
J36;1;0;rGGr;25360.50
J36;1;0;rGGr;25360.75
J36;1;0;rGGr;25361.00
J36;1;0;rGGr;25361.25
J36;1;0;rGGr;25361.50
J36;1;0;rGGr;25361.75
J36;1;0;rGGr;25362.00
J36;1;0;rGGr;25362.25
J36;1;0;rGGr;25362.50
J36;1;0;rGGr;25362.75
J36;1;0;rGGr;25363.00
J36;1;0;rGGr;25363.25
J36;1;0;rGGr;25363.50
J36;1;0;rGGr;25363.75
J36;1;0;rGGr;25364.00
J36;1;0;rGGr;25364.25
J36;1;0;rGGr;25364.50
J36;1;0;rGGr;25364.75
J36;1;0;rGGr;25365.00
J36;1;0;rGGr;25365.25
J36;1;0;rGGr;25365.50
J36;1;0;rGGr;25365.75
J36;1;0;rGGr;25366.00
J36;1;0;rGGr;25366.25
J36;1;0;rGGr;25366.50
J36;1;0;rGGr;25366.75
J36;1;0;rGGr;25367.00
J36;1;0;rGGr;25367.25
J36;1;0;rGGr;25367.50
J36;1;0;rGGr;25367.75
J36;0;online;yyyyyyyyyyyyyyyyyyyyyyyyyyyyyyyyyyyyyyyyyyyyyyyyyyyyyyyyy;25368.00
J36;0;online;yyyyyyyyyyyyyyyyyyyyyyyyyyyyyyyyyyyyyyyyyyyyyyyyyyyyyyyyy;25368.25
J36;0;online;yyyyyyyyyyyyyyyyyyyyyyyyyyyyyyyyyyyyyyyyyyyyyyyyyyyyyyyyy;25368.50
J36;0;online;yyyyyyyyyyyyyyyyyyyyyyyyyyyyyyyyyyyyyyyyyyyyyyyyyyyyyyyyy;25368.75
J36;0;online;yyyyyyyyyyyyyyyyyyyyyyyyyyyyyyyyyyyyyyyyyyyyyyyyyyyyyyyyy;25369.00
J36;0;online;yyyyyyyyyyyyyyyyyyyyyyyyyyyyyyyyyyyyyyyyyyyyyyyyyyyyyyyyy;25369.25
J36;0;online;yyyyyyyyyyyyyyyyyyyyyyyyyyyyyyyyyyyyyyyyyyyyyyyyyyyyyyyyy;25369.50
J36;0;online;yyyyyyyyyyyyyyyyyyyyyyyyyyyyyyyyyyyyyyyyyyyyyyyyyyyyyyyyy;25369.75
J36;0;online;yyyyyyyyyyyyyyyyyyyyyyyyyyyyyyyyyyyyyyyyyyyyyyyyyyyyyyyyy;25370.00
J36;0;online;yyyyyyyyyyyyyyyyyyyyyyyyyyyyyyyyyyyyyyyyyyyyyyyyyyyyyyyyy;25370.25
J36;0;online;yyyyyyyyyyyyyyyyyyyyyyyyyyyyyyyyyyyyyyyyyyyyyyyyyyyyyyyyy;25370.50
J36;0;online;yyyyyyyyyyyyyyyyyyyyyyyyyyyyyyyyyyyyyyyyyyyyyyyyyyyyyyyyy;25370.75
J36;4;0;urru;25371.00
J36;4;0;urru;25371.25
J36;4;0;urru;25371.50
J36;4;0;urru;25371.75
J36;5;0;GrrG;25372.00
J36;5;0;GrrG;25372.25
J36;5;0;GrrG;25372.50
J36;5;0;GrrG;25372.75
J36;5;0;GrrG;25373.00
J36;5;0;GrrG;25373.25
J36;5;0;GrrG;25373.50
J36;5;0;GrrG;25373.75
J36;5;0;GrrG;25374.00
J36;5;0;GrrG;25374.25
J36;5;0;GrrG;25374.50
J36;5;0;GrrG;25374.75
J36;5;0;GrrG;25375.00
J36;5;0;GrrG;25375.25
J36;5;0;GrrG;25375.50
J36;5;0;GrrG;25375.75
J36;5;0;GrrG;25376.00
J36;5;0;GrrG;25376.25
J36;5;0;GrrG;25376.50
J36;5;0;GrrG;25376.75
J36;5;0;GrrG;25377.00
J36;5;0;GrrG;25377.25
J36;5;0;GrrG;25377.50
J36;5;0;GrrG;25377.75
J36;5;0;GrrG;25378.00
J36;5;0;GrrG;25378.25
J36;5;0;GrrG;25378.50
J36;5;0;GrrG;25378.75
J36;5;0;GrrG;25379.00
J36;5;0;GrrG;25379.25
J36;5;0;GrrG;25379.50
J36;5;0;GrrG;25379.75
J36;5;0;GrrG;25380.00
J36;5;0;GrrG;25380.25
J36;5;0;GrrG;25380.50
J36;5;0;GrrG;25380.75
J36;5;0;GrrG;25381.00
J36;5;0;GrrG;25381.25
J36;5;0;GrrG;25381.50
J36;5;0;GrrG;25381.75
J36;5;0;GrrG;25382.00
J36;5;0;GrrG;25382.25
J36;5;0;GrrG;25382.50
J36;5;0;GrrG;25382.75
J36;5;0;GrrG;25383.00
J36;5;0;GrrG;25383.25
J36;5;0;GrrG;25383.50
J36;5;0;GrrG;25383.75
J36;5;0;GrrG;25384.00
J36;5;0;GrrG;25384.25
J36;5;0;GrrG;25384.50
J36;5;0;GrrG;25384.75
J36;5;0;GrrG;25385.00
J36;5;0;GrrG;25385.25
J36;5;0;GrrG;25385.50
J36;5;0;GrrG;25385.75
J36;5;0;GrrG;25386.00
J36;5;0;GrrG;25386.25
J36;5;0;GrrG;25386.50
J36;5;0;GrrG;25386.75
J36;5;0;GrrG;25387.00
J36;5;0;GrrG;25387.25
J36;5;0;GrrG;25387.50
J36;5;0;GrrG;25387.75
J36;5;0;GrrG;25388.00
J36;5;0;GrrG;25388.25
J36;5;0;GrrG;25388.50
J36;5;0;GrrG;25388.75
J36;5;0;GrrG;25389.00
J36;5;0;GrrG;25389.25
J36;5;0;GrrG;25389.50
J36;5;0;GrrG;25389.75
J36;5;0;GrrG;25390.00
J36;5;0;GrrG;25390.25
J36;5;0;GrrG;25390.50
J36;5;0;GrrG;25390.75
J36;5;0;GrrG;25391.00
J36;5;0;GrrG;25391.25
J36;5;0;GrrG;25391.50
J36;5;0;GrrG;25391.75
J36;5;0;GrrG;25392.00
J36;5;0;GrrG;25392.25
J36;5;0;GrrG;25392.50
J36;5;0;GrrG;25392.75
J36;5;0;GrrG;25393.00
J36;5;0;GrrG;25393.25
J36;5;0;GrrG;25393.50
J36;5;0;GrrG;25393.75
J36;5;0;GrrG;25394.00
J36;5;0;GrrG;25394.25
J36;5;0;GrrG;25394.50
J36;5;0;GrrG;25394.75
J36;5;0;GrrG;25395.00
J36;5;0;GrrG;25395.25
J36;5;0;GrrG;25395.50
J36;5;0;GrrG;25395.75
J36;5;0;GrrG;25396.00
J36;5;0;GrrG;25396.25
J36;5;0;GrrG;25396.50
J36;5;0;GrrG;25396.75
J36;6;0;yrry;25397.00
J36;6;0;yrry;25397.25
J36;6;0;yrry;25397.50
J36;6;0;yrry;25397.75
J36;6;0;yrry;25398.00
J36;6;0;yrry;25398.25
J36;6;0;yrry;25398.50
J36;6;0;yrry;25398.75
J36;6;0;yrry;25399.00
J36;6;0;yrry;25399.25
J36;6;0;yrry;25399.50
J36;6;0;yrry;25399.75
J36;7;0;rrrr;25400.00
J36;7;0;rrrr;25400.25
J36;7;0;rrrr;25400.50
J36;7;0;rrrr;25400.75
J36;0;0;ruur;25401.00
J36;0;0;ruur;25401.25
J36;0;0;ruur;25401.50
J36;0;0;ruur;25401.75
J36;1;0;rGGr;25402.00
J36;1;0;rGGr;25402.25
J36;1;0;rGGr;25402.50
J36;1;0;rGGr;25402.75
J36;1;0;rGGr;25403.00
J36;1;0;rGGr;25403.25
J36;1;0;rGGr;25403.50
J36;1;0;rGGr;25403.75
J36;1;0;rGGr;25404.00
J36;1;0;rGGr;25404.25
J36;1;0;rGGr;25404.50
J36;1;0;rGGr;25404.75
J36;1;0;rGGr;25405.00
J36;1;0;rGGr;25405.25
J36;1;0;rGGr;25405.50
J36;1;0;rGGr;25405.75
J36;1;0;rGGr;25406.00
J36;1;0;rGGr;25406.25
J36;1;0;rGGr;25406.50
J36;1;0;rGGr;25406.75
J36;1;0;rGGr;25407.00
J36;1;0;rGGr;25407.25
J36;1;0;rGGr;25407.50
J36;1;0;rGGr;25407.75
J36;1;0;rGGr;25408.00
J36;1;0;rGGr;25408.25
J36;1;0;rGGr;25408.50
J36;1;0;rGGr;25408.75
J36;1;0;rGGr;25409.00
J36;1;0;rGGr;25409.25
J36;1;0;rGGr;25409.50
J36;1;0;rGGr;25409.75
J36;1;0;rGGr;25410.00
J36;1;0;rGGr;25410.25
J36;1;0;rGGr;25410.50
J36;1;0;rGGr;25410.75
J36;1;0;rGGr;25411.00
J36;1;0;rGGr;25411.25
J36;1;0;rGGr;25411.50
J36;1;0;rGGr;25411.75
J36;1;0;rGGr;25412.00
J36;1;0;rGGr;25412.25
J36;1;0;rGGr;25412.50
J36;1;0;rGGr;25412.75
J36;1;0;rGGr;25413.00
J36;1;0;rGGr;25413.25
J36;1;0;rGGr;25413.50
J36;1;0;rGGr;25413.75
J36;1;0;rGGr;25414.00
J36;1;0;rGGr;25414.25
J36;1;0;rGGr;25414.50
J36;1;0;rGGr;25414.75
J36;1;0;rGGr;25415.00
J36;1;0;rGGr;25415.25
J36;1;0;rGGr;25415.50
J36;1;0;rGGr;25415.75
J36;1;0;rGGr;25416.00
J36;1;0;rGGr;25416.25
J36;1;0;rGGr;25416.50
J36;1;0;rGGr;25416.75
J36;1;0;rGGr;25417.00
J36;1;0;rGGr;25417.25
J36;1;0;rGGr;25417.50
J36;1;0;rGGr;25417.75
J36;1;0;rGGr;25418.00
J36;1;0;rGGr;25418.25
J36;1;0;rGGr;25418.50
J36;1;0;rGGr;25418.75
J36;1;0;rGGr;25419.00
J36;1;0;rGGr;25419.25
J36;1;0;rGGr;25419.50
J36;1;0;rGGr;25419.75
J36;1;0;rGGr;25420.00
J36;1;0;rGGr;25420.25
J36;1;0;rGGr;25420.50
J36;1;0;rGGr;25420.75
J36;1;0;rGGr;25421.00
J36;1;0;rGGr;25421.25
J36;1;0;rGGr;25421.50
J36;1;0;rGGr;25421.75
J36;1;0;rGGr;25422.00
J36;1;0;rGGr;25422.25
J36;1;0;rGGr;25422.50
J36;1;0;rGGr;25422.75
J36;1;0;rGGr;25423.00
J36;1;0;rGGr;25423.25
J36;1;0;rGGr;25423.50
J36;1;0;rGGr;25423.75
J36;1;0;rGGr;25424.00
J36;1;0;rGGr;25424.25
J36;1;0;rGGr;25424.50
J36;1;0;rGGr;25424.75
J36;1;0;rGGr;25425.00
J36;1;0;rGGr;25425.25
J36;1;0;rGGr;25425.50
J36;1;0;rGGr;25425.75
J36;1;0;rGGr;25426.00
J36;1;0;rGGr;25426.25
J36;1;0;rGGr;25426.50
J36;1;0;rGGr;25426.75
J36;1;0;rGGr;25427.00
J36;1;0;rGGr;25427.25
J36;1;0;rGGr;25427.50
J36;1;0;rGGr;25427.75
J36;1;0;rGGr;25428.00
J36;1;0;rGGr;25428.25
J36;1;0;rGGr;25428.50
J36;1;0;rGGr;25428.75
J36;1;0;rGGr;25429.00
J36;1;0;rGGr;25429.25
J36;1;0;rGGr;25429.50
J36;1;0;rGGr;25429.75
J36;1;0;rGGr;25430.00
J36;1;0;rGGr;25430.25
J36;1;0;rGGr;25430.50
J36;1;0;rGGr;25430.75
J36;1;0;rGGr;25431.00
J36;1;0;rGGr;25431.25
J36;1;0;rGGr;25431.50
J36;1;0;rGGr;25431.75
J36;1;0;rGGr;25432.00
J36;1;0;rGGr;25432.25
J36;1;0;rGGr;25432.50
J36;1;0;rGGr;25432.75
J36;1;0;rGGr;25433.00
J36;1;0;rGGr;25433.25
J36;1;0;rGGr;25433.50
J36;1;0;rGGr;25433.75
J36;1;0;rGGr;25434.00
J36;1;0;rGGr;25434.25
J36;1;0;rGGr;25434.50
J36;1;0;rGGr;25434.75
J36;1;0;rGGr;25435.00
J36;1;0;rGGr;25435.25
J36;1;0;rGGr;25435.50
J36;1;0;rGGr;25435.75
J36;1;0;rGGr;25436.00
J36;1;0;rGGr;25436.25
J36;1;0;rGGr;25436.50
J36;1;0;rGGr;25436.75
J36;1;0;rGGr;25437.00
J36;1;0;rGGr;25437.25
J36;1;0;rGGr;25437.50
J36;1;0;rGGr;25437.75
J36;1;0;rGGr;25438.00
J36;1;0;rGGr;25438.25
J36;1;0;rGGr;25438.50
J36;1;0;rGGr;25438.75
J36;1;0;rGGr;25439.00
J36;1;0;rGGr;25439.25
J36;1;0;rGGr;25439.50
J36;1;0;rGGr;25439.75
J36;1;0;rGGr;25440.00
J36;1;0;rGGr;25440.25
J36;1;0;rGGr;25440.50
J36;1;0;rGGr;25440.75
J36;1;0;rGGr;25441.00
J36;1;0;rGGr;25441.25
J36;1;0;rGGr;25441.50
J36;1;0;rGGr;25441.75
J36;1;0;rGGr;25442.00
J36;1;0;rGGr;25442.25
J36;1;0;rGGr;25442.50
J36;1;0;rGGr;25442.75
J36;1;0;rGGr;25443.00
J36;1;0;rGGr;25443.25
J36;1;0;rGGr;25443.50
J36;1;0;rGGr;25443.75
J36;1;0;rGGr;25444.00
J36;1;0;rGGr;25444.25
J36;1;0;rGGr;25444.50
J36;1;0;rGGr;25444.75
J36;1;0;rGGr;25445.00
J36;1;0;rGGr;25445.25
J36;1;0;rGGr;25445.50
J36;1;0;rGGr;25445.75
J36;1;0;rGGr;25446.00
J36;1;0;rGGr;25446.25
J36;1;0;rGGr;25446.50
J36;1;0;rGGr;25446.75
J36;1;0;rGGr;25447.00
J36;1;0;rGGr;25447.25
J36;1;0;rGGr;25447.50
J36;1;0;rGGr;25447.75
J36;1;0;rGGr;25448.00
J36;1;0;rGGr;25448.25
J36;1;0;rGGr;25448.50
J36;1;0;rGGr;25448.75
J36;1;0;rGGr;25449.00
J36;1;0;rGGr;25449.25
J36;1;0;rGGr;25449.50
J36;1;0;rGGr;25449.75
J36;1;0;rGGr;25450.00
J36;1;0;rGGr;25450.25
J36;1;0;rGGr;25450.50
J36;1;0;rGGr;25450.75
J36;1;0;rGGr;25451.00
J36;1;0;rGGr;25451.25
J36;1;0;rGGr;25451.50
J36;1;0;rGGr;25451.75
J36;1;0;rGGr;25452.00
J36;1;0;rGGr;25452.25
J36;1;0;rGGr;25452.50
J36;1;0;rGGr;25452.75
J36;1;0;rGGr;25453.00
J36;1;0;rGGr;25453.25
J36;1;0;rGGr;25453.50
J36;1;0;rGGr;25453.75
J36;1;0;rGGr;25454.00
J36;1;0;rGGr;25454.25
J36;1;0;rGGr;25454.50
J36;1;0;rGGr;25454.75
J36;1;0;rGGr;25455.00
J36;1;0;rGGr;25455.25
J36;1;0;rGGr;25455.50
J36;1;0;rGGr;25455.75
J36;1;0;rGGr;25456.00
J36;1;0;rGGr;25456.25
J36;1;0;rGGr;25456.50
J36;1;0;rGGr;25456.75
J36;1;0;rGGr;25457.00
J36;1;0;rGGr;25457.25
J36;1;0;rGGr;25457.50
J36;2;0;ryyr;25457.75
J36;2;0;ryyr;25458.00
J36;2;0;ryyr;25458.25
J36;2;0;ryyr;25458.50
J36;2;0;ryyr;25458.75
J36;2;0;ryyr;25459.00
J36;2;0;ryyr;25459.25
J36;2;0;ryyr;25459.50
J36;2;0;ryyr;25459.75
J36;2;0;ryyr;25460.00
J36;2;0;ryyr;25460.25
J36;2;0;ryyr;25460.50
J36;3;0;rrrr;25460.75
J36;3;0;rrrr;25461.00
J36;3;0;rrrr;25461.25
J36;3;0;rrrr;25461.50
J36;4;0;urru;25461.75
J36;4;0;urru;25462.00
J36;4;0;urru;25462.25
J36;4;0;urru;25462.50
J36;5;0;GrrG;25462.75
J36;5;0;GrrG;25463.00
J36;5;0;GrrG;25463.25
J36;5;0;GrrG;25463.50
J36;5;0;GrrG;25463.75
J36;5;0;GrrG;25464.00
J36;5;0;GrrG;25464.25
J36;5;0;GrrG;25464.50
J36;5;0;GrrG;25464.75
J36;5;0;GrrG;25465.00
J36;5;0;GrrG;25465.25
J36;5;0;GrrG;25465.50
J36;5;0;GrrG;25465.75
J36;5;0;GrrG;25466.00
J36;5;0;GrrG;25466.25
J36;5;0;GrrG;25466.50
J36;5;0;GrrG;25466.75
J36;5;0;GrrG;25467.00
J36;5;0;GrrG;25467.25
J36;5;0;GrrG;25467.50
J36;5;0;GrrG;25467.75
J36;5;0;GrrG;25468.00
J36;5;0;GrrG;25468.25
J36;5;0;GrrG;25468.50
J36;5;0;GrrG;25468.75
J36;5;0;GrrG;25469.00
J36;5;0;GrrG;25469.25
J36;5;0;GrrG;25469.50
J36;5;0;GrrG;25469.75
J36;5;0;GrrG;25470.00
J36;5;0;GrrG;25470.25
J36;5;0;GrrG;25470.50
J36;5;0;GrrG;25470.75
J36;5;0;GrrG;25471.00
J36;5;0;GrrG;25471.25
J36;5;0;GrrG;25471.50
J36;5;0;GrrG;25471.75
J36;5;0;GrrG;25472.00
J36;5;0;GrrG;25472.25
J36;5;0;GrrG;25472.50
J36;5;0;GrrG;25472.75
J36;5;0;GrrG;25473.00
J36;5;0;GrrG;25473.25
J36;5;0;GrrG;25473.50
J36;5;0;GrrG;25473.75
J36;5;0;GrrG;25474.00
J36;5;0;GrrG;25474.25
J36;5;0;GrrG;25474.50
J36;5;0;GrrG;25474.75
J36;5;0;GrrG;25475.00
J36;5;0;GrrG;25475.25
J36;5;0;GrrG;25475.50
J36;5;0;GrrG;25475.75
J36;5;0;GrrG;25476.00
J36;5;0;GrrG;25476.25
J36;5;0;GrrG;25476.50
J36;5;0;GrrG;25476.75
J36;5;0;GrrG;25477.00
J36;5;0;GrrG;25477.25
J36;5;0;GrrG;25477.50
J36;5;0;GrrG;25477.75
J36;5;0;GrrG;25478.00
J36;5;0;GrrG;25478.25
J36;5;0;GrrG;25478.50
J36;5;0;GrrG;25478.75
J36;5;0;GrrG;25479.00
J36;5;0;GrrG;25479.25
J36;5;0;GrrG;25479.50
J36;5;0;GrrG;25479.75
J36;5;0;GrrG;25480.00
J36;5;0;GrrG;25480.25
J36;5;0;GrrG;25480.50
J36;5;0;GrrG;25480.75
J36;5;0;GrrG;25481.00
J36;5;0;GrrG;25481.25
J36;5;0;GrrG;25481.50
J36;5;0;GrrG;25481.75
J36;5;0;GrrG;25482.00
J36;5;0;GrrG;25482.25
J36;5;0;GrrG;25482.50
J36;5;0;GrrG;25482.75
J36;5;0;GrrG;25483.00
J36;5;0;GrrG;25483.25
J36;5;0;GrrG;25483.50
J36;5;0;GrrG;25483.75
J36;5;0;GrrG;25484.00
J36;5;0;GrrG;25484.25
J36;5;0;GrrG;25484.50
J36;5;0;GrrG;25484.75
J36;5;0;GrrG;25485.00
J36;5;0;GrrG;25485.25
J36;5;0;GrrG;25485.50
J36;5;0;GrrG;25485.75
J36;5;0;GrrG;25486.00
J36;5;0;GrrG;25486.25
J36;5;0;GrrG;25486.50
J36;5;0;GrrG;25486.75
J36;5;0;GrrG;25487.00
J36;5;0;GrrG;25487.25
J36;5;0;GrrG;25487.50
J36;6;0;yrry;25487.75
J36;6;0;yrry;25488.00
J36;6;0;yrry;25488.25
J36;6;0;yrry;25488.50
J36;6;0;yrry;25488.75
J36;6;0;yrry;25489.00
J36;6;0;yrry;25489.25
J36;6;0;yrry;25489.50
J36;6;0;yrry;25489.75
J36;6;0;yrry;25490.00
J36;6;0;yrry;25490.25
J36;6;0;yrry;25490.50
J36;7;0;rrrr;25490.75
J36;7;0;rrrr;25491.00
J36;7;0;rrrr;25491.25
J36;7;0;rrrr;25491.50
J36;0;0;ruur;25491.75
J36;0;0;ruur;25492.00
J36;0;0;ruur;25492.25
J36;0;0;ruur;25492.50
J36;1;0;rGGr;25492.75
J36;1;0;rGGr;25493.00
J36;1;0;rGGr;25493.25
J36;1;0;rGGr;25493.50
J36;1;0;rGGr;25493.75
J36;1;0;rGGr;25494.00
J36;1;0;rGGr;25494.25
J36;1;0;rGGr;25494.50
J36;1;0;rGGr;25494.75
J36;1;0;rGGr;25495.00
J36;1;0;rGGr;25495.25
J36;1;0;rGGr;25495.50
J36;1;0;rGGr;25495.75
J36;1;0;rGGr;25496.00
J36;1;0;rGGr;25496.25
J36;1;0;rGGr;25496.50
J36;1;0;rGGr;25496.75
J36;1;0;rGGr;25497.00
J36;1;0;rGGr;25497.25
J36;1;0;rGGr;25497.50
J36;1;0;rGGr;25497.75
J36;1;0;rGGr;25498.00
J36;1;0;rGGr;25498.25
J36;1;0;rGGr;25498.50
J36;1;0;rGGr;25498.75
J36;1;0;rGGr;25499.00
J36;1;0;rGGr;25499.25
J36;1;0;rGGr;25499.50
J36;1;0;rGGr;25499.75
J36;1;0;rGGr;25500.00
J36;1;0;rGGr;25500.25
J36;1;0;rGGr;25500.50
J36;1;0;rGGr;25500.75
J36;1;0;rGGr;25501.00
J36;1;0;rGGr;25501.25
J36;1;0;rGGr;25501.50
J36;1;0;rGGr;25501.75
J36;1;0;rGGr;25502.00
J36;1;0;rGGr;25502.25
J36;1;0;rGGr;25502.50
J36;1;0;rGGr;25502.75
J36;1;0;rGGr;25503.00
J36;1;0;rGGr;25503.25
J36;1;0;rGGr;25503.50
J36;1;0;rGGr;25503.75
J36;1;0;rGGr;25504.00
J36;1;0;rGGr;25504.25
J36;1;0;rGGr;25504.50
J36;1;0;rGGr;25504.75
J36;1;0;rGGr;25505.00
J36;1;0;rGGr;25505.25
J36;1;0;rGGr;25505.50
J36;1;0;rGGr;25505.75
J36;1;0;rGGr;25506.00
J36;1;0;rGGr;25506.25
J36;1;0;rGGr;25506.50
J36;1;0;rGGr;25506.75
J36;1;0;rGGr;25507.00
J36;1;0;rGGr;25507.25
J36;1;0;rGGr;25507.50
J36;1;0;rGGr;25507.75
J36;1;0;rGGr;25508.00
J36;1;0;rGGr;25508.25
J36;1;0;rGGr;25508.50
J36;1;0;rGGr;25508.75
J36;1;0;rGGr;25509.00
J36;1;0;rGGr;25509.25
J36;1;0;rGGr;25509.50
J36;1;0;rGGr;25509.75
J36;1;0;rGGr;25510.00
J36;1;0;rGGr;25510.25
J36;1;0;rGGr;25510.50
J36;1;0;rGGr;25510.75
J36;1;0;rGGr;25511.00
J36;1;0;rGGr;25511.25
J36;1;0;rGGr;25511.50
J36;1;0;rGGr;25511.75
J36;1;0;rGGr;25512.00
J36;1;0;rGGr;25512.25
J36;1;0;rGGr;25512.50
J36;1;0;rGGr;25512.75
J36;1;0;rGGr;25513.00
J36;1;0;rGGr;25513.25
J36;1;0;rGGr;25513.50
J36;1;0;rGGr;25513.75
J36;1;0;rGGr;25514.00
J36;1;0;rGGr;25514.25
J36;1;0;rGGr;25514.50
J36;1;0;rGGr;25514.75
J36;1;0;rGGr;25515.00
J36;1;0;rGGr;25515.25
J36;1;0;rGGr;25515.50
J36;1;0;rGGr;25515.75
J36;1;0;rGGr;25516.00
J36;1;0;rGGr;25516.25
J36;1;0;rGGr;25516.50
J36;1;0;rGGr;25516.75
J36;1;0;rGGr;25517.00
J36;1;0;rGGr;25517.25
J36;1;0;rGGr;25517.50
J36;2;0;ryyr;25517.75
J36;2;0;ryyr;25518.00
J36;2;0;ryyr;25518.25
J36;2;0;ryyr;25518.50
J36;2;0;ryyr;25518.75
J36;2;0;ryyr;25519.00
J36;2;0;ryyr;25519.25
J36;2;0;ryyr;25519.50
J36;2;0;ryyr;25519.75
J36;2;0;ryyr;25520.00
J36;2;0;ryyr;25520.25
J36;2;0;ryyr;25520.50
J36;3;0;rrrr;25520.75
J36;3;0;rrrr;25521.00
J36;3;0;rrrr;25521.25
J36;3;0;rrrr;25521.50
J36;4;0;urru;25521.75
J36;4;0;urru;25522.00
J36;4;0;urru;25522.25
J36;4;0;urru;25522.50
J36;5;0;GrrG;25522.75
J36;5;0;GrrG;25523.00
J36;5;0;GrrG;25523.25
J36;5;0;GrrG;25523.50
J36;5;0;GrrG;25523.75
J36;5;0;GrrG;25524.00
J36;5;0;GrrG;25524.25
J36;5;0;GrrG;25524.50
J36;5;0;GrrG;25524.75
J36;5;0;GrrG;25525.00
J36;5;0;GrrG;25525.25
J36;5;0;GrrG;25525.50
J36;5;0;GrrG;25525.75
J36;5;0;GrrG;25526.00
J36;5;0;GrrG;25526.25
J36;5;0;GrrG;25526.50
J36;5;0;GrrG;25526.75
J36;5;0;GrrG;25527.00
J36;5;0;GrrG;25527.25
J36;5;0;GrrG;25527.50
J36;5;0;GrrG;25527.75
J36;5;0;GrrG;25528.00
J36;5;0;GrrG;25528.25
J36;5;0;GrrG;25528.50
J36;5;0;GrrG;25528.75
J36;5;0;GrrG;25529.00
J36;5;0;GrrG;25529.25
J36;5;0;GrrG;25529.50
J36;5;0;GrrG;25529.75
J36;5;0;GrrG;25530.00
J36;5;0;GrrG;25530.25
J36;5;0;GrrG;25530.50
J36;5;0;GrrG;25530.75
J36;5;0;GrrG;25531.00
J36;5;0;GrrG;25531.25
J36;5;0;GrrG;25531.50
J36;5;0;GrrG;25531.75
J36;5;0;GrrG;25532.00
J36;5;0;GrrG;25532.25
J36;5;0;GrrG;25532.50
J36;5;0;GrrG;25532.75
J36;5;0;GrrG;25533.00
J36;5;0;GrrG;25533.25
J36;5;0;GrrG;25533.50
J36;5;0;GrrG;25533.75
J36;5;0;GrrG;25534.00
J36;5;0;GrrG;25534.25
J36;5;0;GrrG;25534.50
J36;5;0;GrrG;25534.75
J36;5;0;GrrG;25535.00
J36;5;0;GrrG;25535.25
J36;5;0;GrrG;25535.50
J36;5;0;GrrG;25535.75
J36;5;0;GrrG;25536.00
J36;5;0;GrrG;25536.25
J36;5;0;GrrG;25536.50
J36;5;0;GrrG;25536.75
J36;5;0;GrrG;25537.00
J36;5;0;GrrG;25537.25
J36;5;0;GrrG;25537.50
J36;5;0;GrrG;25537.75
J36;5;0;GrrG;25538.00
J36;5;0;GrrG;25538.25
J36;5;0;GrrG;25538.50
J36;5;0;GrrG;25538.75
J36;5;0;GrrG;25539.00
J36;5;0;GrrG;25539.25
J36;5;0;GrrG;25539.50
J36;5;0;GrrG;25539.75
J36;5;0;GrrG;25540.00
J36;5;0;GrrG;25540.25
J36;5;0;GrrG;25540.50
J36;5;0;GrrG;25540.75
J36;5;0;GrrG;25541.00
J36;5;0;GrrG;25541.25
J36;5;0;GrrG;25541.50
J36;5;0;GrrG;25541.75
J36;5;0;GrrG;25542.00
J36;5;0;GrrG;25542.25
J36;5;0;GrrG;25542.50
J36;5;0;GrrG;25542.75
J36;5;0;GrrG;25543.00
J36;5;0;GrrG;25543.25
J36;5;0;GrrG;25543.50
J36;5;0;GrrG;25543.75
J36;5;0;GrrG;25544.00
J36;5;0;GrrG;25544.25
J36;5;0;GrrG;25544.50
J36;5;0;GrrG;25544.75
J36;5;0;GrrG;25545.00
J36;5;0;GrrG;25545.25
J36;5;0;GrrG;25545.50
J36;5;0;GrrG;25545.75
J36;5;0;GrrG;25546.00
J36;5;0;GrrG;25546.25
J36;5;0;GrrG;25546.50
J36;5;0;GrrG;25546.75
J36;5;0;GrrG;25547.00
J36;5;0;GrrG;25547.25
J36;5;0;GrrG;25547.50
J36;6;0;yrry;25547.75
J36;6;0;yrry;25548.00
J36;6;0;yrry;25548.25
J36;6;0;yrry;25548.50
J36;6;0;yrry;25548.75
J36;6;0;yrry;25549.00
J36;6;0;yrry;25549.25
J36;6;0;yrry;25549.50
J36;6;0;yrry;25549.75
J36;6;0;yrry;25550.00
J36;6;0;yrry;25550.25
J36;6;0;yrry;25550.50
J36;7;0;rrrr;25550.75
J36;7;0;rrrr;25551.00
J36;7;0;rrrr;25551.25
J36;7;0;rrrr;25551.50
J36;0;0;ruur;25551.75
J36;0;0;ruur;25552.00
J36;0;0;ruur;25552.25
J36;0;0;ruur;25552.50
J36;1;0;rGGr;25552.75
J36;1;0;rGGr;25553.00
J36;1;0;rGGr;25553.25
J36;1;0;rGGr;25553.50
J36;1;0;rGGr;25553.75
J36;1;0;rGGr;25554.00
J36;1;0;rGGr;25554.25
J36;1;0;rGGr;25554.50
J36;1;0;rGGr;25554.75
J36;1;0;rGGr;25555.00
J36;1;0;rGGr;25555.25
J36;1;0;rGGr;25555.50
J36;1;0;rGGr;25555.75
J36;1;0;rGGr;25556.00
J36;1;0;rGGr;25556.25
J36;1;0;rGGr;25556.50
J36;1;0;rGGr;25556.75
J36;1;0;rGGr;25557.00
J36;1;0;rGGr;25557.25
J36;1;0;rGGr;25557.50
J36;1;0;rGGr;25557.75
J36;1;0;rGGr;25558.00
J36;1;0;rGGr;25558.25
J36;1;0;rGGr;25558.50
J36;1;0;rGGr;25558.75
J36;1;0;rGGr;25559.00
J36;1;0;rGGr;25559.25
J36;1;0;rGGr;25559.50
J36;1;0;rGGr;25559.75
J36;1;0;rGGr;25560.00
J36;1;0;rGGr;25560.25
J36;1;0;rGGr;25560.50
J36;1;0;rGGr;25560.75
J36;1;0;rGGr;25561.00
J36;1;0;rGGr;25561.25
J36;1;0;rGGr;25561.50
J36;1;0;rGGr;25561.75
J36;1;0;rGGr;25562.00
J36;1;0;rGGr;25562.25
J36;1;0;rGGr;25562.50
J36;1;0;rGGr;25562.75
J36;1;0;rGGr;25563.00
J36;1;0;rGGr;25563.25
J36;1;0;rGGr;25563.50
J36;1;0;rGGr;25563.75
J36;1;0;rGGr;25564.00
J36;1;0;rGGr;25564.25
J36;1;0;rGGr;25564.50
J36;1;0;rGGr;25564.75
J36;1;0;rGGr;25565.00
J36;1;0;rGGr;25565.25
J36;1;0;rGGr;25565.50
J36;1;0;rGGr;25565.75
J36;1;0;rGGr;25566.00
J36;1;0;rGGr;25566.25
J36;1;0;rGGr;25566.50
J36;1;0;rGGr;25566.75
J36;1;0;rGGr;25567.00
J36;1;0;rGGr;25567.25
J36;1;0;rGGr;25567.50
J36;1;0;rGGr;25567.75
J36;1;0;rGGr;25568.00
J36;1;0;rGGr;25568.25
J36;1;0;rGGr;25568.50
J36;1;0;rGGr;25568.75
J36;1;0;rGGr;25569.00
J36;1;0;rGGr;25569.25
J36;1;0;rGGr;25569.50
J36;1;0;rGGr;25569.75
J36;1;0;rGGr;25570.00
J36;1;0;rGGr;25570.25
J36;1;0;rGGr;25570.50
J36;1;0;rGGr;25570.75
J36;1;0;rGGr;25571.00
J36;1;0;rGGr;25571.25
J36;1;0;rGGr;25571.50
J36;1;0;rGGr;25571.75
J36;1;0;rGGr;25572.00
J36;1;0;rGGr;25572.25
J36;1;0;rGGr;25572.50
J36;1;0;rGGr;25572.75
J36;1;0;rGGr;25573.00
J36;1;0;rGGr;25573.25
J36;1;0;rGGr;25573.50
J36;1;0;rGGr;25573.75
J36;1;0;rGGr;25574.00
J36;1;0;rGGr;25574.25
J36;1;0;rGGr;25574.50
J36;1;0;rGGr;25574.75
J36;1;0;rGGr;25575.00
J36;1;0;rGGr;25575.25
J36;1;0;rGGr;25575.50
J36;1;0;rGGr;25575.75
J36;1;0;rGGr;25576.00
J36;1;0;rGGr;25576.25
J36;1;0;rGGr;25576.50
J36;1;0;rGGr;25576.75
J36;1;0;rGGr;25577.00
J36;1;0;rGGr;25577.25
J36;1;0;rGGr;25577.50
J36;2;0;ryyr;25577.75
J36;2;0;ryyr;25578.00
J36;2;0;ryyr;25578.25
J36;2;0;ryyr;25578.50
J36;2;0;ryyr;25578.75
J36;2;0;ryyr;25579.00
J36;2;0;ryyr;25579.25
J36;2;0;ryyr;25579.50
J36;2;0;ryyr;25579.75
J36;2;0;ryyr;25580.00
J36;2;0;ryyr;25580.25
J36;2;0;ryyr;25580.50
J36;3;0;rrrr;25580.75
J36;3;0;rrrr;25581.00
J36;3;0;rrrr;25581.25
J36;3;0;rrrr;25581.50
J36;4;0;urru;25581.75
J36;4;0;urru;25582.00
J36;4;0;urru;25582.25
J36;4;0;urru;25582.50
J36;5;0;GrrG;25582.75
J36;5;0;GrrG;25583.00
J36;5;0;GrrG;25583.25
J36;5;0;GrrG;25583.50
J36;5;0;GrrG;25583.75
J36;5;0;GrrG;25584.00
J36;5;0;GrrG;25584.25
J36;5;0;GrrG;25584.50
J36;5;0;GrrG;25584.75
J36;5;0;GrrG;25585.00
J36;5;0;GrrG;25585.25
J36;5;0;GrrG;25585.50
J36;5;0;GrrG;25585.75
J36;5;0;GrrG;25586.00
J36;5;0;GrrG;25586.25
J36;5;0;GrrG;25586.50
J36;5;0;GrrG;25586.75
J36;5;0;GrrG;25587.00
J36;5;0;GrrG;25587.25
J36;5;0;GrrG;25587.50
J36;5;0;GrrG;25587.75
J36;5;0;GrrG;25588.00
J36;5;0;GrrG;25588.25
J36;5;0;GrrG;25588.50
J36;5;0;GrrG;25588.75
J36;5;0;GrrG;25589.00
J36;5;0;GrrG;25589.25
J36;5;0;GrrG;25589.50
J36;5;0;GrrG;25589.75
J36;5;0;GrrG;25590.00
J36;5;0;GrrG;25590.25
J36;5;0;GrrG;25590.50
J36;5;0;GrrG;25590.75
J36;5;0;GrrG;25591.00
J36;5;0;GrrG;25591.25
J36;5;0;GrrG;25591.50
J36;5;0;GrrG;25591.75
J36;5;0;GrrG;25592.00
J36;5;0;GrrG;25592.25
J36;5;0;GrrG;25592.50
J36;5;0;GrrG;25592.75
J36;5;0;GrrG;25593.00
J36;5;0;GrrG;25593.25
J36;5;0;GrrG;25593.50
J36;5;0;GrrG;25593.75
J36;5;0;GrrG;25594.00
J36;5;0;GrrG;25594.25
J36;5;0;GrrG;25594.50
J36;5;0;GrrG;25594.75
J36;5;0;GrrG;25595.00
J36;5;0;GrrG;25595.25
J36;5;0;GrrG;25595.50
J36;5;0;GrrG;25595.75
J36;5;0;GrrG;25596.00
J36;5;0;GrrG;25596.25
J36;5;0;GrrG;25596.50
J36;5;0;GrrG;25596.75
J36;5;0;GrrG;25597.00
J36;5;0;GrrG;25597.25
J36;5;0;GrrG;25597.50
J36;5;0;GrrG;25597.75
J36;5;0;GrrG;25598.00
J36;5;0;GrrG;25598.25
J36;5;0;GrrG;25598.50
J36;5;0;GrrG;25598.75
J36;5;0;GrrG;25599.00
J36;5;0;GrrG;25599.25
J36;5;0;GrrG;25599.50
J36;5;0;GrrG;25599.75
J36;5;0;GrrG;25600.00
J36;5;0;GrrG;25600.25
J36;5;0;GrrG;25600.50
J36;5;0;GrrG;25600.75
J36;5;0;GrrG;25601.00
J36;5;0;GrrG;25601.25
J36;5;0;GrrG;25601.50
J36;5;0;GrrG;25601.75
J36;5;0;GrrG;25602.00
J36;5;0;GrrG;25602.25
J36;5;0;GrrG;25602.50
J36;5;0;GrrG;25602.75
J36;5;0;GrrG;25603.00
J36;5;0;GrrG;25603.25
J36;5;0;GrrG;25603.50
J36;5;0;GrrG;25603.75
J36;5;0;GrrG;25604.00
J36;5;0;GrrG;25604.25
J36;5;0;GrrG;25604.50
J36;5;0;GrrG;25604.75
J36;5;0;GrrG;25605.00
J36;5;0;GrrG;25605.25
J36;5;0;GrrG;25605.50
J36;5;0;GrrG;25605.75
J36;5;0;GrrG;25606.00
J36;5;0;GrrG;25606.25
J36;5;0;GrrG;25606.50
J36;5;0;GrrG;25606.75
J36;5;0;GrrG;25607.00
J36;5;0;GrrG;25607.25
J36;5;0;GrrG;25607.50
J36;6;0;yrry;25607.75
J36;6;0;yrry;25608.00
J36;6;0;yrry;25608.25
J36;6;0;yrry;25608.50
J36;6;0;yrry;25608.75
J36;6;0;yrry;25609.00
J36;6;0;yrry;25609.25
J36;6;0;yrry;25609.50
J36;6;0;yrry;25609.75
J36;6;0;yrry;25610.00
J36;6;0;yrry;25610.25
J36;6;0;yrry;25610.50
J36;7;0;rrrr;25610.75
J36;7;0;rrrr;25611.00
J36;7;0;rrrr;25611.25
J36;7;0;rrrr;25611.50
J36;0;0;ruur;25611.75
J36;0;0;ruur;25612.00
J36;0;0;ruur;25612.25
J36;0;0;ruur;25612.50
J36;1;0;rGGr;25612.75
J36;1;0;rGGr;25613.00
J36;1;0;rGGr;25613.25
J36;1;0;rGGr;25613.50
J36;1;0;rGGr;25613.75
J36;1;0;rGGr;25614.00
J36;1;0;rGGr;25614.25
J36;1;0;rGGr;25614.50
J36;1;0;rGGr;25614.75
J36;1;0;rGGr;25615.00
J36;1;0;rGGr;25615.25
J36;1;0;rGGr;25615.50
J36;1;0;rGGr;25615.75
J36;1;0;rGGr;25616.00
J36;1;0;rGGr;25616.25
J36;1;0;rGGr;25616.50
J36;1;0;rGGr;25616.75
J36;1;0;rGGr;25617.00
J36;1;0;rGGr;25617.25
J36;1;0;rGGr;25617.50
J36;1;0;rGGr;25617.75
J36;1;0;rGGr;25618.00
J36;1;0;rGGr;25618.25
J36;1;0;rGGr;25618.50
J36;1;0;rGGr;25618.75
J36;1;0;rGGr;25619.00
J36;1;0;rGGr;25619.25
J36;1;0;rGGr;25619.50
J36;1;0;rGGr;25619.75
J36;1;0;rGGr;25620.00
J36;1;0;rGGr;25620.25
J36;1;0;rGGr;25620.50
J36;1;0;rGGr;25620.75
J36;1;0;rGGr;25621.00
J36;1;0;rGGr;25621.25
J36;1;0;rGGr;25621.50
J36;1;0;rGGr;25621.75
J36;1;0;rGGr;25622.00
J36;1;0;rGGr;25622.25
J36;1;0;rGGr;25622.50
J36;1;0;rGGr;25622.75
J36;1;0;rGGr;25623.00
J36;1;0;rGGr;25623.25
J36;1;0;rGGr;25623.50
J36;1;0;rGGr;25623.75
J36;1;0;rGGr;25624.00
J36;1;0;rGGr;25624.25
J36;1;0;rGGr;25624.50
J36;1;0;rGGr;25624.75
J36;1;0;rGGr;25625.00
J36;1;0;rGGr;25625.25
J36;1;0;rGGr;25625.50
J36;1;0;rGGr;25625.75
J36;1;0;rGGr;25626.00
J36;1;0;rGGr;25626.25
J36;1;0;rGGr;25626.50
J36;1;0;rGGr;25626.75
J36;1;0;rGGr;25627.00
J36;1;0;rGGr;25627.25
J36;1;0;rGGr;25627.50
J36;1;0;rGGr;25627.75
J36;1;0;rGGr;25628.00
J36;1;0;rGGr;25628.25
J36;1;0;rGGr;25628.50
J36;1;0;rGGr;25628.75
J36;1;0;rGGr;25629.00
J36;1;0;rGGr;25629.25
J36;1;0;rGGr;25629.50
J36;1;0;rGGr;25629.75
J36;1;0;rGGr;25630.00
J36;1;0;rGGr;25630.25
J36;1;0;rGGr;25630.50
J36;1;0;rGGr;25630.75
J36;1;0;rGGr;25631.00
J36;1;0;rGGr;25631.25
J36;1;0;rGGr;25631.50
J36;1;0;rGGr;25631.75
J36;1;0;rGGr;25632.00
J36;1;0;rGGr;25632.25
J36;1;0;rGGr;25632.50
J36;1;0;rGGr;25632.75
J36;1;0;rGGr;25633.00
J36;1;0;rGGr;25633.25
J36;1;0;rGGr;25633.50
J36;1;0;rGGr;25633.75
J36;1;0;rGGr;25634.00
J36;1;0;rGGr;25634.25
J36;1;0;rGGr;25634.50
J36;1;0;rGGr;25634.75
J36;1;0;rGGr;25635.00
J36;1;0;rGGr;25635.25
J36;1;0;rGGr;25635.50
J36;1;0;rGGr;25635.75
J36;1;0;rGGr;25636.00
J36;1;0;rGGr;25636.25
J36;1;0;rGGr;25636.50
J36;1;0;rGGr;25636.75
J36;1;0;rGGr;25637.00
J36;1;0;rGGr;25637.25
J36;1;0;rGGr;25637.50
J36;2;0;ryyr;25637.75
J36;2;0;ryyr;25638.00
J36;2;0;ryyr;25638.25
J36;2;0;ryyr;25638.50
J36;2;0;ryyr;25638.75
J36;2;0;ryyr;25639.00
J36;2;0;ryyr;25639.25
J36;2;0;ryyr;25639.50
J36;2;0;ryyr;25639.75
J36;2;0;ryyr;25640.00
J36;2;0;ryyr;25640.25
J36;2;0;ryyr;25640.50
J36;3;0;rrrr;25640.75
J36;3;0;rrrr;25641.00
J36;3;0;rrrr;25641.25
J36;3;0;rrrr;25641.50
J36;4;0;urru;25641.75
J36;4;0;urru;25642.00
J36;4;0;urru;25642.25
J36;4;0;urru;25642.50
J36;5;0;GrrG;25642.75
J36;5;0;GrrG;25643.00
J36;5;0;GrrG;25643.25
J36;5;0;GrrG;25643.50
J36;5;0;GrrG;25643.75
J36;5;0;GrrG;25644.00
J36;5;0;GrrG;25644.25
J36;5;0;GrrG;25644.50
J36;5;0;GrrG;25644.75
J36;5;0;GrrG;25645.00
J36;5;0;GrrG;25645.25
J36;5;0;GrrG;25645.50
J36;5;0;GrrG;25645.75
J36;5;0;GrrG;25646.00
J36;5;0;GrrG;25646.25
J36;5;0;GrrG;25646.50
J36;5;0;GrrG;25646.75
J36;5;0;GrrG;25647.00
J36;5;0;GrrG;25647.25
J36;5;0;GrrG;25647.50
J36;5;0;GrrG;25647.75
J36;5;0;GrrG;25648.00
J36;5;0;GrrG;25648.25
J36;5;0;GrrG;25648.50
J36;5;0;GrrG;25648.75
J36;5;0;GrrG;25649.00
J36;5;0;GrrG;25649.25
J36;5;0;GrrG;25649.50
J36;5;0;GrrG;25649.75
J36;5;0;GrrG;25650.00
J36;5;0;GrrG;25650.25
J36;5;0;GrrG;25650.50
J36;5;0;GrrG;25650.75
J36;5;0;GrrG;25651.00
J36;5;0;GrrG;25651.25
J36;5;0;GrrG;25651.50
J36;5;0;GrrG;25651.75
J36;5;0;GrrG;25652.00
J36;5;0;GrrG;25652.25
J36;5;0;GrrG;25652.50
J36;5;0;GrrG;25652.75
J36;5;0;GrrG;25653.00
J36;5;0;GrrG;25653.25
J36;5;0;GrrG;25653.50
J36;5;0;GrrG;25653.75
J36;5;0;GrrG;25654.00
J36;5;0;GrrG;25654.25
J36;5;0;GrrG;25654.50
J36;5;0;GrrG;25654.75
J36;5;0;GrrG;25655.00
J36;5;0;GrrG;25655.25
J36;5;0;GrrG;25655.50
J36;5;0;GrrG;25655.75
J36;5;0;GrrG;25656.00
J36;5;0;GrrG;25656.25
J36;5;0;GrrG;25656.50
J36;5;0;GrrG;25656.75
J36;5;0;GrrG;25657.00
J36;5;0;GrrG;25657.25
J36;5;0;GrrG;25657.50
J36;5;0;GrrG;25657.75
J36;5;0;GrrG;25658.00
J36;5;0;GrrG;25658.25
J36;5;0;GrrG;25658.50
J36;5;0;GrrG;25658.75
J36;5;0;GrrG;25659.00
J36;5;0;GrrG;25659.25
J36;5;0;GrrG;25659.50
J36;5;0;GrrG;25659.75
J36;5;0;GrrG;25660.00
J36;5;0;GrrG;25660.25
J36;5;0;GrrG;25660.50
J36;5;0;GrrG;25660.75
J36;5;0;GrrG;25661.00
J36;5;0;GrrG;25661.25
J36;5;0;GrrG;25661.50
J36;5;0;GrrG;25661.75
J36;5;0;GrrG;25662.00
J36;5;0;GrrG;25662.25
J36;5;0;GrrG;25662.50
J36;5;0;GrrG;25662.75
J36;5;0;GrrG;25663.00
J36;5;0;GrrG;25663.25
J36;5;0;GrrG;25663.50
J36;5;0;GrrG;25663.75
J36;5;0;GrrG;25664.00
J36;5;0;GrrG;25664.25
J36;5;0;GrrG;25664.50
J36;5;0;GrrG;25664.75
J36;5;0;GrrG;25665.00
J36;5;0;GrrG;25665.25
J36;5;0;GrrG;25665.50
J36;5;0;GrrG;25665.75
J36;5;0;GrrG;25666.00
J36;5;0;GrrG;25666.25
J36;5;0;GrrG;25666.50
J36;5;0;GrrG;25666.75
J36;5;0;GrrG;25667.00
J36;5;0;GrrG;25667.25
J36;5;0;GrrG;25667.50
J36;6;0;yrry;25667.75
J36;6;0;yrry;25668.00
J36;6;0;yrry;25668.25
J36;6;0;yrry;25668.50
J36;6;0;yrry;25668.75
J36;6;0;yrry;25669.00
J36;6;0;yrry;25669.25
J36;6;0;yrry;25669.50
J36;6;0;yrry;25669.75
J36;6;0;yrry;25670.00
J36;6;0;yrry;25670.25
J36;6;0;yrry;25670.50
J36;7;0;rrrr;25670.75
J36;7;0;rrrr;25671.00
J36;7;0;rrrr;25671.25
J36;7;0;rrrr;25671.50
J36;0;0;ruur;25671.75
J36;0;0;ruur;25672.00
J36;0;0;ruur;25672.25
J36;0;0;ruur;25672.50
J36;1;0;rGGr;25672.75
J36;1;0;rGGr;25673.00
J36;1;0;rGGr;25673.25
J36;1;0;rGGr;25673.50
J36;1;0;rGGr;25673.75
J36;1;0;rGGr;25674.00
J36;1;0;rGGr;25674.25
J36;1;0;rGGr;25674.50
J36;1;0;rGGr;25674.75
J36;1;0;rGGr;25675.00
J36;0;online;yyyyyyyyyyyyyyyyyyyyyyyyyyyyyyyyyyyyyyyyyyyyyyyyyyyyyyyyy;25675.25
J36;0;online;yyyyyyyyyyyyyyyyyyyyyyyyyyyyyyyyyyyyyyyyyyyyyyyyyyyyyyyyy;25675.50
J36;0;online;yyyyyyyyyyyyyyyyyyyyyyyyyyyyyyyyyyyyyyyyyyyyyyyyyyyyyyyyy;25675.75
J36;0;online;yyyyyyyyyyyyyyyyyyyyyyyyyyyyyyyyyyyyyyyyyyyyyyyyyyyyyyyyy;25676.00
J36;0;online;yyyyyyyyyyyyyyyyyyyyyyyyyyyyyyyyyyyyyyyyyyyyyyyyyyyyyyyyy;25676.25
J36;0;online;yyyyyyyyyyyyyyyyyyyyyyyyyyyyyyyyyyyyyyyyyyyyyyyyyyyyyyyyy;25676.50
J36;0;online;yyyyyyyyyyyyyyyyyyyyyyyyyyyyyyyyyyyyyyyyyyyyyyyyyyyyyyyyy;25676.75
J36;0;online;yyyyyyyyyyyyyyyyyyyyyyyyyyyyyyyyyyyyyyyyyyyyyyyyyyyyyyyyy;25677.00
J36;0;online;yyyyyyyyyyyyyyyyyyyyyyyyyyyyyyyyyyyyyyyyyyyyyyyyyyyyyyyyy;25677.25
J36;0;online;yyyyyyyyyyyyyyyyyyyyyyyyyyyyyyyyyyyyyyyyyyyyyyyyyyyyyyyyy;25677.50
J36;0;online;yyyyyyyyyyyyyyyyyyyyyyyyyyyyyyyyyyyyyyyyyyyyyyyyyyyyyyyyy;25677.75
J36;0;online;yyyyyyyyyyyyyyyyyyyyyyyyyyyyyyyyyyyyyyyyyyyyyyyyyyyyyyyyy;25678.00
J36;4;0;urru;25678.25
J36;4;0;urru;25678.50
J36;4;0;urru;25678.75
J36;4;0;urru;25679.00
J36;5;0;GrrG;25679.25
J36;5;0;GrrG;25679.50
J36;5;0;GrrG;25679.75
J36;5;0;GrrG;25680.00
J36;5;0;GrrG;25680.25
J36;5;0;GrrG;25680.50
J36;5;0;GrrG;25680.75
J36;5;0;GrrG;25681.00
J36;5;0;GrrG;25681.25
J36;5;0;GrrG;25681.50
J36;5;0;GrrG;25681.75
J36;5;0;GrrG;25682.00
J36;5;0;GrrG;25682.25
J36;5;0;GrrG;25682.50
J36;5;0;GrrG;25682.75
J36;5;0;GrrG;25683.00
J36;5;0;GrrG;25683.25
J36;5;0;GrrG;25683.50
J36;5;0;GrrG;25683.75
J36;5;0;GrrG;25684.00
J36;5;0;GrrG;25684.25
J36;5;0;GrrG;25684.50
J36;5;0;GrrG;25684.75
J36;5;0;GrrG;25685.00
J36;5;0;GrrG;25685.25
J36;5;0;GrrG;25685.50
J36;5;0;GrrG;25685.75
J36;5;0;GrrG;25686.00
J36;5;0;GrrG;25686.25
J36;5;0;GrrG;25686.50
J36;5;0;GrrG;25686.75
J36;5;0;GrrG;25687.00
J36;5;0;GrrG;25687.25
J36;5;0;GrrG;25687.50
J36;5;0;GrrG;25687.75
J36;5;0;GrrG;25688.00
J36;5;0;GrrG;25688.25
J36;5;0;GrrG;25688.50
J36;5;0;GrrG;25688.75
J36;5;0;GrrG;25689.00
J36;5;0;GrrG;25689.25
J36;5;0;GrrG;25689.50
J36;5;0;GrrG;25689.75
J36;5;0;GrrG;25690.00
J36;5;0;GrrG;25690.25
J36;5;0;GrrG;25690.50
J36;5;0;GrrG;25690.75
J36;5;0;GrrG;25691.00
J36;5;0;GrrG;25691.25
J36;5;0;GrrG;25691.50
J36;5;0;GrrG;25691.75
J36;5;0;GrrG;25692.00
J36;5;0;GrrG;25692.25
J36;5;0;GrrG;25692.50
J36;5;0;GrrG;25692.75
J36;5;0;GrrG;25693.00
J36;5;0;GrrG;25693.25
J36;5;0;GrrG;25693.50
J36;5;0;GrrG;25693.75
J36;5;0;GrrG;25694.00
J36;5;0;GrrG;25694.25
J36;5;0;GrrG;25694.50
J36;5;0;GrrG;25694.75
J36;5;0;GrrG;25695.00
J36;5;0;GrrG;25695.25
J36;5;0;GrrG;25695.50
J36;5;0;GrrG;25695.75
J36;5;0;GrrG;25696.00
J36;5;0;GrrG;25696.25
J36;5;0;GrrG;25696.50
J36;5;0;GrrG;25696.75
J36;5;0;GrrG;25697.00
J36;5;0;GrrG;25697.25
J36;5;0;GrrG;25697.50
J36;5;0;GrrG;25697.75
J36;5;0;GrrG;25698.00
J36;5;0;GrrG;25698.25
J36;5;0;GrrG;25698.50
J36;5;0;GrrG;25698.75
J36;5;0;GrrG;25699.00
J36;5;0;GrrG;25699.25
J36;5;0;GrrG;25699.50
J36;5;0;GrrG;25699.75
J36;5;0;GrrG;25700.00
J36;5;0;GrrG;25700.25
J36;5;0;GrrG;25700.50
J36;5;0;GrrG;25700.75
J36;5;0;GrrG;25701.00
J36;5;0;GrrG;25701.25
J36;5;0;GrrG;25701.50
J36;5;0;GrrG;25701.75
J36;5;0;GrrG;25702.00
J36;5;0;GrrG;25702.25
J36;5;0;GrrG;25702.50
J36;5;0;GrrG;25702.75
J36;5;0;GrrG;25703.00
J36;5;0;GrrG;25703.25
J36;5;0;GrrG;25703.50
J36;5;0;GrrG;25703.75
J36;5;0;GrrG;25704.00
J36;6;0;yrry;25704.25
J36;6;0;yrry;25704.50
J36;6;0;yrry;25704.75
J36;6;0;yrry;25705.00
J36;6;0;yrry;25705.25
J36;6;0;yrry;25705.50
J36;6;0;yrry;25705.75
J36;6;0;yrry;25706.00
J36;6;0;yrry;25706.25
J36;6;0;yrry;25706.50
J36;6;0;yrry;25706.75
J36;6;0;yrry;25707.00
J36;7;0;rrrr;25707.25
J36;7;0;rrrr;25707.50
J36;7;0;rrrr;25707.75
J36;7;0;rrrr;25708.00
J36;0;0;ruur;25708.25
J36;0;0;ruur;25708.50
J36;0;0;ruur;25708.75
J36;0;0;ruur;25709.00
J36;1;0;rGGr;25709.25
J36;1;0;rGGr;25709.50
J36;1;0;rGGr;25709.75
J36;1;0;rGGr;25710.00
J36;1;0;rGGr;25710.25
J36;1;0;rGGr;25710.50
J36;1;0;rGGr;25710.75
J36;1;0;rGGr;25711.00
J36;1;0;rGGr;25711.25
J36;1;0;rGGr;25711.50
J36;1;0;rGGr;25711.75
J36;1;0;rGGr;25712.00
J36;1;0;rGGr;25712.25
J36;1;0;rGGr;25712.50
J36;1;0;rGGr;25712.75
J36;1;0;rGGr;25713.00
J36;1;0;rGGr;25713.25
J36;1;0;rGGr;25713.50
J36;1;0;rGGr;25713.75
J36;1;0;rGGr;25714.00
J36;1;0;rGGr;25714.25
J36;0;online;yyyyyyyyyyyyyyyyyyyyyyyyyyyyyyyyyyyyyyyyyyyyyyyyyyyyyyyyy;25714.50
J36;0;online;yyyyyyyyyyyyyyyyyyyyyyyyyyyyyyyyyyyyyyyyyyyyyyyyyyyyyyyyy;25714.75
J36;0;online;yyyyyyyyyyyyyyyyyyyyyyyyyyyyyyyyyyyyyyyyyyyyyyyyyyyyyyyyy;25715.00
J36;0;online;yyyyyyyyyyyyyyyyyyyyyyyyyyyyyyyyyyyyyyyyyyyyyyyyyyyyyyyyy;25715.25
J36;0;online;yyyyyyyyyyyyyyyyyyyyyyyyyyyyyyyyyyyyyyyyyyyyyyyyyyyyyyyyy;25715.50
J36;0;online;yyyyyyyyyyyyyyyyyyyyyyyyyyyyyyyyyyyyyyyyyyyyyyyyyyyyyyyyy;25715.75
J36;0;online;yyyyyyyyyyyyyyyyyyyyyyyyyyyyyyyyyyyyyyyyyyyyyyyyyyyyyyyyy;25716.00
J36;0;online;yyyyyyyyyyyyyyyyyyyyyyyyyyyyyyyyyyyyyyyyyyyyyyyyyyyyyyyyy;25716.25
J36;0;online;yyyyyyyyyyyyyyyyyyyyyyyyyyyyyyyyyyyyyyyyyyyyyyyyyyyyyyyyy;25716.50
J36;0;online;yyyyyyyyyyyyyyyyyyyyyyyyyyyyyyyyyyyyyyyyyyyyyyyyyyyyyyyyy;25716.75
J36;0;online;yyyyyyyyyyyyyyyyyyyyyyyyyyyyyyyyyyyyyyyyyyyyyyyyyyyyyyyyy;25717.00
J36;0;online;yyyyyyyyyyyyyyyyyyyyyyyyyyyyyyyyyyyyyyyyyyyyyyyyyyyyyyyyy;25717.25
J36;4;0;urru;25717.50
J36;4;0;urru;25717.75
J36;4;0;urru;25718.00
J36;4;0;urru;25718.25
J36;5;0;GrrG;25718.50
J36;5;0;GrrG;25718.75
J36;5;0;GrrG;25719.00
J36;5;0;GrrG;25719.25
J36;5;0;GrrG;25719.50
J36;5;0;GrrG;25719.75
J36;5;0;GrrG;25720.00
J36;5;0;GrrG;25720.25
J36;5;0;GrrG;25720.50
J36;5;0;GrrG;25720.75
J36;5;0;GrrG;25721.00
J36;5;0;GrrG;25721.25
J36;5;0;GrrG;25721.50
J36;5;0;GrrG;25721.75
J36;5;0;GrrG;25722.00
J36;5;0;GrrG;25722.25
J36;5;0;GrrG;25722.50
J36;5;0;GrrG;25722.75
J36;5;0;GrrG;25723.00
J36;5;0;GrrG;25723.25
J36;5;0;GrrG;25723.50
J36;5;0;GrrG;25723.75
J36;5;0;GrrG;25724.00
J36;5;0;GrrG;25724.25
J36;5;0;GrrG;25724.50
J36;5;0;GrrG;25724.75
J36;5;0;GrrG;25725.00
J36;5;0;GrrG;25725.25
J36;5;0;GrrG;25725.50
J36;5;0;GrrG;25725.75
J36;5;0;GrrG;25726.00
J36;5;0;GrrG;25726.25
J36;5;0;GrrG;25726.50
J36;5;0;GrrG;25726.75
J36;5;0;GrrG;25727.00
J36;5;0;GrrG;25727.25
J36;5;0;GrrG;25727.50
J36;5;0;GrrG;25727.75
J36;5;0;GrrG;25728.00
J36;5;0;GrrG;25728.25
J36;5;0;GrrG;25728.50
J36;5;0;GrrG;25728.75
J36;5;0;GrrG;25729.00
J36;5;0;GrrG;25729.25
J36;5;0;GrrG;25729.50
J36;5;0;GrrG;25729.75
J36;5;0;GrrG;25730.00
J36;5;0;GrrG;25730.25
J36;5;0;GrrG;25730.50
J36;5;0;GrrG;25730.75
J36;5;0;GrrG;25731.00
J36;5;0;GrrG;25731.25
J36;5;0;GrrG;25731.50
J36;5;0;GrrG;25731.75
J36;5;0;GrrG;25732.00
J36;5;0;GrrG;25732.25
J36;5;0;GrrG;25732.50
J36;5;0;GrrG;25732.75
J36;5;0;GrrG;25733.00
J36;5;0;GrrG;25733.25
J36;5;0;GrrG;25733.50
J36;5;0;GrrG;25733.75
J36;5;0;GrrG;25734.00
J36;5;0;GrrG;25734.25
J36;5;0;GrrG;25734.50
J36;5;0;GrrG;25734.75
J36;5;0;GrrG;25735.00
J36;5;0;GrrG;25735.25
J36;5;0;GrrG;25735.50
J36;5;0;GrrG;25735.75
J36;5;0;GrrG;25736.00
J36;5;0;GrrG;25736.25
J36;5;0;GrrG;25736.50
J36;5;0;GrrG;25736.75
J36;5;0;GrrG;25737.00
J36;5;0;GrrG;25737.25
J36;5;0;GrrG;25737.50
J36;5;0;GrrG;25737.75
J36;5;0;GrrG;25738.00
J36;5;0;GrrG;25738.25
J36;5;0;GrrG;25738.50
J36;5;0;GrrG;25738.75
J36;5;0;GrrG;25739.00
J36;5;0;GrrG;25739.25
J36;5;0;GrrG;25739.50
J36;5;0;GrrG;25739.75
J36;5;0;GrrG;25740.00
J36;5;0;GrrG;25740.25
J36;5;0;GrrG;25740.50
J36;5;0;GrrG;25740.75
J36;5;0;GrrG;25741.00
J36;5;0;GrrG;25741.25
J36;5;0;GrrG;25741.50
J36;5;0;GrrG;25741.75
J36;5;0;GrrG;25742.00
J36;5;0;GrrG;25742.25
J36;5;0;GrrG;25742.50
J36;5;0;GrrG;25742.75
J36;5;0;GrrG;25743.00
J36;5;0;GrrG;25743.25
J36;6;0;yrry;25743.50
J36;6;0;yrry;25743.75
J36;6;0;yrry;25744.00
J36;6;0;yrry;25744.25
J36;6;0;yrry;25744.50
J36;6;0;yrry;25744.75
J36;6;0;yrry;25745.00
J36;6;0;yrry;25745.25
J36;6;0;yrry;25745.50
J36;6;0;yrry;25745.75
J36;6;0;yrry;25746.00
J36;6;0;yrry;25746.25
J36;7;0;rrrr;25746.50
J36;7;0;rrrr;25746.75
J36;7;0;rrrr;25747.00
J36;7;0;rrrr;25747.25
J36;0;0;ruur;25747.50
J36;0;0;ruur;25747.75
J36;0;0;ruur;25748.00
J36;0;0;ruur;25748.25
J36;1;0;rGGr;25748.50
J36;1;0;rGGr;25748.75
J36;1;0;rGGr;25749.00
J36;1;0;rGGr;25749.25
J36;1;0;rGGr;25749.50
J36;1;0;rGGr;25749.75
J36;1;0;rGGr;25750.00
J36;1;0;rGGr;25750.25
J36;1;0;rGGr;25750.50
J36;1;0;rGGr;25750.75
J36;0;online;yyyyyyyyyyyyyyyyyyyyyyyyyyyyyyyyyyyyyyyyyyyyyyyyyyyyyyyyy;25751.00
J36;0;online;yyyyyyyyyyyyyyyyyyyyyyyyyyyyyyyyyyyyyyyyyyyyyyyyyyyyyyyyy;25751.25
J36;0;online;yyyyyyyyyyyyyyyyyyyyyyyyyyyyyyyyyyyyyyyyyyyyyyyyyyyyyyyyy;25751.50
J36;0;online;yyyyyyyyyyyyyyyyyyyyyyyyyyyyyyyyyyyyyyyyyyyyyyyyyyyyyyyyy;25751.75
J36;0;online;yyyyyyyyyyyyyyyyyyyyyyyyyyyyyyyyyyyyyyyyyyyyyyyyyyyyyyyyy;25752.00
J36;0;online;yyyyyyyyyyyyyyyyyyyyyyyyyyyyyyyyyyyyyyyyyyyyyyyyyyyyyyyyy;25752.25
J36;0;online;yyyyyyyyyyyyyyyyyyyyyyyyyyyyyyyyyyyyyyyyyyyyyyyyyyyyyyyyy;25752.50
J36;0;online;yyyyyyyyyyyyyyyyyyyyyyyyyyyyyyyyyyyyyyyyyyyyyyyyyyyyyyyyy;25752.75
J36;0;online;yyyyyyyyyyyyyyyyyyyyyyyyyyyyyyyyyyyyyyyyyyyyyyyyyyyyyyyyy;25753.00
J36;0;online;yyyyyyyyyyyyyyyyyyyyyyyyyyyyyyyyyyyyyyyyyyyyyyyyyyyyyyyyy;25753.25
J36;0;online;yyyyyyyyyyyyyyyyyyyyyyyyyyyyyyyyyyyyyyyyyyyyyyyyyyyyyyyyy;25753.50
J36;0;online;yyyyyyyyyyyyyyyyyyyyyyyyyyyyyyyyyyyyyyyyyyyyyyyyyyyyyyyyy;25753.75
J36;4;0;urru;25754.00
J36;4;0;urru;25754.25
J36;4;0;urru;25754.50
J36;4;0;urru;25754.75
J36;5;0;GrrG;25755.00
J36;5;0;GrrG;25755.25
J36;5;0;GrrG;25755.50
J36;5;0;GrrG;25755.75
J36;5;0;GrrG;25756.00
J36;5;0;GrrG;25756.25
J36;5;0;GrrG;25756.50
J36;5;0;GrrG;25756.75
J36;5;0;GrrG;25757.00
J36;5;0;GrrG;25757.25
J36;5;0;GrrG;25757.50
J36;5;0;GrrG;25757.75
J36;5;0;GrrG;25758.00
J36;5;0;GrrG;25758.25
J36;5;0;GrrG;25758.50
J36;5;0;GrrG;25758.75
J36;5;0;GrrG;25759.00
J36;5;0;GrrG;25759.25
J36;5;0;GrrG;25759.50
J36;5;0;GrrG;25759.75
J36;5;0;GrrG;25760.00
J36;5;0;GrrG;25760.25
J36;5;0;GrrG;25760.50
J36;5;0;GrrG;25760.75
J36;5;0;GrrG;25761.00
J36;5;0;GrrG;25761.25
J36;5;0;GrrG;25761.50
J36;5;0;GrrG;25761.75
J36;5;0;GrrG;25762.00
J36;5;0;GrrG;25762.25
J36;5;0;GrrG;25762.50
J36;5;0;GrrG;25762.75
J36;5;0;GrrG;25763.00
J36;5;0;GrrG;25763.25
J36;5;0;GrrG;25763.50
J36;5;0;GrrG;25763.75
J36;5;0;GrrG;25764.00
J36;5;0;GrrG;25764.25
J36;5;0;GrrG;25764.50
J36;5;0;GrrG;25764.75
J36;5;0;GrrG;25765.00
J36;5;0;GrrG;25765.25
J36;5;0;GrrG;25765.50
J36;5;0;GrrG;25765.75
J36;5;0;GrrG;25766.00
J36;5;0;GrrG;25766.25
J36;5;0;GrrG;25766.50
J36;5;0;GrrG;25766.75
J36;5;0;GrrG;25767.00
J36;5;0;GrrG;25767.25
J36;5;0;GrrG;25767.50
J36;5;0;GrrG;25767.75
J36;5;0;GrrG;25768.00
J36;5;0;GrrG;25768.25
J36;5;0;GrrG;25768.50
J36;5;0;GrrG;25768.75
J36;5;0;GrrG;25769.00
J36;5;0;GrrG;25769.25
J36;5;0;GrrG;25769.50
J36;5;0;GrrG;25769.75
J36;5;0;GrrG;25770.00
J36;5;0;GrrG;25770.25
J36;5;0;GrrG;25770.50
J36;5;0;GrrG;25770.75
J36;5;0;GrrG;25771.00
J36;5;0;GrrG;25771.25
J36;5;0;GrrG;25771.50
J36;5;0;GrrG;25771.75
J36;5;0;GrrG;25772.00
J36;5;0;GrrG;25772.25
J36;5;0;GrrG;25772.50
J36;5;0;GrrG;25772.75
J36;5;0;GrrG;25773.00
J36;5;0;GrrG;25773.25
J36;5;0;GrrG;25773.50
J36;5;0;GrrG;25773.75
J36;5;0;GrrG;25774.00
J36;5;0;GrrG;25774.25
J36;5;0;GrrG;25774.50
J36;5;0;GrrG;25774.75
J36;5;0;GrrG;25775.00
J36;5;0;GrrG;25775.25
J36;5;0;GrrG;25775.50
J36;5;0;GrrG;25775.75
J36;5;0;GrrG;25776.00
J36;5;0;GrrG;25776.25
J36;5;0;GrrG;25776.50
J36;5;0;GrrG;25776.75
J36;5;0;GrrG;25777.00
J36;5;0;GrrG;25777.25
J36;5;0;GrrG;25777.50
J36;5;0;GrrG;25777.75
J36;5;0;GrrG;25778.00
J36;5;0;GrrG;25778.25
J36;5;0;GrrG;25778.50
J36;5;0;GrrG;25778.75
J36;5;0;GrrG;25779.00
J36;5;0;GrrG;25779.25
J36;5;0;GrrG;25779.50
J36;5;0;GrrG;25779.75
J36;6;0;yrry;25780.00
J36;6;0;yrry;25780.25
J36;6;0;yrry;25780.50
J36;6;0;yrry;25780.75
J36;6;0;yrry;25781.00
J36;6;0;yrry;25781.25
J36;6;0;yrry;25781.50
J36;6;0;yrry;25781.75
J36;6;0;yrry;25782.00
J36;6;0;yrry;25782.25
J36;6;0;yrry;25782.50
J36;6;0;yrry;25782.75
J36;7;0;rrrr;25783.00
J36;7;0;rrrr;25783.25
J36;7;0;rrrr;25783.50
J36;7;0;rrrr;25783.75
J36;0;0;ruur;25784.00
J36;0;0;ruur;25784.25
J36;0;0;ruur;25784.50
J36;0;0;ruur;25784.75
J36;1;0;rGGr;25785.00
J36;1;0;rGGr;25785.25
J36;1;0;rGGr;25785.50
J36;1;0;rGGr;25785.75
J36;1;0;rGGr;25786.00
J36;1;0;rGGr;25786.25
J36;1;0;rGGr;25786.50
J36;1;0;rGGr;25786.75
J36;1;0;rGGr;25787.00
J36;1;0;rGGr;25787.25
J36;1;0;rGGr;25787.50
J36;1;0;rGGr;25787.75
J36;1;0;rGGr;25788.00
J36;1;0;rGGr;25788.25
J36;1;0;rGGr;25788.50
J36;1;0;rGGr;25788.75
J36;1;0;rGGr;25789.00
J36;1;0;rGGr;25789.25
J36;1;0;rGGr;25789.50
J36;1;0;rGGr;25789.75
J36;1;0;rGGr;25790.00
J36;1;0;rGGr;25790.25
J36;1;0;rGGr;25790.50
J36;1;0;rGGr;25790.75
J36;1;0;rGGr;25791.00
J36;1;0;rGGr;25791.25
J36;1;0;rGGr;25791.50
J36;1;0;rGGr;25791.75
J36;1;0;rGGr;25792.00
J36;1;0;rGGr;25792.25
J36;1;0;rGGr;25792.50
J36;1;0;rGGr;25792.75
J36;1;0;rGGr;25793.00
J36;1;0;rGGr;25793.25
J36;1;0;rGGr;25793.50
J36;1;0;rGGr;25793.75
J36;1;0;rGGr;25794.00
J36;1;0;rGGr;25794.25
J36;1;0;rGGr;25794.50
J36;1;0;rGGr;25794.75
J36;1;0;rGGr;25795.00
J36;1;0;rGGr;25795.25
J36;1;0;rGGr;25795.50
J36;1;0;rGGr;25795.75
J36;1;0;rGGr;25796.00
J36;1;0;rGGr;25796.25
J36;1;0;rGGr;25796.50
J36;1;0;rGGr;25796.75
J36;1;0;rGGr;25797.00
J36;1;0;rGGr;25797.25
J36;1;0;rGGr;25797.50
J36;1;0;rGGr;25797.75
J36;1;0;rGGr;25798.00
J36;1;0;rGGr;25798.25
J36;1;0;rGGr;25798.50
J36;1;0;rGGr;25798.75
J36;1;0;rGGr;25799.00
J36;1;0;rGGr;25799.25
J36;1;0;rGGr;25799.50
J36;1;0;rGGr;25799.75
J36;1;0;rGGr;25800.00
J36;1;0;rGGr;25800.25
J36;1;0;rGGr;25800.50
J36;1;0;rGGr;25800.75
J36;1;0;rGGr;25801.00
J36;1;0;rGGr;25801.25
J36;1;0;rGGr;25801.50
J36;1;0;rGGr;25801.75
J36;1;0;rGGr;25802.00
J36;1;0;rGGr;25802.25
J36;1;0;rGGr;25802.50
J36;1;0;rGGr;25802.75
J36;1;0;rGGr;25803.00
J36;1;0;rGGr;25803.25
J36;1;0;rGGr;25803.50
J36;1;0;rGGr;25803.75
J36;1;0;rGGr;25804.00
J36;1;0;rGGr;25804.25
J36;1;0;rGGr;25804.50
J36;1;0;rGGr;25804.75
J36;1;0;rGGr;25805.00
J36;1;0;rGGr;25805.25
J36;1;0;rGGr;25805.50
J36;1;0;rGGr;25805.75
J36;1;0;rGGr;25806.00
J36;1;0;rGGr;25806.25
J36;1;0;rGGr;25806.50
J36;1;0;rGGr;25806.75
J36;1;0;rGGr;25807.00
J36;1;0;rGGr;25807.25
J36;1;0;rGGr;25807.50
J36;1;0;rGGr;25807.75
J36;1;0;rGGr;25808.00
J36;1;0;rGGr;25808.25
J36;1;0;rGGr;25808.50
J36;1;0;rGGr;25808.75
J36;1;0;rGGr;25809.00
J36;1;0;rGGr;25809.25
J36;1;0;rGGr;25809.50
J36;1;0;rGGr;25809.75
J36;1;0;rGGr;25810.00
J36;1;0;rGGr;25810.25
J36;1;0;rGGr;25810.50
J36;1;0;rGGr;25810.75
J36;1;0;rGGr;25811.00
J36;1;0;rGGr;25811.25
J36;1;0;rGGr;25811.50
J36;1;0;rGGr;25811.75
J36;1;0;rGGr;25812.00
J36;1;0;rGGr;25812.25
J36;1;0;rGGr;25812.50
J36;1;0;rGGr;25812.75
J36;1;0;rGGr;25813.00
J36;1;0;rGGr;25813.25
J36;1;0;rGGr;25813.50
J36;1;0;rGGr;25813.75
J36;1;0;rGGr;25814.00
J36;1;0;rGGr;25814.25
J36;1;0;rGGr;25814.50
J36;1;0;rGGr;25814.75
J36;1;0;rGGr;25815.00
J36;1;0;rGGr;25815.25
J36;1;0;rGGr;25815.50
J36;1;0;rGGr;25815.75
J36;1;0;rGGr;25816.00
J36;1;0;rGGr;25816.25
J36;1;0;rGGr;25816.50
J36;1;0;rGGr;25816.75
J36;1;0;rGGr;25817.00
J36;1;0;rGGr;25817.25
J36;1;0;rGGr;25817.50
J36;1;0;rGGr;25817.75
J36;1;0;rGGr;25818.00
J36;1;0;rGGr;25818.25
J36;1;0;rGGr;25818.50
J36;1;0;rGGr;25818.75
J36;1;0;rGGr;25819.00
J36;1;0;rGGr;25819.25
J36;1;0;rGGr;25819.50
J36;1;0;rGGr;25819.75
J36;1;0;rGGr;25820.00
J36;1;0;rGGr;25820.25
J36;0;online;yyyyyyyyyyyyyyyyyyyyyyyyyyyyyyyyyyyyyyyyyyyyyyyyyyyyyyyyy;25820.50
J36;0;online;yyyyyyyyyyyyyyyyyyyyyyyyyyyyyyyyyyyyyyyyyyyyyyyyyyyyyyyyy;25820.75
J36;0;online;yyyyyyyyyyyyyyyyyyyyyyyyyyyyyyyyyyyyyyyyyyyyyyyyyyyyyyyyy;25821.00
J36;0;online;yyyyyyyyyyyyyyyyyyyyyyyyyyyyyyyyyyyyyyyyyyyyyyyyyyyyyyyyy;25821.25
J36;0;online;yyyyyyyyyyyyyyyyyyyyyyyyyyyyyyyyyyyyyyyyyyyyyyyyyyyyyyyyy;25821.50
J36;0;online;yyyyyyyyyyyyyyyyyyyyyyyyyyyyyyyyyyyyyyyyyyyyyyyyyyyyyyyyy;25821.75
J36;0;online;yyyyyyyyyyyyyyyyyyyyyyyyyyyyyyyyyyyyyyyyyyyyyyyyyyyyyyyyy;25822.00
J36;0;online;yyyyyyyyyyyyyyyyyyyyyyyyyyyyyyyyyyyyyyyyyyyyyyyyyyyyyyyyy;25822.25
J36;0;online;yyyyyyyyyyyyyyyyyyyyyyyyyyyyyyyyyyyyyyyyyyyyyyyyyyyyyyyyy;25822.50
J36;0;online;yyyyyyyyyyyyyyyyyyyyyyyyyyyyyyyyyyyyyyyyyyyyyyyyyyyyyyyyy;25822.75
J36;0;online;yyyyyyyyyyyyyyyyyyyyyyyyyyyyyyyyyyyyyyyyyyyyyyyyyyyyyyyyy;25823.00
J36;0;online;yyyyyyyyyyyyyyyyyyyyyyyyyyyyyyyyyyyyyyyyyyyyyyyyyyyyyyyyy;25823.25
J36;4;0;urru;25823.50
J36;4;0;urru;25823.75
J36;4;0;urru;25824.00
J36;4;0;urru;25824.25
J36;5;0;GrrG;25824.50
J36;5;0;GrrG;25824.75
J36;5;0;GrrG;25825.00
J36;5;0;GrrG;25825.25
J36;5;0;GrrG;25825.50
J36;5;0;GrrG;25825.75
J36;5;0;GrrG;25826.00
J36;5;0;GrrG;25826.25
J36;5;0;GrrG;25826.50
J36;5;0;GrrG;25826.75
J36;5;0;GrrG;25827.00
J36;5;0;GrrG;25827.25
J36;5;0;GrrG;25827.50
J36;5;0;GrrG;25827.75
J36;5;0;GrrG;25828.00
J36;5;0;GrrG;25828.25
J36;5;0;GrrG;25828.50
J36;5;0;GrrG;25828.75
J36;5;0;GrrG;25829.00
J36;5;0;GrrG;25829.25
J36;5;0;GrrG;25829.50
J36;5;0;GrrG;25829.75
J36;5;0;GrrG;25830.00
J36;5;0;GrrG;25830.25
J36;5;0;GrrG;25830.50
J36;5;0;GrrG;25830.75
J36;5;0;GrrG;25831.00
J36;5;0;GrrG;25831.25
J36;5;0;GrrG;25831.50
J36;5;0;GrrG;25831.75
J36;5;0;GrrG;25832.00
J36;5;0;GrrG;25832.25
J36;5;0;GrrG;25832.50
J36;5;0;GrrG;25832.75
J36;5;0;GrrG;25833.00
J36;5;0;GrrG;25833.25
J36;5;0;GrrG;25833.50
J36;5;0;GrrG;25833.75
J36;5;0;GrrG;25834.00
J36;5;0;GrrG;25834.25
J36;5;0;GrrG;25834.50
J36;5;0;GrrG;25834.75
J36;5;0;GrrG;25835.00
J36;5;0;GrrG;25835.25
J36;5;0;GrrG;25835.50
J36;5;0;GrrG;25835.75
J36;5;0;GrrG;25836.00
J36;5;0;GrrG;25836.25
J36;5;0;GrrG;25836.50
J36;5;0;GrrG;25836.75
J36;5;0;GrrG;25837.00
J36;5;0;GrrG;25837.25
J36;5;0;GrrG;25837.50
J36;5;0;GrrG;25837.75
J36;5;0;GrrG;25838.00
J36;5;0;GrrG;25838.25
J36;5;0;GrrG;25838.50
J36;5;0;GrrG;25838.75
J36;5;0;GrrG;25839.00
J36;5;0;GrrG;25839.25
J36;5;0;GrrG;25839.50
J36;5;0;GrrG;25839.75
J36;5;0;GrrG;25840.00
J36;5;0;GrrG;25840.25
J36;5;0;GrrG;25840.50
J36;5;0;GrrG;25840.75
J36;5;0;GrrG;25841.00
J36;5;0;GrrG;25841.25
J36;5;0;GrrG;25841.50
J36;5;0;GrrG;25841.75
J36;5;0;GrrG;25842.00
J36;5;0;GrrG;25842.25
J36;5;0;GrrG;25842.50
J36;5;0;GrrG;25842.75
J36;5;0;GrrG;25843.00
J36;5;0;GrrG;25843.25
J36;5;0;GrrG;25843.50
J36;5;0;GrrG;25843.75
J36;5;0;GrrG;25844.00
J36;5;0;GrrG;25844.25
J36;5;0;GrrG;25844.50
J36;5;0;GrrG;25844.75
J36;5;0;GrrG;25845.00
J36;5;0;GrrG;25845.25
J36;5;0;GrrG;25845.50
J36;5;0;GrrG;25845.75
J36;5;0;GrrG;25846.00
J36;5;0;GrrG;25846.25
J36;5;0;GrrG;25846.50
J36;5;0;GrrG;25846.75
J36;5;0;GrrG;25847.00
J36;5;0;GrrG;25847.25
J36;5;0;GrrG;25847.50
J36;5;0;GrrG;25847.75
J36;5;0;GrrG;25848.00
J36;5;0;GrrG;25848.25
J36;5;0;GrrG;25848.50
J36;5;0;GrrG;25848.75
J36;5;0;GrrG;25849.00
J36;5;0;GrrG;25849.25
J36;6;0;yrry;25849.50
J36;6;0;yrry;25849.75
J36;6;0;yrry;25850.00
J36;6;0;yrry;25850.25
J36;6;0;yrry;25850.50
J36;6;0;yrry;25850.75
J36;6;0;yrry;25851.00
J36;6;0;yrry;25851.25
J36;6;0;yrry;25851.50
J36;6;0;yrry;25851.75
J36;6;0;yrry;25852.00
J36;6;0;yrry;25852.25
J36;7;0;rrrr;25852.50
J36;7;0;rrrr;25852.75
J36;7;0;rrrr;25853.00
J36;7;0;rrrr;25853.25
J36;0;0;ruur;25853.50
J36;0;0;ruur;25853.75
J36;0;0;ruur;25854.00
J36;0;0;ruur;25854.25
J36;1;0;rGGr;25854.50
J36;1;0;rGGr;25854.75
J36;1;0;rGGr;25855.00
J36;1;0;rGGr;25855.25
J36;1;0;rGGr;25855.50
J36;1;0;rGGr;25855.75
J36;1;0;rGGr;25856.00
J36;1;0;rGGr;25856.25
J36;1;0;rGGr;25856.50
J36;1;0;rGGr;25856.75
J36;1;0;rGGr;25857.00
J36;1;0;rGGr;25857.25
J36;1;0;rGGr;25857.50
J36;1;0;rGGr;25857.75
J36;1;0;rGGr;25858.00
J36;1;0;rGGr;25858.25
J36;1;0;rGGr;25858.50
J36;1;0;rGGr;25858.75
J36;1;0;rGGr;25859.00
J36;1;0;rGGr;25859.25
J36;1;0;rGGr;25859.50
J36;1;0;rGGr;25859.75
J36;1;0;rGGr;25860.00
J36;1;0;rGGr;25860.25
J36;1;0;rGGr;25860.50
J36;1;0;rGGr;25860.75
J36;1;0;rGGr;25861.00
J36;1;0;rGGr;25861.25
J36;1;0;rGGr;25861.50
J36;1;0;rGGr;25861.75
J36;1;0;rGGr;25862.00
J36;1;0;rGGr;25862.25
J36;1;0;rGGr;25862.50
J36;1;0;rGGr;25862.75
J36;1;0;rGGr;25863.00
J36;1;0;rGGr;25863.25
J36;1;0;rGGr;25863.50
J36;1;0;rGGr;25863.75
J36;1;0;rGGr;25864.00
J36;1;0;rGGr;25864.25
J36;1;0;rGGr;25864.50
J36;1;0;rGGr;25864.75
J36;1;0;rGGr;25865.00
J36;1;0;rGGr;25865.25
J36;1;0;rGGr;25865.50
J36;1;0;rGGr;25865.75
J36;1;0;rGGr;25866.00
J36;1;0;rGGr;25866.25
J36;1;0;rGGr;25866.50
J36;1;0;rGGr;25866.75
J36;1;0;rGGr;25867.00
J36;1;0;rGGr;25867.25
J36;1;0;rGGr;25867.50
J36;1;0;rGGr;25867.75
J36;1;0;rGGr;25868.00
J36;1;0;rGGr;25868.25
J36;1;0;rGGr;25868.50
J36;1;0;rGGr;25868.75
J36;1;0;rGGr;25869.00
J36;1;0;rGGr;25869.25
J36;1;0;rGGr;25869.50
J36;1;0;rGGr;25869.75
J36;1;0;rGGr;25870.00
J36;1;0;rGGr;25870.25
J36;1;0;rGGr;25870.50
J36;1;0;rGGr;25870.75
J36;1;0;rGGr;25871.00
J36;1;0;rGGr;25871.25
J36;1;0;rGGr;25871.50
J36;1;0;rGGr;25871.75
J36;1;0;rGGr;25872.00
J36;1;0;rGGr;25872.25
J36;1;0;rGGr;25872.50
J36;1;0;rGGr;25872.75
J36;1;0;rGGr;25873.00
J36;1;0;rGGr;25873.25
J36;1;0;rGGr;25873.50
J36;1;0;rGGr;25873.75
J36;1;0;rGGr;25874.00
J36;1;0;rGGr;25874.25
J36;1;0;rGGr;25874.50
J36;1;0;rGGr;25874.75
J36;1;0;rGGr;25875.00
J36;1;0;rGGr;25875.25
J36;1;0;rGGr;25875.50
J36;1;0;rGGr;25875.75
J36;1;0;rGGr;25876.00
J36;1;0;rGGr;25876.25
J36;1;0;rGGr;25876.50
J36;1;0;rGGr;25876.75
J36;1;0;rGGr;25877.00
J36;1;0;rGGr;25877.25
J36;1;0;rGGr;25877.50
J36;1;0;rGGr;25877.75
J36;1;0;rGGr;25878.00
J36;1;0;rGGr;25878.25
J36;1;0;rGGr;25878.50
J36;1;0;rGGr;25878.75
J36;1;0;rGGr;25879.00
J36;1;0;rGGr;25879.25
J36;1;0;rGGr;25879.50
J36;1;0;rGGr;25879.75
J36;1;0;rGGr;25880.00
J36;1;0;rGGr;25880.25
J36;1;0;rGGr;25880.50
J36;1;0;rGGr;25880.75
J36;1;0;rGGr;25881.00
J36;1;0;rGGr;25881.25
J36;1;0;rGGr;25881.50
J36;1;0;rGGr;25881.75
J36;1;0;rGGr;25882.00
J36;1;0;rGGr;25882.25
J36;1;0;rGGr;25882.50
J36;1;0;rGGr;25882.75
J36;1;0;rGGr;25883.00
J36;1;0;rGGr;25883.25
J36;1;0;rGGr;25883.50
J36;1;0;rGGr;25883.75
J36;1;0;rGGr;25884.00
J36;1;0;rGGr;25884.25
J36;1;0;rGGr;25884.50
J36;1;0;rGGr;25884.75
J36;1;0;rGGr;25885.00
J36;1;0;rGGr;25885.25
J36;1;0;rGGr;25885.50
J36;1;0;rGGr;25885.75
J36;1;0;rGGr;25886.00
J36;1;0;rGGr;25886.25
J36;1;0;rGGr;25886.50
J36;1;0;rGGr;25886.75
J36;1;0;rGGr;25887.00
J36;1;0;rGGr;25887.25
J36;1;0;rGGr;25887.50
J36;1;0;rGGr;25887.75
J36;1;0;rGGr;25888.00
J36;1;0;rGGr;25888.25
J36;1;0;rGGr;25888.50
J36;1;0;rGGr;25888.75
J36;1;0;rGGr;25889.00
J36;1;0;rGGr;25889.25
J36;1;0;rGGr;25889.50
J36;1;0;rGGr;25889.75
J36;1;0;rGGr;25890.00
J36;1;0;rGGr;25890.25
J36;1;0;rGGr;25890.50
J36;1;0;rGGr;25890.75
J36;1;0;rGGr;25891.00
J36;1;0;rGGr;25891.25
J36;1;0;rGGr;25891.50
J36;1;0;rGGr;25891.75
J36;1;0;rGGr;25892.00
J36;1;0;rGGr;25892.25
J36;1;0;rGGr;25892.50
J36;1;0;rGGr;25892.75
J36;1;0;rGGr;25893.00
J36;1;0;rGGr;25893.25
J36;1;0;rGGr;25893.50
J36;1;0;rGGr;25893.75
J36;1;0;rGGr;25894.00
J36;1;0;rGGr;25894.25
J36;1;0;rGGr;25894.50
J36;1;0;rGGr;25894.75
J36;1;0;rGGr;25895.00
J36;1;0;rGGr;25895.25
J36;1;0;rGGr;25895.50
J36;1;0;rGGr;25895.75
J36;1;0;rGGr;25896.00
J36;1;0;rGGr;25896.25
J36;1;0;rGGr;25896.50
J36;1;0;rGGr;25896.75
J36;1;0;rGGr;25897.00
J36;1;0;rGGr;25897.25
J36;1;0;rGGr;25897.50
J36;1;0;rGGr;25897.75
J36;1;0;rGGr;25898.00
J36;1;0;rGGr;25898.25
J36;1;0;rGGr;25898.50
J36;1;0;rGGr;25898.75
J36;1;0;rGGr;25899.00
J36;1;0;rGGr;25899.25
J36;1;0;rGGr;25899.50
J36;1;0;rGGr;25899.75
J36;1;0;rGGr;25900.00
J36;1;0;rGGr;25900.25
J36;1;0;rGGr;25900.50
J36;1;0;rGGr;25900.75
J36;1;0;rGGr;25901.00
J36;1;0;rGGr;25901.25
J36;1;0;rGGr;25901.50
J36;1;0;rGGr;25901.75
J36;1;0;rGGr;25902.00
J36;1;0;rGGr;25902.25
J36;1;0;rGGr;25902.50
J36;1;0;rGGr;25902.75
J36;1;0;rGGr;25903.00
J36;1;0;rGGr;25903.25
J36;1;0;rGGr;25903.50
J36;1;0;rGGr;25903.75
J36;1;0;rGGr;25904.00
J36;1;0;rGGr;25904.25
J36;1;0;rGGr;25904.50
J36;1;0;rGGr;25904.75
J36;1;0;rGGr;25905.00
J36;1;0;rGGr;25905.25
J36;1;0;rGGr;25905.50
J36;1;0;rGGr;25905.75
J36;1;0;rGGr;25906.00
J36;1;0;rGGr;25906.25
J36;1;0;rGGr;25906.50
J36;1;0;rGGr;25906.75
J36;1;0;rGGr;25907.00
J36;1;0;rGGr;25907.25
J36;1;0;rGGr;25907.50
J36;1;0;rGGr;25907.75
J36;1;0;rGGr;25908.00
J36;1;0;rGGr;25908.25
J36;1;0;rGGr;25908.50
J36;1;0;rGGr;25908.75
J36;1;0;rGGr;25909.00
J36;1;0;rGGr;25909.25
J36;1;0;rGGr;25909.50
J36;1;0;rGGr;25909.75
J36;1;0;rGGr;25910.00
J36;1;0;rGGr;25910.25
J36;1;0;rGGr;25910.50
J36;1;0;rGGr;25910.75
J36;1;0;rGGr;25911.00
J36;1;0;rGGr;25911.25
J36;1;0;rGGr;25911.50
J36;1;0;rGGr;25911.75
J36;1;0;rGGr;25912.00
J36;1;0;rGGr;25912.25
J36;1;0;rGGr;25912.50
J36;1;0;rGGr;25912.75
J36;1;0;rGGr;25913.00
J36;1;0;rGGr;25913.25
J36;1;0;rGGr;25913.50
J36;1;0;rGGr;25913.75
J36;1;0;rGGr;25914.00
J36;1;0;rGGr;25914.25
J36;1;0;rGGr;25914.50
J36;1;0;rGGr;25914.75
J36;1;0;rGGr;25915.00
J36;1;0;rGGr;25915.25
J36;1;0;rGGr;25915.50
J36;1;0;rGGr;25915.75
J36;1;0;rGGr;25916.00
J36;1;0;rGGr;25916.25
J36;1;0;rGGr;25916.50
J36;1;0;rGGr;25916.75
J36;1;0;rGGr;25917.00
J36;1;0;rGGr;25917.25
J36;1;0;rGGr;25917.50
J36;1;0;rGGr;25917.75
J36;1;0;rGGr;25918.00
J36;1;0;rGGr;25918.25
J36;1;0;rGGr;25918.50
J36;1;0;rGGr;25918.75
J36;1;0;rGGr;25919.00
J36;1;0;rGGr;25919.25
J36;1;0;rGGr;25919.50
J36;1;0;rGGr;25919.75
J36;1;0;rGGr;25920.00
J36;1;0;rGGr;25920.25
J36;1;0;rGGr;25920.50
J36;1;0;rGGr;25920.75
J36;1;0;rGGr;25921.00
J36;1;0;rGGr;25921.25
J36;1;0;rGGr;25921.50
J36;1;0;rGGr;25921.75
J36;1;0;rGGr;25922.00
J36;1;0;rGGr;25922.25
J36;1;0;rGGr;25922.50
J36;1;0;rGGr;25922.75
J36;1;0;rGGr;25923.00
J36;1;0;rGGr;25923.25
J36;1;0;rGGr;25923.50
J36;1;0;rGGr;25923.75
J36;1;0;rGGr;25924.00
J36;1;0;rGGr;25924.25
J36;1;0;rGGr;25924.50
J36;1;0;rGGr;25924.75
J36;1;0;rGGr;25925.00
J36;1;0;rGGr;25925.25
J36;1;0;rGGr;25925.50
J36;1;0;rGGr;25925.75
J36;1;0;rGGr;25926.00
J36;1;0;rGGr;25926.25
J36;1;0;rGGr;25926.50
J36;1;0;rGGr;25926.75
J36;1;0;rGGr;25927.00
J36;1;0;rGGr;25927.25
J36;1;0;rGGr;25927.50
J36;1;0;rGGr;25927.75
J36;1;0;rGGr;25928.00
J36;1;0;rGGr;25928.25
J36;1;0;rGGr;25928.50
J36;1;0;rGGr;25928.75
J36;1;0;rGGr;25929.00
J36;1;0;rGGr;25929.25
J36;1;0;rGGr;25929.50
J36;1;0;rGGr;25929.75
J36;1;0;rGGr;25930.00
J36;1;0;rGGr;25930.25
J36;1;0;rGGr;25930.50
J36;1;0;rGGr;25930.75
J36;1;0;rGGr;25931.00
J36;1;0;rGGr;25931.25
J36;1;0;rGGr;25931.50
J36;1;0;rGGr;25931.75
J36;1;0;rGGr;25932.00
J36;1;0;rGGr;25932.25
J36;1;0;rGGr;25932.50
J36;1;0;rGGr;25932.75
J36;1;0;rGGr;25933.00
J36;1;0;rGGr;25933.25
J36;1;0;rGGr;25933.50
J36;1;0;rGGr;25933.75
J36;1;0;rGGr;25934.00
J36;1;0;rGGr;25934.25
J36;1;0;rGGr;25934.50
J36;2;0;ryyr;25934.75
J36;2;0;ryyr;25935.00
J36;2;0;ryyr;25935.25
J36;0;online;yyyyyyyyyyyyyyyyyyyyyyyyyyyyyyyyyyyyyyyyyyyyyyyyyyyyyyyyy;25935.50
J36;0;online;yyyyyyyyyyyyyyyyyyyyyyyyyyyyyyyyyyyyyyyyyyyyyyyyyyyyyyyyy;25935.75
J36;0;online;yyyyyyyyyyyyyyyyyyyyyyyyyyyyyyyyyyyyyyyyyyyyyyyyyyyyyyyyy;25936.00
J36;0;online;yyyyyyyyyyyyyyyyyyyyyyyyyyyyyyyyyyyyyyyyyyyyyyyyyyyyyyyyy;25936.25
J36;0;online;yyyyyyyyyyyyyyyyyyyyyyyyyyyyyyyyyyyyyyyyyyyyyyyyyyyyyyyyy;25936.50
J36;0;online;yyyyyyyyyyyyyyyyyyyyyyyyyyyyyyyyyyyyyyyyyyyyyyyyyyyyyyyyy;25936.75
J36;0;online;yyyyyyyyyyyyyyyyyyyyyyyyyyyyyyyyyyyyyyyyyyyyyyyyyyyyyyyyy;25937.00
J36;0;online;yyyyyyyyyyyyyyyyyyyyyyyyyyyyyyyyyyyyyyyyyyyyyyyyyyyyyyyyy;25937.25
J36;0;online;yyyyyyyyyyyyyyyyyyyyyyyyyyyyyyyyyyyyyyyyyyyyyyyyyyyyyyyyy;25937.50
J36;0;online;yyyyyyyyyyyyyyyyyyyyyyyyyyyyyyyyyyyyyyyyyyyyyyyyyyyyyyyyy;25937.75
J36;0;online;yyyyyyyyyyyyyyyyyyyyyyyyyyyyyyyyyyyyyyyyyyyyyyyyyyyyyyyyy;25938.00
J36;0;online;yyyyyyyyyyyyyyyyyyyyyyyyyyyyyyyyyyyyyyyyyyyyyyyyyyyyyyyyy;25938.25
J36;4;0;urru;25938.50
J36;4;0;urru;25938.75
J36;4;0;urru;25939.00
J36;4;0;urru;25939.25
J36;5;0;GrrG;25939.50
J36;5;0;GrrG;25939.75
J36;5;0;GrrG;25940.00
J36;5;0;GrrG;25940.25
J36;5;0;GrrG;25940.50
J36;5;0;GrrG;25940.75
J36;5;0;GrrG;25941.00
J36;5;0;GrrG;25941.25
J36;5;0;GrrG;25941.50
J36;5;0;GrrG;25941.75
J36;5;0;GrrG;25942.00
J36;5;0;GrrG;25942.25
J36;5;0;GrrG;25942.50
J36;5;0;GrrG;25942.75
J36;5;0;GrrG;25943.00
J36;5;0;GrrG;25943.25
J36;5;0;GrrG;25943.50
J36;5;0;GrrG;25943.75
J36;5;0;GrrG;25944.00
J36;5;0;GrrG;25944.25
J36;5;0;GrrG;25944.50
J36;5;0;GrrG;25944.75
J36;5;0;GrrG;25945.00
J36;5;0;GrrG;25945.25
J36;5;0;GrrG;25945.50
J36;5;0;GrrG;25945.75
J36;5;0;GrrG;25946.00
J36;5;0;GrrG;25946.25
J36;5;0;GrrG;25946.50
J36;5;0;GrrG;25946.75
J36;5;0;GrrG;25947.00
J36;5;0;GrrG;25947.25
J36;5;0;GrrG;25947.50
J36;5;0;GrrG;25947.75
J36;5;0;GrrG;25948.00
J36;5;0;GrrG;25948.25
J36;5;0;GrrG;25948.50
J36;5;0;GrrG;25948.75
J36;5;0;GrrG;25949.00
J36;5;0;GrrG;25949.25
J36;5;0;GrrG;25949.50
J36;5;0;GrrG;25949.75
J36;5;0;GrrG;25950.00
J36;5;0;GrrG;25950.25
J36;5;0;GrrG;25950.50
J36;5;0;GrrG;25950.75
J36;5;0;GrrG;25951.00
J36;5;0;GrrG;25951.25
J36;5;0;GrrG;25951.50
J36;5;0;GrrG;25951.75
J36;5;0;GrrG;25952.00
J36;5;0;GrrG;25952.25
J36;5;0;GrrG;25952.50
J36;5;0;GrrG;25952.75
J36;5;0;GrrG;25953.00
J36;5;0;GrrG;25953.25
J36;5;0;GrrG;25953.50
J36;5;0;GrrG;25953.75
J36;5;0;GrrG;25954.00
J36;5;0;GrrG;25954.25
J36;5;0;GrrG;25954.50
J36;5;0;GrrG;25954.75
J36;5;0;GrrG;25955.00
J36;5;0;GrrG;25955.25
J36;5;0;GrrG;25955.50
J36;5;0;GrrG;25955.75
J36;5;0;GrrG;25956.00
J36;5;0;GrrG;25956.25
J36;5;0;GrrG;25956.50
J36;5;0;GrrG;25956.75
J36;5;0;GrrG;25957.00
J36;5;0;GrrG;25957.25
J36;5;0;GrrG;25957.50
J36;5;0;GrrG;25957.75
J36;5;0;GrrG;25958.00
J36;5;0;GrrG;25958.25
J36;5;0;GrrG;25958.50
J36;5;0;GrrG;25958.75
J36;5;0;GrrG;25959.00
J36;5;0;GrrG;25959.25
J36;5;0;GrrG;25959.50
J36;5;0;GrrG;25959.75
J36;5;0;GrrG;25960.00
J36;5;0;GrrG;25960.25
J36;5;0;GrrG;25960.50
J36;5;0;GrrG;25960.75
J36;5;0;GrrG;25961.00
J36;5;0;GrrG;25961.25
J36;5;0;GrrG;25961.50
J36;5;0;GrrG;25961.75
J36;5;0;GrrG;25962.00
J36;5;0;GrrG;25962.25
J36;5;0;GrrG;25962.50
J36;5;0;GrrG;25962.75
J36;5;0;GrrG;25963.00
J36;5;0;GrrG;25963.25
J36;5;0;GrrG;25963.50
J36;5;0;GrrG;25963.75
J36;5;0;GrrG;25964.00
J36;5;0;GrrG;25964.25
J36;6;0;yrry;25964.50
J36;6;0;yrry;25964.75
J36;6;0;yrry;25965.00
J36;6;0;yrry;25965.25
J36;6;0;yrry;25965.50
J36;6;0;yrry;25965.75
J36;6;0;yrry;25966.00
J36;6;0;yrry;25966.25
J36;6;0;yrry;25966.50
J36;6;0;yrry;25966.75
J36;6;0;yrry;25967.00
J36;6;0;yrry;25967.25
J36;7;0;rrrr;25967.50
J36;7;0;rrrr;25967.75
J36;7;0;rrrr;25968.00
J36;7;0;rrrr;25968.25
J36;0;0;ruur;25968.50
J36;0;0;ruur;25968.75
J36;0;0;ruur;25969.00
J36;0;0;ruur;25969.25
J36;1;0;rGGr;25969.50
J36;1;0;rGGr;25969.75
J36;1;0;rGGr;25970.00
J36;1;0;rGGr;25970.25
J36;1;0;rGGr;25970.50
J36;1;0;rGGr;25970.75
J36;1;0;rGGr;25971.00
J36;1;0;rGGr;25971.25
J36;1;0;rGGr;25971.50
J36;1;0;rGGr;25971.75
J36;1;0;rGGr;25972.00
J36;1;0;rGGr;25972.25
J36;1;0;rGGr;25972.50
J36;1;0;rGGr;25972.75
J36;1;0;rGGr;25973.00
J36;1;0;rGGr;25973.25
J36;1;0;rGGr;25973.50
J36;1;0;rGGr;25973.75
J36;1;0;rGGr;25974.00
J36;1;0;rGGr;25974.25
J36;1;0;rGGr;25974.50
J36;1;0;rGGr;25974.75
J36;1;0;rGGr;25975.00
J36;1;0;rGGr;25975.25
J36;1;0;rGGr;25975.50
J36;1;0;rGGr;25975.75
J36;1;0;rGGr;25976.00
J36;1;0;rGGr;25976.25
J36;1;0;rGGr;25976.50
J36;1;0;rGGr;25976.75
J36;1;0;rGGr;25977.00
J36;1;0;rGGr;25977.25
J36;1;0;rGGr;25977.50
J36;1;0;rGGr;25977.75
J36;1;0;rGGr;25978.00
J36;1;0;rGGr;25978.25
J36;1;0;rGGr;25978.50
J36;1;0;rGGr;25978.75
J36;1;0;rGGr;25979.00
J36;1;0;rGGr;25979.25
J36;1;0;rGGr;25979.50
J36;1;0;rGGr;25979.75
J36;1;0;rGGr;25980.00
J36;1;0;rGGr;25980.25
J36;1;0;rGGr;25980.50
J36;1;0;rGGr;25980.75
J36;1;0;rGGr;25981.00
J36;1;0;rGGr;25981.25
J36;1;0;rGGr;25981.50
J36;1;0;rGGr;25981.75
J36;1;0;rGGr;25982.00
J36;1;0;rGGr;25982.25
J36;1;0;rGGr;25982.50
J36;1;0;rGGr;25982.75
J36;1;0;rGGr;25983.00
J36;1;0;rGGr;25983.25
J36;1;0;rGGr;25983.50
J36;1;0;rGGr;25983.75
J36;1;0;rGGr;25984.00
J36;1;0;rGGr;25984.25
J36;1;0;rGGr;25984.50
J36;1;0;rGGr;25984.75
J36;1;0;rGGr;25985.00
J36;1;0;rGGr;25985.25
J36;1;0;rGGr;25985.50
J36;1;0;rGGr;25985.75
J36;1;0;rGGr;25986.00
J36;1;0;rGGr;25986.25
J36;1;0;rGGr;25986.50
J36;1;0;rGGr;25986.75
J36;1;0;rGGr;25987.00
J36;1;0;rGGr;25987.25
J36;1;0;rGGr;25987.50
J36;1;0;rGGr;25987.75
J36;1;0;rGGr;25988.00
J36;1;0;rGGr;25988.25
J36;1;0;rGGr;25988.50
J36;1;0;rGGr;25988.75
J36;1;0;rGGr;25989.00
J36;1;0;rGGr;25989.25
J36;1;0;rGGr;25989.50
J36;1;0;rGGr;25989.75
J36;1;0;rGGr;25990.00
J36;1;0;rGGr;25990.25
J36;1;0;rGGr;25990.50
J36;1;0;rGGr;25990.75
J36;1;0;rGGr;25991.00
J36;1;0;rGGr;25991.25
J36;1;0;rGGr;25991.50
J36;1;0;rGGr;25991.75
J36;1;0;rGGr;25992.00
J36;1;0;rGGr;25992.25
J36;1;0;rGGr;25992.50
J36;1;0;rGGr;25992.75
J36;1;0;rGGr;25993.00
J36;1;0;rGGr;25993.25
J36;1;0;rGGr;25993.50
J36;1;0;rGGr;25993.75
J36;1;0;rGGr;25994.00
J36;1;0;rGGr;25994.25
J36;2;0;ryyr;25994.50
J36;2;0;ryyr;25994.75
J36;2;0;ryyr;25995.00
J36;2;0;ryyr;25995.25
J36;2;0;ryyr;25995.50
J36;2;0;ryyr;25995.75
J36;2;0;ryyr;25996.00
J36;2;0;ryyr;25996.25
J36;2;0;ryyr;25996.50
J36;2;0;ryyr;25996.75
J36;2;0;ryyr;25997.00
J36;2;0;ryyr;25997.25
J36;2;0;ryyr;25997.50
J36;2;0;ryyr;25997.75
J36;2;0;ryyr;25998.00
J36;2;0;ryyr;25998.25
J36;2;0;ryyr;25998.50
J36;2;0;ryyr;25998.75
J36;2;0;ryyr;25999.00
J36;2;0;ryyr;25999.25
J36;2;0;ryyr;25999.50
J36;2;0;ryyr;25999.75
J36;3;0;rrrr;26000.00
J36;3;0;rrrr;26000.25
J36;3;0;rrrr;26000.50
J36;3;0;rrrr;26000.75
J36;4;0;urru;26001.00
J36;4;0;urru;26001.25
J36;4;0;urru;26001.50
J36;4;0;urru;26001.75
J36;5;0;GrrG;26002.00
J36;5;0;GrrG;26002.25
J36;5;0;GrrG;26002.50
J36;5;0;GrrG;26002.75
J36;5;0;GrrG;26003.00
J36;5;0;GrrG;26003.25
J36;5;0;GrrG;26003.50
J36;5;0;GrrG;26003.75
J36;5;0;GrrG;26004.00
J36;5;0;GrrG;26004.25
J36;5;0;GrrG;26004.50
J36;5;0;GrrG;26004.75
J36;5;0;GrrG;26005.00
J36;5;0;GrrG;26005.25
J36;5;0;GrrG;26005.50
J36;5;0;GrrG;26005.75
J36;5;0;GrrG;26006.00
J36;5;0;GrrG;26006.25
J36;5;0;GrrG;26006.50
J36;5;0;GrrG;26006.75
J36;5;0;GrrG;26007.00
J36;5;0;GrrG;26007.25
J36;5;0;GrrG;26007.50
J36;5;0;GrrG;26007.75
J36;5;0;GrrG;26008.00
J36;5;0;GrrG;26008.25
J36;5;0;GrrG;26008.50
J36;5;0;GrrG;26008.75
J36;5;0;GrrG;26009.00
J36;5;0;GrrG;26009.25
J36;5;0;GrrG;26009.50
J36;5;0;GrrG;26009.75
J36;5;0;GrrG;26010.00
J36;5;0;GrrG;26010.25
J36;5;0;GrrG;26010.50
J36;5;0;GrrG;26010.75
J36;5;0;GrrG;26011.00
J36;5;0;GrrG;26011.25
J36;5;0;GrrG;26011.50
J36;5;0;GrrG;26011.75
J36;5;0;GrrG;26012.00
J36;5;0;GrrG;26012.25
J36;5;0;GrrG;26012.50
J36;5;0;GrrG;26012.75
J36;5;0;GrrG;26013.00
J36;5;0;GrrG;26013.25
J36;5;0;GrrG;26013.50
J36;5;0;GrrG;26013.75
J36;5;0;GrrG;26014.00
J36;5;0;GrrG;26014.25
J36;5;0;GrrG;26014.50
J36;5;0;GrrG;26014.75
J36;5;0;GrrG;26015.00
J36;5;0;GrrG;26015.25
J36;5;0;GrrG;26015.50
J36;5;0;GrrG;26015.75
J36;5;0;GrrG;26016.00
J36;5;0;GrrG;26016.25
J36;5;0;GrrG;26016.50
J36;5;0;GrrG;26016.75
J36;5;0;GrrG;26017.00
J36;5;0;GrrG;26017.25
J36;5;0;GrrG;26017.50
J36;5;0;GrrG;26017.75
J36;5;0;GrrG;26018.00
J36;5;0;GrrG;26018.25
J36;5;0;GrrG;26018.50
J36;5;0;GrrG;26018.75
J36;5;0;GrrG;26019.00
J36;5;0;GrrG;26019.25
J36;5;0;GrrG;26019.50
J36;5;0;GrrG;26019.75
J36;5;0;GrrG;26020.00
J36;5;0;GrrG;26020.25
J36;5;0;GrrG;26020.50
J36;5;0;GrrG;26020.75
J36;5;0;GrrG;26021.00
J36;5;0;GrrG;26021.25
J36;5;0;GrrG;26021.50
J36;5;0;GrrG;26021.75
J36;5;0;GrrG;26022.00
J36;5;0;GrrG;26022.25
J36;5;0;GrrG;26022.50
J36;5;0;GrrG;26022.75
J36;5;0;GrrG;26023.00
J36;5;0;GrrG;26023.25
J36;5;0;GrrG;26023.50
J36;5;0;GrrG;26023.75
J36;5;0;GrrG;26024.00
J36;5;0;GrrG;26024.25
J36;5;0;GrrG;26024.50
J36;5;0;GrrG;26024.75
J36;5;0;GrrG;26025.00
J36;5;0;GrrG;26025.25
J36;5;0;GrrG;26025.50
J36;5;0;GrrG;26025.75
J36;5;0;GrrG;26026.00
J36;5;0;GrrG;26026.25
J36;5;0;GrrG;26026.50
J36;5;0;GrrG;26026.75
J36;6;0;yrry;26027.00
J36;6;0;yrry;26027.25
J36;6;0;yrry;26027.50
J36;6;0;yrry;26027.75
J36;6;0;yrry;26028.00
J36;6;0;yrry;26028.25
J36;6;0;yrry;26028.50
J36;6;0;yrry;26028.75
J36;6;0;yrry;26029.00
J36;6;0;yrry;26029.25
J36;6;0;yrry;26029.50
J36;6;0;yrry;26029.75
J36;7;0;rrrr;26030.00
J36;7;0;rrrr;26030.25
J36;7;0;rrrr;26030.50
J36;7;0;rrrr;26030.75
J36;0;0;ruur;26031.00
J36;0;0;ruur;26031.25
J36;0;0;ruur;26031.50
J36;0;0;ruur;26031.75
J36;1;0;rGGr;26032.00
J36;1;0;rGGr;26032.25
J36;1;0;rGGr;26032.50
J36;1;0;rGGr;26032.75
J36;1;0;rGGr;26033.00
J36;1;0;rGGr;26033.25
J36;1;0;rGGr;26033.50
J36;1;0;rGGr;26033.75
J36;1;0;rGGr;26034.00
J36;1;0;rGGr;26034.25
J36;1;0;rGGr;26034.50
J36;1;0;rGGr;26034.75
J36;1;0;rGGr;26035.00
J36;1;0;rGGr;26035.25
J36;1;0;rGGr;26035.50
J36;1;0;rGGr;26035.75
J36;1;0;rGGr;26036.00
J36;1;0;rGGr;26036.25
J36;1;0;rGGr;26036.50
J36;1;0;rGGr;26036.75
J36;1;0;rGGr;26037.00
J36;1;0;rGGr;26037.25
J36;1;0;rGGr;26037.50
J36;1;0;rGGr;26037.75
J36;1;0;rGGr;26038.00
J36;1;0;rGGr;26038.25
J36;1;0;rGGr;26038.50
J36;1;0;rGGr;26038.75
J36;1;0;rGGr;26039.00
J36;1;0;rGGr;26039.25
J36;1;0;rGGr;26039.50
J36;1;0;rGGr;26039.75
J36;1;0;rGGr;26040.00
J36;1;0;rGGr;26040.25
J36;1;0;rGGr;26040.50
J36;1;0;rGGr;26040.75
J36;1;0;rGGr;26041.00
J36;1;0;rGGr;26041.25
J36;1;0;rGGr;26041.50
J36;1;0;rGGr;26041.75
J36;1;0;rGGr;26042.00
J36;1;0;rGGr;26042.25
J36;1;0;rGGr;26042.50
J36;1;0;rGGr;26042.75
J36;1;0;rGGr;26043.00
J36;1;0;rGGr;26043.25
J36;1;0;rGGr;26043.50
J36;1;0;rGGr;26043.75
J36;1;0;rGGr;26044.00
J36;0;online;yyyyyyyyyyyyyyyyyyyyyyyyyyyyyyyyyyyyyyyyyyyyyyyyyyyyyyyyy;26044.25
J36;0;online;yyyyyyyyyyyyyyyyyyyyyyyyyyyyyyyyyyyyyyyyyyyyyyyyyyyyyyyyy;26044.50
J36;0;online;yyyyyyyyyyyyyyyyyyyyyyyyyyyyyyyyyyyyyyyyyyyyyyyyyyyyyyyyy;26044.75
J36;0;online;yyyyyyyyyyyyyyyyyyyyyyyyyyyyyyyyyyyyyyyyyyyyyyyyyyyyyyyyy;26045.00
J36;0;online;yyyyyyyyyyyyyyyyyyyyyyyyyyyyyyyyyyyyyyyyyyyyyyyyyyyyyyyyy;26045.25
J36;0;online;yyyyyyyyyyyyyyyyyyyyyyyyyyyyyyyyyyyyyyyyyyyyyyyyyyyyyyyyy;26045.50
J36;0;online;yyyyyyyyyyyyyyyyyyyyyyyyyyyyyyyyyyyyyyyyyyyyyyyyyyyyyyyyy;26045.75
J36;0;online;yyyyyyyyyyyyyyyyyyyyyyyyyyyyyyyyyyyyyyyyyyyyyyyyyyyyyyyyy;26046.00
J36;0;online;yyyyyyyyyyyyyyyyyyyyyyyyyyyyyyyyyyyyyyyyyyyyyyyyyyyyyyyyy;26046.25
J36;0;online;yyyyyyyyyyyyyyyyyyyyyyyyyyyyyyyyyyyyyyyyyyyyyyyyyyyyyyyyy;26046.50
J36;0;online;yyyyyyyyyyyyyyyyyyyyyyyyyyyyyyyyyyyyyyyyyyyyyyyyyyyyyyyyy;26046.75
J36;0;online;yyyyyyyyyyyyyyyyyyyyyyyyyyyyyyyyyyyyyyyyyyyyyyyyyyyyyyyyy;26047.00
J36;4;0;urru;26047.25
J36;4;0;urru;26047.50
J36;4;0;urru;26047.75
J36;4;0;urru;26048.00
J36;5;0;GrrG;26048.25
J36;5;0;GrrG;26048.50
J36;5;0;GrrG;26048.75
J36;5;0;GrrG;26049.00
J36;5;0;GrrG;26049.25
J36;5;0;GrrG;26049.50
J36;5;0;GrrG;26049.75
J36;5;0;GrrG;26050.00
J36;5;0;GrrG;26050.25
J36;5;0;GrrG;26050.50
J36;5;0;GrrG;26050.75
J36;5;0;GrrG;26051.00
J36;5;0;GrrG;26051.25
J36;5;0;GrrG;26051.50
J36;5;0;GrrG;26051.75
J36;5;0;GrrG;26052.00
J36;5;0;GrrG;26052.25
J36;5;0;GrrG;26052.50
J36;5;0;GrrG;26052.75
J36;5;0;GrrG;26053.00
J36;5;0;GrrG;26053.25
J36;5;0;GrrG;26053.50
J36;5;0;GrrG;26053.75
J36;5;0;GrrG;26054.00
J36;5;0;GrrG;26054.25
J36;5;0;GrrG;26054.50
J36;5;0;GrrG;26054.75
J36;5;0;GrrG;26055.00
J36;5;0;GrrG;26055.25
J36;5;0;GrrG;26055.50
J36;5;0;GrrG;26055.75
J36;5;0;GrrG;26056.00
J36;5;0;GrrG;26056.25
J36;5;0;GrrG;26056.50
J36;5;0;GrrG;26056.75
J36;5;0;GrrG;26057.00
J36;5;0;GrrG;26057.25
J36;5;0;GrrG;26057.50
J36;5;0;GrrG;26057.75
J36;5;0;GrrG;26058.00
J36;5;0;GrrG;26058.25
J36;5;0;GrrG;26058.50
J36;5;0;GrrG;26058.75
J36;5;0;GrrG;26059.00
J36;5;0;GrrG;26059.25
J36;5;0;GrrG;26059.50
J36;5;0;GrrG;26059.75
J36;5;0;GrrG;26060.00
J36;5;0;GrrG;26060.25
J36;5;0;GrrG;26060.50
J36;5;0;GrrG;26060.75
J36;5;0;GrrG;26061.00
J36;5;0;GrrG;26061.25
J36;5;0;GrrG;26061.50
J36;5;0;GrrG;26061.75
J36;5;0;GrrG;26062.00
J36;5;0;GrrG;26062.25
J36;5;0;GrrG;26062.50
J36;5;0;GrrG;26062.75
J36;5;0;GrrG;26063.00
J36;5;0;GrrG;26063.25
J36;5;0;GrrG;26063.50
J36;5;0;GrrG;26063.75
J36;5;0;GrrG;26064.00
J36;5;0;GrrG;26064.25
J36;5;0;GrrG;26064.50
J36;5;0;GrrG;26064.75
J36;5;0;GrrG;26065.00
J36;5;0;GrrG;26065.25
J36;5;0;GrrG;26065.50
J36;5;0;GrrG;26065.75
J36;5;0;GrrG;26066.00
J36;5;0;GrrG;26066.25
J36;5;0;GrrG;26066.50
J36;5;0;GrrG;26066.75
J36;5;0;GrrG;26067.00
J36;5;0;GrrG;26067.25
J36;5;0;GrrG;26067.50
J36;5;0;GrrG;26067.75
J36;5;0;GrrG;26068.00
J36;5;0;GrrG;26068.25
J36;5;0;GrrG;26068.50
J36;5;0;GrrG;26068.75
J36;5;0;GrrG;26069.00
J36;5;0;GrrG;26069.25
J36;5;0;GrrG;26069.50
J36;5;0;GrrG;26069.75
J36;5;0;GrrG;26070.00
J36;5;0;GrrG;26070.25
J36;5;0;GrrG;26070.50
J36;5;0;GrrG;26070.75
J36;5;0;GrrG;26071.00
J36;5;0;GrrG;26071.25
J36;5;0;GrrG;26071.50
J36;5;0;GrrG;26071.75
J36;5;0;GrrG;26072.00
J36;5;0;GrrG;26072.25
J36;5;0;GrrG;26072.50
J36;5;0;GrrG;26072.75
J36;5;0;GrrG;26073.00
J36;6;0;yrry;26073.25
J36;6;0;yrry;26073.50
J36;6;0;yrry;26073.75
J36;6;0;yrry;26074.00
J36;6;0;yrry;26074.25
J36;6;0;yrry;26074.50
J36;6;0;yrry;26074.75
J36;6;0;yrry;26075.00
J36;6;0;yrry;26075.25
J36;6;0;yrry;26075.50
J36;6;0;yrry;26075.75
J36;6;0;yrry;26076.00
J36;7;0;rrrr;26076.25
J36;7;0;rrrr;26076.50
J36;7;0;rrrr;26076.75
J36;7;0;rrrr;26077.00
J36;0;0;ruur;26077.25
J36;0;0;ruur;26077.50
J36;0;0;ruur;26077.75
J36;0;0;ruur;26078.00
J36;1;0;rGGr;26078.25
J36;1;0;rGGr;26078.50
J36;1;0;rGGr;26078.75
J36;1;0;rGGr;26079.00
J36;1;0;rGGr;26079.25
J36;1;0;rGGr;26079.50
J36;1;0;rGGr;26079.75
J36;1;0;rGGr;26080.00
J36;1;0;rGGr;26080.25
J36;1;0;rGGr;26080.50
J36;1;0;rGGr;26080.75
J36;1;0;rGGr;26081.00
J36;1;0;rGGr;26081.25
J36;1;0;rGGr;26081.50
J36;1;0;rGGr;26081.75
J36;1;0;rGGr;26082.00
J36;1;0;rGGr;26082.25
J36;1;0;rGGr;26082.50
J36;1;0;rGGr;26082.75
J36;1;0;rGGr;26083.00
J36;1;0;rGGr;26083.25
J36;1;0;rGGr;26083.50
J36;1;0;rGGr;26083.75
J36;1;0;rGGr;26084.00
J36;1;0;rGGr;26084.25
J36;1;0;rGGr;26084.50
J36;1;0;rGGr;26084.75
J36;1;0;rGGr;26085.00
J36;1;0;rGGr;26085.25
J36;1;0;rGGr;26085.50
J36;1;0;rGGr;26085.75
J36;1;0;rGGr;26086.00
J36;1;0;rGGr;26086.25
J36;1;0;rGGr;26086.50
J36;1;0;rGGr;26086.75
J36;1;0;rGGr;26087.00
J36;1;0;rGGr;26087.25
J36;1;0;rGGr;26087.50
J36;1;0;rGGr;26087.75
J36;1;0;rGGr;26088.00
J36;1;0;rGGr;26088.25
J36;0;online;yyyyyyyyyyyyyyyyyyyyyyyyyyyyyyyyyyyyyyyyyyyyyyyyyyyyyyyyy;26088.50
J36;0;online;yyyyyyyyyyyyyyyyyyyyyyyyyyyyyyyyyyyyyyyyyyyyyyyyyyyyyyyyy;26088.75
J36;0;online;yyyyyyyyyyyyyyyyyyyyyyyyyyyyyyyyyyyyyyyyyyyyyyyyyyyyyyyyy;26089.00
J36;0;online;yyyyyyyyyyyyyyyyyyyyyyyyyyyyyyyyyyyyyyyyyyyyyyyyyyyyyyyyy;26089.25
J36;0;online;yyyyyyyyyyyyyyyyyyyyyyyyyyyyyyyyyyyyyyyyyyyyyyyyyyyyyyyyy;26089.50
J36;0;online;yyyyyyyyyyyyyyyyyyyyyyyyyyyyyyyyyyyyyyyyyyyyyyyyyyyyyyyyy;26089.75
J36;0;online;yyyyyyyyyyyyyyyyyyyyyyyyyyyyyyyyyyyyyyyyyyyyyyyyyyyyyyyyy;26090.00
J36;0;online;yyyyyyyyyyyyyyyyyyyyyyyyyyyyyyyyyyyyyyyyyyyyyyyyyyyyyyyyy;26090.25
J36;0;online;yyyyyyyyyyyyyyyyyyyyyyyyyyyyyyyyyyyyyyyyyyyyyyyyyyyyyyyyy;26090.50
J36;0;online;yyyyyyyyyyyyyyyyyyyyyyyyyyyyyyyyyyyyyyyyyyyyyyyyyyyyyyyyy;26090.75
J36;0;online;yyyyyyyyyyyyyyyyyyyyyyyyyyyyyyyyyyyyyyyyyyyyyyyyyyyyyyyyy;26091.00
J36;0;online;yyyyyyyyyyyyyyyyyyyyyyyyyyyyyyyyyyyyyyyyyyyyyyyyyyyyyyyyy;26091.25
J36;4;0;urru;26091.50
J36;4;0;urru;26091.75
J36;4;0;urru;26092.00
J36;4;0;urru;26092.25
J36;5;0;GrrG;26092.50
J36;5;0;GrrG;26092.75
J36;5;0;GrrG;26093.00
J36;5;0;GrrG;26093.25
J36;5;0;GrrG;26093.50
J36;5;0;GrrG;26093.75
J36;5;0;GrrG;26094.00
J36;5;0;GrrG;26094.25
J36;5;0;GrrG;26094.50
J36;5;0;GrrG;26094.75
J36;5;0;GrrG;26095.00
J36;5;0;GrrG;26095.25
J36;5;0;GrrG;26095.50
J36;5;0;GrrG;26095.75
J36;5;0;GrrG;26096.00
J36;5;0;GrrG;26096.25
J36;5;0;GrrG;26096.50
J36;5;0;GrrG;26096.75
J36;5;0;GrrG;26097.00
J36;5;0;GrrG;26097.25
J36;5;0;GrrG;26097.50
J36;5;0;GrrG;26097.75
J36;5;0;GrrG;26098.00
J36;5;0;GrrG;26098.25
J36;5;0;GrrG;26098.50
J36;5;0;GrrG;26098.75
J36;5;0;GrrG;26099.00
J36;5;0;GrrG;26099.25
J36;5;0;GrrG;26099.50
J36;5;0;GrrG;26099.75
J36;5;0;GrrG;26100.00
J36;5;0;GrrG;26100.25
J36;5;0;GrrG;26100.50
J36;5;0;GrrG;26100.75
J36;5;0;GrrG;26101.00
J36;5;0;GrrG;26101.25
J36;5;0;GrrG;26101.50
J36;5;0;GrrG;26101.75
J36;5;0;GrrG;26102.00
J36;5;0;GrrG;26102.25
J36;5;0;GrrG;26102.50
J36;5;0;GrrG;26102.75
J36;5;0;GrrG;26103.00
J36;5;0;GrrG;26103.25
J36;5;0;GrrG;26103.50
J36;5;0;GrrG;26103.75
J36;5;0;GrrG;26104.00
J36;5;0;GrrG;26104.25
J36;5;0;GrrG;26104.50
J36;5;0;GrrG;26104.75
J36;5;0;GrrG;26105.00
J36;5;0;GrrG;26105.25
J36;5;0;GrrG;26105.50
J36;5;0;GrrG;26105.75
J36;5;0;GrrG;26106.00
J36;5;0;GrrG;26106.25
J36;5;0;GrrG;26106.50
J36;5;0;GrrG;26106.75
J36;5;0;GrrG;26107.00
J36;5;0;GrrG;26107.25
J36;5;0;GrrG;26107.50
J36;5;0;GrrG;26107.75
J36;5;0;GrrG;26108.00
J36;5;0;GrrG;26108.25
J36;5;0;GrrG;26108.50
J36;5;0;GrrG;26108.75
J36;5;0;GrrG;26109.00
J36;5;0;GrrG;26109.25
J36;5;0;GrrG;26109.50
J36;5;0;GrrG;26109.75
J36;5;0;GrrG;26110.00
J36;5;0;GrrG;26110.25
J36;5;0;GrrG;26110.50
J36;5;0;GrrG;26110.75
J36;5;0;GrrG;26111.00
J36;5;0;GrrG;26111.25
J36;5;0;GrrG;26111.50
J36;5;0;GrrG;26111.75
J36;5;0;GrrG;26112.00
J36;5;0;GrrG;26112.25
J36;5;0;GrrG;26112.50
J36;5;0;GrrG;26112.75
J36;5;0;GrrG;26113.00
J36;5;0;GrrG;26113.25
J36;5;0;GrrG;26113.50
J36;5;0;GrrG;26113.75
J36;5;0;GrrG;26114.00
J36;5;0;GrrG;26114.25
J36;5;0;GrrG;26114.50
J36;5;0;GrrG;26114.75
J36;5;0;GrrG;26115.00
J36;5;0;GrrG;26115.25
J36;5;0;GrrG;26115.50
J36;5;0;GrrG;26115.75
J36;5;0;GrrG;26116.00
J36;5;0;GrrG;26116.25
J36;5;0;GrrG;26116.50
J36;5;0;GrrG;26116.75
J36;5;0;GrrG;26117.00
J36;5;0;GrrG;26117.25
J36;6;0;yrry;26117.50
J36;6;0;yrry;26117.75
J36;6;0;yrry;26118.00
J36;6;0;yrry;26118.25
J36;6;0;yrry;26118.50
J36;6;0;yrry;26118.75
J36;6;0;yrry;26119.00
J36;6;0;yrry;26119.25
J36;6;0;yrry;26119.50
J36;6;0;yrry;26119.75
J36;6;0;yrry;26120.00
J36;6;0;yrry;26120.25
J36;7;0;rrrr;26120.50
J36;7;0;rrrr;26120.75
J36;7;0;rrrr;26121.00
J36;7;0;rrrr;26121.25
J36;0;0;ruur;26121.50
J36;0;0;ruur;26121.75
J36;0;0;ruur;26122.00
J36;0;0;ruur;26122.25
J36;1;0;rGGr;26122.50
J36;1;0;rGGr;26122.75
J36;1;0;rGGr;26123.00
J36;1;0;rGGr;26123.25
J36;1;0;rGGr;26123.50
J36;1;0;rGGr;26123.75
J36;1;0;rGGr;26124.00
J36;1;0;rGGr;26124.25
J36;1;0;rGGr;26124.50
J36;1;0;rGGr;26124.75
J36;1;0;rGGr;26125.00
J36;1;0;rGGr;26125.25
J36;1;0;rGGr;26125.50
J36;1;0;rGGr;26125.75
J36;1;0;rGGr;26126.00
J36;1;0;rGGr;26126.25
J36;1;0;rGGr;26126.50
J36;1;0;rGGr;26126.75
J36;1;0;rGGr;26127.00
J36;1;0;rGGr;26127.25
J36;1;0;rGGr;26127.50
J36;1;0;rGGr;26127.75
J36;1;0;rGGr;26128.00
J36;1;0;rGGr;26128.25
J36;1;0;rGGr;26128.50
J36;1;0;rGGr;26128.75
J36;1;0;rGGr;26129.00
J36;1;0;rGGr;26129.25
J36;1;0;rGGr;26129.50
J36;1;0;rGGr;26129.75
J36;1;0;rGGr;26130.00
J36;1;0;rGGr;26130.25
J36;1;0;rGGr;26130.50
J36;1;0;rGGr;26130.75
J36;1;0;rGGr;26131.00
J36;1;0;rGGr;26131.25
J36;1;0;rGGr;26131.50
J36;1;0;rGGr;26131.75
J36;1;0;rGGr;26132.00
J36;1;0;rGGr;26132.25
J36;1;0;rGGr;26132.50
J36;1;0;rGGr;26132.75
J36;1;0;rGGr;26133.00
J36;1;0;rGGr;26133.25
J36;1;0;rGGr;26133.50
J36;1;0;rGGr;26133.75
J36;1;0;rGGr;26134.00
J36;1;0;rGGr;26134.25
J36;1;0;rGGr;26134.50
J36;1;0;rGGr;26134.75
J36;1;0;rGGr;26135.00
J36;1;0;rGGr;26135.25
J36;1;0;rGGr;26135.50
J36;1;0;rGGr;26135.75
J36;1;0;rGGr;26136.00
J36;1;0;rGGr;26136.25
J36;1;0;rGGr;26136.50
J36;1;0;rGGr;26136.75
J36;1;0;rGGr;26137.00
J36;1;0;rGGr;26137.25
J36;1;0;rGGr;26137.50
J36;1;0;rGGr;26137.75
J36;1;0;rGGr;26138.00
J36;1;0;rGGr;26138.25
J36;1;0;rGGr;26138.50
J36;1;0;rGGr;26138.75
J36;1;0;rGGr;26139.00
J36;1;0;rGGr;26139.25
J36;1;0;rGGr;26139.50
J36;1;0;rGGr;26139.75
J36;1;0;rGGr;26140.00
J36;1;0;rGGr;26140.25
J36;1;0;rGGr;26140.50
J36;1;0;rGGr;26140.75
J36;1;0;rGGr;26141.00
J36;1;0;rGGr;26141.25
J36;1;0;rGGr;26141.50
J36;1;0;rGGr;26141.75
J36;1;0;rGGr;26142.00
J36;1;0;rGGr;26142.25
J36;1;0;rGGr;26142.50
J36;1;0;rGGr;26142.75
J36;1;0;rGGr;26143.00
J36;1;0;rGGr;26143.25
J36;1;0;rGGr;26143.50
J36;1;0;rGGr;26143.75
J36;1;0;rGGr;26144.00
J36;1;0;rGGr;26144.25
J36;1;0;rGGr;26144.50
J36;1;0;rGGr;26144.75
J36;1;0;rGGr;26145.00
J36;1;0;rGGr;26145.25
J36;1;0;rGGr;26145.50
J36;1;0;rGGr;26145.75
J36;1;0;rGGr;26146.00
J36;1;0;rGGr;26146.25
J36;0;online;yyyyyyyyyyyyyyyyyyyyyyyyyyyyyyyyyyyyyyyyyyyyyyyyyyyyyyyyy;26146.50
J36;0;online;yyyyyyyyyyyyyyyyyyyyyyyyyyyyyyyyyyyyyyyyyyyyyyyyyyyyyyyyy;26146.75
J36;0;online;yyyyyyyyyyyyyyyyyyyyyyyyyyyyyyyyyyyyyyyyyyyyyyyyyyyyyyyyy;26147.00
J36;0;online;yyyyyyyyyyyyyyyyyyyyyyyyyyyyyyyyyyyyyyyyyyyyyyyyyyyyyyyyy;26147.25
J36;0;online;yyyyyyyyyyyyyyyyyyyyyyyyyyyyyyyyyyyyyyyyyyyyyyyyyyyyyyyyy;26147.50
J36;0;online;yyyyyyyyyyyyyyyyyyyyyyyyyyyyyyyyyyyyyyyyyyyyyyyyyyyyyyyyy;26147.75
J36;0;online;yyyyyyyyyyyyyyyyyyyyyyyyyyyyyyyyyyyyyyyyyyyyyyyyyyyyyyyyy;26148.00
J36;0;online;yyyyyyyyyyyyyyyyyyyyyyyyyyyyyyyyyyyyyyyyyyyyyyyyyyyyyyyyy;26148.25
J36;0;online;yyyyyyyyyyyyyyyyyyyyyyyyyyyyyyyyyyyyyyyyyyyyyyyyyyyyyyyyy;26148.50
J36;0;online;yyyyyyyyyyyyyyyyyyyyyyyyyyyyyyyyyyyyyyyyyyyyyyyyyyyyyyyyy;26148.75
J36;0;online;yyyyyyyyyyyyyyyyyyyyyyyyyyyyyyyyyyyyyyyyyyyyyyyyyyyyyyyyy;26149.00
J36;0;online;yyyyyyyyyyyyyyyyyyyyyyyyyyyyyyyyyyyyyyyyyyyyyyyyyyyyyyyyy;26149.25
J36;4;0;urru;26149.50
J36;4;0;urru;26149.75
J36;4;0;urru;26150.00
J36;4;0;urru;26150.25
J36;5;0;GrrG;26150.50
J36;5;0;GrrG;26150.75
J36;5;0;GrrG;26151.00
J36;5;0;GrrG;26151.25
J36;5;0;GrrG;26151.50
J36;5;0;GrrG;26151.75
J36;5;0;GrrG;26152.00
J36;5;0;GrrG;26152.25
J36;5;0;GrrG;26152.50
J36;5;0;GrrG;26152.75
J36;5;0;GrrG;26153.00
J36;5;0;GrrG;26153.25
J36;5;0;GrrG;26153.50
J36;5;0;GrrG;26153.75
J36;5;0;GrrG;26154.00
J36;5;0;GrrG;26154.25
J36;5;0;GrrG;26154.50
J36;5;0;GrrG;26154.75
J36;5;0;GrrG;26155.00
J36;5;0;GrrG;26155.25
J36;5;0;GrrG;26155.50
J36;5;0;GrrG;26155.75
J36;5;0;GrrG;26156.00
J36;5;0;GrrG;26156.25
J36;5;0;GrrG;26156.50
J36;5;0;GrrG;26156.75
J36;5;0;GrrG;26157.00
J36;5;0;GrrG;26157.25
J36;5;0;GrrG;26157.50
J36;5;0;GrrG;26157.75
J36;5;0;GrrG;26158.00
J36;5;0;GrrG;26158.25
J36;5;0;GrrG;26158.50
J36;5;0;GrrG;26158.75
J36;5;0;GrrG;26159.00
J36;5;0;GrrG;26159.25
J36;5;0;GrrG;26159.50
J36;5;0;GrrG;26159.75
J36;5;0;GrrG;26160.00
J36;5;0;GrrG;26160.25
J36;5;0;GrrG;26160.50
J36;5;0;GrrG;26160.75
J36;5;0;GrrG;26161.00
J36;5;0;GrrG;26161.25
J36;5;0;GrrG;26161.50
J36;5;0;GrrG;26161.75
J36;5;0;GrrG;26162.00
J36;5;0;GrrG;26162.25
J36;5;0;GrrG;26162.50
J36;5;0;GrrG;26162.75
J36;5;0;GrrG;26163.00
J36;5;0;GrrG;26163.25
J36;5;0;GrrG;26163.50
J36;5;0;GrrG;26163.75
J36;5;0;GrrG;26164.00
J36;5;0;GrrG;26164.25
J36;5;0;GrrG;26164.50
J36;5;0;GrrG;26164.75
J36;5;0;GrrG;26165.00
J36;5;0;GrrG;26165.25
J36;5;0;GrrG;26165.50
J36;5;0;GrrG;26165.75
J36;5;0;GrrG;26166.00
J36;5;0;GrrG;26166.25
J36;5;0;GrrG;26166.50
J36;5;0;GrrG;26166.75
J36;5;0;GrrG;26167.00
J36;5;0;GrrG;26167.25
J36;5;0;GrrG;26167.50
J36;5;0;GrrG;26167.75
J36;5;0;GrrG;26168.00
J36;5;0;GrrG;26168.25
J36;5;0;GrrG;26168.50
J36;5;0;GrrG;26168.75
J36;5;0;GrrG;26169.00
J36;5;0;GrrG;26169.25
J36;5;0;GrrG;26169.50
J36;5;0;GrrG;26169.75
J36;5;0;GrrG;26170.00
J36;5;0;GrrG;26170.25
J36;5;0;GrrG;26170.50
J36;5;0;GrrG;26170.75
J36;5;0;GrrG;26171.00
J36;5;0;GrrG;26171.25
J36;5;0;GrrG;26171.50
J36;5;0;GrrG;26171.75
J36;5;0;GrrG;26172.00
J36;5;0;GrrG;26172.25
J36;5;0;GrrG;26172.50
J36;5;0;GrrG;26172.75
J36;5;0;GrrG;26173.00
J36;5;0;GrrG;26173.25
J36;5;0;GrrG;26173.50
J36;5;0;GrrG;26173.75
J36;5;0;GrrG;26174.00
J36;5;0;GrrG;26174.25
J36;5;0;GrrG;26174.50
J36;5;0;GrrG;26174.75
J36;5;0;GrrG;26175.00
J36;5;0;GrrG;26175.25
J36;6;0;yrry;26175.50
J36;6;0;yrry;26175.75
J36;6;0;yrry;26176.00
J36;6;0;yrry;26176.25
J36;6;0;yrry;26176.50
J36;6;0;yrry;26176.75
J36;6;0;yrry;26177.00
J36;6;0;yrry;26177.25
J36;6;0;yrry;26177.50
J36;6;0;yrry;26177.75
J36;6;0;yrry;26178.00
J36;6;0;yrry;26178.25
J36;7;0;rrrr;26178.50
J36;7;0;rrrr;26178.75
J36;7;0;rrrr;26179.00
J36;7;0;rrrr;26179.25
J36;0;0;ruur;26179.50
J36;0;0;ruur;26179.75
J36;0;0;ruur;26180.00
J36;0;0;ruur;26180.25
J36;1;0;rGGr;26180.50
J36;1;0;rGGr;26180.75
J36;1;0;rGGr;26181.00
J36;1;0;rGGr;26181.25
J36;1;0;rGGr;26181.50
J36;1;0;rGGr;26181.75
J36;1;0;rGGr;26182.00
J36;1;0;rGGr;26182.25
J36;1;0;rGGr;26182.50
J36;1;0;rGGr;26182.75
J36;1;0;rGGr;26183.00
J36;1;0;rGGr;26183.25
J36;1;0;rGGr;26183.50
J36;1;0;rGGr;26183.75
J36;1;0;rGGr;26184.00
J36;1;0;rGGr;26184.25
J36;1;0;rGGr;26184.50
J36;1;0;rGGr;26184.75
J36;1;0;rGGr;26185.00
J36;1;0;rGGr;26185.25
J36;1;0;rGGr;26185.50
J36;1;0;rGGr;26185.75
J36;1;0;rGGr;26186.00
J36;1;0;rGGr;26186.25
J36;1;0;rGGr;26186.50
J36;1;0;rGGr;26186.75
J36;1;0;rGGr;26187.00
J36;1;0;rGGr;26187.25
J36;1;0;rGGr;26187.50
J36;1;0;rGGr;26187.75
J36;1;0;rGGr;26188.00
J36;1;0;rGGr;26188.25
J36;0;online;yyyyyyyyyyyyyyyyyyyyyyyyyyyyyyyyyyyyyyyyyyyyyyyyyyyyyyyyy;26188.50
J36;0;online;yyyyyyyyyyyyyyyyyyyyyyyyyyyyyyyyyyyyyyyyyyyyyyyyyyyyyyyyy;26188.75
J36;0;online;yyyyyyyyyyyyyyyyyyyyyyyyyyyyyyyyyyyyyyyyyyyyyyyyyyyyyyyyy;26189.00
J36;0;online;yyyyyyyyyyyyyyyyyyyyyyyyyyyyyyyyyyyyyyyyyyyyyyyyyyyyyyyyy;26189.25
J36;0;online;yyyyyyyyyyyyyyyyyyyyyyyyyyyyyyyyyyyyyyyyyyyyyyyyyyyyyyyyy;26189.50
J36;0;online;yyyyyyyyyyyyyyyyyyyyyyyyyyyyyyyyyyyyyyyyyyyyyyyyyyyyyyyyy;26189.75
J36;0;online;yyyyyyyyyyyyyyyyyyyyyyyyyyyyyyyyyyyyyyyyyyyyyyyyyyyyyyyyy;26190.00
J36;0;online;yyyyyyyyyyyyyyyyyyyyyyyyyyyyyyyyyyyyyyyyyyyyyyyyyyyyyyyyy;26190.25
J36;0;online;yyyyyyyyyyyyyyyyyyyyyyyyyyyyyyyyyyyyyyyyyyyyyyyyyyyyyyyyy;26190.50
J36;0;online;yyyyyyyyyyyyyyyyyyyyyyyyyyyyyyyyyyyyyyyyyyyyyyyyyyyyyyyyy;26190.75
J36;0;online;yyyyyyyyyyyyyyyyyyyyyyyyyyyyyyyyyyyyyyyyyyyyyyyyyyyyyyyyy;26191.00
J36;0;online;yyyyyyyyyyyyyyyyyyyyyyyyyyyyyyyyyyyyyyyyyyyyyyyyyyyyyyyyy;26191.25
J36;4;0;urru;26191.50
J36;4;0;urru;26191.75
J36;4;0;urru;26192.00
J36;4;0;urru;26192.25
J36;5;0;GrrG;26192.50
J36;5;0;GrrG;26192.75
J36;5;0;GrrG;26193.00
J36;5;0;GrrG;26193.25
J36;5;0;GrrG;26193.50
J36;5;0;GrrG;26193.75
J36;5;0;GrrG;26194.00
J36;5;0;GrrG;26194.25
J36;5;0;GrrG;26194.50
J36;5;0;GrrG;26194.75
J36;5;0;GrrG;26195.00
J36;5;0;GrrG;26195.25
J36;5;0;GrrG;26195.50
J36;5;0;GrrG;26195.75
J36;5;0;GrrG;26196.00
J36;5;0;GrrG;26196.25
J36;5;0;GrrG;26196.50
J36;5;0;GrrG;26196.75
J36;5;0;GrrG;26197.00
J36;5;0;GrrG;26197.25
J36;5;0;GrrG;26197.50
J36;5;0;GrrG;26197.75
J36;5;0;GrrG;26198.00
J36;5;0;GrrG;26198.25
J36;5;0;GrrG;26198.50
J36;5;0;GrrG;26198.75
J36;5;0;GrrG;26199.00
J36;5;0;GrrG;26199.25
J36;5;0;GrrG;26199.50
J36;5;0;GrrG;26199.75
J36;5;0;GrrG;26200.00
J36;5;0;GrrG;26200.25
J36;5;0;GrrG;26200.50
J36;5;0;GrrG;26200.75
J36;5;0;GrrG;26201.00
J36;5;0;GrrG;26201.25
J36;5;0;GrrG;26201.50
J36;5;0;GrrG;26201.75
J36;5;0;GrrG;26202.00
J36;5;0;GrrG;26202.25
J36;5;0;GrrG;26202.50
J36;5;0;GrrG;26202.75
J36;5;0;GrrG;26203.00
J36;5;0;GrrG;26203.25
J36;5;0;GrrG;26203.50
J36;5;0;GrrG;26203.75
J36;5;0;GrrG;26204.00
J36;5;0;GrrG;26204.25
J36;5;0;GrrG;26204.50
J36;5;0;GrrG;26204.75
J36;5;0;GrrG;26205.00
J36;5;0;GrrG;26205.25
J36;5;0;GrrG;26205.50
J36;5;0;GrrG;26205.75
J36;5;0;GrrG;26206.00
J36;5;0;GrrG;26206.25
J36;5;0;GrrG;26206.50
J36;5;0;GrrG;26206.75
J36;5;0;GrrG;26207.00
J36;5;0;GrrG;26207.25
J36;5;0;GrrG;26207.50
J36;5;0;GrrG;26207.75
J36;5;0;GrrG;26208.00
J36;5;0;GrrG;26208.25
J36;5;0;GrrG;26208.50
J36;5;0;GrrG;26208.75
J36;5;0;GrrG;26209.00
J36;5;0;GrrG;26209.25
J36;5;0;GrrG;26209.50
J36;5;0;GrrG;26209.75
J36;5;0;GrrG;26210.00
J36;5;0;GrrG;26210.25
J36;5;0;GrrG;26210.50
J36;5;0;GrrG;26210.75
J36;5;0;GrrG;26211.00
J36;5;0;GrrG;26211.25
J36;5;0;GrrG;26211.50
J36;5;0;GrrG;26211.75
J36;5;0;GrrG;26212.00
J36;5;0;GrrG;26212.25
J36;5;0;GrrG;26212.50
J36;5;0;GrrG;26212.75
J36;5;0;GrrG;26213.00
J36;5;0;GrrG;26213.25
J36;5;0;GrrG;26213.50
J36;5;0;GrrG;26213.75
J36;5;0;GrrG;26214.00
J36;5;0;GrrG;26214.25
J36;5;0;GrrG;26214.50
J36;5;0;GrrG;26214.75
J36;5;0;GrrG;26215.00
J36;5;0;GrrG;26215.25
J36;5;0;GrrG;26215.50
J36;5;0;GrrG;26215.75
J36;5;0;GrrG;26216.00
J36;5;0;GrrG;26216.25
J36;5;0;GrrG;26216.50
J36;5;0;GrrG;26216.75
J36;5;0;GrrG;26217.00
J36;5;0;GrrG;26217.25
J36;6;0;yrry;26217.50
J36;6;0;yrry;26217.75
J36;6;0;yrry;26218.00
J36;6;0;yrry;26218.25
J36;6;0;yrry;26218.50
J36;6;0;yrry;26218.75
J36;6;0;yrry;26219.00
J36;6;0;yrry;26219.25
J36;6;0;yrry;26219.50
J36;6;0;yrry;26219.75
J36;6;0;yrry;26220.00
J36;6;0;yrry;26220.25
J36;7;0;rrrr;26220.50
J36;7;0;rrrr;26220.75
J36;7;0;rrrr;26221.00
J36;7;0;rrrr;26221.25
J36;0;0;ruur;26221.50
J36;0;0;ruur;26221.75
J36;0;0;ruur;26222.00
J36;0;0;ruur;26222.25
J36;1;0;rGGr;26222.50
J36;1;0;rGGr;26222.75
J36;1;0;rGGr;26223.00
J36;1;0;rGGr;26223.25
J36;1;0;rGGr;26223.50
J36;1;0;rGGr;26223.75
J36;1;0;rGGr;26224.00
J36;1;0;rGGr;26224.25
J36;1;0;rGGr;26224.50
J36;1;0;rGGr;26224.75
J36;1;0;rGGr;26225.00
J36;1;0;rGGr;26225.25
J36;1;0;rGGr;26225.50
J36;1;0;rGGr;26225.75
J36;1;0;rGGr;26226.00
J36;1;0;rGGr;26226.25
J36;1;0;rGGr;26226.50
J36;1;0;rGGr;26226.75
J36;1;0;rGGr;26227.00
J36;1;0;rGGr;26227.25
J36;1;0;rGGr;26227.50
J36;1;0;rGGr;26227.75
J36;1;0;rGGr;26228.00
J36;1;0;rGGr;26228.25
J36;1;0;rGGr;26228.50
J36;1;0;rGGr;26228.75
J36;1;0;rGGr;26229.00
J36;1;0;rGGr;26229.25
J36;1;0;rGGr;26229.50
J36;1;0;rGGr;26229.75
J36;1;0;rGGr;26230.00
J36;1;0;rGGr;26230.25
J36;1;0;rGGr;26230.50
J36;1;0;rGGr;26230.75
J36;1;0;rGGr;26231.00
J36;1;0;rGGr;26231.25
J36;1;0;rGGr;26231.50
J36;1;0;rGGr;26231.75
J36;1;0;rGGr;26232.00
J36;1;0;rGGr;26232.25
J36;1;0;rGGr;26232.50
J36;1;0;rGGr;26232.75
J36;1;0;rGGr;26233.00
J36;1;0;rGGr;26233.25
J36;1;0;rGGr;26233.50
J36;1;0;rGGr;26233.75
J36;1;0;rGGr;26234.00
J36;1;0;rGGr;26234.25
J36;1;0;rGGr;26234.50
J36;1;0;rGGr;26234.75
J36;1;0;rGGr;26235.00
J36;1;0;rGGr;26235.25
J36;1;0;rGGr;26235.50
J36;1;0;rGGr;26235.75
J36;1;0;rGGr;26236.00
J36;1;0;rGGr;26236.25
J36;1;0;rGGr;26236.50
J36;1;0;rGGr;26236.75
J36;1;0;rGGr;26237.00
J36;1;0;rGGr;26237.25
J36;1;0;rGGr;26237.50
J36;1;0;rGGr;26237.75
J36;1;0;rGGr;26238.00
J36;1;0;rGGr;26238.25
J36;1;0;rGGr;26238.50
J36;1;0;rGGr;26238.75
J36;1;0;rGGr;26239.00
J36;1;0;rGGr;26239.25
J36;1;0;rGGr;26239.50
J36;1;0;rGGr;26239.75
J36;1;0;rGGr;26240.00
J36;1;0;rGGr;26240.25
J36;1;0;rGGr;26240.50
J36;1;0;rGGr;26240.75
J36;1;0;rGGr;26241.00
J36;1;0;rGGr;26241.25
J36;1;0;rGGr;26241.50
J36;1;0;rGGr;26241.75
J36;1;0;rGGr;26242.00
J36;1;0;rGGr;26242.25
J36;1;0;rGGr;26242.50
J36;1;0;rGGr;26242.75
J36;1;0;rGGr;26243.00
J36;1;0;rGGr;26243.25
J36;1;0;rGGr;26243.50
J36;1;0;rGGr;26243.75
J36;1;0;rGGr;26244.00
J36;1;0;rGGr;26244.25
J36;1;0;rGGr;26244.50
J36;1;0;rGGr;26244.75
J36;1;0;rGGr;26245.00
J36;1;0;rGGr;26245.25
J36;1;0;rGGr;26245.50
J36;1;0;rGGr;26245.75
J36;1;0;rGGr;26246.00
J36;1;0;rGGr;26246.25
J36;1;0;rGGr;26246.50
J36;1;0;rGGr;26246.75
J36;1;0;rGGr;26247.00
J36;1;0;rGGr;26247.25
J36;1;0;rGGr;26247.50
J36;1;0;rGGr;26247.75
J36;1;0;rGGr;26248.00
J36;1;0;rGGr;26248.25
J36;1;0;rGGr;26248.50
J36;1;0;rGGr;26248.75
J36;1;0;rGGr;26249.00
J36;1;0;rGGr;26249.25
J36;1;0;rGGr;26249.50
J36;1;0;rGGr;26249.75
J36;1;0;rGGr;26250.00
J36;1;0;rGGr;26250.25
J36;1;0;rGGr;26250.50
J36;1;0;rGGr;26250.75
J36;1;0;rGGr;26251.00
J36;1;0;rGGr;26251.25
J36;1;0;rGGr;26251.50
J36;1;0;rGGr;26251.75
J36;1;0;rGGr;26252.00
J36;1;0;rGGr;26252.25
J36;1;0;rGGr;26252.50
J36;1;0;rGGr;26252.75
J36;1;0;rGGr;26253.00
J36;1;0;rGGr;26253.25
J36;1;0;rGGr;26253.50
J36;1;0;rGGr;26253.75
J36;1;0;rGGr;26254.00
J36;1;0;rGGr;26254.25
J36;1;0;rGGr;26254.50
J36;1;0;rGGr;26254.75
J36;1;0;rGGr;26255.00
J36;1;0;rGGr;26255.25
J36;1;0;rGGr;26255.50
J36;1;0;rGGr;26255.75
J36;1;0;rGGr;26256.00
J36;1;0;rGGr;26256.25
J36;1;0;rGGr;26256.50
J36;1;0;rGGr;26256.75
J36;1;0;rGGr;26257.00
J36;1;0;rGGr;26257.25
J36;1;0;rGGr;26257.50
J36;1;0;rGGr;26257.75
J36;1;0;rGGr;26258.00
J36;1;0;rGGr;26258.25
J36;1;0;rGGr;26258.50
J36;1;0;rGGr;26258.75
J36;1;0;rGGr;26259.00
J36;1;0;rGGr;26259.25
J36;1;0;rGGr;26259.50
J36;1;0;rGGr;26259.75
J36;1;0;rGGr;26260.00
J36;1;0;rGGr;26260.25
J36;1;0;rGGr;26260.50
J36;1;0;rGGr;26260.75
J36;0;online;yyyyyyyyyyyyyyyyyyyyyyyyyyyyyyyyyyyyyyyyyyyyyyyyyyyyyyyyy;26261.00
J36;0;online;yyyyyyyyyyyyyyyyyyyyyyyyyyyyyyyyyyyyyyyyyyyyyyyyyyyyyyyyy;26261.25
J36;0;online;yyyyyyyyyyyyyyyyyyyyyyyyyyyyyyyyyyyyyyyyyyyyyyyyyyyyyyyyy;26261.50
J36;0;online;yyyyyyyyyyyyyyyyyyyyyyyyyyyyyyyyyyyyyyyyyyyyyyyyyyyyyyyyy;26261.75
J36;0;online;yyyyyyyyyyyyyyyyyyyyyyyyyyyyyyyyyyyyyyyyyyyyyyyyyyyyyyyyy;26262.00
J36;0;online;yyyyyyyyyyyyyyyyyyyyyyyyyyyyyyyyyyyyyyyyyyyyyyyyyyyyyyyyy;26262.25
J36;0;online;yyyyyyyyyyyyyyyyyyyyyyyyyyyyyyyyyyyyyyyyyyyyyyyyyyyyyyyyy;26262.50
J36;0;online;yyyyyyyyyyyyyyyyyyyyyyyyyyyyyyyyyyyyyyyyyyyyyyyyyyyyyyyyy;26262.75
J36;0;online;yyyyyyyyyyyyyyyyyyyyyyyyyyyyyyyyyyyyyyyyyyyyyyyyyyyyyyyyy;26263.00
J36;0;online;yyyyyyyyyyyyyyyyyyyyyyyyyyyyyyyyyyyyyyyyyyyyyyyyyyyyyyyyy;26263.25
J36;0;online;yyyyyyyyyyyyyyyyyyyyyyyyyyyyyyyyyyyyyyyyyyyyyyyyyyyyyyyyy;26263.50
J36;0;online;yyyyyyyyyyyyyyyyyyyyyyyyyyyyyyyyyyyyyyyyyyyyyyyyyyyyyyyyy;26263.75
J36;4;0;urru;26264.00
J36;4;0;urru;26264.25
J36;4;0;urru;26264.50
J36;4;0;urru;26264.75
J36;5;0;GrrG;26265.00
J36;5;0;GrrG;26265.25
J36;5;0;GrrG;26265.50
J36;5;0;GrrG;26265.75
J36;5;0;GrrG;26266.00
J36;5;0;GrrG;26266.25
J36;5;0;GrrG;26266.50
J36;5;0;GrrG;26266.75
J36;5;0;GrrG;26267.00
J36;5;0;GrrG;26267.25
J36;5;0;GrrG;26267.50
J36;5;0;GrrG;26267.75
J36;5;0;GrrG;26268.00
J36;5;0;GrrG;26268.25
J36;5;0;GrrG;26268.50
J36;5;0;GrrG;26268.75
J36;5;0;GrrG;26269.00
J36;5;0;GrrG;26269.25
J36;5;0;GrrG;26269.50
J36;5;0;GrrG;26269.75
J36;5;0;GrrG;26270.00
J36;5;0;GrrG;26270.25
J36;5;0;GrrG;26270.50
J36;5;0;GrrG;26270.75
J36;5;0;GrrG;26271.00
J36;5;0;GrrG;26271.25
J36;5;0;GrrG;26271.50
J36;5;0;GrrG;26271.75
J36;5;0;GrrG;26272.00
J36;5;0;GrrG;26272.25
J36;5;0;GrrG;26272.50
J36;5;0;GrrG;26272.75
J36;5;0;GrrG;26273.00
J36;5;0;GrrG;26273.25
J36;5;0;GrrG;26273.50
J36;5;0;GrrG;26273.75
J36;5;0;GrrG;26274.00
J36;5;0;GrrG;26274.25
J36;5;0;GrrG;26274.50
J36;5;0;GrrG;26274.75
J36;5;0;GrrG;26275.00
J36;5;0;GrrG;26275.25
J36;5;0;GrrG;26275.50
J36;5;0;GrrG;26275.75
J36;5;0;GrrG;26276.00
J36;5;0;GrrG;26276.25
J36;5;0;GrrG;26276.50
J36;5;0;GrrG;26276.75
J36;5;0;GrrG;26277.00
J36;5;0;GrrG;26277.25
J36;5;0;GrrG;26277.50
J36;5;0;GrrG;26277.75
J36;5;0;GrrG;26278.00
J36;5;0;GrrG;26278.25
J36;5;0;GrrG;26278.50
J36;5;0;GrrG;26278.75
J36;5;0;GrrG;26279.00
J36;5;0;GrrG;26279.25
J36;5;0;GrrG;26279.50
J36;5;0;GrrG;26279.75
J36;5;0;GrrG;26280.00
J36;5;0;GrrG;26280.25
J36;5;0;GrrG;26280.50
J36;5;0;GrrG;26280.75
J36;5;0;GrrG;26281.00
J36;5;0;GrrG;26281.25
J36;5;0;GrrG;26281.50
J36;5;0;GrrG;26281.75
J36;5;0;GrrG;26282.00
J36;5;0;GrrG;26282.25
J36;5;0;GrrG;26282.50
J36;5;0;GrrG;26282.75
J36;5;0;GrrG;26283.00
J36;5;0;GrrG;26283.25
J36;5;0;GrrG;26283.50
J36;5;0;GrrG;26283.75
J36;5;0;GrrG;26284.00
J36;5;0;GrrG;26284.25
J36;5;0;GrrG;26284.50
J36;5;0;GrrG;26284.75
J36;5;0;GrrG;26285.00
J36;5;0;GrrG;26285.25
J36;5;0;GrrG;26285.50
J36;5;0;GrrG;26285.75
J36;5;0;GrrG;26286.00
J36;5;0;GrrG;26286.25
J36;5;0;GrrG;26286.50
J36;5;0;GrrG;26286.75
J36;5;0;GrrG;26287.00
J36;5;0;GrrG;26287.25
J36;5;0;GrrG;26287.50
J36;5;0;GrrG;26287.75
J36;5;0;GrrG;26288.00
J36;5;0;GrrG;26288.25
J36;5;0;GrrG;26288.50
J36;5;0;GrrG;26288.75
J36;5;0;GrrG;26289.00
J36;5;0;GrrG;26289.25
J36;5;0;GrrG;26289.50
J36;5;0;GrrG;26289.75
J36;6;0;yrry;26290.00
J36;6;0;yrry;26290.25
J36;6;0;yrry;26290.50
J36;6;0;yrry;26290.75
J36;6;0;yrry;26291.00
J36;6;0;yrry;26291.25
J36;6;0;yrry;26291.50
J36;6;0;yrry;26291.75
J36;6;0;yrry;26292.00
J36;6;0;yrry;26292.25
J36;6;0;yrry;26292.50
J36;6;0;yrry;26292.75
J36;7;0;rrrr;26293.00
J36;7;0;rrrr;26293.25
J36;7;0;rrrr;26293.50
J36;7;0;rrrr;26293.75
J36;0;0;ruur;26294.00
J36;0;0;ruur;26294.25
J36;0;0;ruur;26294.50
J36;0;0;ruur;26294.75
J36;1;0;rGGr;26295.00
J36;1;0;rGGr;26295.25
J36;1;0;rGGr;26295.50
J36;1;0;rGGr;26295.75
J36;1;0;rGGr;26296.00
J36;1;0;rGGr;26296.25
J36;1;0;rGGr;26296.50
J36;1;0;rGGr;26296.75
J36;1;0;rGGr;26297.00
J36;1;0;rGGr;26297.25
J36;1;0;rGGr;26297.50
J36;1;0;rGGr;26297.75
J36;1;0;rGGr;26298.00
J36;1;0;rGGr;26298.25
J36;1;0;rGGr;26298.50
J36;1;0;rGGr;26298.75
J36;1;0;rGGr;26299.00
J36;1;0;rGGr;26299.25
J36;1;0;rGGr;26299.50
J36;1;0;rGGr;26299.75
J36;1;0;rGGr;26300.00
J36;1;0;rGGr;26300.25
J36;1;0;rGGr;26300.50
J36;1;0;rGGr;26300.75
J36;1;0;rGGr;26301.00
J36;1;0;rGGr;26301.25
J36;1;0;rGGr;26301.50
J36;1;0;rGGr;26301.75
J36;1;0;rGGr;26302.00
J36;1;0;rGGr;26302.25
J36;1;0;rGGr;26302.50
J36;1;0;rGGr;26302.75
J36;1;0;rGGr;26303.00
J36;1;0;rGGr;26303.25
J36;1;0;rGGr;26303.50
J36;1;0;rGGr;26303.75
J36;1;0;rGGr;26304.00
J36;1;0;rGGr;26304.25
J36;1;0;rGGr;26304.50
J36;1;0;rGGr;26304.75
J36;1;0;rGGr;26305.00
J36;1;0;rGGr;26305.25
J36;1;0;rGGr;26305.50
J36;1;0;rGGr;26305.75
J36;1;0;rGGr;26306.00
J36;1;0;rGGr;26306.25
J36;1;0;rGGr;26306.50
J36;1;0;rGGr;26306.75
J36;1;0;rGGr;26307.00
J36;1;0;rGGr;26307.25
J36;1;0;rGGr;26307.50
J36;1;0;rGGr;26307.75
J36;1;0;rGGr;26308.00
J36;1;0;rGGr;26308.25
J36;1;0;rGGr;26308.50
J36;1;0;rGGr;26308.75
J36;1;0;rGGr;26309.00
J36;1;0;rGGr;26309.25
J36;1;0;rGGr;26309.50
J36;1;0;rGGr;26309.75
J36;1;0;rGGr;26310.00
J36;1;0;rGGr;26310.25
J36;1;0;rGGr;26310.50
J36;1;0;rGGr;26310.75
J36;1;0;rGGr;26311.00
J36;1;0;rGGr;26311.25
J36;1;0;rGGr;26311.50
J36;1;0;rGGr;26311.75
J36;1;0;rGGr;26312.00
J36;1;0;rGGr;26312.25
J36;1;0;rGGr;26312.50
J36;1;0;rGGr;26312.75
J36;1;0;rGGr;26313.00
J36;1;0;rGGr;26313.25
J36;1;0;rGGr;26313.50
J36;1;0;rGGr;26313.75
J36;1;0;rGGr;26314.00
J36;1;0;rGGr;26314.25
J36;1;0;rGGr;26314.50
J36;1;0;rGGr;26314.75
J36;1;0;rGGr;26315.00
J36;1;0;rGGr;26315.25
J36;1;0;rGGr;26315.50
J36;1;0;rGGr;26315.75
J36;1;0;rGGr;26316.00
J36;1;0;rGGr;26316.25
J36;1;0;rGGr;26316.50
J36;1;0;rGGr;26316.75
J36;1;0;rGGr;26317.00
J36;1;0;rGGr;26317.25
J36;1;0;rGGr;26317.50
J36;1;0;rGGr;26317.75
J36;1;0;rGGr;26318.00
J36;1;0;rGGr;26318.25
J36;1;0;rGGr;26318.50
J36;1;0;rGGr;26318.75
J36;1;0;rGGr;26319.00
J36;1;0;rGGr;26319.25
J36;1;0;rGGr;26319.50
J36;1;0;rGGr;26319.75
J36;1;0;rGGr;26320.00
J36;1;0;rGGr;26320.25
J36;1;0;rGGr;26320.50
J36;1;0;rGGr;26320.75
J36;1;0;rGGr;26321.00
J36;1;0;rGGr;26321.25
J36;1;0;rGGr;26321.50
J36;1;0;rGGr;26321.75
J36;1;0;rGGr;26322.00
J36;1;0;rGGr;26322.25
J36;1;0;rGGr;26322.50
J36;1;0;rGGr;26322.75
J36;1;0;rGGr;26323.00
J36;1;0;rGGr;26323.25
J36;1;0;rGGr;26323.50
J36;1;0;rGGr;26323.75
J36;1;0;rGGr;26324.00
J36;1;0;rGGr;26324.25
J36;1;0;rGGr;26324.50
J36;1;0;rGGr;26324.75
J36;1;0;rGGr;26325.00
J36;1;0;rGGr;26325.25
J36;1;0;rGGr;26325.50
J36;1;0;rGGr;26325.75
J36;1;0;rGGr;26326.00
J36;1;0;rGGr;26326.25
J36;1;0;rGGr;26326.50
J36;1;0;rGGr;26326.75
J36;1;0;rGGr;26327.00
J36;1;0;rGGr;26327.25
J36;1;0;rGGr;26327.50
J36;1;0;rGGr;26327.75
J36;1;0;rGGr;26328.00
J36;1;0;rGGr;26328.25
J36;1;0;rGGr;26328.50
J36;1;0;rGGr;26328.75
J36;1;0;rGGr;26329.00
J36;1;0;rGGr;26329.25
J36;1;0;rGGr;26329.50
J36;1;0;rGGr;26329.75
J36;1;0;rGGr;26330.00
J36;1;0;rGGr;26330.25
J36;1;0;rGGr;26330.50
J36;1;0;rGGr;26330.75
J36;1;0;rGGr;26331.00
J36;1;0;rGGr;26331.25
J36;1;0;rGGr;26331.50
J36;1;0;rGGr;26331.75
J36;1;0;rGGr;26332.00
J36;1;0;rGGr;26332.25
J36;1;0;rGGr;26332.50
J36;1;0;rGGr;26332.75
J36;1;0;rGGr;26333.00
J36;1;0;rGGr;26333.25
J36;1;0;rGGr;26333.50
J36;1;0;rGGr;26333.75
J36;1;0;rGGr;26334.00
J36;1;0;rGGr;26334.25
J36;1;0;rGGr;26334.50
J36;1;0;rGGr;26334.75
J36;1;0;rGGr;26335.00
J36;1;0;rGGr;26335.25
J36;1;0;rGGr;26335.50
J36;1;0;rGGr;26335.75
J36;1;0;rGGr;26336.00
J36;1;0;rGGr;26336.25
J36;1;0;rGGr;26336.50
J36;1;0;rGGr;26336.75
J36;1;0;rGGr;26337.00
J36;1;0;rGGr;26337.25
J36;1;0;rGGr;26337.50
J36;1;0;rGGr;26337.75
J36;1;0;rGGr;26338.00
J36;1;0;rGGr;26338.25
J36;1;0;rGGr;26338.50
J36;1;0;rGGr;26338.75
J36;1;0;rGGr;26339.00
J36;1;0;rGGr;26339.25
J36;1;0;rGGr;26339.50
J36;1;0;rGGr;26339.75
J36;1;0;rGGr;26340.00
J36;1;0;rGGr;26340.25
J36;1;0;rGGr;26340.50
J36;1;0;rGGr;26340.75
J36;1;0;rGGr;26341.00
J36;1;0;rGGr;26341.25
J36;1;0;rGGr;26341.50
J36;1;0;rGGr;26341.75
J36;1;0;rGGr;26342.00
J36;1;0;rGGr;26342.25
J36;1;0;rGGr;26342.50
J36;1;0;rGGr;26342.75
J36;1;0;rGGr;26343.00
J36;1;0;rGGr;26343.25
J36;1;0;rGGr;26343.50
J36;1;0;rGGr;26343.75
J36;1;0;rGGr;26344.00
J36;1;0;rGGr;26344.25
J36;1;0;rGGr;26344.50
J36;1;0;rGGr;26344.75
J36;1;0;rGGr;26345.00
J36;1;0;rGGr;26345.25
J36;1;0;rGGr;26345.50
J36;1;0;rGGr;26345.75
J36;1;0;rGGr;26346.00
J36;1;0;rGGr;26346.25
J36;1;0;rGGr;26346.50
J36;1;0;rGGr;26346.75
J36;1;0;rGGr;26347.00
J36;1;0;rGGr;26347.25
J36;1;0;rGGr;26347.50
J36;1;0;rGGr;26347.75
J36;1;0;rGGr;26348.00
J36;1;0;rGGr;26348.25
J36;1;0;rGGr;26348.50
J36;1;0;rGGr;26348.75
J36;1;0;rGGr;26349.00
J36;1;0;rGGr;26349.25
J36;1;0;rGGr;26349.50
J36;1;0;rGGr;26349.75
J36;1;0;rGGr;26350.00
J36;1;0;rGGr;26350.25
J36;1;0;rGGr;26350.50
J36;1;0;rGGr;26350.75
J36;1;0;rGGr;26351.00
J36;1;0;rGGr;26351.25
J36;1;0;rGGr;26351.50
J36;1;0;rGGr;26351.75
J36;1;0;rGGr;26352.00
J36;1;0;rGGr;26352.25
J36;1;0;rGGr;26352.50
J36;1;0;rGGr;26352.75
J36;1;0;rGGr;26353.00
J36;2;0;ryyr;26353.25
J36;2;0;ryyr;26353.50
J36;2;0;ryyr;26353.75
J36;2;0;ryyr;26354.00
J36;2;0;ryyr;26354.25
J36;2;0;ryyr;26354.50
J36;2;0;ryyr;26354.75
J36;2;0;ryyr;26355.00
J36;2;0;ryyr;26355.25
J36;2;0;ryyr;26355.50
J36;2;0;ryyr;26355.75
J36;2;0;ryyr;26356.00
J36;3;0;rrrr;26356.25
J36;3;0;rrrr;26356.50
J36;3;0;rrrr;26356.75
J36;3;0;rrrr;26357.00
J36;4;0;urru;26357.25
J36;4;0;urru;26357.50
J36;4;0;urru;26357.75
J36;4;0;urru;26358.00
J36;5;0;GrrG;26358.25
J36;5;0;GrrG;26358.50
J36;5;0;GrrG;26358.75
J36;5;0;GrrG;26359.00
J36;5;0;GrrG;26359.25
J36;5;0;GrrG;26359.50
J36;5;0;GrrG;26359.75
J36;5;0;GrrG;26360.00
J36;5;0;GrrG;26360.25
J36;5;0;GrrG;26360.50
J36;5;0;GrrG;26360.75
J36;5;0;GrrG;26361.00
J36;5;0;GrrG;26361.25
J36;5;0;GrrG;26361.50
J36;5;0;GrrG;26361.75
J36;5;0;GrrG;26362.00
J36;5;0;GrrG;26362.25
J36;5;0;GrrG;26362.50
J36;5;0;GrrG;26362.75
J36;5;0;GrrG;26363.00
J36;5;0;GrrG;26363.25
J36;5;0;GrrG;26363.50
J36;5;0;GrrG;26363.75
J36;5;0;GrrG;26364.00
J36;5;0;GrrG;26364.25
J36;5;0;GrrG;26364.50
J36;5;0;GrrG;26364.75
J36;5;0;GrrG;26365.00
J36;5;0;GrrG;26365.25
J36;5;0;GrrG;26365.50
J36;5;0;GrrG;26365.75
J36;5;0;GrrG;26366.00
J36;5;0;GrrG;26366.25
J36;5;0;GrrG;26366.50
J36;5;0;GrrG;26366.75
J36;5;0;GrrG;26367.00
J36;5;0;GrrG;26367.25
J36;5;0;GrrG;26367.50
J36;5;0;GrrG;26367.75
J36;5;0;GrrG;26368.00
J36;5;0;GrrG;26368.25
J36;5;0;GrrG;26368.50
J36;5;0;GrrG;26368.75
J36;5;0;GrrG;26369.00
J36;5;0;GrrG;26369.25
J36;5;0;GrrG;26369.50
J36;5;0;GrrG;26369.75
J36;5;0;GrrG;26370.00
J36;5;0;GrrG;26370.25
J36;5;0;GrrG;26370.50
J36;5;0;GrrG;26370.75
J36;5;0;GrrG;26371.00
J36;5;0;GrrG;26371.25
J36;5;0;GrrG;26371.50
J36;5;0;GrrG;26371.75
J36;5;0;GrrG;26372.00
J36;5;0;GrrG;26372.25
J36;5;0;GrrG;26372.50
J36;5;0;GrrG;26372.75
J36;5;0;GrrG;26373.00
J36;5;0;GrrG;26373.25
J36;5;0;GrrG;26373.50
J36;5;0;GrrG;26373.75
J36;5;0;GrrG;26374.00
J36;5;0;GrrG;26374.25
J36;5;0;GrrG;26374.50
J36;5;0;GrrG;26374.75
J36;5;0;GrrG;26375.00
J36;5;0;GrrG;26375.25
J36;5;0;GrrG;26375.50
J36;5;0;GrrG;26375.75
J36;5;0;GrrG;26376.00
J36;5;0;GrrG;26376.25
J36;5;0;GrrG;26376.50
J36;5;0;GrrG;26376.75
J36;5;0;GrrG;26377.00
J36;5;0;GrrG;26377.25
J36;5;0;GrrG;26377.50
J36;5;0;GrrG;26377.75
J36;5;0;GrrG;26378.00
J36;5;0;GrrG;26378.25
J36;5;0;GrrG;26378.50
J36;5;0;GrrG;26378.75
J36;5;0;GrrG;26379.00
J36;5;0;GrrG;26379.25
J36;5;0;GrrG;26379.50
J36;5;0;GrrG;26379.75
J36;5;0;GrrG;26380.00
J36;5;0;GrrG;26380.25
J36;5;0;GrrG;26380.50
J36;5;0;GrrG;26380.75
J36;5;0;GrrG;26381.00
J36;5;0;GrrG;26381.25
J36;5;0;GrrG;26381.50
J36;5;0;GrrG;26381.75
J36;5;0;GrrG;26382.00
J36;5;0;GrrG;26382.25
J36;5;0;GrrG;26382.50
J36;5;0;GrrG;26382.75
J36;5;0;GrrG;26383.00
J36;6;0;yrry;26383.25
J36;6;0;yrry;26383.50
J36;6;0;yrry;26383.75
J36;6;0;yrry;26384.00
J36;6;0;yrry;26384.25
J36;6;0;yrry;26384.50
J36;6;0;yrry;26384.75
J36;6;0;yrry;26385.00
J36;6;0;yrry;26385.25
J36;6;0;yrry;26385.50
J36;6;0;yrry;26385.75
J36;6;0;yrry;26386.00
J36;7;0;rrrr;26386.25
J36;7;0;rrrr;26386.50
J36;7;0;rrrr;26386.75
J36;7;0;rrrr;26387.00
J36;0;0;ruur;26387.25
J36;0;0;ruur;26387.50
J36;0;0;ruur;26387.75
J36;0;0;ruur;26388.00
J36;1;0;rGGr;26388.25
J36;1;0;rGGr;26388.50
J36;1;0;rGGr;26388.75
J36;1;0;rGGr;26389.00
J36;1;0;rGGr;26389.25
J36;1;0;rGGr;26389.50
J36;1;0;rGGr;26389.75
J36;1;0;rGGr;26390.00
J36;1;0;rGGr;26390.25
J36;1;0;rGGr;26390.50
J36;1;0;rGGr;26390.75
J36;1;0;rGGr;26391.00
J36;1;0;rGGr;26391.25
J36;1;0;rGGr;26391.50
J36;1;0;rGGr;26391.75
J36;1;0;rGGr;26392.00
J36;1;0;rGGr;26392.25
J36;1;0;rGGr;26392.50
J36;1;0;rGGr;26392.75
J36;1;0;rGGr;26393.00
J36;1;0;rGGr;26393.25
J36;1;0;rGGr;26393.50
J36;1;0;rGGr;26393.75
J36;1;0;rGGr;26394.00
J36;1;0;rGGr;26394.25
J36;1;0;rGGr;26394.50
J36;1;0;rGGr;26394.75
J36;1;0;rGGr;26395.00
J36;1;0;rGGr;26395.25
J36;1;0;rGGr;26395.50
J36;1;0;rGGr;26395.75
J36;1;0;rGGr;26396.00
J36;1;0;rGGr;26396.25
J36;1;0;rGGr;26396.50
J36;1;0;rGGr;26396.75
J36;1;0;rGGr;26397.00
J36;1;0;rGGr;26397.25
J36;1;0;rGGr;26397.50
J36;1;0;rGGr;26397.75
J36;1;0;rGGr;26398.00
J36;1;0;rGGr;26398.25
J36;1;0;rGGr;26398.50
J36;1;0;rGGr;26398.75
J36;1;0;rGGr;26399.00
J36;1;0;rGGr;26399.25
J36;1;0;rGGr;26399.50
J36;1;0;rGGr;26399.75
J36;1;0;rGGr;26400.00
J36;1;0;rGGr;26400.25
J36;0;online;yyyyyyyyyyyyyyyyyyyyyyyyyyyyyyyyyyyyyyyyyyyyyyyyyyyyyyyyy;26400.50
J36;0;online;yyyyyyyyyyyyyyyyyyyyyyyyyyyyyyyyyyyyyyyyyyyyyyyyyyyyyyyyy;26400.75
J36;0;online;yyyyyyyyyyyyyyyyyyyyyyyyyyyyyyyyyyyyyyyyyyyyyyyyyyyyyyyyy;26401.00
J36;0;online;yyyyyyyyyyyyyyyyyyyyyyyyyyyyyyyyyyyyyyyyyyyyyyyyyyyyyyyyy;26401.25
J36;0;online;yyyyyyyyyyyyyyyyyyyyyyyyyyyyyyyyyyyyyyyyyyyyyyyyyyyyyyyyy;26401.50
J36;0;online;yyyyyyyyyyyyyyyyyyyyyyyyyyyyyyyyyyyyyyyyyyyyyyyyyyyyyyyyy;26401.75
J36;0;online;yyyyyyyyyyyyyyyyyyyyyyyyyyyyyyyyyyyyyyyyyyyyyyyyyyyyyyyyy;26402.00
J36;0;online;yyyyyyyyyyyyyyyyyyyyyyyyyyyyyyyyyyyyyyyyyyyyyyyyyyyyyyyyy;26402.25
J36;0;online;yyyyyyyyyyyyyyyyyyyyyyyyyyyyyyyyyyyyyyyyyyyyyyyyyyyyyyyyy;26402.50
J36;0;online;yyyyyyyyyyyyyyyyyyyyyyyyyyyyyyyyyyyyyyyyyyyyyyyyyyyyyyyyy;26402.75
J36;0;online;yyyyyyyyyyyyyyyyyyyyyyyyyyyyyyyyyyyyyyyyyyyyyyyyyyyyyyyyy;26403.00
J36;0;online;yyyyyyyyyyyyyyyyyyyyyyyyyyyyyyyyyyyyyyyyyyyyyyyyyyyyyyyyy;26403.25
J36;4;0;urru;26403.50
J36;4;0;urru;26403.75
J36;4;0;urru;26404.00
J36;4;0;urru;26404.25
J36;5;0;GrrG;26404.50
J36;5;0;GrrG;26404.75
J36;5;0;GrrG;26405.00
J36;5;0;GrrG;26405.25
J36;5;0;GrrG;26405.50
J36;5;0;GrrG;26405.75
J36;5;0;GrrG;26406.00
J36;5;0;GrrG;26406.25
J36;5;0;GrrG;26406.50
J36;5;0;GrrG;26406.75
J36;5;0;GrrG;26407.00
J36;5;0;GrrG;26407.25
J36;5;0;GrrG;26407.50
J36;5;0;GrrG;26407.75
J36;5;0;GrrG;26408.00
J36;5;0;GrrG;26408.25
J36;5;0;GrrG;26408.50
J36;5;0;GrrG;26408.75
J36;5;0;GrrG;26409.00
J36;5;0;GrrG;26409.25
J36;5;0;GrrG;26409.50
J36;5;0;GrrG;26409.75
J36;5;0;GrrG;26410.00
J36;5;0;GrrG;26410.25
J36;5;0;GrrG;26410.50
J36;5;0;GrrG;26410.75
J36;5;0;GrrG;26411.00
J36;5;0;GrrG;26411.25
J36;5;0;GrrG;26411.50
J36;5;0;GrrG;26411.75
J36;5;0;GrrG;26412.00
J36;5;0;GrrG;26412.25
J36;5;0;GrrG;26412.50
J36;5;0;GrrG;26412.75
J36;5;0;GrrG;26413.00
J36;5;0;GrrG;26413.25
J36;5;0;GrrG;26413.50
J36;5;0;GrrG;26413.75
J36;5;0;GrrG;26414.00
J36;5;0;GrrG;26414.25
J36;5;0;GrrG;26414.50
J36;5;0;GrrG;26414.75
J36;5;0;GrrG;26415.00
J36;5;0;GrrG;26415.25
J36;5;0;GrrG;26415.50
J36;5;0;GrrG;26415.75
J36;5;0;GrrG;26416.00
J36;5;0;GrrG;26416.25
J36;5;0;GrrG;26416.50
J36;5;0;GrrG;26416.75
J36;5;0;GrrG;26417.00
J36;5;0;GrrG;26417.25
J36;5;0;GrrG;26417.50
J36;5;0;GrrG;26417.75
J36;5;0;GrrG;26418.00
J36;5;0;GrrG;26418.25
J36;5;0;GrrG;26418.50
J36;5;0;GrrG;26418.75
J36;5;0;GrrG;26419.00
J36;5;0;GrrG;26419.25
J36;5;0;GrrG;26419.50
J36;5;0;GrrG;26419.75
J36;5;0;GrrG;26420.00
J36;5;0;GrrG;26420.25
J36;5;0;GrrG;26420.50
J36;5;0;GrrG;26420.75
J36;5;0;GrrG;26421.00
J36;5;0;GrrG;26421.25
J36;5;0;GrrG;26421.50
J36;5;0;GrrG;26421.75
J36;5;0;GrrG;26422.00
J36;5;0;GrrG;26422.25
J36;5;0;GrrG;26422.50
J36;5;0;GrrG;26422.75
J36;5;0;GrrG;26423.00
J36;5;0;GrrG;26423.25
J36;5;0;GrrG;26423.50
J36;5;0;GrrG;26423.75
J36;5;0;GrrG;26424.00
J36;5;0;GrrG;26424.25
J36;5;0;GrrG;26424.50
J36;5;0;GrrG;26424.75
J36;5;0;GrrG;26425.00
J36;5;0;GrrG;26425.25
J36;5;0;GrrG;26425.50
J36;5;0;GrrG;26425.75
J36;5;0;GrrG;26426.00
J36;5;0;GrrG;26426.25
J36;5;0;GrrG;26426.50
J36;5;0;GrrG;26426.75
J36;5;0;GrrG;26427.00
J36;5;0;GrrG;26427.25
J36;5;0;GrrG;26427.50
J36;5;0;GrrG;26427.75
J36;5;0;GrrG;26428.00
J36;5;0;GrrG;26428.25
J36;5;0;GrrG;26428.50
J36;5;0;GrrG;26428.75
J36;5;0;GrrG;26429.00
J36;5;0;GrrG;26429.25
J36;6;0;yrry;26429.50
J36;6;0;yrry;26429.75
J36;6;0;yrry;26430.00
J36;6;0;yrry;26430.25
J36;6;0;yrry;26430.50
J36;6;0;yrry;26430.75
J36;6;0;yrry;26431.00
J36;6;0;yrry;26431.25
J36;6;0;yrry;26431.50
J36;6;0;yrry;26431.75
J36;6;0;yrry;26432.00
J36;6;0;yrry;26432.25
J36;7;0;rrrr;26432.50
J36;7;0;rrrr;26432.75
J36;7;0;rrrr;26433.00
J36;7;0;rrrr;26433.25
J36;0;0;ruur;26433.50
J36;0;0;ruur;26433.75
J36;0;0;ruur;26434.00
J36;0;0;ruur;26434.25
J36;1;0;rGGr;26434.50
J36;1;0;rGGr;26434.75
J36;1;0;rGGr;26435.00
J36;1;0;rGGr;26435.25
J36;1;0;rGGr;26435.50
J36;1;0;rGGr;26435.75
J36;1;0;rGGr;26436.00
J36;1;0;rGGr;26436.25
J36;1;0;rGGr;26436.50
J36;1;0;rGGr;26436.75
J36;1;0;rGGr;26437.00
J36;1;0;rGGr;26437.25
J36;1;0;rGGr;26437.50
J36;1;0;rGGr;26437.75
J36;1;0;rGGr;26438.00
J36;1;0;rGGr;26438.25
J36;1;0;rGGr;26438.50
J36;1;0;rGGr;26438.75
J36;1;0;rGGr;26439.00
J36;1;0;rGGr;26439.25
J36;1;0;rGGr;26439.50
J36;1;0;rGGr;26439.75
J36;1;0;rGGr;26440.00
J36;1;0;rGGr;26440.25
J36;1;0;rGGr;26440.50
J36;1;0;rGGr;26440.75
J36;1;0;rGGr;26441.00
J36;1;0;rGGr;26441.25
J36;1;0;rGGr;26441.50
J36;1;0;rGGr;26441.75
J36;1;0;rGGr;26442.00
J36;1;0;rGGr;26442.25
J36;1;0;rGGr;26442.50
J36;1;0;rGGr;26442.75
J36;1;0;rGGr;26443.00
J36;1;0;rGGr;26443.25
J36;1;0;rGGr;26443.50
J36;1;0;rGGr;26443.75
J36;1;0;rGGr;26444.00
J36;1;0;rGGr;26444.25
J36;1;0;rGGr;26444.50
J36;1;0;rGGr;26444.75
J36;1;0;rGGr;26445.00
J36;1;0;rGGr;26445.25
J36;1;0;rGGr;26445.50
J36;1;0;rGGr;26445.75
J36;1;0;rGGr;26446.00
J36;1;0;rGGr;26446.25
J36;1;0;rGGr;26446.50
J36;1;0;rGGr;26446.75
J36;1;0;rGGr;26447.00
J36;1;0;rGGr;26447.25
J36;1;0;rGGr;26447.50
J36;1;0;rGGr;26447.75
J36;1;0;rGGr;26448.00
J36;1;0;rGGr;26448.25
J36;1;0;rGGr;26448.50
J36;1;0;rGGr;26448.75
J36;1;0;rGGr;26449.00
J36;1;0;rGGr;26449.25
J36;1;0;rGGr;26449.50
J36;1;0;rGGr;26449.75
J36;1;0;rGGr;26450.00
J36;1;0;rGGr;26450.25
J36;1;0;rGGr;26450.50
J36;1;0;rGGr;26450.75
J36;1;0;rGGr;26451.00
J36;1;0;rGGr;26451.25
J36;1;0;rGGr;26451.50
J36;1;0;rGGr;26451.75
J36;1;0;rGGr;26452.00
J36;1;0;rGGr;26452.25
J36;1;0;rGGr;26452.50
J36;1;0;rGGr;26452.75
J36;1;0;rGGr;26453.00
J36;1;0;rGGr;26453.25
J36;1;0;rGGr;26453.50
J36;1;0;rGGr;26453.75
J36;1;0;rGGr;26454.00
J36;1;0;rGGr;26454.25
J36;1;0;rGGr;26454.50
J36;1;0;rGGr;26454.75
J36;1;0;rGGr;26455.00
J36;1;0;rGGr;26455.25
J36;1;0;rGGr;26455.50
J36;1;0;rGGr;26455.75
J36;1;0;rGGr;26456.00
J36;1;0;rGGr;26456.25
J36;1;0;rGGr;26456.50
J36;1;0;rGGr;26456.75
J36;1;0;rGGr;26457.00
J36;1;0;rGGr;26457.25
J36;1;0;rGGr;26457.50
J36;1;0;rGGr;26457.75
J36;1;0;rGGr;26458.00
J36;1;0;rGGr;26458.25
J36;1;0;rGGr;26458.50
J36;1;0;rGGr;26458.75
J36;1;0;rGGr;26459.00
J36;1;0;rGGr;26459.25
J36;1;0;rGGr;26459.50
J36;1;0;rGGr;26459.75
J36;1;0;rGGr;26460.00
J36;1;0;rGGr;26460.25
J36;1;0;rGGr;26460.50
J36;1;0;rGGr;26460.75
J36;1;0;rGGr;26461.00
J36;1;0;rGGr;26461.25
J36;1;0;rGGr;26461.50
J36;1;0;rGGr;26461.75
J36;1;0;rGGr;26462.00
J36;1;0;rGGr;26462.25
J36;1;0;rGGr;26462.50
J36;1;0;rGGr;26462.75
J36;1;0;rGGr;26463.00
J36;1;0;rGGr;26463.25
J36;1;0;rGGr;26463.50
J36;1;0;rGGr;26463.75
J36;1;0;rGGr;26464.00
J36;1;0;rGGr;26464.25
J36;1;0;rGGr;26464.50
J36;1;0;rGGr;26464.75
J36;1;0;rGGr;26465.00
J36;1;0;rGGr;26465.25
J36;1;0;rGGr;26465.50
J36;1;0;rGGr;26465.75
J36;1;0;rGGr;26466.00
J36;1;0;rGGr;26466.25
J36;1;0;rGGr;26466.50
J36;1;0;rGGr;26466.75
J36;1;0;rGGr;26467.00
J36;1;0;rGGr;26467.25
J36;1;0;rGGr;26467.50
J36;1;0;rGGr;26467.75
J36;1;0;rGGr;26468.00
J36;1;0;rGGr;26468.25
J36;1;0;rGGr;26468.50
J36;1;0;rGGr;26468.75
J36;1;0;rGGr;26469.00
J36;1;0;rGGr;26469.25
J36;1;0;rGGr;26469.50
J36;1;0;rGGr;26469.75
J36;1;0;rGGr;26470.00
J36;1;0;rGGr;26470.25
J36;1;0;rGGr;26470.50
J36;1;0;rGGr;26470.75
J36;1;0;rGGr;26471.00
J36;1;0;rGGr;26471.25
J36;1;0;rGGr;26471.50
J36;1;0;rGGr;26471.75
J36;1;0;rGGr;26472.00
J36;1;0;rGGr;26472.25
J36;2;0;ryyr;26472.50
J36;2;0;ryyr;26472.75
J36;2;0;ryyr;26473.00
J36;2;0;ryyr;26473.25
J36;2;0;ryyr;26473.50
J36;2;0;ryyr;26473.75
J36;2;0;ryyr;26474.00
J36;2;0;ryyr;26474.25
J36;2;0;ryyr;26474.50
J36;2;0;ryyr;26474.75
J36;2;0;ryyr;26475.00
J36;2;0;ryyr;26475.25
J36;3;0;rrrr;26475.50
J36;3;0;rrrr;26475.75
J36;3;0;rrrr;26476.00
J36;3;0;rrrr;26476.25
J36;4;0;urru;26476.50
J36;4;0;urru;26476.75
J36;4;0;urru;26477.00
J36;4;0;urru;26477.25
J36;5;0;GrrG;26477.50
J36;5;0;GrrG;26477.75
J36;5;0;GrrG;26478.00
J36;5;0;GrrG;26478.25
J36;5;0;GrrG;26478.50
J36;5;0;GrrG;26478.75
J36;5;0;GrrG;26479.00
J36;5;0;GrrG;26479.25
J36;5;0;GrrG;26479.50
J36;5;0;GrrG;26479.75
J36;5;0;GrrG;26480.00
J36;5;0;GrrG;26480.25
J36;5;0;GrrG;26480.50
J36;5;0;GrrG;26480.75
J36;5;0;GrrG;26481.00
J36;5;0;GrrG;26481.25
J36;5;0;GrrG;26481.50
J36;5;0;GrrG;26481.75
J36;5;0;GrrG;26482.00
J36;5;0;GrrG;26482.25
J36;5;0;GrrG;26482.50
J36;5;0;GrrG;26482.75
J36;5;0;GrrG;26483.00
J36;5;0;GrrG;26483.25
J36;5;0;GrrG;26483.50
J36;5;0;GrrG;26483.75
J36;5;0;GrrG;26484.00
J36;5;0;GrrG;26484.25
J36;5;0;GrrG;26484.50
J36;5;0;GrrG;26484.75
J36;5;0;GrrG;26485.00
J36;5;0;GrrG;26485.25
J36;5;0;GrrG;26485.50
J36;5;0;GrrG;26485.75
J36;5;0;GrrG;26486.00
J36;5;0;GrrG;26486.25
J36;5;0;GrrG;26486.50
J36;5;0;GrrG;26486.75
J36;5;0;GrrG;26487.00
J36;5;0;GrrG;26487.25
J36;5;0;GrrG;26487.50
J36;5;0;GrrG;26487.75
J36;5;0;GrrG;26488.00
J36;5;0;GrrG;26488.25
J36;5;0;GrrG;26488.50
J36;5;0;GrrG;26488.75
J36;5;0;GrrG;26489.00
J36;5;0;GrrG;26489.25
J36;5;0;GrrG;26489.50
J36;5;0;GrrG;26489.75
J36;5;0;GrrG;26490.00
J36;5;0;GrrG;26490.25
J36;5;0;GrrG;26490.50
J36;5;0;GrrG;26490.75
J36;5;0;GrrG;26491.00
J36;5;0;GrrG;26491.25
J36;5;0;GrrG;26491.50
J36;5;0;GrrG;26491.75
J36;5;0;GrrG;26492.00
J36;5;0;GrrG;26492.25
J36;5;0;GrrG;26492.50
J36;5;0;GrrG;26492.75
J36;5;0;GrrG;26493.00
J36;5;0;GrrG;26493.25
J36;5;0;GrrG;26493.50
J36;5;0;GrrG;26493.75
J36;5;0;GrrG;26494.00
J36;5;0;GrrG;26494.25
J36;5;0;GrrG;26494.50
J36;5;0;GrrG;26494.75
J36;5;0;GrrG;26495.00
J36;5;0;GrrG;26495.25
J36;5;0;GrrG;26495.50
J36;5;0;GrrG;26495.75
J36;5;0;GrrG;26496.00
J36;5;0;GrrG;26496.25
J36;5;0;GrrG;26496.50
J36;5;0;GrrG;26496.75
J36;5;0;GrrG;26497.00
J36;5;0;GrrG;26497.25
J36;5;0;GrrG;26497.50
J36;5;0;GrrG;26497.75
J36;5;0;GrrG;26498.00
J36;5;0;GrrG;26498.25
J36;5;0;GrrG;26498.50
J36;5;0;GrrG;26498.75
J36;5;0;GrrG;26499.00
J36;5;0;GrrG;26499.25
J36;5;0;GrrG;26499.50
J36;5;0;GrrG;26499.75
J36;5;0;GrrG;26500.00
J36;5;0;GrrG;26500.25
J36;5;0;GrrG;26500.50
J36;5;0;GrrG;26500.75
J36;5;0;GrrG;26501.00
J36;5;0;GrrG;26501.25
J36;5;0;GrrG;26501.50
J36;5;0;GrrG;26501.75
J36;5;0;GrrG;26502.00
J36;5;0;GrrG;26502.25
J36;6;0;yrry;26502.50
J36;6;0;yrry;26502.75
J36;6;0;yrry;26503.00
J36;6;0;yrry;26503.25
J36;6;0;yrry;26503.50
J36;6;0;yrry;26503.75
J36;6;0;yrry;26504.00
J36;6;0;yrry;26504.25
J36;6;0;yrry;26504.50
J36;6;0;yrry;26504.75
J36;6;0;yrry;26505.00
J36;6;0;yrry;26505.25
J36;7;0;rrrr;26505.50
J36;7;0;rrrr;26505.75
J36;7;0;rrrr;26506.00
J36;7;0;rrrr;26506.25
J36;0;0;ruur;26506.50
J36;0;0;ruur;26506.75
J36;0;0;ruur;26507.00
J36;0;0;ruur;26507.25
J36;1;0;rGGr;26507.50
J36;1;0;rGGr;26507.75
J36;1;0;rGGr;26508.00
J36;1;0;rGGr;26508.25
J36;1;0;rGGr;26508.50
J36;1;0;rGGr;26508.75
J36;1;0;rGGr;26509.00
J36;1;0;rGGr;26509.25
J36;1;0;rGGr;26509.50
J36;1;0;rGGr;26509.75
J36;1;0;rGGr;26510.00
J36;1;0;rGGr;26510.25
J36;1;0;rGGr;26510.50
J36;1;0;rGGr;26510.75
J36;1;0;rGGr;26511.00
J36;1;0;rGGr;26511.25
J36;1;0;rGGr;26511.50
J36;1;0;rGGr;26511.75
J36;1;0;rGGr;26512.00
J36;1;0;rGGr;26512.25
J36;1;0;rGGr;26512.50
J36;1;0;rGGr;26512.75
J36;1;0;rGGr;26513.00
J36;1;0;rGGr;26513.25
J36;1;0;rGGr;26513.50
J36;1;0;rGGr;26513.75
J36;1;0;rGGr;26514.00
J36;1;0;rGGr;26514.25
J36;1;0;rGGr;26514.50
J36;1;0;rGGr;26514.75
J36;1;0;rGGr;26515.00
J36;1;0;rGGr;26515.25
J36;1;0;rGGr;26515.50
J36;1;0;rGGr;26515.75
J36;1;0;rGGr;26516.00
J36;1;0;rGGr;26516.25
J36;1;0;rGGr;26516.50
J36;1;0;rGGr;26516.75
J36;1;0;rGGr;26517.00
J36;1;0;rGGr;26517.25
J36;1;0;rGGr;26517.50
J36;1;0;rGGr;26517.75
J36;1;0;rGGr;26518.00
J36;1;0;rGGr;26518.25
J36;1;0;rGGr;26518.50
J36;1;0;rGGr;26518.75
J36;1;0;rGGr;26519.00
J36;1;0;rGGr;26519.25
J36;1;0;rGGr;26519.50
J36;1;0;rGGr;26519.75
J36;1;0;rGGr;26520.00
J36;1;0;rGGr;26520.25
J36;1;0;rGGr;26520.50
J36;1;0;rGGr;26520.75
J36;1;0;rGGr;26521.00
J36;1;0;rGGr;26521.25
J36;1;0;rGGr;26521.50
J36;1;0;rGGr;26521.75
J36;1;0;rGGr;26522.00
J36;1;0;rGGr;26522.25
J36;1;0;rGGr;26522.50
J36;1;0;rGGr;26522.75
J36;1;0;rGGr;26523.00
J36;1;0;rGGr;26523.25
J36;1;0;rGGr;26523.50
J36;1;0;rGGr;26523.75
J36;1;0;rGGr;26524.00
J36;1;0;rGGr;26524.25
J36;1;0;rGGr;26524.50
J36;1;0;rGGr;26524.75
J36;1;0;rGGr;26525.00
J36;1;0;rGGr;26525.25
J36;1;0;rGGr;26525.50
J36;1;0;rGGr;26525.75
J36;1;0;rGGr;26526.00
J36;1;0;rGGr;26526.25
J36;1;0;rGGr;26526.50
J36;1;0;rGGr;26526.75
J36;1;0;rGGr;26527.00
J36;1;0;rGGr;26527.25
J36;1;0;rGGr;26527.50
J36;1;0;rGGr;26527.75
J36;1;0;rGGr;26528.00
J36;1;0;rGGr;26528.25
J36;1;0;rGGr;26528.50
J36;1;0;rGGr;26528.75
J36;1;0;rGGr;26529.00
J36;1;0;rGGr;26529.25
J36;1;0;rGGr;26529.50
J36;1;0;rGGr;26529.75
J36;1;0;rGGr;26530.00
J36;1;0;rGGr;26530.25
J36;1;0;rGGr;26530.50
J36;1;0;rGGr;26530.75
J36;1;0;rGGr;26531.00
J36;1;0;rGGr;26531.25
J36;1;0;rGGr;26531.50
J36;1;0;rGGr;26531.75
J36;1;0;rGGr;26532.00
J36;1;0;rGGr;26532.25
J36;2;0;ryyr;26532.50
J36;2;0;ryyr;26532.75
J36;2;0;ryyr;26533.00
J36;2;0;ryyr;26533.25
J36;2;0;ryyr;26533.50
J36;2;0;ryyr;26533.75
J36;2;0;ryyr;26534.00
J36;2;0;ryyr;26534.25
J36;2;0;ryyr;26534.50
J36;2;0;ryyr;26534.75
J36;2;0;ryyr;26535.00
J36;2;0;ryyr;26535.25
J36;3;0;rrrr;26535.50
J36;3;0;rrrr;26535.75
J36;3;0;rrrr;26536.00
J36;3;0;rrrr;26536.25
J36;4;0;urru;26536.50
J36;4;0;urru;26536.75
J36;4;0;urru;26537.00
J36;4;0;urru;26537.25
J36;5;0;GrrG;26537.50
J36;5;0;GrrG;26537.75
J36;5;0;GrrG;26538.00
J36;5;0;GrrG;26538.25
J36;5;0;GrrG;26538.50
J36;5;0;GrrG;26538.75
J36;5;0;GrrG;26539.00
J36;5;0;GrrG;26539.25
J36;5;0;GrrG;26539.50
J36;5;0;GrrG;26539.75
J36;5;0;GrrG;26540.00
J36;5;0;GrrG;26540.25
J36;5;0;GrrG;26540.50
J36;5;0;GrrG;26540.75
J36;5;0;GrrG;26541.00
J36;5;0;GrrG;26541.25
J36;5;0;GrrG;26541.50
J36;5;0;GrrG;26541.75
J36;5;0;GrrG;26542.00
J36;5;0;GrrG;26542.25
J36;5;0;GrrG;26542.50
J36;5;0;GrrG;26542.75
J36;5;0;GrrG;26543.00
J36;5;0;GrrG;26543.25
J36;5;0;GrrG;26543.50
J36;5;0;GrrG;26543.75
J36;5;0;GrrG;26544.00
J36;5;0;GrrG;26544.25
J36;5;0;GrrG;26544.50
J36;5;0;GrrG;26544.75
J36;5;0;GrrG;26545.00
J36;5;0;GrrG;26545.25
J36;5;0;GrrG;26545.50
J36;5;0;GrrG;26545.75
J36;5;0;GrrG;26546.00
J36;5;0;GrrG;26546.25
J36;5;0;GrrG;26546.50
J36;5;0;GrrG;26546.75
J36;5;0;GrrG;26547.00
J36;5;0;GrrG;26547.25
J36;5;0;GrrG;26547.50
J36;5;0;GrrG;26547.75
J36;5;0;GrrG;26548.00
J36;5;0;GrrG;26548.25
J36;5;0;GrrG;26548.50
J36;5;0;GrrG;26548.75
J36;5;0;GrrG;26549.00
J36;5;0;GrrG;26549.25
J36;5;0;GrrG;26549.50
J36;5;0;GrrG;26549.75
J36;5;0;GrrG;26550.00
J36;5;0;GrrG;26550.25
J36;5;0;GrrG;26550.50
J36;5;0;GrrG;26550.75
J36;5;0;GrrG;26551.00
J36;5;0;GrrG;26551.25
J36;5;0;GrrG;26551.50
J36;5;0;GrrG;26551.75
J36;5;0;GrrG;26552.00
J36;5;0;GrrG;26552.25
J36;5;0;GrrG;26552.50
J36;5;0;GrrG;26552.75
J36;5;0;GrrG;26553.00
J36;5;0;GrrG;26553.25
J36;5;0;GrrG;26553.50
J36;5;0;GrrG;26553.75
J36;5;0;GrrG;26554.00
J36;5;0;GrrG;26554.25
J36;5;0;GrrG;26554.50
J36;5;0;GrrG;26554.75
J36;5;0;GrrG;26555.00
J36;5;0;GrrG;26555.25
J36;5;0;GrrG;26555.50
J36;5;0;GrrG;26555.75
J36;5;0;GrrG;26556.00
J36;5;0;GrrG;26556.25
J36;5;0;GrrG;26556.50
J36;5;0;GrrG;26556.75
J36;5;0;GrrG;26557.00
J36;5;0;GrrG;26557.25
J36;5;0;GrrG;26557.50
J36;5;0;GrrG;26557.75
J36;5;0;GrrG;26558.00
J36;5;0;GrrG;26558.25
J36;5;0;GrrG;26558.50
J36;5;0;GrrG;26558.75
J36;5;0;GrrG;26559.00
J36;5;0;GrrG;26559.25
J36;5;0;GrrG;26559.50
J36;5;0;GrrG;26559.75
J36;5;0;GrrG;26560.00
J36;5;0;GrrG;26560.25
J36;5;0;GrrG;26560.50
J36;5;0;GrrG;26560.75
J36;5;0;GrrG;26561.00
J36;5;0;GrrG;26561.25
J36;5;0;GrrG;26561.50
J36;5;0;GrrG;26561.75
J36;5;0;GrrG;26562.00
J36;5;0;GrrG;26562.25
J36;6;0;yrry;26562.50
J36;6;0;yrry;26562.75
J36;6;0;yrry;26563.00
J36;6;0;yrry;26563.25
J36;6;0;yrry;26563.50
J36;6;0;yrry;26563.75
J36;6;0;yrry;26564.00
J36;6;0;yrry;26564.25
J36;6;0;yrry;26564.50
J36;6;0;yrry;26564.75
J36;6;0;yrry;26565.00
J36;6;0;yrry;26565.25
J36;7;0;rrrr;26565.50
J36;7;0;rrrr;26565.75
J36;7;0;rrrr;26566.00
J36;7;0;rrrr;26566.25
J36;0;0;ruur;26566.50
J36;0;0;ruur;26566.75
J36;0;0;ruur;26567.00
J36;0;0;ruur;26567.25
J36;1;0;rGGr;26567.50
J36;1;0;rGGr;26567.75
J36;1;0;rGGr;26568.00
J36;1;0;rGGr;26568.25
J36;1;0;rGGr;26568.50
J36;1;0;rGGr;26568.75
J36;1;0;rGGr;26569.00
J36;1;0;rGGr;26569.25
J36;1;0;rGGr;26569.50
J36;1;0;rGGr;26569.75
J36;1;0;rGGr;26570.00
J36;1;0;rGGr;26570.25
J36;1;0;rGGr;26570.50
J36;1;0;rGGr;26570.75
J36;1;0;rGGr;26571.00
J36;1;0;rGGr;26571.25
J36;1;0;rGGr;26571.50
J36;1;0;rGGr;26571.75
J36;1;0;rGGr;26572.00
J36;1;0;rGGr;26572.25
J36;1;0;rGGr;26572.50
J36;1;0;rGGr;26572.75
J36;1;0;rGGr;26573.00
J36;1;0;rGGr;26573.25
J36;1;0;rGGr;26573.50
J36;1;0;rGGr;26573.75
J36;1;0;rGGr;26574.00
J36;1;0;rGGr;26574.25
J36;1;0;rGGr;26574.50
J36;1;0;rGGr;26574.75
J36;1;0;rGGr;26575.00
J36;0;online;yyyyyyyyyyyyyyyyyyyyyyyyyyyyyyyyyyyyyyyyyyyyyyyyyyyyyyyyy;26575.25
J36;0;online;yyyyyyyyyyyyyyyyyyyyyyyyyyyyyyyyyyyyyyyyyyyyyyyyyyyyyyyyy;26575.50
J36;0;online;yyyyyyyyyyyyyyyyyyyyyyyyyyyyyyyyyyyyyyyyyyyyyyyyyyyyyyyyy;26575.75
J36;0;online;yyyyyyyyyyyyyyyyyyyyyyyyyyyyyyyyyyyyyyyyyyyyyyyyyyyyyyyyy;26576.00
J36;0;online;yyyyyyyyyyyyyyyyyyyyyyyyyyyyyyyyyyyyyyyyyyyyyyyyyyyyyyyyy;26576.25
J36;0;online;yyyyyyyyyyyyyyyyyyyyyyyyyyyyyyyyyyyyyyyyyyyyyyyyyyyyyyyyy;26576.50
J36;0;online;yyyyyyyyyyyyyyyyyyyyyyyyyyyyyyyyyyyyyyyyyyyyyyyyyyyyyyyyy;26576.75
J36;0;online;yyyyyyyyyyyyyyyyyyyyyyyyyyyyyyyyyyyyyyyyyyyyyyyyyyyyyyyyy;26577.00
J36;0;online;yyyyyyyyyyyyyyyyyyyyyyyyyyyyyyyyyyyyyyyyyyyyyyyyyyyyyyyyy;26577.25
J36;0;online;yyyyyyyyyyyyyyyyyyyyyyyyyyyyyyyyyyyyyyyyyyyyyyyyyyyyyyyyy;26577.50
J36;0;online;yyyyyyyyyyyyyyyyyyyyyyyyyyyyyyyyyyyyyyyyyyyyyyyyyyyyyyyyy;26577.75
J36;0;online;yyyyyyyyyyyyyyyyyyyyyyyyyyyyyyyyyyyyyyyyyyyyyyyyyyyyyyyyy;26578.00
J36;4;0;urru;26578.25
J36;4;0;urru;26578.50
J36;4;0;urru;26578.75
J36;4;0;urru;26579.00
J36;5;0;GrrG;26579.25
J36;5;0;GrrG;26579.50
J36;5;0;GrrG;26579.75
J36;5;0;GrrG;26580.00
J36;5;0;GrrG;26580.25
J36;5;0;GrrG;26580.50
J36;5;0;GrrG;26580.75
J36;5;0;GrrG;26581.00
J36;5;0;GrrG;26581.25
J36;5;0;GrrG;26581.50
J36;5;0;GrrG;26581.75
J36;5;0;GrrG;26582.00
J36;5;0;GrrG;26582.25
J36;5;0;GrrG;26582.50
J36;5;0;GrrG;26582.75
J36;5;0;GrrG;26583.00
J36;5;0;GrrG;26583.25
J36;5;0;GrrG;26583.50
J36;5;0;GrrG;26583.75
J36;5;0;GrrG;26584.00
J36;5;0;GrrG;26584.25
J36;5;0;GrrG;26584.50
J36;5;0;GrrG;26584.75
J36;5;0;GrrG;26585.00
J36;5;0;GrrG;26585.25
J36;5;0;GrrG;26585.50
J36;5;0;GrrG;26585.75
J36;5;0;GrrG;26586.00
J36;5;0;GrrG;26586.25
J36;5;0;GrrG;26586.50
J36;5;0;GrrG;26586.75
J36;5;0;GrrG;26587.00
J36;5;0;GrrG;26587.25
J36;5;0;GrrG;26587.50
J36;5;0;GrrG;26587.75
J36;5;0;GrrG;26588.00
J36;5;0;GrrG;26588.25
J36;5;0;GrrG;26588.50
J36;5;0;GrrG;26588.75
J36;5;0;GrrG;26589.00
J36;5;0;GrrG;26589.25
J36;5;0;GrrG;26589.50
J36;5;0;GrrG;26589.75
J36;5;0;GrrG;26590.00
J36;5;0;GrrG;26590.25
J36;5;0;GrrG;26590.50
J36;5;0;GrrG;26590.75
J36;5;0;GrrG;26591.00
J36;5;0;GrrG;26591.25
J36;5;0;GrrG;26591.50
J36;5;0;GrrG;26591.75
J36;5;0;GrrG;26592.00
J36;5;0;GrrG;26592.25
J36;5;0;GrrG;26592.50
J36;5;0;GrrG;26592.75
J36;5;0;GrrG;26593.00
J36;5;0;GrrG;26593.25
J36;5;0;GrrG;26593.50
J36;5;0;GrrG;26593.75
J36;5;0;GrrG;26594.00
J36;5;0;GrrG;26594.25
J36;5;0;GrrG;26594.50
J36;5;0;GrrG;26594.75
J36;5;0;GrrG;26595.00
J36;5;0;GrrG;26595.25
J36;5;0;GrrG;26595.50
J36;5;0;GrrG;26595.75
J36;5;0;GrrG;26596.00
J36;5;0;GrrG;26596.25
J36;5;0;GrrG;26596.50
J36;5;0;GrrG;26596.75
J36;5;0;GrrG;26597.00
J36;5;0;GrrG;26597.25
J36;5;0;GrrG;26597.50
J36;5;0;GrrG;26597.75
J36;5;0;GrrG;26598.00
J36;5;0;GrrG;26598.25
J36;5;0;GrrG;26598.50
J36;5;0;GrrG;26598.75
J36;5;0;GrrG;26599.00
J36;5;0;GrrG;26599.25
J36;5;0;GrrG;26599.50
J36;5;0;GrrG;26599.75
J36;5;0;GrrG;26600.00
J36;5;0;GrrG;26600.25
J36;5;0;GrrG;26600.50
J36;5;0;GrrG;26600.75
J36;5;0;GrrG;26601.00
J36;5;0;GrrG;26601.25
J36;5;0;GrrG;26601.50
J36;5;0;GrrG;26601.75
J36;5;0;GrrG;26602.00
J36;5;0;GrrG;26602.25
J36;5;0;GrrG;26602.50
J36;5;0;GrrG;26602.75
J36;5;0;GrrG;26603.00
J36;5;0;GrrG;26603.25
J36;5;0;GrrG;26603.50
J36;5;0;GrrG;26603.75
J36;5;0;GrrG;26604.00
J36;6;0;yrry;26604.25
J36;6;0;yrry;26604.50
J36;6;0;yrry;26604.75
J36;6;0;yrry;26605.00
J36;6;0;yrry;26605.25
J36;6;0;yrry;26605.50
J36;6;0;yrry;26605.75
J36;6;0;yrry;26606.00
J36;6;0;yrry;26606.25
J36;6;0;yrry;26606.50
J36;6;0;yrry;26606.75
J36;6;0;yrry;26607.00
J36;7;0;rrrr;26607.25
J36;7;0;rrrr;26607.50
J36;7;0;rrrr;26607.75
J36;7;0;rrrr;26608.00
J36;0;0;ruur;26608.25
J36;0;0;ruur;26608.50
J36;0;0;ruur;26608.75
J36;0;0;ruur;26609.00
J36;1;0;rGGr;26609.25
J36;1;0;rGGr;26609.50
J36;1;0;rGGr;26609.75
J36;1;0;rGGr;26610.00
J36;1;0;rGGr;26610.25
J36;1;0;rGGr;26610.50
J36;1;0;rGGr;26610.75
J36;1;0;rGGr;26611.00
J36;1;0;rGGr;26611.25
J36;1;0;rGGr;26611.50
J36;1;0;rGGr;26611.75
J36;1;0;rGGr;26612.00
J36;1;0;rGGr;26612.25
J36;1;0;rGGr;26612.50
J36;1;0;rGGr;26612.75
J36;1;0;rGGr;26613.00
J36;1;0;rGGr;26613.25
J36;1;0;rGGr;26613.50
J36;1;0;rGGr;26613.75
J36;1;0;rGGr;26614.00
J36;1;0;rGGr;26614.25
J36;1;0;rGGr;26614.50
J36;1;0;rGGr;26614.75
J36;1;0;rGGr;26615.00
J36;1;0;rGGr;26615.25
J36;1;0;rGGr;26615.50
J36;1;0;rGGr;26615.75
J36;1;0;rGGr;26616.00
J36;1;0;rGGr;26616.25
J36;1;0;rGGr;26616.50
J36;1;0;rGGr;26616.75
J36;1;0;rGGr;26617.00
J36;1;0;rGGr;26617.25
J36;1;0;rGGr;26617.50
J36;1;0;rGGr;26617.75
J36;1;0;rGGr;26618.00
J36;1;0;rGGr;26618.25
J36;1;0;rGGr;26618.50
J36;1;0;rGGr;26618.75
J36;1;0;rGGr;26619.00
J36;1;0;rGGr;26619.25
J36;1;0;rGGr;26619.50
J36;1;0;rGGr;26619.75
J36;1;0;rGGr;26620.00
J36;1;0;rGGr;26620.25
J36;1;0;rGGr;26620.50
J36;1;0;rGGr;26620.75
J36;1;0;rGGr;26621.00
J36;1;0;rGGr;26621.25
J36;1;0;rGGr;26621.50
J36;1;0;rGGr;26621.75
J36;1;0;rGGr;26622.00
J36;1;0;rGGr;26622.25
J36;1;0;rGGr;26622.50
J36;1;0;rGGr;26622.75
J36;1;0;rGGr;26623.00
J36;1;0;rGGr;26623.25
J36;1;0;rGGr;26623.50
J36;1;0;rGGr;26623.75
J36;1;0;rGGr;26624.00
J36;1;0;rGGr;26624.25
J36;1;0;rGGr;26624.50
J36;1;0;rGGr;26624.75
J36;1;0;rGGr;26625.00
J36;1;0;rGGr;26625.25
J36;1;0;rGGr;26625.50
J36;1;0;rGGr;26625.75
J36;1;0;rGGr;26626.00
J36;1;0;rGGr;26626.25
J36;1;0;rGGr;26626.50
J36;1;0;rGGr;26626.75
J36;1;0;rGGr;26627.00
J36;1;0;rGGr;26627.25
J36;1;0;rGGr;26627.50
J36;1;0;rGGr;26627.75
J36;1;0;rGGr;26628.00
J36;1;0;rGGr;26628.25
J36;1;0;rGGr;26628.50
J36;1;0;rGGr;26628.75
J36;1;0;rGGr;26629.00
J36;1;0;rGGr;26629.25
J36;1;0;rGGr;26629.50
J36;1;0;rGGr;26629.75
J36;1;0;rGGr;26630.00
J36;1;0;rGGr;26630.25
J36;1;0;rGGr;26630.50
J36;1;0;rGGr;26630.75
J36;1;0;rGGr;26631.00
J36;1;0;rGGr;26631.25
J36;1;0;rGGr;26631.50
J36;1;0;rGGr;26631.75
J36;1;0;rGGr;26632.00
J36;1;0;rGGr;26632.25
J36;1;0;rGGr;26632.50
J36;1;0;rGGr;26632.75
J36;1;0;rGGr;26633.00
J36;1;0;rGGr;26633.25
J36;1;0;rGGr;26633.50
J36;1;0;rGGr;26633.75
J36;1;0;rGGr;26634.00
J36;1;0;rGGr;26634.25
J36;1;0;rGGr;26634.50
J36;1;0;rGGr;26634.75
J36;1;0;rGGr;26635.00
J36;1;0;rGGr;26635.25
J36;1;0;rGGr;26635.50
J36;1;0;rGGr;26635.75
J36;1;0;rGGr;26636.00
J36;1;0;rGGr;26636.25
J36;1;0;rGGr;26636.50
J36;1;0;rGGr;26636.75
J36;1;0;rGGr;26637.00
J36;1;0;rGGr;26637.25
J36;1;0;rGGr;26637.50
J36;1;0;rGGr;26637.75
J36;1;0;rGGr;26638.00
J36;1;0;rGGr;26638.25
J36;1;0;rGGr;26638.50
J36;1;0;rGGr;26638.75
J36;1;0;rGGr;26639.00
J36;1;0;rGGr;26639.25
J36;1;0;rGGr;26639.50
J36;1;0;rGGr;26639.75
J36;1;0;rGGr;26640.00
J36;1;0;rGGr;26640.25
J36;1;0;rGGr;26640.50
J36;1;0;rGGr;26640.75
J36;1;0;rGGr;26641.00
J36;1;0;rGGr;26641.25
J36;1;0;rGGr;26641.50
J36;1;0;rGGr;26641.75
J36;1;0;rGGr;26642.00
J36;1;0;rGGr;26642.25
J36;1;0;rGGr;26642.50
J36;1;0;rGGr;26642.75
J36;1;0;rGGr;26643.00
J36;1;0;rGGr;26643.25
J36;1;0;rGGr;26643.50
J36;1;0;rGGr;26643.75
J36;1;0;rGGr;26644.00
J36;1;0;rGGr;26644.25
J36;1;0;rGGr;26644.50
J36;1;0;rGGr;26644.75
J36;1;0;rGGr;26645.00
J36;1;0;rGGr;26645.25
J36;1;0;rGGr;26645.50
J36;1;0;rGGr;26645.75
J36;1;0;rGGr;26646.00
J36;1;0;rGGr;26646.25
J36;1;0;rGGr;26646.50
J36;1;0;rGGr;26646.75
J36;1;0;rGGr;26647.00
J36;1;0;rGGr;26647.25
J36;1;0;rGGr;26647.50
J36;1;0;rGGr;26647.75
J36;1;0;rGGr;26648.00
J36;1;0;rGGr;26648.25
J36;1;0;rGGr;26648.50
J36;1;0;rGGr;26648.75
J36;1;0;rGGr;26649.00
J36;1;0;rGGr;26649.25
J36;1;0;rGGr;26649.50
J36;1;0;rGGr;26649.75
J36;1;0;rGGr;26650.00
J36;1;0;rGGr;26650.25
J36;1;0;rGGr;26650.50
J36;1;0;rGGr;26650.75
J36;1;0;rGGr;26651.00
J36;1;0;rGGr;26651.25
J36;1;0;rGGr;26651.50
J36;2;0;ryyr;26651.75
J36;2;0;ryyr;26652.00
J36;2;0;ryyr;26652.25
J36;2;0;ryyr;26652.50
J36;2;0;ryyr;26652.75
J36;2;0;ryyr;26653.00
J36;2;0;ryyr;26653.25
J36;2;0;ryyr;26653.50
J36;2;0;ryyr;26653.75
J36;2;0;ryyr;26654.00
J36;2;0;ryyr;26654.25
J36;2;0;ryyr;26654.50
J36;3;0;rrrr;26654.75
J36;3;0;rrrr;26655.00
J36;0;online;yyyyyyyyyyyyyyyyyyyyyyyyyyyyyyyyyyyyyyyyyyyyyyyyyyyyyyyyy;26655.25
J36;0;online;yyyyyyyyyyyyyyyyyyyyyyyyyyyyyyyyyyyyyyyyyyyyyyyyyyyyyyyyy;26655.50
J36;0;online;yyyyyyyyyyyyyyyyyyyyyyyyyyyyyyyyyyyyyyyyyyyyyyyyyyyyyyyyy;26655.75
J36;0;online;yyyyyyyyyyyyyyyyyyyyyyyyyyyyyyyyyyyyyyyyyyyyyyyyyyyyyyyyy;26656.00
J36;0;online;yyyyyyyyyyyyyyyyyyyyyyyyyyyyyyyyyyyyyyyyyyyyyyyyyyyyyyyyy;26656.25
J36;0;online;yyyyyyyyyyyyyyyyyyyyyyyyyyyyyyyyyyyyyyyyyyyyyyyyyyyyyyyyy;26656.50
J36;0;online;yyyyyyyyyyyyyyyyyyyyyyyyyyyyyyyyyyyyyyyyyyyyyyyyyyyyyyyyy;26656.75
J36;0;online;yyyyyyyyyyyyyyyyyyyyyyyyyyyyyyyyyyyyyyyyyyyyyyyyyyyyyyyyy;26657.00
J36;0;online;yyyyyyyyyyyyyyyyyyyyyyyyyyyyyyyyyyyyyyyyyyyyyyyyyyyyyyyyy;26657.25
J36;0;online;yyyyyyyyyyyyyyyyyyyyyyyyyyyyyyyyyyyyyyyyyyyyyyyyyyyyyyyyy;26657.50
J36;0;online;yyyyyyyyyyyyyyyyyyyyyyyyyyyyyyyyyyyyyyyyyyyyyyyyyyyyyyyyy;26657.75
J36;0;online;yyyyyyyyyyyyyyyyyyyyyyyyyyyyyyyyyyyyyyyyyyyyyyyyyyyyyyyyy;26658.00
J36;4;0;urru;26658.25
J36;4;0;urru;26658.50
J36;4;0;urru;26658.75
J36;4;0;urru;26659.00
J36;5;0;GrrG;26659.25
J36;5;0;GrrG;26659.50
J36;5;0;GrrG;26659.75
J36;5;0;GrrG;26660.00
J36;5;0;GrrG;26660.25
J36;5;0;GrrG;26660.50
J36;5;0;GrrG;26660.75
J36;5;0;GrrG;26661.00
J36;5;0;GrrG;26661.25
J36;5;0;GrrG;26661.50
J36;5;0;GrrG;26661.75
J36;5;0;GrrG;26662.00
J36;5;0;GrrG;26662.25
J36;5;0;GrrG;26662.50
J36;5;0;GrrG;26662.75
J36;5;0;GrrG;26663.00
J36;5;0;GrrG;26663.25
J36;5;0;GrrG;26663.50
J36;5;0;GrrG;26663.75
J36;5;0;GrrG;26664.00
J36;5;0;GrrG;26664.25
J36;5;0;GrrG;26664.50
J36;5;0;GrrG;26664.75
J36;5;0;GrrG;26665.00
J36;5;0;GrrG;26665.25
J36;5;0;GrrG;26665.50
J36;5;0;GrrG;26665.75
J36;5;0;GrrG;26666.00
J36;5;0;GrrG;26666.25
J36;5;0;GrrG;26666.50
J36;5;0;GrrG;26666.75
J36;5;0;GrrG;26667.00
J36;5;0;GrrG;26667.25
J36;5;0;GrrG;26667.50
J36;5;0;GrrG;26667.75
J36;5;0;GrrG;26668.00
J36;5;0;GrrG;26668.25
J36;5;0;GrrG;26668.50
J36;5;0;GrrG;26668.75
J36;5;0;GrrG;26669.00
J36;5;0;GrrG;26669.25
J36;5;0;GrrG;26669.50
J36;5;0;GrrG;26669.75
J36;5;0;GrrG;26670.00
J36;5;0;GrrG;26670.25
J36;5;0;GrrG;26670.50
J36;5;0;GrrG;26670.75
J36;5;0;GrrG;26671.00
J36;5;0;GrrG;26671.25
J36;5;0;GrrG;26671.50
J36;5;0;GrrG;26671.75
J36;5;0;GrrG;26672.00
J36;5;0;GrrG;26672.25
J36;5;0;GrrG;26672.50
J36;5;0;GrrG;26672.75
J36;5;0;GrrG;26673.00
J36;5;0;GrrG;26673.25
J36;5;0;GrrG;26673.50
J36;5;0;GrrG;26673.75
J36;5;0;GrrG;26674.00
J36;5;0;GrrG;26674.25
J36;5;0;GrrG;26674.50
J36;5;0;GrrG;26674.75
J36;5;0;GrrG;26675.00
J36;5;0;GrrG;26675.25
J36;5;0;GrrG;26675.50
J36;5;0;GrrG;26675.75
J36;5;0;GrrG;26676.00
J36;5;0;GrrG;26676.25
J36;5;0;GrrG;26676.50
J36;5;0;GrrG;26676.75
J36;5;0;GrrG;26677.00
J36;5;0;GrrG;26677.25
J36;5;0;GrrG;26677.50
J36;5;0;GrrG;26677.75
J36;5;0;GrrG;26678.00
J36;5;0;GrrG;26678.25
J36;5;0;GrrG;26678.50
J36;5;0;GrrG;26678.75
J36;5;0;GrrG;26679.00
J36;5;0;GrrG;26679.25
J36;5;0;GrrG;26679.50
J36;5;0;GrrG;26679.75
J36;5;0;GrrG;26680.00
J36;5;0;GrrG;26680.25
J36;5;0;GrrG;26680.50
J36;5;0;GrrG;26680.75
J36;5;0;GrrG;26681.00
J36;5;0;GrrG;26681.25
J36;5;0;GrrG;26681.50
J36;5;0;GrrG;26681.75
J36;5;0;GrrG;26682.00
J36;5;0;GrrG;26682.25
J36;5;0;GrrG;26682.50
J36;5;0;GrrG;26682.75
J36;5;0;GrrG;26683.00
J36;5;0;GrrG;26683.25
J36;5;0;GrrG;26683.50
J36;5;0;GrrG;26683.75
J36;5;0;GrrG;26684.00
J36;6;0;yrry;26684.25
J36;6;0;yrry;26684.50
J36;6;0;yrry;26684.75
J36;6;0;yrry;26685.00
J36;6;0;yrry;26685.25
J36;6;0;yrry;26685.50
J36;6;0;yrry;26685.75
J36;6;0;yrry;26686.00
J36;6;0;yrry;26686.25
J36;6;0;yrry;26686.50
J36;6;0;yrry;26686.75
J36;6;0;yrry;26687.00
J36;7;0;rrrr;26687.25
J36;7;0;rrrr;26687.50
J36;7;0;rrrr;26687.75
J36;7;0;rrrr;26688.00
J36;0;0;ruur;26688.25
J36;0;0;ruur;26688.50
J36;0;0;ruur;26688.75
J36;0;0;ruur;26689.00
J36;1;0;rGGr;26689.25
J36;1;0;rGGr;26689.50
J36;1;0;rGGr;26689.75
J36;1;0;rGGr;26690.00
J36;1;0;rGGr;26690.25
J36;1;0;rGGr;26690.50
J36;1;0;rGGr;26690.75
J36;1;0;rGGr;26691.00
J36;1;0;rGGr;26691.25
J36;1;0;rGGr;26691.50
J36;1;0;rGGr;26691.75
J36;1;0;rGGr;26692.00
J36;1;0;rGGr;26692.25
J36;1;0;rGGr;26692.50
J36;1;0;rGGr;26692.75
J36;1;0;rGGr;26693.00
J36;1;0;rGGr;26693.25
J36;1;0;rGGr;26693.50
J36;1;0;rGGr;26693.75
J36;1;0;rGGr;26694.00
J36;1;0;rGGr;26694.25
J36;1;0;rGGr;26694.50
J36;1;0;rGGr;26694.75
J36;1;0;rGGr;26695.00
J36;1;0;rGGr;26695.25
J36;1;0;rGGr;26695.50
J36;1;0;rGGr;26695.75
J36;1;0;rGGr;26696.00
J36;1;0;rGGr;26696.25
J36;1;0;rGGr;26696.50
J36;1;0;rGGr;26696.75
J36;1;0;rGGr;26697.00
J36;1;0;rGGr;26697.25
J36;1;0;rGGr;26697.50
J36;1;0;rGGr;26697.75
J36;1;0;rGGr;26698.00
J36;1;0;rGGr;26698.25
J36;1;0;rGGr;26698.50
J36;1;0;rGGr;26698.75
J36;1;0;rGGr;26699.00
J36;1;0;rGGr;26699.25
J36;1;0;rGGr;26699.50
J36;1;0;rGGr;26699.75
J36;1;0;rGGr;26700.00
J36;1;0;rGGr;26700.25
J36;1;0;rGGr;26700.50
J36;1;0;rGGr;26700.75
J36;1;0;rGGr;26701.00
J36;1;0;rGGr;26701.25
J36;1;0;rGGr;26701.50
J36;1;0;rGGr;26701.75
J36;1;0;rGGr;26702.00
J36;1;0;rGGr;26702.25
J36;1;0;rGGr;26702.50
J36;1;0;rGGr;26702.75
J36;1;0;rGGr;26703.00
J36;1;0;rGGr;26703.25
J36;1;0;rGGr;26703.50
J36;1;0;rGGr;26703.75
J36;1;0;rGGr;26704.00
J36;1;0;rGGr;26704.25
J36;1;0;rGGr;26704.50
J36;1;0;rGGr;26704.75
J36;1;0;rGGr;26705.00
J36;1;0;rGGr;26705.25
J36;1;0;rGGr;26705.50
J36;1;0;rGGr;26705.75
J36;1;0;rGGr;26706.00
J36;1;0;rGGr;26706.25
J36;1;0;rGGr;26706.50
J36;1;0;rGGr;26706.75
J36;1;0;rGGr;26707.00
J36;1;0;rGGr;26707.25
J36;1;0;rGGr;26707.50
J36;1;0;rGGr;26707.75
J36;1;0;rGGr;26708.00
J36;1;0;rGGr;26708.25
J36;1;0;rGGr;26708.50
J36;1;0;rGGr;26708.75
J36;1;0;rGGr;26709.00
J36;0;online;yyyyyyyyyyyyyyyyyyyyyyyyyyyyyyyyyyyyyyyyyyyyyyyyyyyyyyyyy;26709.25
J36;0;online;yyyyyyyyyyyyyyyyyyyyyyyyyyyyyyyyyyyyyyyyyyyyyyyyyyyyyyyyy;26709.50
J36;0;online;yyyyyyyyyyyyyyyyyyyyyyyyyyyyyyyyyyyyyyyyyyyyyyyyyyyyyyyyy;26709.75
J36;0;online;yyyyyyyyyyyyyyyyyyyyyyyyyyyyyyyyyyyyyyyyyyyyyyyyyyyyyyyyy;26710.00
J36;0;online;yyyyyyyyyyyyyyyyyyyyyyyyyyyyyyyyyyyyyyyyyyyyyyyyyyyyyyyyy;26710.25
J36;0;online;yyyyyyyyyyyyyyyyyyyyyyyyyyyyyyyyyyyyyyyyyyyyyyyyyyyyyyyyy;26710.50
J36;0;online;yyyyyyyyyyyyyyyyyyyyyyyyyyyyyyyyyyyyyyyyyyyyyyyyyyyyyyyyy;26710.75
J36;0;online;yyyyyyyyyyyyyyyyyyyyyyyyyyyyyyyyyyyyyyyyyyyyyyyyyyyyyyyyy;26711.00
J36;0;online;yyyyyyyyyyyyyyyyyyyyyyyyyyyyyyyyyyyyyyyyyyyyyyyyyyyyyyyyy;26711.25
J36;0;online;yyyyyyyyyyyyyyyyyyyyyyyyyyyyyyyyyyyyyyyyyyyyyyyyyyyyyyyyy;26711.50
J36;0;online;yyyyyyyyyyyyyyyyyyyyyyyyyyyyyyyyyyyyyyyyyyyyyyyyyyyyyyyyy;26711.75
J36;0;online;yyyyyyyyyyyyyyyyyyyyyyyyyyyyyyyyyyyyyyyyyyyyyyyyyyyyyyyyy;26712.00
J36;4;0;urru;26712.25
J36;4;0;urru;26712.50
J36;4;0;urru;26712.75
J36;4;0;urru;26713.00
J36;5;0;GrrG;26713.25
J36;5;0;GrrG;26713.50
J36;5;0;GrrG;26713.75
J36;5;0;GrrG;26714.00
J36;5;0;GrrG;26714.25
J36;5;0;GrrG;26714.50
J36;5;0;GrrG;26714.75
J36;5;0;GrrG;26715.00
J36;5;0;GrrG;26715.25
J36;5;0;GrrG;26715.50
J36;5;0;GrrG;26715.75
J36;5;0;GrrG;26716.00
J36;5;0;GrrG;26716.25
J36;5;0;GrrG;26716.50
J36;5;0;GrrG;26716.75
J36;5;0;GrrG;26717.00
J36;5;0;GrrG;26717.25
J36;5;0;GrrG;26717.50
J36;5;0;GrrG;26717.75
J36;5;0;GrrG;26718.00
J36;5;0;GrrG;26718.25
J36;5;0;GrrG;26718.50
J36;5;0;GrrG;26718.75
J36;5;0;GrrG;26719.00
J36;5;0;GrrG;26719.25
J36;5;0;GrrG;26719.50
J36;5;0;GrrG;26719.75
J36;5;0;GrrG;26720.00
J36;5;0;GrrG;26720.25
J36;5;0;GrrG;26720.50
J36;5;0;GrrG;26720.75
J36;5;0;GrrG;26721.00
J36;5;0;GrrG;26721.25
J36;5;0;GrrG;26721.50
J36;5;0;GrrG;26721.75
J36;5;0;GrrG;26722.00
J36;5;0;GrrG;26722.25
J36;5;0;GrrG;26722.50
J36;5;0;GrrG;26722.75
J36;5;0;GrrG;26723.00
J36;5;0;GrrG;26723.25
J36;5;0;GrrG;26723.50
J36;5;0;GrrG;26723.75
J36;5;0;GrrG;26724.00
J36;5;0;GrrG;26724.25
J36;5;0;GrrG;26724.50
J36;5;0;GrrG;26724.75
J36;5;0;GrrG;26725.00
J36;5;0;GrrG;26725.25
J36;5;0;GrrG;26725.50
J36;5;0;GrrG;26725.75
J36;5;0;GrrG;26726.00
J36;5;0;GrrG;26726.25
J36;5;0;GrrG;26726.50
J36;5;0;GrrG;26726.75
J36;5;0;GrrG;26727.00
J36;5;0;GrrG;26727.25
J36;5;0;GrrG;26727.50
J36;5;0;GrrG;26727.75
J36;5;0;GrrG;26728.00
J36;5;0;GrrG;26728.25
J36;5;0;GrrG;26728.50
J36;5;0;GrrG;26728.75
J36;5;0;GrrG;26729.00
J36;5;0;GrrG;26729.25
J36;5;0;GrrG;26729.50
J36;5;0;GrrG;26729.75
J36;5;0;GrrG;26730.00
J36;5;0;GrrG;26730.25
J36;5;0;GrrG;26730.50
J36;5;0;GrrG;26730.75
J36;5;0;GrrG;26731.00
J36;5;0;GrrG;26731.25
J36;5;0;GrrG;26731.50
J36;5;0;GrrG;26731.75
J36;5;0;GrrG;26732.00
J36;5;0;GrrG;26732.25
J36;5;0;GrrG;26732.50
J36;5;0;GrrG;26732.75
J36;5;0;GrrG;26733.00
J36;5;0;GrrG;26733.25
J36;5;0;GrrG;26733.50
J36;5;0;GrrG;26733.75
J36;5;0;GrrG;26734.00
J36;5;0;GrrG;26734.25
J36;5;0;GrrG;26734.50
J36;5;0;GrrG;26734.75
J36;5;0;GrrG;26735.00
J36;5;0;GrrG;26735.25
J36;5;0;GrrG;26735.50
J36;5;0;GrrG;26735.75
J36;5;0;GrrG;26736.00
J36;5;0;GrrG;26736.25
J36;5;0;GrrG;26736.50
J36;5;0;GrrG;26736.75
J36;5;0;GrrG;26737.00
J36;5;0;GrrG;26737.25
J36;5;0;GrrG;26737.50
J36;5;0;GrrG;26737.75
J36;5;0;GrrG;26738.00
J36;6;0;yrry;26738.25
J36;6;0;yrry;26738.50
J36;6;0;yrry;26738.75
J36;6;0;yrry;26739.00
J36;6;0;yrry;26739.25
J36;6;0;yrry;26739.50
J36;6;0;yrry;26739.75
J36;6;0;yrry;26740.00
J36;6;0;yrry;26740.25
J36;6;0;yrry;26740.50
J36;6;0;yrry;26740.75
J36;6;0;yrry;26741.00
J36;7;0;rrrr;26741.25
J36;7;0;rrrr;26741.50
J36;7;0;rrrr;26741.75
J36;7;0;rrrr;26742.00
J36;0;0;ruur;26742.25
J36;0;0;ruur;26742.50
J36;0;0;ruur;26742.75
J36;0;0;ruur;26743.00
J36;1;0;rGGr;26743.25
J36;1;0;rGGr;26743.50
J36;1;0;rGGr;26743.75
J36;1;0;rGGr;26744.00
J36;1;0;rGGr;26744.25
J36;1;0;rGGr;26744.50
J36;1;0;rGGr;26744.75
J36;1;0;rGGr;26745.00
J36;1;0;rGGr;26745.25
J36;1;0;rGGr;26745.50
J36;1;0;rGGr;26745.75
J36;1;0;rGGr;26746.00
J36;1;0;rGGr;26746.25
J36;1;0;rGGr;26746.50
J36;1;0;rGGr;26746.75
J36;1;0;rGGr;26747.00
J36;1;0;rGGr;26747.25
J36;1;0;rGGr;26747.50
J36;1;0;rGGr;26747.75
J36;1;0;rGGr;26748.00
J36;1;0;rGGr;26748.25
J36;1;0;rGGr;26748.50
J36;1;0;rGGr;26748.75
J36;1;0;rGGr;26749.00
J36;1;0;rGGr;26749.25
J36;1;0;rGGr;26749.50
J36;1;0;rGGr;26749.75
J36;1;0;rGGr;26750.00
J36;1;0;rGGr;26750.25
J36;1;0;rGGr;26750.50
J36;1;0;rGGr;26750.75
J36;1;0;rGGr;26751.00
J36;1;0;rGGr;26751.25
J36;1;0;rGGr;26751.50
J36;1;0;rGGr;26751.75
J36;1;0;rGGr;26752.00
J36;1;0;rGGr;26752.25
J36;1;0;rGGr;26752.50
J36;1;0;rGGr;26752.75
J36;1;0;rGGr;26753.00
J36;1;0;rGGr;26753.25
J36;1;0;rGGr;26753.50
J36;1;0;rGGr;26753.75
J36;1;0;rGGr;26754.00
J36;1;0;rGGr;26754.25
J36;1;0;rGGr;26754.50
J36;1;0;rGGr;26754.75
J36;1;0;rGGr;26755.00
J36;1;0;rGGr;26755.25
J36;1;0;rGGr;26755.50
J36;1;0;rGGr;26755.75
J36;1;0;rGGr;26756.00
J36;1;0;rGGr;26756.25
J36;1;0;rGGr;26756.50
J36;1;0;rGGr;26756.75
J36;1;0;rGGr;26757.00
J36;1;0;rGGr;26757.25
J36;1;0;rGGr;26757.50
J36;1;0;rGGr;26757.75
J36;1;0;rGGr;26758.00
J36;1;0;rGGr;26758.25
J36;1;0;rGGr;26758.50
J36;1;0;rGGr;26758.75
J36;1;0;rGGr;26759.00
J36;1;0;rGGr;26759.25
J36;1;0;rGGr;26759.50
J36;1;0;rGGr;26759.75
J36;1;0;rGGr;26760.00
J36;1;0;rGGr;26760.25
J36;1;0;rGGr;26760.50
J36;1;0;rGGr;26760.75
J36;1;0;rGGr;26761.00
J36;1;0;rGGr;26761.25
J36;1;0;rGGr;26761.50
J36;1;0;rGGr;26761.75
J36;1;0;rGGr;26762.00
J36;1;0;rGGr;26762.25
J36;1;0;rGGr;26762.50
J36;1;0;rGGr;26762.75
J36;1;0;rGGr;26763.00
J36;1;0;rGGr;26763.25
J36;1;0;rGGr;26763.50
J36;1;0;rGGr;26763.75
J36;1;0;rGGr;26764.00
J36;1;0;rGGr;26764.25
J36;1;0;rGGr;26764.50
J36;1;0;rGGr;26764.75
J36;1;0;rGGr;26765.00
J36;1;0;rGGr;26765.25
J36;1;0;rGGr;26765.50
J36;1;0;rGGr;26765.75
J36;1;0;rGGr;26766.00
J36;1;0;rGGr;26766.25
J36;1;0;rGGr;26766.50
J36;1;0;rGGr;26766.75
J36;1;0;rGGr;26767.00
J36;1;0;rGGr;26767.25
J36;1;0;rGGr;26767.50
J36;1;0;rGGr;26767.75
J36;1;0;rGGr;26768.00
J36;1;0;rGGr;26768.25
J36;1;0;rGGr;26768.50
J36;1;0;rGGr;26768.75
J36;1;0;rGGr;26769.00
J36;1;0;rGGr;26769.25
J36;1;0;rGGr;26769.50
J36;1;0;rGGr;26769.75
J36;1;0;rGGr;26770.00
J36;1;0;rGGr;26770.25
J36;1;0;rGGr;26770.50
J36;1;0;rGGr;26770.75
J36;1;0;rGGr;26771.00
J36;1;0;rGGr;26771.25
J36;1;0;rGGr;26771.50
J36;1;0;rGGr;26771.75
J36;1;0;rGGr;26772.00
J36;1;0;rGGr;26772.25
J36;1;0;rGGr;26772.50
J36;1;0;rGGr;26772.75
J36;1;0;rGGr;26773.00
J36;1;0;rGGr;26773.25
J36;2;0;ryyr;26773.50
J36;2;0;ryyr;26773.75
J36;2;0;ryyr;26774.00
J36;2;0;ryyr;26774.25
J36;2;0;ryyr;26774.50
J36;2;0;ryyr;26774.75
J36;2;0;ryyr;26775.00
J36;2;0;ryyr;26775.25
J36;2;0;ryyr;26775.50
J36;2;0;ryyr;26775.75
J36;2;0;ryyr;26776.00
J36;2;0;ryyr;26776.25
J36;3;0;rrrr;26776.50
J36;3;0;rrrr;26776.75
J36;3;0;rrrr;26777.00
J36;3;0;rrrr;26777.25
J36;4;0;urru;26777.50
J36;4;0;urru;26777.75
J36;4;0;urru;26778.00
J36;4;0;urru;26778.25
J36;5;0;GrrG;26778.50
J36;5;0;GrrG;26778.75
J36;5;0;GrrG;26779.00
J36;5;0;GrrG;26779.25
J36;5;0;GrrG;26779.50
J36;5;0;GrrG;26779.75
J36;5;0;GrrG;26780.00
J36;5;0;GrrG;26780.25
J36;5;0;GrrG;26780.50
J36;5;0;GrrG;26780.75
J36;5;0;GrrG;26781.00
J36;5;0;GrrG;26781.25
J36;5;0;GrrG;26781.50
J36;5;0;GrrG;26781.75
J36;5;0;GrrG;26782.00
J36;5;0;GrrG;26782.25
J36;5;0;GrrG;26782.50
J36;5;0;GrrG;26782.75
J36;5;0;GrrG;26783.00
J36;5;0;GrrG;26783.25
J36;5;0;GrrG;26783.50
J36;5;0;GrrG;26783.75
J36;5;0;GrrG;26784.00
J36;5;0;GrrG;26784.25
J36;5;0;GrrG;26784.50
J36;5;0;GrrG;26784.75
J36;5;0;GrrG;26785.00
J36;5;0;GrrG;26785.25
J36;5;0;GrrG;26785.50
J36;5;0;GrrG;26785.75
J36;5;0;GrrG;26786.00
J36;5;0;GrrG;26786.25
J36;5;0;GrrG;26786.50
J36;5;0;GrrG;26786.75
J36;5;0;GrrG;26787.00
J36;5;0;GrrG;26787.25
J36;5;0;GrrG;26787.50
J36;5;0;GrrG;26787.75
J36;5;0;GrrG;26788.00
J36;5;0;GrrG;26788.25
J36;5;0;GrrG;26788.50
J36;5;0;GrrG;26788.75
J36;5;0;GrrG;26789.00
J36;5;0;GrrG;26789.25
J36;5;0;GrrG;26789.50
J36;5;0;GrrG;26789.75
J36;5;0;GrrG;26790.00
J36;5;0;GrrG;26790.25
J36;5;0;GrrG;26790.50
J36;5;0;GrrG;26790.75
J36;5;0;GrrG;26791.00
J36;5;0;GrrG;26791.25
J36;5;0;GrrG;26791.50
J36;5;0;GrrG;26791.75
J36;5;0;GrrG;26792.00
J36;5;0;GrrG;26792.25
J36;5;0;GrrG;26792.50
J36;5;0;GrrG;26792.75
J36;5;0;GrrG;26793.00
J36;5;0;GrrG;26793.25
J36;5;0;GrrG;26793.50
J36;5;0;GrrG;26793.75
J36;5;0;GrrG;26794.00
J36;5;0;GrrG;26794.25
J36;5;0;GrrG;26794.50
J36;5;0;GrrG;26794.75
J36;5;0;GrrG;26795.00
J36;5;0;GrrG;26795.25
J36;5;0;GrrG;26795.50
J36;5;0;GrrG;26795.75
J36;5;0;GrrG;26796.00
J36;5;0;GrrG;26796.25
J36;5;0;GrrG;26796.50
J36;5;0;GrrG;26796.75
J36;5;0;GrrG;26797.00
J36;5;0;GrrG;26797.25
J36;5;0;GrrG;26797.50
J36;5;0;GrrG;26797.75
J36;5;0;GrrG;26798.00
J36;5;0;GrrG;26798.25
J36;5;0;GrrG;26798.50
J36;5;0;GrrG;26798.75
J36;5;0;GrrG;26799.00
J36;5;0;GrrG;26799.25
J36;5;0;GrrG;26799.50
J36;5;0;GrrG;26799.75
J36;5;0;GrrG;26800.00
J36;5;0;GrrG;26800.25
J36;5;0;GrrG;26800.50
J36;5;0;GrrG;26800.75
J36;5;0;GrrG;26801.00
J36;5;0;GrrG;26801.25
J36;5;0;GrrG;26801.50
J36;5;0;GrrG;26801.75
J36;5;0;GrrG;26802.00
J36;5;0;GrrG;26802.25
J36;5;0;GrrG;26802.50
J36;5;0;GrrG;26802.75
J36;5;0;GrrG;26803.00
J36;5;0;GrrG;26803.25
J36;6;0;yrry;26803.50
J36;6;0;yrry;26803.75
J36;6;0;yrry;26804.00
J36;6;0;yrry;26804.25
J36;6;0;yrry;26804.50
J36;6;0;yrry;26804.75
J36;6;0;yrry;26805.00
J36;6;0;yrry;26805.25
J36;6;0;yrry;26805.50
J36;6;0;yrry;26805.75
J36;6;0;yrry;26806.00
J36;6;0;yrry;26806.25
J36;7;0;rrrr;26806.50
J36;7;0;rrrr;26806.75
J36;7;0;rrrr;26807.00
J36;7;0;rrrr;26807.25
J36;0;0;ruur;26807.50
J36;0;0;ruur;26807.75
J36;0;0;ruur;26808.00
J36;0;0;ruur;26808.25
J36;1;0;rGGr;26808.50
J36;1;0;rGGr;26808.75
J36;1;0;rGGr;26809.00
J36;1;0;rGGr;26809.25
J36;1;0;rGGr;26809.50
J36;1;0;rGGr;26809.75
J36;1;0;rGGr;26810.00
J36;1;0;rGGr;26810.25
J36;1;0;rGGr;26810.50
J36;1;0;rGGr;26810.75
J36;1;0;rGGr;26811.00
J36;1;0;rGGr;26811.25
J36;1;0;rGGr;26811.50
J36;1;0;rGGr;26811.75
J36;1;0;rGGr;26812.00
J36;1;0;rGGr;26812.25
J36;1;0;rGGr;26812.50
J36;1;0;rGGr;26812.75
J36;1;0;rGGr;26813.00
J36;1;0;rGGr;26813.25
J36;1;0;rGGr;26813.50
J36;1;0;rGGr;26813.75
J36;1;0;rGGr;26814.00
J36;1;0;rGGr;26814.25
J36;1;0;rGGr;26814.50
J36;1;0;rGGr;26814.75
J36;1;0;rGGr;26815.00
J36;1;0;rGGr;26815.25
J36;1;0;rGGr;26815.50
J36;1;0;rGGr;26815.75
J36;1;0;rGGr;26816.00
J36;1;0;rGGr;26816.25
J36;1;0;rGGr;26816.50
J36;1;0;rGGr;26816.75
J36;1;0;rGGr;26817.00
J36;1;0;rGGr;26817.25
J36;1;0;rGGr;26817.50
J36;1;0;rGGr;26817.75
J36;1;0;rGGr;26818.00
J36;1;0;rGGr;26818.25
J36;1;0;rGGr;26818.50
J36;1;0;rGGr;26818.75
J36;1;0;rGGr;26819.00
J36;1;0;rGGr;26819.25
J36;1;0;rGGr;26819.50
J36;1;0;rGGr;26819.75
J36;1;0;rGGr;26820.00
J36;1;0;rGGr;26820.25
J36;1;0;rGGr;26820.50
J36;1;0;rGGr;26820.75
J36;1;0;rGGr;26821.00
J36;1;0;rGGr;26821.25
J36;1;0;rGGr;26821.50
J36;1;0;rGGr;26821.75
J36;1;0;rGGr;26822.00
J36;1;0;rGGr;26822.25
J36;1;0;rGGr;26822.50
J36;1;0;rGGr;26822.75
J36;1;0;rGGr;26823.00
J36;1;0;rGGr;26823.25
J36;1;0;rGGr;26823.50
J36;1;0;rGGr;26823.75
J36;1;0;rGGr;26824.00
J36;1;0;rGGr;26824.25
J36;1;0;rGGr;26824.50
J36;1;0;rGGr;26824.75
J36;1;0;rGGr;26825.00
J36;1;0;rGGr;26825.25
J36;1;0;rGGr;26825.50
J36;1;0;rGGr;26825.75
J36;1;0;rGGr;26826.00
J36;1;0;rGGr;26826.25
J36;1;0;rGGr;26826.50
J36;1;0;rGGr;26826.75
J36;1;0;rGGr;26827.00
J36;1;0;rGGr;26827.25
J36;1;0;rGGr;26827.50
J36;1;0;rGGr;26827.75
J36;1;0;rGGr;26828.00
J36;1;0;rGGr;26828.25
J36;0;online;yyyyyyyyyyyyyyyyyyyyyyyyyyyyyyyyyyyyyyyyyyyyyyyyyyyyyyyyy;26828.50
J36;0;online;yyyyyyyyyyyyyyyyyyyyyyyyyyyyyyyyyyyyyyyyyyyyyyyyyyyyyyyyy;26828.75
J36;0;online;yyyyyyyyyyyyyyyyyyyyyyyyyyyyyyyyyyyyyyyyyyyyyyyyyyyyyyyyy;26829.00
J36;0;online;yyyyyyyyyyyyyyyyyyyyyyyyyyyyyyyyyyyyyyyyyyyyyyyyyyyyyyyyy;26829.25
J36;0;online;yyyyyyyyyyyyyyyyyyyyyyyyyyyyyyyyyyyyyyyyyyyyyyyyyyyyyyyyy;26829.50
J36;0;online;yyyyyyyyyyyyyyyyyyyyyyyyyyyyyyyyyyyyyyyyyyyyyyyyyyyyyyyyy;26829.75
J36;0;online;yyyyyyyyyyyyyyyyyyyyyyyyyyyyyyyyyyyyyyyyyyyyyyyyyyyyyyyyy;26830.00
J36;0;online;yyyyyyyyyyyyyyyyyyyyyyyyyyyyyyyyyyyyyyyyyyyyyyyyyyyyyyyyy;26830.25
J36;0;online;yyyyyyyyyyyyyyyyyyyyyyyyyyyyyyyyyyyyyyyyyyyyyyyyyyyyyyyyy;26830.50
J36;0;online;yyyyyyyyyyyyyyyyyyyyyyyyyyyyyyyyyyyyyyyyyyyyyyyyyyyyyyyyy;26830.75
J36;0;online;yyyyyyyyyyyyyyyyyyyyyyyyyyyyyyyyyyyyyyyyyyyyyyyyyyyyyyyyy;26831.00
J36;0;online;yyyyyyyyyyyyyyyyyyyyyyyyyyyyyyyyyyyyyyyyyyyyyyyyyyyyyyyyy;26831.25
J36;4;0;urru;26831.50
J36;4;0;urru;26831.75
J36;4;0;urru;26832.00
J36;4;0;urru;26832.25
J36;5;0;GrrG;26832.50
J36;5;0;GrrG;26832.75
J36;5;0;GrrG;26833.00
J36;5;0;GrrG;26833.25
J36;5;0;GrrG;26833.50
J36;5;0;GrrG;26833.75
J36;5;0;GrrG;26834.00
J36;5;0;GrrG;26834.25
J36;5;0;GrrG;26834.50
J36;5;0;GrrG;26834.75
J36;5;0;GrrG;26835.00
J36;5;0;GrrG;26835.25
J36;5;0;GrrG;26835.50
J36;5;0;GrrG;26835.75
J36;5;0;GrrG;26836.00
J36;5;0;GrrG;26836.25
J36;5;0;GrrG;26836.50
J36;5;0;GrrG;26836.75
J36;5;0;GrrG;26837.00
J36;5;0;GrrG;26837.25
J36;5;0;GrrG;26837.50
J36;5;0;GrrG;26837.75
J36;5;0;GrrG;26838.00
J36;5;0;GrrG;26838.25
J36;5;0;GrrG;26838.50
J36;5;0;GrrG;26838.75
J36;5;0;GrrG;26839.00
J36;5;0;GrrG;26839.25
J36;5;0;GrrG;26839.50
J36;5;0;GrrG;26839.75
J36;5;0;GrrG;26840.00
J36;5;0;GrrG;26840.25
J36;5;0;GrrG;26840.50
J36;5;0;GrrG;26840.75
J36;5;0;GrrG;26841.00
J36;5;0;GrrG;26841.25
J36;5;0;GrrG;26841.50
J36;5;0;GrrG;26841.75
J36;5;0;GrrG;26842.00
J36;5;0;GrrG;26842.25
J36;5;0;GrrG;26842.50
J36;5;0;GrrG;26842.75
J36;5;0;GrrG;26843.00
J36;5;0;GrrG;26843.25
J36;5;0;GrrG;26843.50
J36;5;0;GrrG;26843.75
J36;5;0;GrrG;26844.00
J36;5;0;GrrG;26844.25
J36;5;0;GrrG;26844.50
J36;5;0;GrrG;26844.75
J36;5;0;GrrG;26845.00
J36;5;0;GrrG;26845.25
J36;5;0;GrrG;26845.50
J36;5;0;GrrG;26845.75
J36;5;0;GrrG;26846.00
J36;5;0;GrrG;26846.25
J36;5;0;GrrG;26846.50
J36;5;0;GrrG;26846.75
J36;5;0;GrrG;26847.00
J36;5;0;GrrG;26847.25
J36;5;0;GrrG;26847.50
J36;5;0;GrrG;26847.75
J36;5;0;GrrG;26848.00
J36;5;0;GrrG;26848.25
J36;5;0;GrrG;26848.50
J36;5;0;GrrG;26848.75
J36;5;0;GrrG;26849.00
J36;5;0;GrrG;26849.25
J36;5;0;GrrG;26849.50
J36;5;0;GrrG;26849.75
J36;5;0;GrrG;26850.00
J36;5;0;GrrG;26850.25
J36;5;0;GrrG;26850.50
J36;5;0;GrrG;26850.75
J36;5;0;GrrG;26851.00
J36;5;0;GrrG;26851.25
J36;5;0;GrrG;26851.50
J36;5;0;GrrG;26851.75
J36;5;0;GrrG;26852.00
J36;5;0;GrrG;26852.25
J36;5;0;GrrG;26852.50
J36;5;0;GrrG;26852.75
J36;5;0;GrrG;26853.00
J36;5;0;GrrG;26853.25
J36;5;0;GrrG;26853.50
J36;5;0;GrrG;26853.75
J36;5;0;GrrG;26854.00
J36;5;0;GrrG;26854.25
J36;5;0;GrrG;26854.50
J36;5;0;GrrG;26854.75
J36;5;0;GrrG;26855.00
J36;5;0;GrrG;26855.25
J36;5;0;GrrG;26855.50
J36;5;0;GrrG;26855.75
J36;5;0;GrrG;26856.00
J36;5;0;GrrG;26856.25
J36;5;0;GrrG;26856.50
J36;5;0;GrrG;26856.75
J36;5;0;GrrG;26857.00
J36;5;0;GrrG;26857.25
J36;6;0;yrry;26857.50
J36;6;0;yrry;26857.75
J36;6;0;yrry;26858.00
J36;6;0;yrry;26858.25
J36;6;0;yrry;26858.50
J36;6;0;yrry;26858.75
J36;6;0;yrry;26859.00
J36;6;0;yrry;26859.25
J36;6;0;yrry;26859.50
J36;6;0;yrry;26859.75
J36;6;0;yrry;26860.00
J36;6;0;yrry;26860.25
J36;7;0;rrrr;26860.50
J36;7;0;rrrr;26860.75
J36;7;0;rrrr;26861.00
J36;7;0;rrrr;26861.25
J36;0;0;ruur;26861.50
J36;0;0;ruur;26861.75
J36;0;0;ruur;26862.00
J36;0;0;ruur;26862.25
J36;1;0;rGGr;26862.50
J36;1;0;rGGr;26862.75
J36;1;0;rGGr;26863.00
J36;1;0;rGGr;26863.25
J36;1;0;rGGr;26863.50
J36;1;0;rGGr;26863.75
J36;1;0;rGGr;26864.00
J36;1;0;rGGr;26864.25
J36;1;0;rGGr;26864.50
J36;1;0;rGGr;26864.75
J36;1;0;rGGr;26865.00
J36;1;0;rGGr;26865.25
J36;1;0;rGGr;26865.50
J36;1;0;rGGr;26865.75
J36;1;0;rGGr;26866.00
J36;1;0;rGGr;26866.25
J36;1;0;rGGr;26866.50
J36;1;0;rGGr;26866.75
J36;1;0;rGGr;26867.00
J36;1;0;rGGr;26867.25
J36;1;0;rGGr;26867.50
J36;1;0;rGGr;26867.75
J36;1;0;rGGr;26868.00
J36;1;0;rGGr;26868.25
J36;1;0;rGGr;26868.50
J36;1;0;rGGr;26868.75
J36;1;0;rGGr;26869.00
J36;1;0;rGGr;26869.25
J36;1;0;rGGr;26869.50
J36;1;0;rGGr;26869.75
J36;1;0;rGGr;26870.00
J36;1;0;rGGr;26870.25
J36;1;0;rGGr;26870.50
J36;1;0;rGGr;26870.75
J36;1;0;rGGr;26871.00
J36;1;0;rGGr;26871.25
J36;1;0;rGGr;26871.50
J36;1;0;rGGr;26871.75
J36;1;0;rGGr;26872.00
J36;1;0;rGGr;26872.25
J36;1;0;rGGr;26872.50
J36;1;0;rGGr;26872.75
J36;1;0;rGGr;26873.00
J36;1;0;rGGr;26873.25
J36;1;0;rGGr;26873.50
J36;1;0;rGGr;26873.75
J36;1;0;rGGr;26874.00
J36;1;0;rGGr;26874.25
J36;1;0;rGGr;26874.50
J36;1;0;rGGr;26874.75
J36;1;0;rGGr;26875.00
J36;1;0;rGGr;26875.25
J36;1;0;rGGr;26875.50
J36;1;0;rGGr;26875.75
J36;1;0;rGGr;26876.00
J36;1;0;rGGr;26876.25
J36;1;0;rGGr;26876.50
J36;1;0;rGGr;26876.75
J36;1;0;rGGr;26877.00
J36;1;0;rGGr;26877.25
J36;1;0;rGGr;26877.50
J36;1;0;rGGr;26877.75
J36;1;0;rGGr;26878.00
J36;1;0;rGGr;26878.25
J36;1;0;rGGr;26878.50
J36;1;0;rGGr;26878.75
J36;1;0;rGGr;26879.00
J36;1;0;rGGr;26879.25
J36;1;0;rGGr;26879.50
J36;1;0;rGGr;26879.75
J36;1;0;rGGr;26880.00
J36;1;0;rGGr;26880.25
J36;1;0;rGGr;26880.50
J36;1;0;rGGr;26880.75
J36;1;0;rGGr;26881.00
J36;1;0;rGGr;26881.25
J36;1;0;rGGr;26881.50
J36;1;0;rGGr;26881.75
J36;1;0;rGGr;26882.00
J36;1;0;rGGr;26882.25
J36;1;0;rGGr;26882.50
J36;1;0;rGGr;26882.75
J36;1;0;rGGr;26883.00
J36;1;0;rGGr;26883.25
J36;1;0;rGGr;26883.50
J36;1;0;rGGr;26883.75
J36;1;0;rGGr;26884.00
J36;1;0;rGGr;26884.25
J36;1;0;rGGr;26884.50
J36;1;0;rGGr;26884.75
J36;1;0;rGGr;26885.00
J36;1;0;rGGr;26885.25
J36;1;0;rGGr;26885.50
J36;1;0;rGGr;26885.75
J36;1;0;rGGr;26886.00
J36;1;0;rGGr;26886.25
J36;1;0;rGGr;26886.50
J36;1;0;rGGr;26886.75
J36;1;0;rGGr;26887.00
J36;1;0;rGGr;26887.25
J36;1;0;rGGr;26887.50
J36;1;0;rGGr;26887.75
J36;1;0;rGGr;26888.00
J36;1;0;rGGr;26888.25
J36;1;0;rGGr;26888.50
J36;1;0;rGGr;26888.75
J36;1;0;rGGr;26889.00
J36;1;0;rGGr;26889.25
J36;1;0;rGGr;26889.50
J36;1;0;rGGr;26889.75
J36;1;0;rGGr;26890.00
J36;1;0;rGGr;26890.25
J36;1;0;rGGr;26890.50
J36;1;0;rGGr;26890.75
J36;1;0;rGGr;26891.00
J36;1;0;rGGr;26891.25
J36;1;0;rGGr;26891.50
J36;1;0;rGGr;26891.75
J36;1;0;rGGr;26892.00
J36;1;0;rGGr;26892.25
J36;1;0;rGGr;26892.50
J36;2;0;ryyr;26892.75
J36;2;0;ryyr;26893.00
J36;2;0;ryyr;26893.25
J36;2;0;ryyr;26893.50
J36;2;0;ryyr;26893.75
J36;2;0;ryyr;26894.00
J36;2;0;ryyr;26894.25
J36;2;0;ryyr;26894.50
J36;2;0;ryyr;26894.75
J36;2;0;ryyr;26895.00
J36;2;0;ryyr;26895.25
J36;2;0;ryyr;26895.50
J36;3;0;rrrr;26895.75
J36;3;0;rrrr;26896.00
J36;3;0;rrrr;26896.25
J36;3;0;rrrr;26896.50
J36;4;0;urru;26896.75
J36;4;0;urru;26897.00
J36;4;0;urru;26897.25
J36;4;0;urru;26897.50
J36;5;0;GrrG;26897.75
J36;5;0;GrrG;26898.00
J36;5;0;GrrG;26898.25
J36;5;0;GrrG;26898.50
J36;5;0;GrrG;26898.75
J36;5;0;GrrG;26899.00
J36;5;0;GrrG;26899.25
J36;5;0;GrrG;26899.50
J36;5;0;GrrG;26899.75
J36;5;0;GrrG;26900.00
J36;5;0;GrrG;26900.25
J36;5;0;GrrG;26900.50
J36;5;0;GrrG;26900.75
J36;5;0;GrrG;26901.00
J36;5;0;GrrG;26901.25
J36;5;0;GrrG;26901.50
J36;5;0;GrrG;26901.75
J36;5;0;GrrG;26902.00
J36;5;0;GrrG;26902.25
J36;5;0;GrrG;26902.50
J36;5;0;GrrG;26902.75
J36;5;0;GrrG;26903.00
J36;5;0;GrrG;26903.25
J36;5;0;GrrG;26903.50
J36;5;0;GrrG;26903.75
J36;5;0;GrrG;26904.00
J36;5;0;GrrG;26904.25
J36;5;0;GrrG;26904.50
J36;5;0;GrrG;26904.75
J36;5;0;GrrG;26905.00
J36;5;0;GrrG;26905.25
J36;5;0;GrrG;26905.50
J36;5;0;GrrG;26905.75
J36;5;0;GrrG;26906.00
J36;5;0;GrrG;26906.25
J36;5;0;GrrG;26906.50
J36;5;0;GrrG;26906.75
J36;5;0;GrrG;26907.00
J36;5;0;GrrG;26907.25
J36;5;0;GrrG;26907.50
J36;5;0;GrrG;26907.75
J36;5;0;GrrG;26908.00
J36;5;0;GrrG;26908.25
J36;5;0;GrrG;26908.50
J36;5;0;GrrG;26908.75
J36;5;0;GrrG;26909.00
J36;5;0;GrrG;26909.25
J36;5;0;GrrG;26909.50
J36;5;0;GrrG;26909.75
J36;5;0;GrrG;26910.00
J36;5;0;GrrG;26910.25
J36;5;0;GrrG;26910.50
J36;5;0;GrrG;26910.75
J36;5;0;GrrG;26911.00
J36;5;0;GrrG;26911.25
J36;5;0;GrrG;26911.50
J36;5;0;GrrG;26911.75
J36;5;0;GrrG;26912.00
J36;5;0;GrrG;26912.25
J36;5;0;GrrG;26912.50
J36;5;0;GrrG;26912.75
J36;5;0;GrrG;26913.00
J36;5;0;GrrG;26913.25
J36;5;0;GrrG;26913.50
J36;5;0;GrrG;26913.75
J36;5;0;GrrG;26914.00
J36;5;0;GrrG;26914.25
J36;5;0;GrrG;26914.50
J36;5;0;GrrG;26914.75
J36;5;0;GrrG;26915.00
J36;5;0;GrrG;26915.25
J36;5;0;GrrG;26915.50
J36;5;0;GrrG;26915.75
J36;5;0;GrrG;26916.00
J36;5;0;GrrG;26916.25
J36;5;0;GrrG;26916.50
J36;5;0;GrrG;26916.75
J36;5;0;GrrG;26917.00
J36;5;0;GrrG;26917.25
J36;5;0;GrrG;26917.50
J36;5;0;GrrG;26917.75
J36;5;0;GrrG;26918.00
J36;5;0;GrrG;26918.25
J36;5;0;GrrG;26918.50
J36;5;0;GrrG;26918.75
J36;5;0;GrrG;26919.00
J36;5;0;GrrG;26919.25
J36;5;0;GrrG;26919.50
J36;5;0;GrrG;26919.75
J36;5;0;GrrG;26920.00
J36;5;0;GrrG;26920.25
J36;5;0;GrrG;26920.50
J36;5;0;GrrG;26920.75
J36;5;0;GrrG;26921.00
J36;5;0;GrrG;26921.25
J36;5;0;GrrG;26921.50
J36;5;0;GrrG;26921.75
J36;5;0;GrrG;26922.00
J36;5;0;GrrG;26922.25
J36;5;0;GrrG;26922.50
J36;6;0;yrry;26922.75
J36;6;0;yrry;26923.00
J36;6;0;yrry;26923.25
J36;6;0;yrry;26923.50
J36;6;0;yrry;26923.75
J36;6;0;yrry;26924.00
J36;6;0;yrry;26924.25
J36;6;0;yrry;26924.50
J36;6;0;yrry;26924.75
J36;6;0;yrry;26925.00
J36;6;0;yrry;26925.25
J36;6;0;yrry;26925.50
J36;7;0;rrrr;26925.75
J36;7;0;rrrr;26926.00
J36;7;0;rrrr;26926.25
J36;7;0;rrrr;26926.50
J36;0;0;ruur;26926.75
J36;0;0;ruur;26927.00
J36;0;0;ruur;26927.25
J36;0;0;ruur;26927.50
J36;1;0;rGGr;26927.75
J36;1;0;rGGr;26928.00
J36;1;0;rGGr;26928.25
J36;1;0;rGGr;26928.50
J36;1;0;rGGr;26928.75
J36;1;0;rGGr;26929.00
J36;1;0;rGGr;26929.25
J36;1;0;rGGr;26929.50
J36;1;0;rGGr;26929.75
J36;1;0;rGGr;26930.00
J36;1;0;rGGr;26930.25
J36;1;0;rGGr;26930.50
J36;1;0;rGGr;26930.75
J36;1;0;rGGr;26931.00
J36;1;0;rGGr;26931.25
J36;1;0;rGGr;26931.50
J36;1;0;rGGr;26931.75
J36;1;0;rGGr;26932.00
J36;1;0;rGGr;26932.25
J36;1;0;rGGr;26932.50
J36;1;0;rGGr;26932.75
J36;1;0;rGGr;26933.00
J36;1;0;rGGr;26933.25
J36;1;0;rGGr;26933.50
J36;1;0;rGGr;26933.75
J36;1;0;rGGr;26934.00
J36;1;0;rGGr;26934.25
J36;1;0;rGGr;26934.50
J36;1;0;rGGr;26934.75
J36;1;0;rGGr;26935.00
J36;1;0;rGGr;26935.25
J36;1;0;rGGr;26935.50
J36;1;0;rGGr;26935.75
J36;1;0;rGGr;26936.00
J36;1;0;rGGr;26936.25
J36;1;0;rGGr;26936.50
J36;1;0;rGGr;26936.75
J36;1;0;rGGr;26937.00
J36;1;0;rGGr;26937.25
J36;1;0;rGGr;26937.50
J36;1;0;rGGr;26937.75
J36;1;0;rGGr;26938.00
J36;1;0;rGGr;26938.25
J36;1;0;rGGr;26938.50
J36;1;0;rGGr;26938.75
J36;1;0;rGGr;26939.00
J36;1;0;rGGr;26939.25
J36;1;0;rGGr;26939.50
J36;1;0;rGGr;26939.75
J36;1;0;rGGr;26940.00
J36;1;0;rGGr;26940.25
J36;0;online;yyyyyyyyyyyyyyyyyyyyyyyyyyyyyyyyyyyyyyyyyyyyyyyyyyyyyyyyy;26940.50
J36;0;online;yyyyyyyyyyyyyyyyyyyyyyyyyyyyyyyyyyyyyyyyyyyyyyyyyyyyyyyyy;26940.75
J36;0;online;yyyyyyyyyyyyyyyyyyyyyyyyyyyyyyyyyyyyyyyyyyyyyyyyyyyyyyyyy;26941.00
J36;0;online;yyyyyyyyyyyyyyyyyyyyyyyyyyyyyyyyyyyyyyyyyyyyyyyyyyyyyyyyy;26941.25
J36;0;online;yyyyyyyyyyyyyyyyyyyyyyyyyyyyyyyyyyyyyyyyyyyyyyyyyyyyyyyyy;26941.50
J36;0;online;yyyyyyyyyyyyyyyyyyyyyyyyyyyyyyyyyyyyyyyyyyyyyyyyyyyyyyyyy;26941.75
J36;0;online;yyyyyyyyyyyyyyyyyyyyyyyyyyyyyyyyyyyyyyyyyyyyyyyyyyyyyyyyy;26942.00
J36;0;online;yyyyyyyyyyyyyyyyyyyyyyyyyyyyyyyyyyyyyyyyyyyyyyyyyyyyyyyyy;26942.25
J36;0;online;yyyyyyyyyyyyyyyyyyyyyyyyyyyyyyyyyyyyyyyyyyyyyyyyyyyyyyyyy;26942.50
J36;0;online;yyyyyyyyyyyyyyyyyyyyyyyyyyyyyyyyyyyyyyyyyyyyyyyyyyyyyyyyy;26942.75
J36;0;online;yyyyyyyyyyyyyyyyyyyyyyyyyyyyyyyyyyyyyyyyyyyyyyyyyyyyyyyyy;26943.00
J36;0;online;yyyyyyyyyyyyyyyyyyyyyyyyyyyyyyyyyyyyyyyyyyyyyyyyyyyyyyyyy;26943.25
J36;4;0;urru;26943.50
J36;4;0;urru;26943.75
J36;4;0;urru;26944.00
J36;4;0;urru;26944.25
J36;5;0;GrrG;26944.50
J36;5;0;GrrG;26944.75
J36;5;0;GrrG;26945.00
J36;5;0;GrrG;26945.25
J36;5;0;GrrG;26945.50
J36;5;0;GrrG;26945.75
J36;5;0;GrrG;26946.00
J36;5;0;GrrG;26946.25
J36;5;0;GrrG;26946.50
J36;5;0;GrrG;26946.75
J36;5;0;GrrG;26947.00
J36;5;0;GrrG;26947.25
J36;5;0;GrrG;26947.50
J36;5;0;GrrG;26947.75
J36;5;0;GrrG;26948.00
J36;5;0;GrrG;26948.25
J36;5;0;GrrG;26948.50
J36;5;0;GrrG;26948.75
J36;5;0;GrrG;26949.00
J36;5;0;GrrG;26949.25
J36;5;0;GrrG;26949.50
J36;5;0;GrrG;26949.75
J36;5;0;GrrG;26950.00
J36;5;0;GrrG;26950.25
J36;5;0;GrrG;26950.50
J36;5;0;GrrG;26950.75
J36;5;0;GrrG;26951.00
J36;5;0;GrrG;26951.25
J36;5;0;GrrG;26951.50
J36;5;0;GrrG;26951.75
J36;5;0;GrrG;26952.00
J36;5;0;GrrG;26952.25
J36;5;0;GrrG;26952.50
J36;5;0;GrrG;26952.75
J36;5;0;GrrG;26953.00
J36;5;0;GrrG;26953.25
J36;5;0;GrrG;26953.50
J36;5;0;GrrG;26953.75
J36;5;0;GrrG;26954.00
J36;5;0;GrrG;26954.25
J36;5;0;GrrG;26954.50
J36;5;0;GrrG;26954.75
J36;5;0;GrrG;26955.00
J36;5;0;GrrG;26955.25
J36;5;0;GrrG;26955.50
J36;5;0;GrrG;26955.75
J36;5;0;GrrG;26956.00
J36;5;0;GrrG;26956.25
J36;5;0;GrrG;26956.50
J36;5;0;GrrG;26956.75
J36;5;0;GrrG;26957.00
J36;5;0;GrrG;26957.25
J36;5;0;GrrG;26957.50
J36;5;0;GrrG;26957.75
J36;5;0;GrrG;26958.00
J36;5;0;GrrG;26958.25
J36;5;0;GrrG;26958.50
J36;5;0;GrrG;26958.75
J36;5;0;GrrG;26959.00
J36;5;0;GrrG;26959.25
J36;5;0;GrrG;26959.50
J36;5;0;GrrG;26959.75
J36;5;0;GrrG;26960.00
J36;5;0;GrrG;26960.25
J36;5;0;GrrG;26960.50
J36;5;0;GrrG;26960.75
J36;5;0;GrrG;26961.00
J36;5;0;GrrG;26961.25
J36;5;0;GrrG;26961.50
J36;5;0;GrrG;26961.75
J36;5;0;GrrG;26962.00
J36;5;0;GrrG;26962.25
J36;5;0;GrrG;26962.50
J36;5;0;GrrG;26962.75
J36;5;0;GrrG;26963.00
J36;5;0;GrrG;26963.25
J36;5;0;GrrG;26963.50
J36;5;0;GrrG;26963.75
J36;5;0;GrrG;26964.00
J36;5;0;GrrG;26964.25
J36;5;0;GrrG;26964.50
J36;5;0;GrrG;26964.75
J36;5;0;GrrG;26965.00
J36;5;0;GrrG;26965.25
J36;5;0;GrrG;26965.50
J36;5;0;GrrG;26965.75
J36;5;0;GrrG;26966.00
J36;5;0;GrrG;26966.25
J36;5;0;GrrG;26966.50
J36;5;0;GrrG;26966.75
J36;5;0;GrrG;26967.00
J36;5;0;GrrG;26967.25
J36;5;0;GrrG;26967.50
J36;5;0;GrrG;26967.75
J36;5;0;GrrG;26968.00
J36;5;0;GrrG;26968.25
J36;5;0;GrrG;26968.50
J36;5;0;GrrG;26968.75
J36;5;0;GrrG;26969.00
J36;5;0;GrrG;26969.25
J36;6;0;yrry;26969.50
J36;6;0;yrry;26969.75
J36;6;0;yrry;26970.00
J36;6;0;yrry;26970.25
J36;6;0;yrry;26970.50
J36;6;0;yrry;26970.75
J36;6;0;yrry;26971.00
J36;6;0;yrry;26971.25
J36;6;0;yrry;26971.50
J36;6;0;yrry;26971.75
J36;6;0;yrry;26972.00
J36;6;0;yrry;26972.25
J36;7;0;rrrr;26972.50
J36;7;0;rrrr;26972.75
J36;7;0;rrrr;26973.00
J36;7;0;rrrr;26973.25
J36;0;0;ruur;26973.50
J36;0;0;ruur;26973.75
J36;0;0;ruur;26974.00
J36;0;0;ruur;26974.25
J36;1;0;rGGr;26974.50
J36;1;0;rGGr;26974.75
J36;1;0;rGGr;26975.00
J36;1;0;rGGr;26975.25
J36;1;0;rGGr;26975.50
J36;1;0;rGGr;26975.75
J36;1;0;rGGr;26976.00
J36;1;0;rGGr;26976.25
J36;1;0;rGGr;26976.50
J36;1;0;rGGr;26976.75
J36;1;0;rGGr;26977.00
J36;1;0;rGGr;26977.25
J36;1;0;rGGr;26977.50
J36;1;0;rGGr;26977.75
J36;1;0;rGGr;26978.00
J36;1;0;rGGr;26978.25
J36;1;0;rGGr;26978.50
J36;1;0;rGGr;26978.75
J36;1;0;rGGr;26979.00
J36;1;0;rGGr;26979.25
J36;1;0;rGGr;26979.50
J36;1;0;rGGr;26979.75
J36;1;0;rGGr;26980.00
J36;1;0;rGGr;26980.25
J36;1;0;rGGr;26980.50
J36;1;0;rGGr;26980.75
J36;1;0;rGGr;26981.00
J36;1;0;rGGr;26981.25
J36;1;0;rGGr;26981.50
J36;1;0;rGGr;26981.75
J36;1;0;rGGr;26982.00
J36;1;0;rGGr;26982.25
J36;1;0;rGGr;26982.50
J36;1;0;rGGr;26982.75
J36;1;0;rGGr;26983.00
J36;1;0;rGGr;26983.25
J36;1;0;rGGr;26983.50
J36;1;0;rGGr;26983.75
J36;1;0;rGGr;26984.00
J36;1;0;rGGr;26984.25
J36;1;0;rGGr;26984.50
J36;1;0;rGGr;26984.75
J36;1;0;rGGr;26985.00
J36;1;0;rGGr;26985.25
J36;1;0;rGGr;26985.50
J36;1;0;rGGr;26985.75
J36;1;0;rGGr;26986.00
J36;1;0;rGGr;26986.25
J36;1;0;rGGr;26986.50
J36;1;0;rGGr;26986.75
J36;1;0;rGGr;26987.00
J36;1;0;rGGr;26987.25
J36;1;0;rGGr;26987.50
J36;1;0;rGGr;26987.75
J36;1;0;rGGr;26988.00
J36;1;0;rGGr;26988.25
J36;0;online;yyyyyyyyyyyyyyyyyyyyyyyyyyyyyyyyyyyyyyyyyyyyyyyyyyyyyyyyy;26988.50
J36;0;online;yyyyyyyyyyyyyyyyyyyyyyyyyyyyyyyyyyyyyyyyyyyyyyyyyyyyyyyyy;26988.75
J36;0;online;yyyyyyyyyyyyyyyyyyyyyyyyyyyyyyyyyyyyyyyyyyyyyyyyyyyyyyyyy;26989.00
J36;0;online;yyyyyyyyyyyyyyyyyyyyyyyyyyyyyyyyyyyyyyyyyyyyyyyyyyyyyyyyy;26989.25
J36;0;online;yyyyyyyyyyyyyyyyyyyyyyyyyyyyyyyyyyyyyyyyyyyyyyyyyyyyyyyyy;26989.50
J36;0;online;yyyyyyyyyyyyyyyyyyyyyyyyyyyyyyyyyyyyyyyyyyyyyyyyyyyyyyyyy;26989.75
J36;0;online;yyyyyyyyyyyyyyyyyyyyyyyyyyyyyyyyyyyyyyyyyyyyyyyyyyyyyyyyy;26990.00
J36;0;online;yyyyyyyyyyyyyyyyyyyyyyyyyyyyyyyyyyyyyyyyyyyyyyyyyyyyyyyyy;26990.25
J36;0;online;yyyyyyyyyyyyyyyyyyyyyyyyyyyyyyyyyyyyyyyyyyyyyyyyyyyyyyyyy;26990.50
J36;0;online;yyyyyyyyyyyyyyyyyyyyyyyyyyyyyyyyyyyyyyyyyyyyyyyyyyyyyyyyy;26990.75
J36;0;online;yyyyyyyyyyyyyyyyyyyyyyyyyyyyyyyyyyyyyyyyyyyyyyyyyyyyyyyyy;26991.00
J36;0;online;yyyyyyyyyyyyyyyyyyyyyyyyyyyyyyyyyyyyyyyyyyyyyyyyyyyyyyyyy;26991.25
J36;4;0;urru;26991.50
J36;4;0;urru;26991.75
J36;4;0;urru;26992.00
J36;4;0;urru;26992.25
J36;5;0;GrrG;26992.50
J36;5;0;GrrG;26992.75
J36;5;0;GrrG;26993.00
J36;5;0;GrrG;26993.25
J36;5;0;GrrG;26993.50
J36;5;0;GrrG;26993.75
J36;5;0;GrrG;26994.00
J36;5;0;GrrG;26994.25
J36;5;0;GrrG;26994.50
J36;5;0;GrrG;26994.75
J36;5;0;GrrG;26995.00
J36;5;0;GrrG;26995.25
J36;5;0;GrrG;26995.50
J36;5;0;GrrG;26995.75
J36;5;0;GrrG;26996.00
J36;5;0;GrrG;26996.25
J36;5;0;GrrG;26996.50
J36;5;0;GrrG;26996.75
J36;5;0;GrrG;26997.00
J36;5;0;GrrG;26997.25
J36;5;0;GrrG;26997.50
J36;5;0;GrrG;26997.75
J36;5;0;GrrG;26998.00
J36;5;0;GrrG;26998.25
J36;5;0;GrrG;26998.50
J36;5;0;GrrG;26998.75
J36;5;0;GrrG;26999.00
J36;5;0;GrrG;26999.25
J36;5;0;GrrG;26999.50
J36;5;0;GrrG;26999.75
J36;5;0;GrrG;27000.00
J36;5;0;GrrG;27000.25
J36;5;0;GrrG;27000.50
J36;5;0;GrrG;27000.75
J36;5;0;GrrG;27001.00
J36;5;0;GrrG;27001.25
J36;5;0;GrrG;27001.50
J36;5;0;GrrG;27001.75
J36;5;0;GrrG;27002.00
J36;5;0;GrrG;27002.25
J36;5;0;GrrG;27002.50
J36;5;0;GrrG;27002.75
J36;5;0;GrrG;27003.00
J36;5;0;GrrG;27003.25
J36;5;0;GrrG;27003.50
J36;5;0;GrrG;27003.75
J36;5;0;GrrG;27004.00
J36;5;0;GrrG;27004.25
J36;5;0;GrrG;27004.50
J36;5;0;GrrG;27004.75
J36;5;0;GrrG;27005.00
J36;5;0;GrrG;27005.25
J36;5;0;GrrG;27005.50
J36;5;0;GrrG;27005.75
J36;5;0;GrrG;27006.00
J36;5;0;GrrG;27006.25
J36;5;0;GrrG;27006.50
J36;5;0;GrrG;27006.75
J36;5;0;GrrG;27007.00
J36;5;0;GrrG;27007.25
J36;5;0;GrrG;27007.50
J36;5;0;GrrG;27007.75
J36;5;0;GrrG;27008.00
J36;5;0;GrrG;27008.25
J36;5;0;GrrG;27008.50
J36;5;0;GrrG;27008.75
J36;5;0;GrrG;27009.00
J36;5;0;GrrG;27009.25
J36;5;0;GrrG;27009.50
J36;5;0;GrrG;27009.75
J36;5;0;GrrG;27010.00
J36;5;0;GrrG;27010.25
J36;5;0;GrrG;27010.50
J36;5;0;GrrG;27010.75
J36;5;0;GrrG;27011.00
J36;5;0;GrrG;27011.25
J36;5;0;GrrG;27011.50
J36;5;0;GrrG;27011.75
J36;5;0;GrrG;27012.00
J36;5;0;GrrG;27012.25
J36;5;0;GrrG;27012.50
J36;5;0;GrrG;27012.75
J36;5;0;GrrG;27013.00
J36;5;0;GrrG;27013.25
J36;5;0;GrrG;27013.50
J36;5;0;GrrG;27013.75
J36;5;0;GrrG;27014.00
J36;5;0;GrrG;27014.25
J36;5;0;GrrG;27014.50
J36;5;0;GrrG;27014.75
J36;5;0;GrrG;27015.00
J36;5;0;GrrG;27015.25
J36;5;0;GrrG;27015.50
J36;5;0;GrrG;27015.75
J36;5;0;GrrG;27016.00
J36;5;0;GrrG;27016.25
J36;5;0;GrrG;27016.50
J36;5;0;GrrG;27016.75
J36;5;0;GrrG;27017.00
J36;5;0;GrrG;27017.25
J36;6;0;yrry;27017.50
J36;6;0;yrry;27017.75
J36;6;0;yrry;27018.00
J36;6;0;yrry;27018.25
J36;6;0;yrry;27018.50
J36;6;0;yrry;27018.75
J36;6;0;yrry;27019.00
J36;6;0;yrry;27019.25
J36;6;0;yrry;27019.50
J36;6;0;yrry;27019.75
J36;6;0;yrry;27020.00
J36;6;0;yrry;27020.25
J36;7;0;rrrr;27020.50
J36;7;0;rrrr;27020.75
J36;7;0;rrrr;27021.00
J36;7;0;rrrr;27021.25
J36;0;0;ruur;27021.50
J36;0;0;ruur;27021.75
J36;0;0;ruur;27022.00
J36;0;0;ruur;27022.25
J36;1;0;rGGr;27022.50
J36;1;0;rGGr;27022.75
J36;1;0;rGGr;27023.00
J36;1;0;rGGr;27023.25
J36;1;0;rGGr;27023.50
J36;1;0;rGGr;27023.75
J36;1;0;rGGr;27024.00
J36;1;0;rGGr;27024.25
J36;1;0;rGGr;27024.50
J36;1;0;rGGr;27024.75
J36;1;0;rGGr;27025.00
J36;1;0;rGGr;27025.25
J36;1;0;rGGr;27025.50
J36;1;0;rGGr;27025.75
J36;1;0;rGGr;27026.00
J36;1;0;rGGr;27026.25
J36;1;0;rGGr;27026.50
J36;1;0;rGGr;27026.75
J36;1;0;rGGr;27027.00
J36;1;0;rGGr;27027.25
J36;1;0;rGGr;27027.50
J36;1;0;rGGr;27027.75
J36;1;0;rGGr;27028.00
J36;1;0;rGGr;27028.25
J36;1;0;rGGr;27028.50
J36;1;0;rGGr;27028.75
J36;1;0;rGGr;27029.00
J36;1;0;rGGr;27029.25
J36;1;0;rGGr;27029.50
J36;1;0;rGGr;27029.75
J36;1;0;rGGr;27030.00
J36;1;0;rGGr;27030.25
J36;1;0;rGGr;27030.50
J36;1;0;rGGr;27030.75
J36;1;0;rGGr;27031.00
J36;1;0;rGGr;27031.25
J36;1;0;rGGr;27031.50
J36;1;0;rGGr;27031.75
J36;1;0;rGGr;27032.00
J36;1;0;rGGr;27032.25
J36;1;0;rGGr;27032.50
J36;1;0;rGGr;27032.75
J36;1;0;rGGr;27033.00
J36;1;0;rGGr;27033.25
J36;1;0;rGGr;27033.50
J36;1;0;rGGr;27033.75
J36;1;0;rGGr;27034.00
J36;1;0;rGGr;27034.25
J36;1;0;rGGr;27034.50
J36;1;0;rGGr;27034.75
J36;1;0;rGGr;27035.00
J36;1;0;rGGr;27035.25
J36;1;0;rGGr;27035.50
J36;1;0;rGGr;27035.75
J36;1;0;rGGr;27036.00
J36;1;0;rGGr;27036.25
J36;1;0;rGGr;27036.50
J36;1;0;rGGr;27036.75
J36;1;0;rGGr;27037.00
J36;1;0;rGGr;27037.25
J36;1;0;rGGr;27037.50
J36;1;0;rGGr;27037.75
J36;1;0;rGGr;27038.00
J36;1;0;rGGr;27038.25
J36;1;0;rGGr;27038.50
J36;1;0;rGGr;27038.75
J36;1;0;rGGr;27039.00
J36;1;0;rGGr;27039.25
J36;1;0;rGGr;27039.50
J36;1;0;rGGr;27039.75
J36;1;0;rGGr;27040.00
J36;1;0;rGGr;27040.25
J36;1;0;rGGr;27040.50
J36;1;0;rGGr;27040.75
J36;1;0;rGGr;27041.00
J36;1;0;rGGr;27041.25
J36;1;0;rGGr;27041.50
J36;1;0;rGGr;27041.75
J36;1;0;rGGr;27042.00
J36;1;0;rGGr;27042.25
J36;1;0;rGGr;27042.50
J36;1;0;rGGr;27042.75
J36;1;0;rGGr;27043.00
J36;1;0;rGGr;27043.25
J36;1;0;rGGr;27043.50
J36;1;0;rGGr;27043.75
J36;1;0;rGGr;27044.00
J36;1;0;rGGr;27044.25
J36;1;0;rGGr;27044.50
J36;1;0;rGGr;27044.75
J36;1;0;rGGr;27045.00
J36;1;0;rGGr;27045.25
J36;1;0;rGGr;27045.50
J36;1;0;rGGr;27045.75
J36;0;online;yyyyyyyyyyyyyyyyyyyyyyyyyyyyyyyyyyyyyyyyyyyyyyyyyyyyyyyyy;27046.00
J36;0;online;yyyyyyyyyyyyyyyyyyyyyyyyyyyyyyyyyyyyyyyyyyyyyyyyyyyyyyyyy;27046.25
J36;0;online;yyyyyyyyyyyyyyyyyyyyyyyyyyyyyyyyyyyyyyyyyyyyyyyyyyyyyyyyy;27046.50
J36;0;online;yyyyyyyyyyyyyyyyyyyyyyyyyyyyyyyyyyyyyyyyyyyyyyyyyyyyyyyyy;27046.75
J36;0;online;yyyyyyyyyyyyyyyyyyyyyyyyyyyyyyyyyyyyyyyyyyyyyyyyyyyyyyyyy;27047.00
J36;0;online;yyyyyyyyyyyyyyyyyyyyyyyyyyyyyyyyyyyyyyyyyyyyyyyyyyyyyyyyy;27047.25
J36;0;online;yyyyyyyyyyyyyyyyyyyyyyyyyyyyyyyyyyyyyyyyyyyyyyyyyyyyyyyyy;27047.50
J36;0;online;yyyyyyyyyyyyyyyyyyyyyyyyyyyyyyyyyyyyyyyyyyyyyyyyyyyyyyyyy;27047.75
J36;0;online;yyyyyyyyyyyyyyyyyyyyyyyyyyyyyyyyyyyyyyyyyyyyyyyyyyyyyyyyy;27048.00
J36;0;online;yyyyyyyyyyyyyyyyyyyyyyyyyyyyyyyyyyyyyyyyyyyyyyyyyyyyyyyyy;27048.25
J36;0;online;yyyyyyyyyyyyyyyyyyyyyyyyyyyyyyyyyyyyyyyyyyyyyyyyyyyyyyyyy;27048.50
J36;0;online;yyyyyyyyyyyyyyyyyyyyyyyyyyyyyyyyyyyyyyyyyyyyyyyyyyyyyyyyy;27048.75
J36;4;0;urru;27049.00
J36;4;0;urru;27049.25
J36;4;0;urru;27049.50
J36;4;0;urru;27049.75
J36;5;0;GrrG;27050.00
J36;5;0;GrrG;27050.25
J36;5;0;GrrG;27050.50
J36;5;0;GrrG;27050.75
J36;5;0;GrrG;27051.00
J36;5;0;GrrG;27051.25
J36;5;0;GrrG;27051.50
J36;5;0;GrrG;27051.75
J36;5;0;GrrG;27052.00
J36;5;0;GrrG;27052.25
J36;5;0;GrrG;27052.50
J36;5;0;GrrG;27052.75
J36;5;0;GrrG;27053.00
J36;5;0;GrrG;27053.25
J36;5;0;GrrG;27053.50
J36;5;0;GrrG;27053.75
J36;5;0;GrrG;27054.00
J36;5;0;GrrG;27054.25
J36;5;0;GrrG;27054.50
J36;5;0;GrrG;27054.75
J36;5;0;GrrG;27055.00
J36;5;0;GrrG;27055.25
J36;5;0;GrrG;27055.50
J36;5;0;GrrG;27055.75
J36;5;0;GrrG;27056.00
J36;5;0;GrrG;27056.25
J36;5;0;GrrG;27056.50
J36;5;0;GrrG;27056.75
J36;5;0;GrrG;27057.00
J36;5;0;GrrG;27057.25
J36;5;0;GrrG;27057.50
J36;5;0;GrrG;27057.75
J36;5;0;GrrG;27058.00
J36;5;0;GrrG;27058.25
J36;5;0;GrrG;27058.50
J36;5;0;GrrG;27058.75
J36;5;0;GrrG;27059.00
J36;5;0;GrrG;27059.25
J36;5;0;GrrG;27059.50
J36;5;0;GrrG;27059.75
J36;5;0;GrrG;27060.00
J36;5;0;GrrG;27060.25
J36;5;0;GrrG;27060.50
J36;5;0;GrrG;27060.75
J36;5;0;GrrG;27061.00
J36;5;0;GrrG;27061.25
J36;5;0;GrrG;27061.50
J36;5;0;GrrG;27061.75
J36;5;0;GrrG;27062.00
J36;5;0;GrrG;27062.25
J36;5;0;GrrG;27062.50
J36;5;0;GrrG;27062.75
J36;5;0;GrrG;27063.00
J36;5;0;GrrG;27063.25
J36;5;0;GrrG;27063.50
J36;5;0;GrrG;27063.75
J36;5;0;GrrG;27064.00
J36;5;0;GrrG;27064.25
J36;5;0;GrrG;27064.50
J36;5;0;GrrG;27064.75
J36;5;0;GrrG;27065.00
J36;5;0;GrrG;27065.25
J36;5;0;GrrG;27065.50
J36;5;0;GrrG;27065.75
J36;5;0;GrrG;27066.00
J36;5;0;GrrG;27066.25
J36;5;0;GrrG;27066.50
J36;5;0;GrrG;27066.75
J36;5;0;GrrG;27067.00
J36;5;0;GrrG;27067.25
J36;5;0;GrrG;27067.50
J36;5;0;GrrG;27067.75
J36;5;0;GrrG;27068.00
J36;5;0;GrrG;27068.25
J36;5;0;GrrG;27068.50
J36;5;0;GrrG;27068.75
J36;5;0;GrrG;27069.00
J36;5;0;GrrG;27069.25
J36;5;0;GrrG;27069.50
J36;5;0;GrrG;27069.75
J36;5;0;GrrG;27070.00
J36;5;0;GrrG;27070.25
J36;5;0;GrrG;27070.50
J36;5;0;GrrG;27070.75
J36;5;0;GrrG;27071.00
J36;5;0;GrrG;27071.25
J36;5;0;GrrG;27071.50
J36;5;0;GrrG;27071.75
J36;5;0;GrrG;27072.00
J36;5;0;GrrG;27072.25
J36;5;0;GrrG;27072.50
J36;5;0;GrrG;27072.75
J36;5;0;GrrG;27073.00
J36;5;0;GrrG;27073.25
J36;5;0;GrrG;27073.50
J36;5;0;GrrG;27073.75
J36;5;0;GrrG;27074.00
J36;5;0;GrrG;27074.25
J36;5;0;GrrG;27074.50
J36;5;0;GrrG;27074.75
J36;6;0;yrry;27075.00
J36;6;0;yrry;27075.25
J36;6;0;yrry;27075.50
J36;6;0;yrry;27075.75
J36;6;0;yrry;27076.00
J36;6;0;yrry;27076.25
J36;6;0;yrry;27076.50
J36;6;0;yrry;27076.75
J36;6;0;yrry;27077.00
J36;6;0;yrry;27077.25
J36;6;0;yrry;27077.50
J36;6;0;yrry;27077.75
J36;7;0;rrrr;27078.00
J36;7;0;rrrr;27078.25
J36;7;0;rrrr;27078.50
J36;7;0;rrrr;27078.75
J36;0;0;ruur;27079.00
J36;0;0;ruur;27079.25
J36;0;0;ruur;27079.50
J36;0;0;ruur;27079.75
J36;1;0;rGGr;27080.00
J36;1;0;rGGr;27080.25
J36;1;0;rGGr;27080.50
J36;1;0;rGGr;27080.75
J36;1;0;rGGr;27081.00
J36;1;0;rGGr;27081.25
J36;1;0;rGGr;27081.50
J36;1;0;rGGr;27081.75
J36;1;0;rGGr;27082.00
J36;1;0;rGGr;27082.25
J36;1;0;rGGr;27082.50
J36;1;0;rGGr;27082.75
J36;1;0;rGGr;27083.00
J36;1;0;rGGr;27083.25
J36;1;0;rGGr;27083.50
J36;0;online;yyyyyyyyyyyyyyyyyyyyyyyyyyyyyyyyyyyyyyyyyyyyyyyyyyyyyyyyy;27083.75
J36;0;online;yyyyyyyyyyyyyyyyyyyyyyyyyyyyyyyyyyyyyyyyyyyyyyyyyyyyyyyyy;27084.00
J36;0;online;yyyyyyyyyyyyyyyyyyyyyyyyyyyyyyyyyyyyyyyyyyyyyyyyyyyyyyyyy;27084.25
J36;0;online;yyyyyyyyyyyyyyyyyyyyyyyyyyyyyyyyyyyyyyyyyyyyyyyyyyyyyyyyy;27084.50
J36;0;online;yyyyyyyyyyyyyyyyyyyyyyyyyyyyyyyyyyyyyyyyyyyyyyyyyyyyyyyyy;27084.75
J36;0;online;yyyyyyyyyyyyyyyyyyyyyyyyyyyyyyyyyyyyyyyyyyyyyyyyyyyyyyyyy;27085.00
J36;0;online;yyyyyyyyyyyyyyyyyyyyyyyyyyyyyyyyyyyyyyyyyyyyyyyyyyyyyyyyy;27085.25
J36;0;online;yyyyyyyyyyyyyyyyyyyyyyyyyyyyyyyyyyyyyyyyyyyyyyyyyyyyyyyyy;27085.50
J36;0;online;yyyyyyyyyyyyyyyyyyyyyyyyyyyyyyyyyyyyyyyyyyyyyyyyyyyyyyyyy;27085.75
J36;0;online;yyyyyyyyyyyyyyyyyyyyyyyyyyyyyyyyyyyyyyyyyyyyyyyyyyyyyyyyy;27086.00
J36;0;online;yyyyyyyyyyyyyyyyyyyyyyyyyyyyyyyyyyyyyyyyyyyyyyyyyyyyyyyyy;27086.25
J36;0;online;yyyyyyyyyyyyyyyyyyyyyyyyyyyyyyyyyyyyyyyyyyyyyyyyyyyyyyyyy;27086.50
J36;4;0;urru;27086.75
J36;4;0;urru;27087.00
J36;4;0;urru;27087.25
J36;4;0;urru;27087.50
J36;5;0;GrrG;27087.75
J36;5;0;GrrG;27088.00
J36;5;0;GrrG;27088.25
J36;5;0;GrrG;27088.50
J36;5;0;GrrG;27088.75
J36;5;0;GrrG;27089.00
J36;5;0;GrrG;27089.25
J36;5;0;GrrG;27089.50
J36;5;0;GrrG;27089.75
J36;5;0;GrrG;27090.00
J36;5;0;GrrG;27090.25
J36;5;0;GrrG;27090.50
J36;5;0;GrrG;27090.75
J36;5;0;GrrG;27091.00
J36;5;0;GrrG;27091.25
J36;5;0;GrrG;27091.50
J36;5;0;GrrG;27091.75
J36;5;0;GrrG;27092.00
J36;5;0;GrrG;27092.25
J36;5;0;GrrG;27092.50
J36;5;0;GrrG;27092.75
J36;5;0;GrrG;27093.00
J36;5;0;GrrG;27093.25
J36;5;0;GrrG;27093.50
J36;5;0;GrrG;27093.75
J36;5;0;GrrG;27094.00
J36;5;0;GrrG;27094.25
J36;5;0;GrrG;27094.50
J36;5;0;GrrG;27094.75
J36;5;0;GrrG;27095.00
J36;5;0;GrrG;27095.25
J36;5;0;GrrG;27095.50
J36;5;0;GrrG;27095.75
J36;5;0;GrrG;27096.00
J36;5;0;GrrG;27096.25
J36;5;0;GrrG;27096.50
J36;5;0;GrrG;27096.75
J36;5;0;GrrG;27097.00
J36;5;0;GrrG;27097.25
J36;5;0;GrrG;27097.50
J36;5;0;GrrG;27097.75
J36;5;0;GrrG;27098.00
J36;5;0;GrrG;27098.25
J36;5;0;GrrG;27098.50
J36;5;0;GrrG;27098.75
J36;5;0;GrrG;27099.00
J36;5;0;GrrG;27099.25
J36;5;0;GrrG;27099.50
J36;5;0;GrrG;27099.75
J36;5;0;GrrG;27100.00
J36;5;0;GrrG;27100.25
J36;5;0;GrrG;27100.50
J36;5;0;GrrG;27100.75
J36;5;0;GrrG;27101.00
J36;5;0;GrrG;27101.25
J36;5;0;GrrG;27101.50
J36;5;0;GrrG;27101.75
J36;5;0;GrrG;27102.00
J36;5;0;GrrG;27102.25
J36;5;0;GrrG;27102.50
J36;5;0;GrrG;27102.75
J36;5;0;GrrG;27103.00
J36;5;0;GrrG;27103.25
J36;5;0;GrrG;27103.50
J36;5;0;GrrG;27103.75
J36;5;0;GrrG;27104.00
J36;5;0;GrrG;27104.25
J36;5;0;GrrG;27104.50
J36;5;0;GrrG;27104.75
J36;5;0;GrrG;27105.00
J36;5;0;GrrG;27105.25
J36;5;0;GrrG;27105.50
J36;5;0;GrrG;27105.75
J36;5;0;GrrG;27106.00
J36;5;0;GrrG;27106.25
J36;5;0;GrrG;27106.50
J36;5;0;GrrG;27106.75
J36;5;0;GrrG;27107.00
J36;5;0;GrrG;27107.25
J36;5;0;GrrG;27107.50
J36;5;0;GrrG;27107.75
J36;5;0;GrrG;27108.00
J36;5;0;GrrG;27108.25
J36;5;0;GrrG;27108.50
J36;5;0;GrrG;27108.75
J36;5;0;GrrG;27109.00
J36;5;0;GrrG;27109.25
J36;5;0;GrrG;27109.50
J36;5;0;GrrG;27109.75
J36;5;0;GrrG;27110.00
J36;5;0;GrrG;27110.25
J36;5;0;GrrG;27110.50
J36;5;0;GrrG;27110.75
J36;5;0;GrrG;27111.00
J36;5;0;GrrG;27111.25
J36;5;0;GrrG;27111.50
J36;5;0;GrrG;27111.75
J36;5;0;GrrG;27112.00
J36;5;0;GrrG;27112.25
J36;5;0;GrrG;27112.50
J36;6;0;yrry;27112.75
J36;6;0;yrry;27113.00
J36;6;0;yrry;27113.25
J36;6;0;yrry;27113.50
J36;6;0;yrry;27113.75
J36;6;0;yrry;27114.00
J36;6;0;yrry;27114.25
J36;6;0;yrry;27114.50
J36;6;0;yrry;27114.75
J36;6;0;yrry;27115.00
J36;6;0;yrry;27115.25
J36;6;0;yrry;27115.50
J36;7;0;rrrr;27115.75
J36;7;0;rrrr;27116.00
J36;7;0;rrrr;27116.25
J36;7;0;rrrr;27116.50
J36;0;0;ruur;27116.75
J36;0;0;ruur;27117.00
J36;0;0;ruur;27117.25
J36;0;0;ruur;27117.50
J36;1;0;rGGr;27117.75
J36;1;0;rGGr;27118.00
J36;1;0;rGGr;27118.25
J36;1;0;rGGr;27118.50
J36;1;0;rGGr;27118.75
J36;1;0;rGGr;27119.00
J36;1;0;rGGr;27119.25
J36;1;0;rGGr;27119.50
J36;0;online;yyyyyyyyyyyyyyyyyyyyyyyyyyyyyyyyyyyyyyyyyyyyyyyyyyyyyyyyy;27119.75
J36;0;online;yyyyyyyyyyyyyyyyyyyyyyyyyyyyyyyyyyyyyyyyyyyyyyyyyyyyyyyyy;27120.00
J36;0;online;yyyyyyyyyyyyyyyyyyyyyyyyyyyyyyyyyyyyyyyyyyyyyyyyyyyyyyyyy;27120.25
J36;0;online;yyyyyyyyyyyyyyyyyyyyyyyyyyyyyyyyyyyyyyyyyyyyyyyyyyyyyyyyy;27120.50
J36;0;online;yyyyyyyyyyyyyyyyyyyyyyyyyyyyyyyyyyyyyyyyyyyyyyyyyyyyyyyyy;27120.75
J36;0;online;yyyyyyyyyyyyyyyyyyyyyyyyyyyyyyyyyyyyyyyyyyyyyyyyyyyyyyyyy;27121.00
J36;0;online;yyyyyyyyyyyyyyyyyyyyyyyyyyyyyyyyyyyyyyyyyyyyyyyyyyyyyyyyy;27121.25
J36;0;online;yyyyyyyyyyyyyyyyyyyyyyyyyyyyyyyyyyyyyyyyyyyyyyyyyyyyyyyyy;27121.50
J36;0;online;yyyyyyyyyyyyyyyyyyyyyyyyyyyyyyyyyyyyyyyyyyyyyyyyyyyyyyyyy;27121.75
J36;0;online;yyyyyyyyyyyyyyyyyyyyyyyyyyyyyyyyyyyyyyyyyyyyyyyyyyyyyyyyy;27122.00
J36;0;online;yyyyyyyyyyyyyyyyyyyyyyyyyyyyyyyyyyyyyyyyyyyyyyyyyyyyyyyyy;27122.25
J36;0;online;yyyyyyyyyyyyyyyyyyyyyyyyyyyyyyyyyyyyyyyyyyyyyyyyyyyyyyyyy;27122.50
J36;4;0;urru;27122.75
J36;4;0;urru;27123.00
J36;4;0;urru;27123.25
J36;4;0;urru;27123.50
J36;5;0;GrrG;27123.75
J36;5;0;GrrG;27124.00
J36;5;0;GrrG;27124.25
J36;5;0;GrrG;27124.50
J36;5;0;GrrG;27124.75
J36;5;0;GrrG;27125.00
J36;5;0;GrrG;27125.25
J36;5;0;GrrG;27125.50
J36;5;0;GrrG;27125.75
J36;5;0;GrrG;27126.00
J36;5;0;GrrG;27126.25
J36;5;0;GrrG;27126.50
J36;5;0;GrrG;27126.75
J36;5;0;GrrG;27127.00
J36;5;0;GrrG;27127.25
J36;5;0;GrrG;27127.50
J36;5;0;GrrG;27127.75
J36;5;0;GrrG;27128.00
J36;5;0;GrrG;27128.25
J36;5;0;GrrG;27128.50
J36;5;0;GrrG;27128.75
J36;5;0;GrrG;27129.00
J36;5;0;GrrG;27129.25
J36;5;0;GrrG;27129.50
J36;5;0;GrrG;27129.75
J36;5;0;GrrG;27130.00
J36;5;0;GrrG;27130.25
J36;5;0;GrrG;27130.50
J36;5;0;GrrG;27130.75
J36;5;0;GrrG;27131.00
J36;5;0;GrrG;27131.25
J36;5;0;GrrG;27131.50
J36;5;0;GrrG;27131.75
J36;5;0;GrrG;27132.00
J36;5;0;GrrG;27132.25
J36;5;0;GrrG;27132.50
J36;5;0;GrrG;27132.75
J36;5;0;GrrG;27133.00
J36;5;0;GrrG;27133.25
J36;5;0;GrrG;27133.50
J36;5;0;GrrG;27133.75
J36;5;0;GrrG;27134.00
J36;5;0;GrrG;27134.25
J36;5;0;GrrG;27134.50
J36;5;0;GrrG;27134.75
J36;5;0;GrrG;27135.00
J36;5;0;GrrG;27135.25
J36;5;0;GrrG;27135.50
J36;5;0;GrrG;27135.75
J36;5;0;GrrG;27136.00
J36;5;0;GrrG;27136.25
J36;5;0;GrrG;27136.50
J36;5;0;GrrG;27136.75
J36;5;0;GrrG;27137.00
J36;5;0;GrrG;27137.25
J36;5;0;GrrG;27137.50
J36;5;0;GrrG;27137.75
J36;5;0;GrrG;27138.00
J36;5;0;GrrG;27138.25
J36;5;0;GrrG;27138.50
J36;5;0;GrrG;27138.75
J36;5;0;GrrG;27139.00
J36;5;0;GrrG;27139.25
J36;5;0;GrrG;27139.50
J36;5;0;GrrG;27139.75
J36;5;0;GrrG;27140.00
J36;5;0;GrrG;27140.25
J36;5;0;GrrG;27140.50
J36;5;0;GrrG;27140.75
J36;5;0;GrrG;27141.00
J36;5;0;GrrG;27141.25
J36;5;0;GrrG;27141.50
J36;5;0;GrrG;27141.75
J36;5;0;GrrG;27142.00
J36;5;0;GrrG;27142.25
J36;5;0;GrrG;27142.50
J36;5;0;GrrG;27142.75
J36;5;0;GrrG;27143.00
J36;5;0;GrrG;27143.25
J36;5;0;GrrG;27143.50
J36;5;0;GrrG;27143.75
J36;5;0;GrrG;27144.00
J36;5;0;GrrG;27144.25
J36;5;0;GrrG;27144.50
J36;5;0;GrrG;27144.75
J36;5;0;GrrG;27145.00
J36;5;0;GrrG;27145.25
J36;5;0;GrrG;27145.50
J36;5;0;GrrG;27145.75
J36;5;0;GrrG;27146.00
J36;5;0;GrrG;27146.25
J36;5;0;GrrG;27146.50
J36;5;0;GrrG;27146.75
J36;5;0;GrrG;27147.00
J36;5;0;GrrG;27147.25
J36;5;0;GrrG;27147.50
J36;5;0;GrrG;27147.75
J36;5;0;GrrG;27148.00
J36;5;0;GrrG;27148.25
J36;5;0;GrrG;27148.50
J36;6;0;yrry;27148.75
J36;6;0;yrry;27149.00
J36;6;0;yrry;27149.25
J36;6;0;yrry;27149.50
J36;6;0;yrry;27149.75
J36;6;0;yrry;27150.00
J36;6;0;yrry;27150.25
J36;6;0;yrry;27150.50
J36;6;0;yrry;27150.75
J36;6;0;yrry;27151.00
J36;6;0;yrry;27151.25
J36;6;0;yrry;27151.50
J36;7;0;rrrr;27151.75
J36;7;0;rrrr;27152.00
J36;7;0;rrrr;27152.25
J36;7;0;rrrr;27152.50
J36;0;0;ruur;27152.75
J36;0;0;ruur;27153.00
J36;0;0;ruur;27153.25
J36;0;0;ruur;27153.50
J36;1;0;rGGr;27153.75
J36;1;0;rGGr;27154.00
J36;1;0;rGGr;27154.25
J36;1;0;rGGr;27154.50
J36;1;0;rGGr;27154.75
J36;1;0;rGGr;27155.00
J36;1;0;rGGr;27155.25
J36;1;0;rGGr;27155.50
J36;1;0;rGGr;27155.75
J36;1;0;rGGr;27156.00
J36;1;0;rGGr;27156.25
J36;1;0;rGGr;27156.50
J36;1;0;rGGr;27156.75
J36;1;0;rGGr;27157.00
J36;1;0;rGGr;27157.25
J36;1;0;rGGr;27157.50
J36;1;0;rGGr;27157.75
J36;1;0;rGGr;27158.00
J36;1;0;rGGr;27158.25
J36;1;0;rGGr;27158.50
J36;1;0;rGGr;27158.75
J36;1;0;rGGr;27159.00
J36;1;0;rGGr;27159.25
J36;1;0;rGGr;27159.50
J36;1;0;rGGr;27159.75
J36;1;0;rGGr;27160.00
J36;1;0;rGGr;27160.25
J36;1;0;rGGr;27160.50
J36;1;0;rGGr;27160.75
J36;1;0;rGGr;27161.00
J36;1;0;rGGr;27161.25
J36;0;online;yyyyyyyyyyyyyyyyyyyyyyyyyyyyyyyyyyyyyyyyyyyyyyyyyyyyyyyyy;27161.50
J36;0;online;yyyyyyyyyyyyyyyyyyyyyyyyyyyyyyyyyyyyyyyyyyyyyyyyyyyyyyyyy;27161.75
J36;0;online;yyyyyyyyyyyyyyyyyyyyyyyyyyyyyyyyyyyyyyyyyyyyyyyyyyyyyyyyy;27162.00
J36;0;online;yyyyyyyyyyyyyyyyyyyyyyyyyyyyyyyyyyyyyyyyyyyyyyyyyyyyyyyyy;27162.25
J36;0;online;yyyyyyyyyyyyyyyyyyyyyyyyyyyyyyyyyyyyyyyyyyyyyyyyyyyyyyyyy;27162.50
J36;0;online;yyyyyyyyyyyyyyyyyyyyyyyyyyyyyyyyyyyyyyyyyyyyyyyyyyyyyyyyy;27162.75
J36;0;online;yyyyyyyyyyyyyyyyyyyyyyyyyyyyyyyyyyyyyyyyyyyyyyyyyyyyyyyyy;27163.00
J36;0;online;yyyyyyyyyyyyyyyyyyyyyyyyyyyyyyyyyyyyyyyyyyyyyyyyyyyyyyyyy;27163.25
J36;0;online;yyyyyyyyyyyyyyyyyyyyyyyyyyyyyyyyyyyyyyyyyyyyyyyyyyyyyyyyy;27163.50
J36;0;online;yyyyyyyyyyyyyyyyyyyyyyyyyyyyyyyyyyyyyyyyyyyyyyyyyyyyyyyyy;27163.75
J36;0;online;yyyyyyyyyyyyyyyyyyyyyyyyyyyyyyyyyyyyyyyyyyyyyyyyyyyyyyyyy;27164.00
J36;0;online;yyyyyyyyyyyyyyyyyyyyyyyyyyyyyyyyyyyyyyyyyyyyyyyyyyyyyyyyy;27164.25
J36;4;0;urru;27164.50
J36;4;0;urru;27164.75
J36;4;0;urru;27165.00
J36;4;0;urru;27165.25
J36;5;0;GrrG;27165.50
J36;5;0;GrrG;27165.75
J36;5;0;GrrG;27166.00
J36;5;0;GrrG;27166.25
J36;5;0;GrrG;27166.50
J36;5;0;GrrG;27166.75
J36;5;0;GrrG;27167.00
J36;5;0;GrrG;27167.25
J36;5;0;GrrG;27167.50
J36;5;0;GrrG;27167.75
J36;5;0;GrrG;27168.00
J36;5;0;GrrG;27168.25
J36;5;0;GrrG;27168.50
J36;5;0;GrrG;27168.75
J36;5;0;GrrG;27169.00
J36;5;0;GrrG;27169.25
J36;5;0;GrrG;27169.50
J36;5;0;GrrG;27169.75
J36;5;0;GrrG;27170.00
J36;5;0;GrrG;27170.25
J36;5;0;GrrG;27170.50
J36;5;0;GrrG;27170.75
J36;5;0;GrrG;27171.00
J36;5;0;GrrG;27171.25
J36;5;0;GrrG;27171.50
J36;5;0;GrrG;27171.75
J36;5;0;GrrG;27172.00
J36;5;0;GrrG;27172.25
J36;5;0;GrrG;27172.50
J36;5;0;GrrG;27172.75
J36;5;0;GrrG;27173.00
J36;5;0;GrrG;27173.25
J36;5;0;GrrG;27173.50
J36;5;0;GrrG;27173.75
J36;5;0;GrrG;27174.00
J36;5;0;GrrG;27174.25
J36;5;0;GrrG;27174.50
J36;5;0;GrrG;27174.75
J36;5;0;GrrG;27175.00
J36;5;0;GrrG;27175.25
J36;5;0;GrrG;27175.50
J36;5;0;GrrG;27175.75
J36;5;0;GrrG;27176.00
J36;5;0;GrrG;27176.25
J36;5;0;GrrG;27176.50
J36;5;0;GrrG;27176.75
J36;5;0;GrrG;27177.00
J36;5;0;GrrG;27177.25
J36;5;0;GrrG;27177.50
J36;5;0;GrrG;27177.75
J36;5;0;GrrG;27178.00
J36;5;0;GrrG;27178.25
J36;5;0;GrrG;27178.50
J36;5;0;GrrG;27178.75
J36;5;0;GrrG;27179.00
J36;5;0;GrrG;27179.25
J36;5;0;GrrG;27179.50
J36;5;0;GrrG;27179.75
J36;5;0;GrrG;27180.00
J36;5;0;GrrG;27180.25
J36;5;0;GrrG;27180.50
J36;5;0;GrrG;27180.75
J36;5;0;GrrG;27181.00
J36;5;0;GrrG;27181.25
J36;5;0;GrrG;27181.50
J36;5;0;GrrG;27181.75
J36;5;0;GrrG;27182.00
J36;5;0;GrrG;27182.25
J36;5;0;GrrG;27182.50
J36;5;0;GrrG;27182.75
J36;5;0;GrrG;27183.00
J36;5;0;GrrG;27183.25
J36;5;0;GrrG;27183.50
J36;5;0;GrrG;27183.75
J36;5;0;GrrG;27184.00
J36;5;0;GrrG;27184.25
J36;5;0;GrrG;27184.50
J36;5;0;GrrG;27184.75
J36;5;0;GrrG;27185.00
J36;5;0;GrrG;27185.25
J36;5;0;GrrG;27185.50
J36;5;0;GrrG;27185.75
J36;5;0;GrrG;27186.00
J36;5;0;GrrG;27186.25
J36;5;0;GrrG;27186.50
J36;5;0;GrrG;27186.75
J36;5;0;GrrG;27187.00
J36;5;0;GrrG;27187.25
J36;5;0;GrrG;27187.50
J36;5;0;GrrG;27187.75
J36;5;0;GrrG;27188.00
J36;5;0;GrrG;27188.25
J36;5;0;GrrG;27188.50
J36;5;0;GrrG;27188.75
J36;5;0;GrrG;27189.00
J36;5;0;GrrG;27189.25
J36;5;0;GrrG;27189.50
J36;5;0;GrrG;27189.75
J36;5;0;GrrG;27190.00
J36;5;0;GrrG;27190.25
J36;6;0;yrry;27190.50
J36;6;0;yrry;27190.75
J36;6;0;yrry;27191.00
J36;6;0;yrry;27191.25
J36;6;0;yrry;27191.50
J36;6;0;yrry;27191.75
J36;6;0;yrry;27192.00
J36;6;0;yrry;27192.25
J36;6;0;yrry;27192.50
J36;6;0;yrry;27192.75
J36;6;0;yrry;27193.00
J36;6;0;yrry;27193.25
J36;7;0;rrrr;27193.50
J36;7;0;rrrr;27193.75
J36;7;0;rrrr;27194.00
J36;7;0;rrrr;27194.25
J36;0;0;ruur;27194.50
J36;0;0;ruur;27194.75
J36;0;0;ruur;27195.00
J36;0;0;ruur;27195.25
J36;1;0;rGGr;27195.50
J36;1;0;rGGr;27195.75
J36;1;0;rGGr;27196.00
J36;1;0;rGGr;27196.25
J36;1;0;rGGr;27196.50
J36;1;0;rGGr;27196.75
J36;1;0;rGGr;27197.00
J36;1;0;rGGr;27197.25
J36;1;0;rGGr;27197.50
J36;1;0;rGGr;27197.75
J36;1;0;rGGr;27198.00
J36;1;0;rGGr;27198.25
J36;1;0;rGGr;27198.50
J36;1;0;rGGr;27198.75
J36;1;0;rGGr;27199.00
J36;1;0;rGGr;27199.25
J36;1;0;rGGr;27199.50
J36;1;0;rGGr;27199.75
J36;1;0;rGGr;27200.00
J36;1;0;rGGr;27200.25
J36;1;0;rGGr;27200.50
J36;1;0;rGGr;27200.75
J36;1;0;rGGr;27201.00
J36;1;0;rGGr;27201.25
J36;1;0;rGGr;27201.50
J36;1;0;rGGr;27201.75
J36;1;0;rGGr;27202.00
J36;1;0;rGGr;27202.25
J36;1;0;rGGr;27202.50
J36;1;0;rGGr;27202.75
J36;1;0;rGGr;27203.00
J36;1;0;rGGr;27203.25
J36;1;0;rGGr;27203.50
J36;1;0;rGGr;27203.75
J36;1;0;rGGr;27204.00
J36;1;0;rGGr;27204.25
J36;1;0;rGGr;27204.50
J36;1;0;rGGr;27204.75
J36;1;0;rGGr;27205.00
J36;1;0;rGGr;27205.25
J36;1;0;rGGr;27205.50
J36;1;0;rGGr;27205.75
J36;1;0;rGGr;27206.00
J36;1;0;rGGr;27206.25
J36;1;0;rGGr;27206.50
J36;1;0;rGGr;27206.75
J36;1;0;rGGr;27207.00
J36;1;0;rGGr;27207.25
J36;1;0;rGGr;27207.50
J36;1;0;rGGr;27207.75
J36;1;0;rGGr;27208.00
J36;1;0;rGGr;27208.25
J36;1;0;rGGr;27208.50
J36;1;0;rGGr;27208.75
J36;1;0;rGGr;27209.00
J36;1;0;rGGr;27209.25
J36;1;0;rGGr;27209.50
J36;1;0;rGGr;27209.75
J36;1;0;rGGr;27210.00
J36;1;0;rGGr;27210.25
J36;1;0;rGGr;27210.50
J36;1;0;rGGr;27210.75
J36;1;0;rGGr;27211.00
J36;1;0;rGGr;27211.25
J36;1;0;rGGr;27211.50
J36;1;0;rGGr;27211.75
J36;1;0;rGGr;27212.00
J36;1;0;rGGr;27212.25
J36;1;0;rGGr;27212.50
J36;1;0;rGGr;27212.75
J36;1;0;rGGr;27213.00
J36;1;0;rGGr;27213.25
J36;1;0;rGGr;27213.50
J36;1;0;rGGr;27213.75
J36;1;0;rGGr;27214.00
J36;1;0;rGGr;27214.25
J36;1;0;rGGr;27214.50
J36;1;0;rGGr;27214.75
J36;1;0;rGGr;27215.00
J36;1;0;rGGr;27215.25
J36;1;0;rGGr;27215.50
J36;1;0;rGGr;27215.75
J36;1;0;rGGr;27216.00
J36;1;0;rGGr;27216.25
J36;1;0;rGGr;27216.50
J36;1;0;rGGr;27216.75
J36;1;0;rGGr;27217.00
J36;1;0;rGGr;27217.25
J36;1;0;rGGr;27217.50
J36;1;0;rGGr;27217.75
J36;1;0;rGGr;27218.00
J36;1;0;rGGr;27218.25
J36;1;0;rGGr;27218.50
J36;1;0;rGGr;27218.75
J36;1;0;rGGr;27219.00
J36;1;0;rGGr;27219.25
J36;1;0;rGGr;27219.50
J36;1;0;rGGr;27219.75
J36;1;0;rGGr;27220.00
J36;1;0;rGGr;27220.25
J36;1;0;rGGr;27220.50
J36;1;0;rGGr;27220.75
J36;1;0;rGGr;27221.00
J36;1;0;rGGr;27221.25
J36;1;0;rGGr;27221.50
J36;1;0;rGGr;27221.75
J36;1;0;rGGr;27222.00
J36;1;0;rGGr;27222.25
J36;1;0;rGGr;27222.50
J36;1;0;rGGr;27222.75
J36;1;0;rGGr;27223.00
J36;1;0;rGGr;27223.25
J36;1;0;rGGr;27223.50
J36;1;0;rGGr;27223.75
J36;1;0;rGGr;27224.00
J36;1;0;rGGr;27224.25
J36;1;0;rGGr;27224.50
J36;1;0;rGGr;27224.75
J36;1;0;rGGr;27225.00
J36;1;0;rGGr;27225.25
J36;1;0;rGGr;27225.50
J36;1;0;rGGr;27225.75
J36;1;0;rGGr;27226.00
J36;1;0;rGGr;27226.25
J36;1;0;rGGr;27226.50
J36;1;0;rGGr;27226.75
J36;1;0;rGGr;27227.00
J36;1;0;rGGr;27227.25
J36;1;0;rGGr;27227.50
J36;1;0;rGGr;27227.75
J36;1;0;rGGr;27228.00
J36;1;0;rGGr;27228.25
J36;1;0;rGGr;27228.50
J36;1;0;rGGr;27228.75
J36;1;0;rGGr;27229.00
J36;1;0;rGGr;27229.25
J36;1;0;rGGr;27229.50
J36;1;0;rGGr;27229.75
J36;1;0;rGGr;27230.00
J36;1;0;rGGr;27230.25
J36;1;0;rGGr;27230.50
J36;1;0;rGGr;27230.75
J36;1;0;rGGr;27231.00
J36;1;0;rGGr;27231.25
J36;1;0;rGGr;27231.50
J36;1;0;rGGr;27231.75
J36;1;0;rGGr;27232.00
J36;1;0;rGGr;27232.25
J36;1;0;rGGr;27232.50
J36;1;0;rGGr;27232.75
J36;1;0;rGGr;27233.00
J36;1;0;rGGr;27233.25
J36;1;0;rGGr;27233.50
J36;1;0;rGGr;27233.75
J36;1;0;rGGr;27234.00
J36;1;0;rGGr;27234.25
J36;1;0;rGGr;27234.50
J36;1;0;rGGr;27234.75
J36;1;0;rGGr;27235.00
J36;1;0;rGGr;27235.25
J36;1;0;rGGr;27235.50
J36;1;0;rGGr;27235.75
J36;1;0;rGGr;27236.00
J36;1;0;rGGr;27236.25
J36;1;0;rGGr;27236.50
J36;1;0;rGGr;27236.75
J36;1;0;rGGr;27237.00
J36;1;0;rGGr;27237.25
J36;1;0;rGGr;27237.50
J36;1;0;rGGr;27237.75
J36;1;0;rGGr;27238.00
J36;1;0;rGGr;27238.25
J36;1;0;rGGr;27238.50
J36;1;0;rGGr;27238.75
J36;1;0;rGGr;27239.00
J36;1;0;rGGr;27239.25
J36;1;0;rGGr;27239.50
J36;1;0;rGGr;27239.75
J36;1;0;rGGr;27240.00
J36;1;0;rGGr;27240.25
J36;1;0;rGGr;27240.50
J36;1;0;rGGr;27240.75
J36;1;0;rGGr;27241.00
J36;1;0;rGGr;27241.25
J36;1;0;rGGr;27241.50
J36;1;0;rGGr;27241.75
J36;1;0;rGGr;27242.00
J36;1;0;rGGr;27242.25
J36;1;0;rGGr;27242.50
J36;1;0;rGGr;27242.75
J36;1;0;rGGr;27243.00
J36;1;0;rGGr;27243.25
J36;1;0;rGGr;27243.50
J36;1;0;rGGr;27243.75
J36;1;0;rGGr;27244.00
J36;1;0;rGGr;27244.25
J36;1;0;rGGr;27244.50
J36;1;0;rGGr;27244.75
J36;1;0;rGGr;27245.00
J36;1;0;rGGr;27245.25
J36;1;0;rGGr;27245.50
J36;1;0;rGGr;27245.75
J36;1;0;rGGr;27246.00
J36;1;0;rGGr;27246.25
J36;1;0;rGGr;27246.50
J36;1;0;rGGr;27246.75
J36;1;0;rGGr;27247.00
J36;1;0;rGGr;27247.25
J36;1;0;rGGr;27247.50
J36;1;0;rGGr;27247.75
J36;1;0;rGGr;27248.00
J36;1;0;rGGr;27248.25
J36;1;0;rGGr;27248.50
J36;1;0;rGGr;27248.75
J36;1;0;rGGr;27249.00
J36;1;0;rGGr;27249.25
J36;1;0;rGGr;27249.50
J36;1;0;rGGr;27249.75
J36;1;0;rGGr;27250.00
J36;1;0;rGGr;27250.25
J36;1;0;rGGr;27250.50
J36;1;0;rGGr;27250.75
J36;1;0;rGGr;27251.00
J36;1;0;rGGr;27251.25
J36;1;0;rGGr;27251.50
J36;1;0;rGGr;27251.75
J36;1;0;rGGr;27252.00
J36;1;0;rGGr;27252.25
J36;1;0;rGGr;27252.50
J36;1;0;rGGr;27252.75
J36;1;0;rGGr;27253.00
J36;1;0;rGGr;27253.25
J36;1;0;rGGr;27253.50
J36;1;0;rGGr;27253.75
J36;1;0;rGGr;27254.00
J36;1;0;rGGr;27254.25
J36;1;0;rGGr;27254.50
J36;1;0;rGGr;27254.75
J36;1;0;rGGr;27255.00
J36;1;0;rGGr;27255.25
J36;1;0;rGGr;27255.50
J36;1;0;rGGr;27255.75
J36;1;0;rGGr;27256.00
J36;1;0;rGGr;27256.25
J36;1;0;rGGr;27256.50
J36;1;0;rGGr;27256.75
J36;1;0;rGGr;27257.00
J36;1;0;rGGr;27257.25
J36;1;0;rGGr;27257.50
J36;1;0;rGGr;27257.75
J36;1;0;rGGr;27258.00
J36;1;0;rGGr;27258.25
J36;1;0;rGGr;27258.50
J36;1;0;rGGr;27258.75
J36;1;0;rGGr;27259.00
J36;1;0;rGGr;27259.25
J36;1;0;rGGr;27259.50
J36;1;0;rGGr;27259.75
J36;1;0;rGGr;27260.00
J36;1;0;rGGr;27260.25
J36;1;0;rGGr;27260.50
J36;1;0;rGGr;27260.75
J36;1;0;rGGr;27261.00
J36;1;0;rGGr;27261.25
J36;1;0;rGGr;27261.50
J36;1;0;rGGr;27261.75
J36;1;0;rGGr;27262.00
J36;1;0;rGGr;27262.25
J36;1;0;rGGr;27262.50
J36;1;0;rGGr;27262.75
J36;1;0;rGGr;27263.00
J36;1;0;rGGr;27263.25
J36;1;0;rGGr;27263.50
J36;1;0;rGGr;27263.75
J36;1;0;rGGr;27264.00
J36;1;0;rGGr;27264.25
J36;1;0;rGGr;27264.50
J36;1;0;rGGr;27264.75
J36;1;0;rGGr;27265.00
J36;1;0;rGGr;27265.25
J36;1;0;rGGr;27265.50
J36;1;0;rGGr;27265.75
J36;1;0;rGGr;27266.00
J36;1;0;rGGr;27266.25
J36;1;0;rGGr;27266.50
J36;1;0;rGGr;27266.75
J36;1;0;rGGr;27267.00
J36;1;0;rGGr;27267.25
J36;1;0;rGGr;27267.50
J36;1;0;rGGr;27267.75
J36;1;0;rGGr;27268.00
J36;1;0;rGGr;27268.25
J36;1;0;rGGr;27268.50
J36;1;0;rGGr;27268.75
J36;1;0;rGGr;27269.00
J36;1;0;rGGr;27269.25
J36;1;0;rGGr;27269.50
J36;1;0;rGGr;27269.75
J36;1;0;rGGr;27270.00
J36;1;0;rGGr;27270.25
J36;1;0;rGGr;27270.50
J36;1;0;rGGr;27270.75
J36;1;0;rGGr;27271.00
J36;1;0;rGGr;27271.25
J36;1;0;rGGr;27271.50
J36;1;0;rGGr;27271.75
J36;1;0;rGGr;27272.00
J36;1;0;rGGr;27272.25
J36;1;0;rGGr;27272.50
J36;1;0;rGGr;27272.75
J36;1;0;rGGr;27273.00
J36;1;0;rGGr;27273.25
J36;1;0;rGGr;27273.50
J36;1;0;rGGr;27273.75
J36;1;0;rGGr;27274.00
J36;1;0;rGGr;27274.25
J36;1;0;rGGr;27274.50
J36;1;0;rGGr;27274.75
J36;1;0;rGGr;27275.00
J36;1;0;rGGr;27275.25
J36;1;0;rGGr;27275.50
J36;1;0;rGGr;27275.75
J36;1;0;rGGr;27276.00
J36;1;0;rGGr;27276.25
J36;1;0;rGGr;27276.50
J36;1;0;rGGr;27276.75
J36;1;0;rGGr;27277.00
J36;1;0;rGGr;27277.25
J36;1;0;rGGr;27277.50
J36;1;0;rGGr;27277.75
J36;1;0;rGGr;27278.00
J36;1;0;rGGr;27278.25
J36;1;0;rGGr;27278.50
J36;1;0;rGGr;27278.75
J36;1;0;rGGr;27279.00
J36;1;0;rGGr;27279.25
J36;1;0;rGGr;27279.50
J36;1;0;rGGr;27279.75
J36;1;0;rGGr;27280.00
J36;1;0;rGGr;27280.25
J36;1;0;rGGr;27280.50
J36;1;0;rGGr;27280.75
J36;1;0;rGGr;27281.00
J36;1;0;rGGr;27281.25
J36;1;0;rGGr;27281.50
J36;1;0;rGGr;27281.75
J36;1;0;rGGr;27282.00
J36;1;0;rGGr;27282.25
J36;1;0;rGGr;27282.50
J36;1;0;rGGr;27282.75
J36;1;0;rGGr;27283.00
J36;1;0;rGGr;27283.25
J36;1;0;rGGr;27283.50
J36;1;0;rGGr;27283.75
J36;1;0;rGGr;27284.00
J36;1;0;rGGr;27284.25
J36;1;0;rGGr;27284.50
J36;1;0;rGGr;27284.75
J36;1;0;rGGr;27285.00
J36;1;0;rGGr;27285.25
J36;1;0;rGGr;27285.50
J36;1;0;rGGr;27285.75
J36;1;0;rGGr;27286.00
J36;1;0;rGGr;27286.25
J36;1;0;rGGr;27286.50
J36;1;0;rGGr;27286.75
J36;1;0;rGGr;27287.00
J36;1;0;rGGr;27287.25
J36;1;0;rGGr;27287.50
J36;1;0;rGGr;27287.75
J36;1;0;rGGr;27288.00
J36;1;0;rGGr;27288.25
J36;1;0;rGGr;27288.50
J36;1;0;rGGr;27288.75
J36;1;0;rGGr;27289.00
J36;1;0;rGGr;27289.25
J36;1;0;rGGr;27289.50
J36;1;0;rGGr;27289.75
J36;1;0;rGGr;27290.00
J36;1;0;rGGr;27290.25
J36;1;0;rGGr;27290.50
J36;1;0;rGGr;27290.75
J36;1;0;rGGr;27291.00
J36;1;0;rGGr;27291.25
J36;1;0;rGGr;27291.50
J36;1;0;rGGr;27291.75
J36;1;0;rGGr;27292.00
J36;1;0;rGGr;27292.25
J36;1;0;rGGr;27292.50
J36;1;0;rGGr;27292.75
J36;1;0;rGGr;27293.00
J36;1;0;rGGr;27293.25
J36;1;0;rGGr;27293.50
J36;1;0;rGGr;27293.75
J36;1;0;rGGr;27294.00
J36;1;0;rGGr;27294.25
J36;1;0;rGGr;27294.50
J36;1;0;rGGr;27294.75
J36;1;0;rGGr;27295.00
J36;1;0;rGGr;27295.25
J36;1;0;rGGr;27295.50
J36;1;0;rGGr;27295.75
J36;1;0;rGGr;27296.00
J36;1;0;rGGr;27296.25
J36;1;0;rGGr;27296.50
J36;1;0;rGGr;27296.75
J36;1;0;rGGr;27297.00
J36;1;0;rGGr;27297.25
J36;1;0;rGGr;27297.50
J36;1;0;rGGr;27297.75
J36;1;0;rGGr;27298.00
J36;1;0;rGGr;27298.25
J36;0;online;yyyyyyyyyyyyyyyyyyyyyyyyyyyyyyyyyyyyyyyyyyyyyyyyyyyyyyyyy;27298.50
J36;0;online;yyyyyyyyyyyyyyyyyyyyyyyyyyyyyyyyyyyyyyyyyyyyyyyyyyyyyyyyy;27298.75
J36;0;online;yyyyyyyyyyyyyyyyyyyyyyyyyyyyyyyyyyyyyyyyyyyyyyyyyyyyyyyyy;27299.00
J36;0;online;yyyyyyyyyyyyyyyyyyyyyyyyyyyyyyyyyyyyyyyyyyyyyyyyyyyyyyyyy;27299.25
J36;0;online;yyyyyyyyyyyyyyyyyyyyyyyyyyyyyyyyyyyyyyyyyyyyyyyyyyyyyyyyy;27299.50
J36;0;online;yyyyyyyyyyyyyyyyyyyyyyyyyyyyyyyyyyyyyyyyyyyyyyyyyyyyyyyyy;27299.75
J36;0;online;yyyyyyyyyyyyyyyyyyyyyyyyyyyyyyyyyyyyyyyyyyyyyyyyyyyyyyyyy;27300.00
J36;0;online;yyyyyyyyyyyyyyyyyyyyyyyyyyyyyyyyyyyyyyyyyyyyyyyyyyyyyyyyy;27300.25
J36;0;online;yyyyyyyyyyyyyyyyyyyyyyyyyyyyyyyyyyyyyyyyyyyyyyyyyyyyyyyyy;27300.50
J36;0;online;yyyyyyyyyyyyyyyyyyyyyyyyyyyyyyyyyyyyyyyyyyyyyyyyyyyyyyyyy;27300.75
J36;0;online;yyyyyyyyyyyyyyyyyyyyyyyyyyyyyyyyyyyyyyyyyyyyyyyyyyyyyyyyy;27301.00
J36;0;online;yyyyyyyyyyyyyyyyyyyyyyyyyyyyyyyyyyyyyyyyyyyyyyyyyyyyyyyyy;27301.25
J36;4;0;urru;27301.50
J36;4;0;urru;27301.75
J36;4;0;urru;27302.00
J36;4;0;urru;27302.25
J36;5;0;GrrG;27302.50
J36;5;0;GrrG;27302.75
J36;5;0;GrrG;27303.00
J36;5;0;GrrG;27303.25
J36;5;0;GrrG;27303.50
J36;5;0;GrrG;27303.75
J36;5;0;GrrG;27304.00
J36;5;0;GrrG;27304.25
J36;5;0;GrrG;27304.50
J36;5;0;GrrG;27304.75
J36;5;0;GrrG;27305.00
J36;5;0;GrrG;27305.25
J36;5;0;GrrG;27305.50
J36;5;0;GrrG;27305.75
J36;5;0;GrrG;27306.00
J36;5;0;GrrG;27306.25
J36;5;0;GrrG;27306.50
J36;5;0;GrrG;27306.75
J36;5;0;GrrG;27307.00
J36;5;0;GrrG;27307.25
J36;5;0;GrrG;27307.50
J36;5;0;GrrG;27307.75
J36;5;0;GrrG;27308.00
J36;5;0;GrrG;27308.25
J36;5;0;GrrG;27308.50
J36;5;0;GrrG;27308.75
J36;5;0;GrrG;27309.00
J36;5;0;GrrG;27309.25
J36;5;0;GrrG;27309.50
J36;5;0;GrrG;27309.75
J36;5;0;GrrG;27310.00
J36;5;0;GrrG;27310.25
J36;5;0;GrrG;27310.50
J36;5;0;GrrG;27310.75
J36;5;0;GrrG;27311.00
J36;5;0;GrrG;27311.25
J36;5;0;GrrG;27311.50
J36;5;0;GrrG;27311.75
J36;5;0;GrrG;27312.00
J36;5;0;GrrG;27312.25
J36;5;0;GrrG;27312.50
J36;5;0;GrrG;27312.75
J36;5;0;GrrG;27313.00
J36;5;0;GrrG;27313.25
J36;5;0;GrrG;27313.50
J36;5;0;GrrG;27313.75
J36;5;0;GrrG;27314.00
J36;5;0;GrrG;27314.25
J36;5;0;GrrG;27314.50
J36;5;0;GrrG;27314.75
J36;5;0;GrrG;27315.00
J36;5;0;GrrG;27315.25
J36;5;0;GrrG;27315.50
J36;5;0;GrrG;27315.75
J36;5;0;GrrG;27316.00
J36;5;0;GrrG;27316.25
J36;5;0;GrrG;27316.50
J36;5;0;GrrG;27316.75
J36;5;0;GrrG;27317.00
J36;5;0;GrrG;27317.25
J36;5;0;GrrG;27317.50
J36;5;0;GrrG;27317.75
J36;5;0;GrrG;27318.00
J36;5;0;GrrG;27318.25
J36;5;0;GrrG;27318.50
J36;5;0;GrrG;27318.75
J36;5;0;GrrG;27319.00
J36;5;0;GrrG;27319.25
J36;5;0;GrrG;27319.50
J36;5;0;GrrG;27319.75
J36;5;0;GrrG;27320.00
J36;5;0;GrrG;27320.25
J36;5;0;GrrG;27320.50
J36;5;0;GrrG;27320.75
J36;5;0;GrrG;27321.00
J36;5;0;GrrG;27321.25
J36;5;0;GrrG;27321.50
J36;5;0;GrrG;27321.75
J36;5;0;GrrG;27322.00
J36;5;0;GrrG;27322.25
J36;5;0;GrrG;27322.50
J36;5;0;GrrG;27322.75
J36;5;0;GrrG;27323.00
J36;5;0;GrrG;27323.25
J36;5;0;GrrG;27323.50
J36;5;0;GrrG;27323.75
J36;5;0;GrrG;27324.00
J36;5;0;GrrG;27324.25
J36;5;0;GrrG;27324.50
J36;5;0;GrrG;27324.75
J36;5;0;GrrG;27325.00
J36;5;0;GrrG;27325.25
J36;5;0;GrrG;27325.50
J36;5;0;GrrG;27325.75
J36;5;0;GrrG;27326.00
J36;5;0;GrrG;27326.25
J36;5;0;GrrG;27326.50
J36;5;0;GrrG;27326.75
J36;5;0;GrrG;27327.00
J36;5;0;GrrG;27327.25
J36;6;0;yrry;27327.50
J36;6;0;yrry;27327.75
J36;6;0;yrry;27328.00
J36;6;0;yrry;27328.25
J36;6;0;yrry;27328.50
J36;6;0;yrry;27328.75
J36;6;0;yrry;27329.00
J36;6;0;yrry;27329.25
J36;6;0;yrry;27329.50
J36;6;0;yrry;27329.75
J36;6;0;yrry;27330.00
J36;6;0;yrry;27330.25
J36;7;0;rrrr;27330.50
J36;7;0;rrrr;27330.75
J36;7;0;rrrr;27331.00
J36;7;0;rrrr;27331.25
J36;0;0;ruur;27331.50
J36;0;0;ruur;27331.75
J36;0;0;ruur;27332.00
J36;0;0;ruur;27332.25
J36;1;0;rGGr;27332.50
J36;1;0;rGGr;27332.75
J36;1;0;rGGr;27333.00
J36;1;0;rGGr;27333.25
J36;1;0;rGGr;27333.50
J36;1;0;rGGr;27333.75
J36;1;0;rGGr;27334.00
J36;1;0;rGGr;27334.25
J36;1;0;rGGr;27334.50
J36;1;0;rGGr;27334.75
J36;1;0;rGGr;27335.00
J36;1;0;rGGr;27335.25
J36;1;0;rGGr;27335.50
J36;1;0;rGGr;27335.75
J36;1;0;rGGr;27336.00
J36;1;0;rGGr;27336.25
J36;1;0;rGGr;27336.50
J36;1;0;rGGr;27336.75
J36;1;0;rGGr;27337.00
J36;1;0;rGGr;27337.25
J36;1;0;rGGr;27337.50
J36;1;0;rGGr;27337.75
J36;1;0;rGGr;27338.00
J36;1;0;rGGr;27338.25
J36;1;0;rGGr;27338.50
J36;1;0;rGGr;27338.75
J36;1;0;rGGr;27339.00
J36;1;0;rGGr;27339.25
J36;1;0;rGGr;27339.50
J36;1;0;rGGr;27339.75
J36;1;0;rGGr;27340.00
J36;1;0;rGGr;27340.25
J36;1;0;rGGr;27340.50
J36;1;0;rGGr;27340.75
J36;1;0;rGGr;27341.00
J36;1;0;rGGr;27341.25
J36;1;0;rGGr;27341.50
J36;1;0;rGGr;27341.75
J36;1;0;rGGr;27342.00
J36;1;0;rGGr;27342.25
J36;1;0;rGGr;27342.50
J36;1;0;rGGr;27342.75
J36;1;0;rGGr;27343.00
J36;1;0;rGGr;27343.25
J36;1;0;rGGr;27343.50
J36;1;0;rGGr;27343.75
J36;1;0;rGGr;27344.00
J36;1;0;rGGr;27344.25
J36;1;0;rGGr;27344.50
J36;1;0;rGGr;27344.75
J36;1;0;rGGr;27345.00
J36;1;0;rGGr;27345.25
J36;1;0;rGGr;27345.50
J36;1;0;rGGr;27345.75
J36;1;0;rGGr;27346.00
J36;1;0;rGGr;27346.25
J36;1;0;rGGr;27346.50
J36;1;0;rGGr;27346.75
J36;1;0;rGGr;27347.00
J36;1;0;rGGr;27347.25
J36;1;0;rGGr;27347.50
J36;1;0;rGGr;27347.75
J36;1;0;rGGr;27348.00
J36;1;0;rGGr;27348.25
J36;1;0;rGGr;27348.50
J36;1;0;rGGr;27348.75
J36;1;0;rGGr;27349.00
J36;1;0;rGGr;27349.25
J36;1;0;rGGr;27349.50
J36;1;0;rGGr;27349.75
J36;1;0;rGGr;27350.00
J36;1;0;rGGr;27350.25
J36;1;0;rGGr;27350.50
J36;1;0;rGGr;27350.75
J36;1;0;rGGr;27351.00
J36;1;0;rGGr;27351.25
J36;1;0;rGGr;27351.50
J36;1;0;rGGr;27351.75
J36;1;0;rGGr;27352.00
J36;1;0;rGGr;27352.25
J36;1;0;rGGr;27352.50
J36;1;0;rGGr;27352.75
J36;1;0;rGGr;27353.00
J36;1;0;rGGr;27353.25
J36;1;0;rGGr;27353.50
J36;1;0;rGGr;27353.75
J36;1;0;rGGr;27354.00
J36;1;0;rGGr;27354.25
J36;1;0;rGGr;27354.50
J36;1;0;rGGr;27354.75
J36;1;0;rGGr;27355.00
J36;1;0;rGGr;27355.25
J36;1;0;rGGr;27355.50
J36;1;0;rGGr;27355.75
J36;1;0;rGGr;27356.00
J36;1;0;rGGr;27356.25
J36;1;0;rGGr;27356.50
J36;1;0;rGGr;27356.75
J36;1;0;rGGr;27357.00
J36;1;0;rGGr;27357.25
J36;1;0;rGGr;27357.50
J36;1;0;rGGr;27357.75
J36;1;0;rGGr;27358.00
J36;1;0;rGGr;27358.25
J36;1;0;rGGr;27358.50
J36;1;0;rGGr;27358.75
J36;1;0;rGGr;27359.00
J36;1;0;rGGr;27359.25
J36;1;0;rGGr;27359.50
J36;1;0;rGGr;27359.75
J36;1;0;rGGr;27360.00
J36;1;0;rGGr;27360.25
J36;1;0;rGGr;27360.50
J36;1;0;rGGr;27360.75
J36;1;0;rGGr;27361.00
J36;1;0;rGGr;27361.25
J36;1;0;rGGr;27361.50
J36;1;0;rGGr;27361.75
J36;1;0;rGGr;27362.00
J36;1;0;rGGr;27362.25
J36;1;0;rGGr;27362.50
J36;1;0;rGGr;27362.75
J36;1;0;rGGr;27363.00
J36;1;0;rGGr;27363.25
J36;1;0;rGGr;27363.50
J36;1;0;rGGr;27363.75
J36;1;0;rGGr;27364.00
J36;1;0;rGGr;27364.25
J36;1;0;rGGr;27364.50
J36;1;0;rGGr;27364.75
J36;1;0;rGGr;27365.00
J36;1;0;rGGr;27365.25
J36;1;0;rGGr;27365.50
J36;1;0;rGGr;27365.75
J36;1;0;rGGr;27366.00
J36;1;0;rGGr;27366.25
J36;1;0;rGGr;27366.50
J36;1;0;rGGr;27366.75
J36;1;0;rGGr;27367.00
J36;1;0;rGGr;27367.25
J36;2;0;ryyr;27367.50
J36;2;0;ryyr;27367.75
J36;2;0;ryyr;27368.00
J36;2;0;ryyr;27368.25
J36;2;0;ryyr;27368.50
J36;2;0;ryyr;27368.75
J36;2;0;ryyr;27369.00
J36;2;0;ryyr;27369.25
J36;2;0;ryyr;27369.50
J36;2;0;ryyr;27369.75
J36;2;0;ryyr;27370.00
J36;2;0;ryyr;27370.25
J36;3;0;rrrr;27370.50
J36;3;0;rrrr;27370.75
J36;3;0;rrrr;27371.00
J36;3;0;rrrr;27371.25
J36;4;0;urru;27371.50
J36;4;0;urru;27371.75
J36;4;0;urru;27372.00
J36;4;0;urru;27372.25
J36;5;0;GrrG;27372.50
J36;5;0;GrrG;27372.75
J36;5;0;GrrG;27373.00
J36;5;0;GrrG;27373.25
J36;5;0;GrrG;27373.50
J36;5;0;GrrG;27373.75
J36;5;0;GrrG;27374.00
J36;5;0;GrrG;27374.25
J36;5;0;GrrG;27374.50
J36;5;0;GrrG;27374.75
J36;5;0;GrrG;27375.00
J36;5;0;GrrG;27375.25
J36;5;0;GrrG;27375.50
J36;5;0;GrrG;27375.75
J36;5;0;GrrG;27376.00
J36;5;0;GrrG;27376.25
J36;5;0;GrrG;27376.50
J36;5;0;GrrG;27376.75
J36;5;0;GrrG;27377.00
J36;5;0;GrrG;27377.25
J36;5;0;GrrG;27377.50
J36;5;0;GrrG;27377.75
J36;5;0;GrrG;27378.00
J36;5;0;GrrG;27378.25
J36;5;0;GrrG;27378.50
J36;5;0;GrrG;27378.75
J36;5;0;GrrG;27379.00
J36;5;0;GrrG;27379.25
J36;5;0;GrrG;27379.50
J36;5;0;GrrG;27379.75
J36;5;0;GrrG;27380.00
J36;5;0;GrrG;27380.25
J36;5;0;GrrG;27380.50
J36;5;0;GrrG;27380.75
J36;5;0;GrrG;27381.00
J36;5;0;GrrG;27381.25
J36;5;0;GrrG;27381.50
J36;5;0;GrrG;27381.75
J36;5;0;GrrG;27382.00
J36;5;0;GrrG;27382.25
J36;5;0;GrrG;27382.50
J36;5;0;GrrG;27382.75
J36;5;0;GrrG;27383.00
J36;5;0;GrrG;27383.25
J36;5;0;GrrG;27383.50
J36;5;0;GrrG;27383.75
J36;5;0;GrrG;27384.00
J36;5;0;GrrG;27384.25
J36;5;0;GrrG;27384.50
J36;5;0;GrrG;27384.75
J36;5;0;GrrG;27385.00
J36;5;0;GrrG;27385.25
J36;5;0;GrrG;27385.50
J36;5;0;GrrG;27385.75
J36;5;0;GrrG;27386.00
J36;5;0;GrrG;27386.25
J36;5;0;GrrG;27386.50
J36;5;0;GrrG;27386.75
J36;5;0;GrrG;27387.00
J36;5;0;GrrG;27387.25
J36;5;0;GrrG;27387.50
J36;5;0;GrrG;27387.75
J36;5;0;GrrG;27388.00
J36;5;0;GrrG;27388.25
J36;5;0;GrrG;27388.50
J36;5;0;GrrG;27388.75
J36;5;0;GrrG;27389.00
J36;5;0;GrrG;27389.25
J36;5;0;GrrG;27389.50
J36;5;0;GrrG;27389.75
J36;5;0;GrrG;27390.00
J36;5;0;GrrG;27390.25
J36;5;0;GrrG;27390.50
J36;5;0;GrrG;27390.75
J36;5;0;GrrG;27391.00
J36;5;0;GrrG;27391.25
J36;5;0;GrrG;27391.50
J36;5;0;GrrG;27391.75
J36;5;0;GrrG;27392.00
J36;5;0;GrrG;27392.25
J36;5;0;GrrG;27392.50
J36;5;0;GrrG;27392.75
J36;5;0;GrrG;27393.00
J36;5;0;GrrG;27393.25
J36;5;0;GrrG;27393.50
J36;5;0;GrrG;27393.75
J36;5;0;GrrG;27394.00
J36;5;0;GrrG;27394.25
J36;5;0;GrrG;27394.50
J36;5;0;GrrG;27394.75
J36;5;0;GrrG;27395.00
J36;5;0;GrrG;27395.25
J36;5;0;GrrG;27395.50
J36;5;0;GrrG;27395.75
J36;5;0;GrrG;27396.00
J36;5;0;GrrG;27396.25
J36;5;0;GrrG;27396.50
J36;5;0;GrrG;27396.75
J36;5;0;GrrG;27397.00
J36;5;0;GrrG;27397.25
J36;6;0;yrry;27397.50
J36;6;0;yrry;27397.75
J36;6;0;yrry;27398.00
J36;6;0;yrry;27398.25
J36;6;0;yrry;27398.50
J36;6;0;yrry;27398.75
J36;6;0;yrry;27399.00
J36;6;0;yrry;27399.25
J36;6;0;yrry;27399.50
J36;6;0;yrry;27399.75
J36;6;0;yrry;27400.00
J36;6;0;yrry;27400.25
J36;7;0;rrrr;27400.50
J36;7;0;rrrr;27400.75
J36;7;0;rrrr;27401.00
J36;7;0;rrrr;27401.25
J36;0;0;ruur;27401.50
J36;0;0;ruur;27401.75
J36;0;0;ruur;27402.00
J36;0;0;ruur;27402.25
J36;1;0;rGGr;27402.50
J36;1;0;rGGr;27402.75
J36;1;0;rGGr;27403.00
J36;1;0;rGGr;27403.25
J36;1;0;rGGr;27403.50
J36;1;0;rGGr;27403.75
J36;1;0;rGGr;27404.00
J36;1;0;rGGr;27404.25
J36;1;0;rGGr;27404.50
J36;1;0;rGGr;27404.75
J36;1;0;rGGr;27405.00
J36;1;0;rGGr;27405.25
J36;1;0;rGGr;27405.50
J36;1;0;rGGr;27405.75
J36;1;0;rGGr;27406.00
J36;1;0;rGGr;27406.25
J36;1;0;rGGr;27406.50
J36;1;0;rGGr;27406.75
J36;1;0;rGGr;27407.00
J36;1;0;rGGr;27407.25
J36;1;0;rGGr;27407.50
J36;1;0;rGGr;27407.75
J36;1;0;rGGr;27408.00
J36;1;0;rGGr;27408.25
J36;1;0;rGGr;27408.50
J36;1;0;rGGr;27408.75
J36;1;0;rGGr;27409.00
J36;1;0;rGGr;27409.25
J36;1;0;rGGr;27409.50
J36;1;0;rGGr;27409.75
J36;1;0;rGGr;27410.00
J36;1;0;rGGr;27410.25
J36;1;0;rGGr;27410.50
J36;1;0;rGGr;27410.75
J36;1;0;rGGr;27411.00
J36;1;0;rGGr;27411.25
J36;1;0;rGGr;27411.50
J36;1;0;rGGr;27411.75
J36;1;0;rGGr;27412.00
J36;1;0;rGGr;27412.25
J36;1;0;rGGr;27412.50
J36;1;0;rGGr;27412.75
J36;1;0;rGGr;27413.00
J36;1;0;rGGr;27413.25
J36;1;0;rGGr;27413.50
J36;1;0;rGGr;27413.75
J36;1;0;rGGr;27414.00
J36;1;0;rGGr;27414.25
J36;1;0;rGGr;27414.50
J36;1;0;rGGr;27414.75
J36;1;0;rGGr;27415.00
J36;1;0;rGGr;27415.25
J36;1;0;rGGr;27415.50
J36;1;0;rGGr;27415.75
J36;1;0;rGGr;27416.00
J36;1;0;rGGr;27416.25
J36;1;0;rGGr;27416.50
J36;1;0;rGGr;27416.75
J36;1;0;rGGr;27417.00
J36;1;0;rGGr;27417.25
J36;1;0;rGGr;27417.50
J36;1;0;rGGr;27417.75
J36;1;0;rGGr;27418.00
J36;1;0;rGGr;27418.25
J36;1;0;rGGr;27418.50
J36;1;0;rGGr;27418.75
J36;1;0;rGGr;27419.00
J36;1;0;rGGr;27419.25
J36;1;0;rGGr;27419.50
J36;1;0;rGGr;27419.75
J36;1;0;rGGr;27420.00
J36;1;0;rGGr;27420.25
J36;1;0;rGGr;27420.50
J36;1;0;rGGr;27420.75
J36;1;0;rGGr;27421.00
J36;1;0;rGGr;27421.25
J36;1;0;rGGr;27421.50
J36;1;0;rGGr;27421.75
J36;1;0;rGGr;27422.00
J36;1;0;rGGr;27422.25
J36;1;0;rGGr;27422.50
J36;1;0;rGGr;27422.75
J36;1;0;rGGr;27423.00
J36;1;0;rGGr;27423.25
J36;1;0;rGGr;27423.50
J36;1;0;rGGr;27423.75
J36;1;0;rGGr;27424.00
J36;1;0;rGGr;27424.25
J36;1;0;rGGr;27424.50
J36;1;0;rGGr;27424.75
J36;1;0;rGGr;27425.00
J36;1;0;rGGr;27425.25
J36;1;0;rGGr;27425.50
J36;1;0;rGGr;27425.75
J36;1;0;rGGr;27426.00
J36;1;0;rGGr;27426.25
J36;1;0;rGGr;27426.50
J36;1;0;rGGr;27426.75
J36;1;0;rGGr;27427.00
J36;1;0;rGGr;27427.25
J36;2;0;ryyr;27427.50
J36;2;0;ryyr;27427.75
J36;2;0;ryyr;27428.00
J36;2;0;ryyr;27428.25
J36;2;0;ryyr;27428.50
J36;2;0;ryyr;27428.75
J36;2;0;ryyr;27429.00
J36;2;0;ryyr;27429.25
J36;2;0;ryyr;27429.50
J36;2;0;ryyr;27429.75
J36;2;0;ryyr;27430.00
J36;2;0;ryyr;27430.25
J36;3;0;rrrr;27430.50
J36;3;0;rrrr;27430.75
J36;3;0;rrrr;27431.00
J36;3;0;rrrr;27431.25
J36;4;0;urru;27431.50
J36;4;0;urru;27431.75
J36;4;0;urru;27432.00
J36;4;0;urru;27432.25
J36;5;0;GrrG;27432.50
J36;5;0;GrrG;27432.75
J36;5;0;GrrG;27433.00
J36;5;0;GrrG;27433.25
J36;5;0;GrrG;27433.50
J36;5;0;GrrG;27433.75
J36;5;0;GrrG;27434.00
J36;5;0;GrrG;27434.25
J36;5;0;GrrG;27434.50
J36;5;0;GrrG;27434.75
J36;5;0;GrrG;27435.00
J36;5;0;GrrG;27435.25
J36;5;0;GrrG;27435.50
J36;5;0;GrrG;27435.75
J36;5;0;GrrG;27436.00
J36;5;0;GrrG;27436.25
J36;5;0;GrrG;27436.50
J36;5;0;GrrG;27436.75
J36;5;0;GrrG;27437.00
J36;5;0;GrrG;27437.25
J36;5;0;GrrG;27437.50
J36;5;0;GrrG;27437.75
J36;5;0;GrrG;27438.00
J36;5;0;GrrG;27438.25
J36;5;0;GrrG;27438.50
J36;5;0;GrrG;27438.75
J36;5;0;GrrG;27439.00
J36;5;0;GrrG;27439.25
J36;5;0;GrrG;27439.50
J36;5;0;GrrG;27439.75
J36;5;0;GrrG;27440.00
J36;5;0;GrrG;27440.25
J36;5;0;GrrG;27440.50
J36;5;0;GrrG;27440.75
J36;5;0;GrrG;27441.00
J36;5;0;GrrG;27441.25
J36;5;0;GrrG;27441.50
J36;5;0;GrrG;27441.75
J36;5;0;GrrG;27442.00
J36;5;0;GrrG;27442.25
J36;5;0;GrrG;27442.50
J36;5;0;GrrG;27442.75
J36;5;0;GrrG;27443.00
J36;5;0;GrrG;27443.25
J36;5;0;GrrG;27443.50
J36;5;0;GrrG;27443.75
J36;5;0;GrrG;27444.00
J36;5;0;GrrG;27444.25
J36;5;0;GrrG;27444.50
J36;5;0;GrrG;27444.75
J36;5;0;GrrG;27445.00
J36;5;0;GrrG;27445.25
J36;5;0;GrrG;27445.50
J36;5;0;GrrG;27445.75
J36;5;0;GrrG;27446.00
J36;5;0;GrrG;27446.25
J36;5;0;GrrG;27446.50
J36;5;0;GrrG;27446.75
J36;5;0;GrrG;27447.00
J36;5;0;GrrG;27447.25
J36;5;0;GrrG;27447.50
J36;5;0;GrrG;27447.75
J36;5;0;GrrG;27448.00
J36;5;0;GrrG;27448.25
J36;5;0;GrrG;27448.50
J36;5;0;GrrG;27448.75
J36;5;0;GrrG;27449.00
J36;5;0;GrrG;27449.25
J36;5;0;GrrG;27449.50
J36;5;0;GrrG;27449.75
J36;5;0;GrrG;27450.00
J36;5;0;GrrG;27450.25
J36;5;0;GrrG;27450.50
J36;5;0;GrrG;27450.75
J36;5;0;GrrG;27451.00
J36;5;0;GrrG;27451.25
J36;5;0;GrrG;27451.50
J36;5;0;GrrG;27451.75
J36;5;0;GrrG;27452.00
J36;5;0;GrrG;27452.25
J36;5;0;GrrG;27452.50
J36;5;0;GrrG;27452.75
J36;5;0;GrrG;27453.00
J36;5;0;GrrG;27453.25
J36;5;0;GrrG;27453.50
J36;5;0;GrrG;27453.75
J36;5;0;GrrG;27454.00
J36;5;0;GrrG;27454.25
J36;5;0;GrrG;27454.50
J36;5;0;GrrG;27454.75
J36;5;0;GrrG;27455.00
J36;5;0;GrrG;27455.25
J36;5;0;GrrG;27455.50
J36;5;0;GrrG;27455.75
J36;5;0;GrrG;27456.00
J36;5;0;GrrG;27456.25
J36;5;0;GrrG;27456.50
J36;5;0;GrrG;27456.75
J36;5;0;GrrG;27457.00
J36;5;0;GrrG;27457.25
J36;6;0;yrry;27457.50
J36;6;0;yrry;27457.75
J36;6;0;yrry;27458.00
J36;6;0;yrry;27458.25
J36;6;0;yrry;27458.50
J36;6;0;yrry;27458.75
J36;6;0;yrry;27459.00
J36;6;0;yrry;27459.25
J36;6;0;yrry;27459.50
J36;6;0;yrry;27459.75
J36;6;0;yrry;27460.00
J36;6;0;yrry;27460.25
J36;7;0;rrrr;27460.50
J36;7;0;rrrr;27460.75
J36;7;0;rrrr;27461.00
J36;7;0;rrrr;27461.25
J36;0;0;ruur;27461.50
J36;0;0;ruur;27461.75
J36;0;0;ruur;27462.00
J36;0;0;ruur;27462.25
J36;1;0;rGGr;27462.50
J36;1;0;rGGr;27462.75
J36;1;0;rGGr;27463.00
J36;1;0;rGGr;27463.25
J36;1;0;rGGr;27463.50
J36;1;0;rGGr;27463.75
J36;0;online;yyyyyyyyyyyyyyyyyyyyyyyyyyyyyyyyyyyyyyyyyyyyyyyyyyyyyyyyy;27464.00
J36;0;online;yyyyyyyyyyyyyyyyyyyyyyyyyyyyyyyyyyyyyyyyyyyyyyyyyyyyyyyyy;27464.25
J36;0;online;yyyyyyyyyyyyyyyyyyyyyyyyyyyyyyyyyyyyyyyyyyyyyyyyyyyyyyyyy;27464.50
J36;0;online;yyyyyyyyyyyyyyyyyyyyyyyyyyyyyyyyyyyyyyyyyyyyyyyyyyyyyyyyy;27464.75
J36;0;online;yyyyyyyyyyyyyyyyyyyyyyyyyyyyyyyyyyyyyyyyyyyyyyyyyyyyyyyyy;27465.00
J36;0;online;yyyyyyyyyyyyyyyyyyyyyyyyyyyyyyyyyyyyyyyyyyyyyyyyyyyyyyyyy;27465.25
J36;0;online;yyyyyyyyyyyyyyyyyyyyyyyyyyyyyyyyyyyyyyyyyyyyyyyyyyyyyyyyy;27465.50
J36;0;online;yyyyyyyyyyyyyyyyyyyyyyyyyyyyyyyyyyyyyyyyyyyyyyyyyyyyyyyyy;27465.75
J36;0;online;yyyyyyyyyyyyyyyyyyyyyyyyyyyyyyyyyyyyyyyyyyyyyyyyyyyyyyyyy;27466.00
J36;0;online;yyyyyyyyyyyyyyyyyyyyyyyyyyyyyyyyyyyyyyyyyyyyyyyyyyyyyyyyy;27466.25
J36;0;online;yyyyyyyyyyyyyyyyyyyyyyyyyyyyyyyyyyyyyyyyyyyyyyyyyyyyyyyyy;27466.50
J36;0;online;yyyyyyyyyyyyyyyyyyyyyyyyyyyyyyyyyyyyyyyyyyyyyyyyyyyyyyyyy;27466.75
J36;4;0;urru;27467.00
J36;4;0;urru;27467.25
J36;4;0;urru;27467.50
J36;4;0;urru;27467.75
J36;5;0;GrrG;27468.00
J36;5;0;GrrG;27468.25
J36;5;0;GrrG;27468.50
J36;5;0;GrrG;27468.75
J36;5;0;GrrG;27469.00
J36;5;0;GrrG;27469.25
J36;5;0;GrrG;27469.50
J36;5;0;GrrG;27469.75
J36;5;0;GrrG;27470.00
J36;5;0;GrrG;27470.25
J36;5;0;GrrG;27470.50
J36;5;0;GrrG;27470.75
J36;5;0;GrrG;27471.00
J36;5;0;GrrG;27471.25
J36;5;0;GrrG;27471.50
J36;5;0;GrrG;27471.75
J36;5;0;GrrG;27472.00
J36;5;0;GrrG;27472.25
J36;5;0;GrrG;27472.50
J36;5;0;GrrG;27472.75
J36;5;0;GrrG;27473.00
J36;5;0;GrrG;27473.25
J36;5;0;GrrG;27473.50
J36;5;0;GrrG;27473.75
J36;5;0;GrrG;27474.00
J36;5;0;GrrG;27474.25
J36;5;0;GrrG;27474.50
J36;5;0;GrrG;27474.75
J36;5;0;GrrG;27475.00
J36;5;0;GrrG;27475.25
J36;5;0;GrrG;27475.50
J36;5;0;GrrG;27475.75
J36;5;0;GrrG;27476.00
J36;5;0;GrrG;27476.25
J36;5;0;GrrG;27476.50
J36;5;0;GrrG;27476.75
J36;5;0;GrrG;27477.00
J36;5;0;GrrG;27477.25
J36;5;0;GrrG;27477.50
J36;5;0;GrrG;27477.75
J36;5;0;GrrG;27478.00
J36;5;0;GrrG;27478.25
J36;5;0;GrrG;27478.50
J36;5;0;GrrG;27478.75
J36;5;0;GrrG;27479.00
J36;5;0;GrrG;27479.25
J36;5;0;GrrG;27479.50
J36;5;0;GrrG;27479.75
J36;5;0;GrrG;27480.00
J36;5;0;GrrG;27480.25
J36;5;0;GrrG;27480.50
J36;5;0;GrrG;27480.75
J36;5;0;GrrG;27481.00
J36;5;0;GrrG;27481.25
J36;5;0;GrrG;27481.50
J36;5;0;GrrG;27481.75
J36;5;0;GrrG;27482.00
J36;5;0;GrrG;27482.25
J36;5;0;GrrG;27482.50
J36;5;0;GrrG;27482.75
J36;5;0;GrrG;27483.00
J36;5;0;GrrG;27483.25
J36;5;0;GrrG;27483.50
J36;5;0;GrrG;27483.75
J36;5;0;GrrG;27484.00
J36;5;0;GrrG;27484.25
J36;5;0;GrrG;27484.50
J36;5;0;GrrG;27484.75
J36;5;0;GrrG;27485.00
J36;5;0;GrrG;27485.25
J36;5;0;GrrG;27485.50
J36;5;0;GrrG;27485.75
J36;5;0;GrrG;27486.00
J36;5;0;GrrG;27486.25
J36;5;0;GrrG;27486.50
J36;5;0;GrrG;27486.75
J36;5;0;GrrG;27487.00
J36;5;0;GrrG;27487.25
J36;5;0;GrrG;27487.50
J36;5;0;GrrG;27487.75
J36;5;0;GrrG;27488.00
J36;5;0;GrrG;27488.25
J36;5;0;GrrG;27488.50
J36;5;0;GrrG;27488.75
J36;5;0;GrrG;27489.00
J36;5;0;GrrG;27489.25
J36;5;0;GrrG;27489.50
J36;5;0;GrrG;27489.75
J36;5;0;GrrG;27490.00
J36;5;0;GrrG;27490.25
J36;5;0;GrrG;27490.50
J36;5;0;GrrG;27490.75
J36;5;0;GrrG;27491.00
J36;5;0;GrrG;27491.25
J36;5;0;GrrG;27491.50
J36;5;0;GrrG;27491.75
J36;5;0;GrrG;27492.00
J36;5;0;GrrG;27492.25
J36;5;0;GrrG;27492.50
J36;5;0;GrrG;27492.75
J36;6;0;yrry;27493.00
J36;6;0;yrry;27493.25
J36;6;0;yrry;27493.50
J36;6;0;yrry;27493.75
J36;6;0;yrry;27494.00
J36;6;0;yrry;27494.25
J36;6;0;yrry;27494.50
J36;6;0;yrry;27494.75
J36;6;0;yrry;27495.00
J36;6;0;yrry;27495.25
J36;6;0;yrry;27495.50
J36;6;0;yrry;27495.75
J36;7;0;rrrr;27496.00
J36;7;0;rrrr;27496.25
J36;7;0;rrrr;27496.50
J36;7;0;rrrr;27496.75
J36;0;0;ruur;27497.00
J36;0;0;ruur;27497.25
J36;0;0;ruur;27497.50
J36;0;0;ruur;27497.75
J36;1;0;rGGr;27498.00
J36;1;0;rGGr;27498.25
J36;1;0;rGGr;27498.50
J36;1;0;rGGr;27498.75
J36;1;0;rGGr;27499.00
J36;1;0;rGGr;27499.25
J36;1;0;rGGr;27499.50
J36;1;0;rGGr;27499.75
J36;1;0;rGGr;27500.00
J36;1;0;rGGr;27500.25
J36;1;0;rGGr;27500.50
J36;1;0;rGGr;27500.75
J36;1;0;rGGr;27501.00
J36;1;0;rGGr;27501.25
J36;1;0;rGGr;27501.50
J36;1;0;rGGr;27501.75
J36;1;0;rGGr;27502.00
J36;1;0;rGGr;27502.25
J36;1;0;rGGr;27502.50
J36;1;0;rGGr;27502.75
J36;1;0;rGGr;27503.00
J36;1;0;rGGr;27503.25
J36;1;0;rGGr;27503.50
J36;1;0;rGGr;27503.75
J36;1;0;rGGr;27504.00
J36;1;0;rGGr;27504.25
J36;1;0;rGGr;27504.50
J36;1;0;rGGr;27504.75
J36;1;0;rGGr;27505.00
J36;1;0;rGGr;27505.25
J36;1;0;rGGr;27505.50
J36;1;0;rGGr;27505.75
J36;1;0;rGGr;27506.00
J36;1;0;rGGr;27506.25
J36;1;0;rGGr;27506.50
J36;1;0;rGGr;27506.75
J36;1;0;rGGr;27507.00
J36;1;0;rGGr;27507.25
J36;1;0;rGGr;27507.50
J36;1;0;rGGr;27507.75
J36;1;0;rGGr;27508.00
J36;1;0;rGGr;27508.25
J36;1;0;rGGr;27508.50
J36;1;0;rGGr;27508.75
J36;1;0;rGGr;27509.00
J36;1;0;rGGr;27509.25
J36;1;0;rGGr;27509.50
J36;1;0;rGGr;27509.75
J36;1;0;rGGr;27510.00
J36;1;0;rGGr;27510.25
J36;1;0;rGGr;27510.50
J36;1;0;rGGr;27510.75
J36;1;0;rGGr;27511.00
J36;1;0;rGGr;27511.25
J36;1;0;rGGr;27511.50
J36;1;0;rGGr;27511.75
J36;1;0;rGGr;27512.00
J36;1;0;rGGr;27512.25
J36;1;0;rGGr;27512.50
J36;1;0;rGGr;27512.75
J36;1;0;rGGr;27513.00
J36;1;0;rGGr;27513.25
J36;1;0;rGGr;27513.50
J36;1;0;rGGr;27513.75
J36;1;0;rGGr;27514.00
J36;1;0;rGGr;27514.25
J36;1;0;rGGr;27514.50
J36;1;0;rGGr;27514.75
J36;1;0;rGGr;27515.00
J36;1;0;rGGr;27515.25
J36;1;0;rGGr;27515.50
J36;1;0;rGGr;27515.75
J36;1;0;rGGr;27516.00
J36;1;0;rGGr;27516.25
J36;1;0;rGGr;27516.50
J36;1;0;rGGr;27516.75
J36;1;0;rGGr;27517.00
J36;1;0;rGGr;27517.25
J36;1;0;rGGr;27517.50
J36;1;0;rGGr;27517.75
J36;1;0;rGGr;27518.00
J36;1;0;rGGr;27518.25
J36;1;0;rGGr;27518.50
J36;1;0;rGGr;27518.75
J36;1;0;rGGr;27519.00
J36;1;0;rGGr;27519.25
J36;1;0;rGGr;27519.50
J36;1;0;rGGr;27519.75
J36;1;0;rGGr;27520.00
J36;1;0;rGGr;27520.25
J36;1;0;rGGr;27520.50
J36;1;0;rGGr;27520.75
J36;1;0;rGGr;27521.00
J36;1;0;rGGr;27521.25
J36;0;online;yyyyyyyyyyyyyyyyyyyyyyyyyyyyyyyyyyyyyyyyyyyyyyyyyyyyyyyyy;27521.50
J36;0;online;yyyyyyyyyyyyyyyyyyyyyyyyyyyyyyyyyyyyyyyyyyyyyyyyyyyyyyyyy;27521.75
J36;0;online;yyyyyyyyyyyyyyyyyyyyyyyyyyyyyyyyyyyyyyyyyyyyyyyyyyyyyyyyy;27522.00
J36;0;online;yyyyyyyyyyyyyyyyyyyyyyyyyyyyyyyyyyyyyyyyyyyyyyyyyyyyyyyyy;27522.25
J36;0;online;yyyyyyyyyyyyyyyyyyyyyyyyyyyyyyyyyyyyyyyyyyyyyyyyyyyyyyyyy;27522.50
J36;0;online;yyyyyyyyyyyyyyyyyyyyyyyyyyyyyyyyyyyyyyyyyyyyyyyyyyyyyyyyy;27522.75
J36;0;online;yyyyyyyyyyyyyyyyyyyyyyyyyyyyyyyyyyyyyyyyyyyyyyyyyyyyyyyyy;27523.00
J36;0;online;yyyyyyyyyyyyyyyyyyyyyyyyyyyyyyyyyyyyyyyyyyyyyyyyyyyyyyyyy;27523.25
J36;0;online;yyyyyyyyyyyyyyyyyyyyyyyyyyyyyyyyyyyyyyyyyyyyyyyyyyyyyyyyy;27523.50
J36;0;online;yyyyyyyyyyyyyyyyyyyyyyyyyyyyyyyyyyyyyyyyyyyyyyyyyyyyyyyyy;27523.75
J36;0;online;yyyyyyyyyyyyyyyyyyyyyyyyyyyyyyyyyyyyyyyyyyyyyyyyyyyyyyyyy;27524.00
J36;0;online;yyyyyyyyyyyyyyyyyyyyyyyyyyyyyyyyyyyyyyyyyyyyyyyyyyyyyyyyy;27524.25
J36;4;0;urru;27524.50
J36;4;0;urru;27524.75
J36;4;0;urru;27525.00
J36;4;0;urru;27525.25
J36;5;0;GrrG;27525.50
J36;5;0;GrrG;27525.75
J36;5;0;GrrG;27526.00
J36;5;0;GrrG;27526.25
J36;5;0;GrrG;27526.50
J36;5;0;GrrG;27526.75
J36;5;0;GrrG;27527.00
J36;5;0;GrrG;27527.25
J36;5;0;GrrG;27527.50
J36;5;0;GrrG;27527.75
J36;5;0;GrrG;27528.00
J36;5;0;GrrG;27528.25
J36;5;0;GrrG;27528.50
J36;5;0;GrrG;27528.75
J36;5;0;GrrG;27529.00
J36;5;0;GrrG;27529.25
J36;5;0;GrrG;27529.50
J36;5;0;GrrG;27529.75
J36;5;0;GrrG;27530.00
J36;5;0;GrrG;27530.25
J36;5;0;GrrG;27530.50
J36;5;0;GrrG;27530.75
J36;5;0;GrrG;27531.00
J36;5;0;GrrG;27531.25
J36;5;0;GrrG;27531.50
J36;5;0;GrrG;27531.75
J36;5;0;GrrG;27532.00
J36;5;0;GrrG;27532.25
J36;5;0;GrrG;27532.50
J36;5;0;GrrG;27532.75
J36;5;0;GrrG;27533.00
J36;5;0;GrrG;27533.25
J36;5;0;GrrG;27533.50
J36;5;0;GrrG;27533.75
J36;5;0;GrrG;27534.00
J36;5;0;GrrG;27534.25
J36;5;0;GrrG;27534.50
J36;5;0;GrrG;27534.75
J36;5;0;GrrG;27535.00
J36;5;0;GrrG;27535.25
J36;5;0;GrrG;27535.50
J36;5;0;GrrG;27535.75
J36;5;0;GrrG;27536.00
J36;5;0;GrrG;27536.25
J36;5;0;GrrG;27536.50
J36;5;0;GrrG;27536.75
J36;5;0;GrrG;27537.00
J36;5;0;GrrG;27537.25
J36;5;0;GrrG;27537.50
J36;5;0;GrrG;27537.75
J36;5;0;GrrG;27538.00
J36;5;0;GrrG;27538.25
J36;5;0;GrrG;27538.50
J36;5;0;GrrG;27538.75
J36;5;0;GrrG;27539.00
J36;5;0;GrrG;27539.25
J36;5;0;GrrG;27539.50
J36;5;0;GrrG;27539.75
J36;5;0;GrrG;27540.00
J36;5;0;GrrG;27540.25
J36;5;0;GrrG;27540.50
J36;5;0;GrrG;27540.75
J36;5;0;GrrG;27541.00
J36;5;0;GrrG;27541.25
J36;5;0;GrrG;27541.50
J36;5;0;GrrG;27541.75
J36;5;0;GrrG;27542.00
J36;5;0;GrrG;27542.25
J36;5;0;GrrG;27542.50
J36;5;0;GrrG;27542.75
J36;5;0;GrrG;27543.00
J36;5;0;GrrG;27543.25
J36;5;0;GrrG;27543.50
J36;5;0;GrrG;27543.75
J36;5;0;GrrG;27544.00
J36;5;0;GrrG;27544.25
J36;5;0;GrrG;27544.50
J36;5;0;GrrG;27544.75
J36;5;0;GrrG;27545.00
J36;5;0;GrrG;27545.25
J36;5;0;GrrG;27545.50
J36;5;0;GrrG;27545.75
J36;5;0;GrrG;27546.00
J36;5;0;GrrG;27546.25
J36;5;0;GrrG;27546.50
J36;5;0;GrrG;27546.75
J36;5;0;GrrG;27547.00
J36;5;0;GrrG;27547.25
J36;5;0;GrrG;27547.50
J36;5;0;GrrG;27547.75
J36;5;0;GrrG;27548.00
J36;5;0;GrrG;27548.25
J36;5;0;GrrG;27548.50
J36;5;0;GrrG;27548.75
J36;5;0;GrrG;27549.00
J36;5;0;GrrG;27549.25
J36;5;0;GrrG;27549.50
J36;5;0;GrrG;27549.75
J36;5;0;GrrG;27550.00
J36;5;0;GrrG;27550.25
J36;6;0;yrry;27550.50
J36;6;0;yrry;27550.75
J36;6;0;yrry;27551.00
J36;6;0;yrry;27551.25
J36;6;0;yrry;27551.50
J36;6;0;yrry;27551.75
J36;6;0;yrry;27552.00
J36;6;0;yrry;27552.25
J36;6;0;yrry;27552.50
J36;6;0;yrry;27552.75
J36;6;0;yrry;27553.00
J36;6;0;yrry;27553.25
J36;7;0;rrrr;27553.50
J36;7;0;rrrr;27553.75
J36;7;0;rrrr;27554.00
J36;7;0;rrrr;27554.25
J36;0;0;ruur;27554.50
J36;0;0;ruur;27554.75
J36;0;0;ruur;27555.00
J36;0;0;ruur;27555.25
J36;1;0;rGGr;27555.50
J36;1;0;rGGr;27555.75
J36;1;0;rGGr;27556.00
J36;1;0;rGGr;27556.25
J36;1;0;rGGr;27556.50
J36;1;0;rGGr;27556.75
J36;1;0;rGGr;27557.00
J36;1;0;rGGr;27557.25
J36;1;0;rGGr;27557.50
J36;1;0;rGGr;27557.75
J36;1;0;rGGr;27558.00
J36;1;0;rGGr;27558.25
J36;1;0;rGGr;27558.50
J36;1;0;rGGr;27558.75
J36;1;0;rGGr;27559.00
J36;1;0;rGGr;27559.25
J36;1;0;rGGr;27559.50
J36;1;0;rGGr;27559.75
J36;1;0;rGGr;27560.00
J36;1;0;rGGr;27560.25
J36;1;0;rGGr;27560.50
J36;1;0;rGGr;27560.75
J36;1;0;rGGr;27561.00
J36;1;0;rGGr;27561.25
J36;1;0;rGGr;27561.50
J36;1;0;rGGr;27561.75
J36;1;0;rGGr;27562.00
J36;1;0;rGGr;27562.25
J36;1;0;rGGr;27562.50
J36;1;0;rGGr;27562.75
J36;1;0;rGGr;27563.00
J36;1;0;rGGr;27563.25
J36;1;0;rGGr;27563.50
J36;1;0;rGGr;27563.75
J36;1;0;rGGr;27564.00
J36;1;0;rGGr;27564.25
J36;1;0;rGGr;27564.50
J36;1;0;rGGr;27564.75
J36;1;0;rGGr;27565.00
J36;1;0;rGGr;27565.25
J36;1;0;rGGr;27565.50
J36;1;0;rGGr;27565.75
J36;1;0;rGGr;27566.00
J36;1;0;rGGr;27566.25
J36;1;0;rGGr;27566.50
J36;1;0;rGGr;27566.75
J36;1;0;rGGr;27567.00
J36;1;0;rGGr;27567.25
J36;1;0;rGGr;27567.50
J36;1;0;rGGr;27567.75
J36;1;0;rGGr;27568.00
J36;1;0;rGGr;27568.25
J36;1;0;rGGr;27568.50
J36;1;0;rGGr;27568.75
J36;1;0;rGGr;27569.00
J36;1;0;rGGr;27569.25
J36;1;0;rGGr;27569.50
J36;1;0;rGGr;27569.75
J36;1;0;rGGr;27570.00
J36;1;0;rGGr;27570.25
J36;1;0;rGGr;27570.50
J36;1;0;rGGr;27570.75
J36;1;0;rGGr;27571.00
J36;1;0;rGGr;27571.25
J36;1;0;rGGr;27571.50
J36;1;0;rGGr;27571.75
J36;1;0;rGGr;27572.00
J36;1;0;rGGr;27572.25
J36;1;0;rGGr;27572.50
J36;1;0;rGGr;27572.75
J36;1;0;rGGr;27573.00
J36;1;0;rGGr;27573.25
J36;1;0;rGGr;27573.50
J36;1;0;rGGr;27573.75
J36;1;0;rGGr;27574.00
J36;1;0;rGGr;27574.25
J36;1;0;rGGr;27574.50
J36;1;0;rGGr;27574.75
J36;1;0;rGGr;27575.00
J36;1;0;rGGr;27575.25
J36;1;0;rGGr;27575.50
J36;1;0;rGGr;27575.75
J36;1;0;rGGr;27576.00
J36;1;0;rGGr;27576.25
J36;1;0;rGGr;27576.50
J36;1;0;rGGr;27576.75
J36;1;0;rGGr;27577.00
J36;1;0;rGGr;27577.25
J36;1;0;rGGr;27577.50
J36;1;0;rGGr;27577.75
J36;1;0;rGGr;27578.00
J36;1;0;rGGr;27578.25
J36;1;0;rGGr;27578.50
J36;1;0;rGGr;27578.75
J36;1;0;rGGr;27579.00
J36;1;0;rGGr;27579.25
J36;1;0;rGGr;27579.50
J36;1;0;rGGr;27579.75
J36;1;0;rGGr;27580.00
J36;1;0;rGGr;27580.25
J36;1;0;rGGr;27580.50
J36;1;0;rGGr;27580.75
J36;1;0;rGGr;27581.00
J36;1;0;rGGr;27581.25
J36;1;0;rGGr;27581.50
J36;1;0;rGGr;27581.75
J36;1;0;rGGr;27582.00
J36;1;0;rGGr;27582.25
J36;1;0;rGGr;27582.50
J36;1;0;rGGr;27582.75
J36;1;0;rGGr;27583.00
J36;1;0;rGGr;27583.25
J36;1;0;rGGr;27583.50
J36;1;0;rGGr;27583.75
J36;1;0;rGGr;27584.00
J36;1;0;rGGr;27584.25
J36;1;0;rGGr;27584.50
J36;1;0;rGGr;27584.75
J36;1;0;rGGr;27585.00
J36;1;0;rGGr;27585.25
J36;1;0;rGGr;27585.50
J36;1;0;rGGr;27585.75
J36;1;0;rGGr;27586.00
J36;1;0;rGGr;27586.25
J36;1;0;rGGr;27586.50
J36;1;0;rGGr;27586.75
J36;1;0;rGGr;27587.00
J36;1;0;rGGr;27587.25
J36;1;0;rGGr;27587.50
J36;1;0;rGGr;27587.75
J36;1;0;rGGr;27588.00
J36;1;0;rGGr;27588.25
J36;1;0;rGGr;27588.50
J36;1;0;rGGr;27588.75
J36;1;0;rGGr;27589.00
J36;1;0;rGGr;27589.25
J36;1;0;rGGr;27589.50
J36;1;0;rGGr;27589.75
J36;1;0;rGGr;27590.00
J36;1;0;rGGr;27590.25
J36;1;0;rGGr;27590.50
J36;1;0;rGGr;27590.75
J36;1;0;rGGr;27591.00
J36;1;0;rGGr;27591.25
J36;1;0;rGGr;27591.50
J36;1;0;rGGr;27591.75
J36;1;0;rGGr;27592.00
J36;1;0;rGGr;27592.25
J36;1;0;rGGr;27592.50
J36;1;0;rGGr;27592.75
J36;1;0;rGGr;27593.00
J36;1;0;rGGr;27593.25
J36;1;0;rGGr;27593.50
J36;1;0;rGGr;27593.75
J36;1;0;rGGr;27594.00
J36;1;0;rGGr;27594.25
J36;1;0;rGGr;27594.50
J36;1;0;rGGr;27594.75
J36;1;0;rGGr;27595.00
J36;1;0;rGGr;27595.25
J36;1;0;rGGr;27595.50
J36;1;0;rGGr;27595.75
J36;1;0;rGGr;27596.00
J36;1;0;rGGr;27596.25
J36;1;0;rGGr;27596.50
J36;1;0;rGGr;27596.75
J36;1;0;rGGr;27597.00
J36;1;0;rGGr;27597.25
J36;1;0;rGGr;27597.50
J36;1;0;rGGr;27597.75
J36;1;0;rGGr;27598.00
J36;1;0;rGGr;27598.25
J36;1;0;rGGr;27598.50
J36;1;0;rGGr;27598.75
J36;1;0;rGGr;27599.00
J36;1;0;rGGr;27599.25
J36;1;0;rGGr;27599.50
J36;1;0;rGGr;27599.75
J36;1;0;rGGr;27600.00
J36;1;0;rGGr;27600.25
J36;1;0;rGGr;27600.50
J36;1;0;rGGr;27600.75
J36;1;0;rGGr;27601.00
J36;1;0;rGGr;27601.25
J36;1;0;rGGr;27601.50
J36;1;0;rGGr;27601.75
J36;1;0;rGGr;27602.00
J36;1;0;rGGr;27602.25
J36;1;0;rGGr;27602.50
J36;1;0;rGGr;27602.75
J36;1;0;rGGr;27603.00
J36;1;0;rGGr;27603.25
J36;1;0;rGGr;27603.50
J36;1;0;rGGr;27603.75
J36;1;0;rGGr;27604.00
J36;1;0;rGGr;27604.25
J36;1;0;rGGr;27604.50
J36;1;0;rGGr;27604.75
J36;1;0;rGGr;27605.00
J36;1;0;rGGr;27605.25
J36;1;0;rGGr;27605.50
J36;1;0;rGGr;27605.75
J36;2;0;ryyr;27606.00
J36;2;0;ryyr;27606.25
J36;2;0;ryyr;27606.50
J36;2;0;ryyr;27606.75
J36;2;0;ryyr;27607.00
J36;2;0;ryyr;27607.25
J36;2;0;ryyr;27607.50
J36;2;0;ryyr;27607.75
J36;2;0;ryyr;27608.00
J36;2;0;ryyr;27608.25
J36;2;0;ryyr;27608.50
J36;2;0;ryyr;27608.75
J36;3;0;rrrr;27609.00
J36;0;online;yyyyyyyyyyyyyyyyyyyyyyyyyyyyyyyyyyyyyyyyyyyyyyyyyyyyyyyyy;27609.25
J36;0;online;yyyyyyyyyyyyyyyyyyyyyyyyyyyyyyyyyyyyyyyyyyyyyyyyyyyyyyyyy;27609.50
J36;0;online;yyyyyyyyyyyyyyyyyyyyyyyyyyyyyyyyyyyyyyyyyyyyyyyyyyyyyyyyy;27609.75
J36;0;online;yyyyyyyyyyyyyyyyyyyyyyyyyyyyyyyyyyyyyyyyyyyyyyyyyyyyyyyyy;27610.00
J36;0;online;yyyyyyyyyyyyyyyyyyyyyyyyyyyyyyyyyyyyyyyyyyyyyyyyyyyyyyyyy;27610.25
J36;0;online;yyyyyyyyyyyyyyyyyyyyyyyyyyyyyyyyyyyyyyyyyyyyyyyyyyyyyyyyy;27610.50
J36;0;online;yyyyyyyyyyyyyyyyyyyyyyyyyyyyyyyyyyyyyyyyyyyyyyyyyyyyyyyyy;27610.75
J36;0;online;yyyyyyyyyyyyyyyyyyyyyyyyyyyyyyyyyyyyyyyyyyyyyyyyyyyyyyyyy;27611.00
J36;0;online;yyyyyyyyyyyyyyyyyyyyyyyyyyyyyyyyyyyyyyyyyyyyyyyyyyyyyyyyy;27611.25
J36;0;online;yyyyyyyyyyyyyyyyyyyyyyyyyyyyyyyyyyyyyyyyyyyyyyyyyyyyyyyyy;27611.50
J36;0;online;yyyyyyyyyyyyyyyyyyyyyyyyyyyyyyyyyyyyyyyyyyyyyyyyyyyyyyyyy;27611.75
J36;0;online;yyyyyyyyyyyyyyyyyyyyyyyyyyyyyyyyyyyyyyyyyyyyyyyyyyyyyyyyy;27612.00
J36;4;0;urru;27612.25
J36;4;0;urru;27612.50
J36;4;0;urru;27612.75
J36;4;0;urru;27613.00
J36;5;0;GrrG;27613.25
J36;5;0;GrrG;27613.50
J36;5;0;GrrG;27613.75
J36;5;0;GrrG;27614.00
J36;5;0;GrrG;27614.25
J36;5;0;GrrG;27614.50
J36;5;0;GrrG;27614.75
J36;5;0;GrrG;27615.00
J36;5;0;GrrG;27615.25
J36;5;0;GrrG;27615.50
J36;5;0;GrrG;27615.75
J36;5;0;GrrG;27616.00
J36;5;0;GrrG;27616.25
J36;5;0;GrrG;27616.50
J36;5;0;GrrG;27616.75
J36;5;0;GrrG;27617.00
J36;5;0;GrrG;27617.25
J36;5;0;GrrG;27617.50
J36;5;0;GrrG;27617.75
J36;5;0;GrrG;27618.00
J36;5;0;GrrG;27618.25
J36;5;0;GrrG;27618.50
J36;5;0;GrrG;27618.75
J36;5;0;GrrG;27619.00
J36;5;0;GrrG;27619.25
J36;5;0;GrrG;27619.50
J36;5;0;GrrG;27619.75
J36;5;0;GrrG;27620.00
J36;5;0;GrrG;27620.25
J36;5;0;GrrG;27620.50
J36;5;0;GrrG;27620.75
J36;5;0;GrrG;27621.00
J36;5;0;GrrG;27621.25
J36;5;0;GrrG;27621.50
J36;5;0;GrrG;27621.75
J36;5;0;GrrG;27622.00
J36;5;0;GrrG;27622.25
J36;5;0;GrrG;27622.50
J36;5;0;GrrG;27622.75
J36;5;0;GrrG;27623.00
J36;5;0;GrrG;27623.25
J36;5;0;GrrG;27623.50
J36;5;0;GrrG;27623.75
J36;5;0;GrrG;27624.00
J36;5;0;GrrG;27624.25
J36;5;0;GrrG;27624.50
J36;5;0;GrrG;27624.75
J36;5;0;GrrG;27625.00
J36;5;0;GrrG;27625.25
J36;5;0;GrrG;27625.50
J36;5;0;GrrG;27625.75
J36;5;0;GrrG;27626.00
J36;5;0;GrrG;27626.25
J36;5;0;GrrG;27626.50
J36;5;0;GrrG;27626.75
J36;5;0;GrrG;27627.00
J36;5;0;GrrG;27627.25
J36;5;0;GrrG;27627.50
J36;5;0;GrrG;27627.75
J36;5;0;GrrG;27628.00
J36;5;0;GrrG;27628.25
J36;5;0;GrrG;27628.50
J36;5;0;GrrG;27628.75
J36;5;0;GrrG;27629.00
J36;5;0;GrrG;27629.25
J36;5;0;GrrG;27629.50
J36;5;0;GrrG;27629.75
J36;5;0;GrrG;27630.00
J36;5;0;GrrG;27630.25
J36;5;0;GrrG;27630.50
J36;5;0;GrrG;27630.75
J36;5;0;GrrG;27631.00
J36;5;0;GrrG;27631.25
J36;5;0;GrrG;27631.50
J36;5;0;GrrG;27631.75
J36;5;0;GrrG;27632.00
J36;5;0;GrrG;27632.25
J36;5;0;GrrG;27632.50
J36;5;0;GrrG;27632.75
J36;5;0;GrrG;27633.00
J36;5;0;GrrG;27633.25
J36;5;0;GrrG;27633.50
J36;5;0;GrrG;27633.75
J36;5;0;GrrG;27634.00
J36;5;0;GrrG;27634.25
J36;5;0;GrrG;27634.50
J36;5;0;GrrG;27634.75
J36;5;0;GrrG;27635.00
J36;5;0;GrrG;27635.25
J36;5;0;GrrG;27635.50
J36;5;0;GrrG;27635.75
J36;5;0;GrrG;27636.00
J36;5;0;GrrG;27636.25
J36;5;0;GrrG;27636.50
J36;5;0;GrrG;27636.75
J36;5;0;GrrG;27637.00
J36;5;0;GrrG;27637.25
J36;5;0;GrrG;27637.50
J36;5;0;GrrG;27637.75
J36;5;0;GrrG;27638.00
J36;6;0;yrry;27638.25
J36;6;0;yrry;27638.50
J36;6;0;yrry;27638.75
J36;6;0;yrry;27639.00
J36;6;0;yrry;27639.25
J36;6;0;yrry;27639.50
J36;6;0;yrry;27639.75
J36;6;0;yrry;27640.00
J36;6;0;yrry;27640.25
J36;6;0;yrry;27640.50
J36;6;0;yrry;27640.75
J36;6;0;yrry;27641.00
J36;7;0;rrrr;27641.25
J36;7;0;rrrr;27641.50
J36;7;0;rrrr;27641.75
J36;7;0;rrrr;27642.00
J36;0;0;ruur;27642.25
J36;0;0;ruur;27642.50
J36;0;0;ruur;27642.75
J36;0;0;ruur;27643.00
J36;1;0;rGGr;27643.25
J36;1;0;rGGr;27643.50
J36;1;0;rGGr;27643.75
J36;1;0;rGGr;27644.00
J36;1;0;rGGr;27644.25
J36;1;0;rGGr;27644.50
J36;1;0;rGGr;27644.75
J36;1;0;rGGr;27645.00
J36;1;0;rGGr;27645.25
J36;1;0;rGGr;27645.50
J36;1;0;rGGr;27645.75
J36;1;0;rGGr;27646.00
J36;1;0;rGGr;27646.25
J36;1;0;rGGr;27646.50
J36;1;0;rGGr;27646.75
J36;1;0;rGGr;27647.00
J36;1;0;rGGr;27647.25
J36;1;0;rGGr;27647.50
J36;1;0;rGGr;27647.75
J36;1;0;rGGr;27648.00
J36;1;0;rGGr;27648.25
J36;1;0;rGGr;27648.50
J36;1;0;rGGr;27648.75
J36;1;0;rGGr;27649.00
J36;1;0;rGGr;27649.25
J36;1;0;rGGr;27649.50
J36;1;0;rGGr;27649.75
J36;1;0;rGGr;27650.00
J36;1;0;rGGr;27650.25
J36;1;0;rGGr;27650.50
J36;1;0;rGGr;27650.75
J36;1;0;rGGr;27651.00
J36;1;0;rGGr;27651.25
J36;1;0;rGGr;27651.50
J36;1;0;rGGr;27651.75
J36;1;0;rGGr;27652.00
J36;1;0;rGGr;27652.25
J36;1;0;rGGr;27652.50
J36;1;0;rGGr;27652.75
J36;1;0;rGGr;27653.00
J36;1;0;rGGr;27653.25
J36;1;0;rGGr;27653.50
J36;1;0;rGGr;27653.75
J36;1;0;rGGr;27654.00
J36;1;0;rGGr;27654.25
J36;1;0;rGGr;27654.50
J36;1;0;rGGr;27654.75
J36;1;0;rGGr;27655.00
J36;1;0;rGGr;27655.25
J36;1;0;rGGr;27655.50
J36;1;0;rGGr;27655.75
J36;1;0;rGGr;27656.00
J36;1;0;rGGr;27656.25
J36;1;0;rGGr;27656.50
J36;1;0;rGGr;27656.75
J36;1;0;rGGr;27657.00
J36;1;0;rGGr;27657.25
J36;1;0;rGGr;27657.50
J36;1;0;rGGr;27657.75
J36;1;0;rGGr;27658.00
J36;1;0;rGGr;27658.25
J36;1;0;rGGr;27658.50
J36;1;0;rGGr;27658.75
J36;1;0;rGGr;27659.00
J36;1;0;rGGr;27659.25
J36;1;0;rGGr;27659.50
J36;1;0;rGGr;27659.75
J36;1;0;rGGr;27660.00
J36;1;0;rGGr;27660.25
J36;1;0;rGGr;27660.50
J36;1;0;rGGr;27660.75
J36;1;0;rGGr;27661.00
J36;1;0;rGGr;27661.25
J36;1;0;rGGr;27661.50
J36;1;0;rGGr;27661.75
J36;1;0;rGGr;27662.00
J36;1;0;rGGr;27662.25
J36;1;0;rGGr;27662.50
J36;1;0;rGGr;27662.75
J36;1;0;rGGr;27663.00
J36;1;0;rGGr;27663.25
J36;1;0;rGGr;27663.50
J36;1;0;rGGr;27663.75
J36;1;0;rGGr;27664.00
J36;1;0;rGGr;27664.25
J36;1;0;rGGr;27664.50
J36;1;0;rGGr;27664.75
J36;1;0;rGGr;27665.00
J36;1;0;rGGr;27665.25
J36;1;0;rGGr;27665.50
J36;1;0;rGGr;27665.75
J36;1;0;rGGr;27666.00
J36;1;0;rGGr;27666.25
J36;1;0;rGGr;27666.50
J36;1;0;rGGr;27666.75
J36;1;0;rGGr;27667.00
J36;1;0;rGGr;27667.25
J36;1;0;rGGr;27667.50
J36;1;0;rGGr;27667.75
J36;1;0;rGGr;27668.00
J36;2;0;ryyr;27668.25
J36;2;0;ryyr;27668.50
J36;2;0;ryyr;27668.75
J36;2;0;ryyr;27669.00
J36;2;0;ryyr;27669.25
J36;2;0;ryyr;27669.50
J36;2;0;ryyr;27669.75
J36;2;0;ryyr;27670.00
J36;2;0;ryyr;27670.25
J36;2;0;ryyr;27670.50
J36;2;0;ryyr;27670.75
J36;2;0;ryyr;27671.00
J36;3;0;rrrr;27671.25
J36;3;0;rrrr;27671.50
J36;3;0;rrrr;27671.75
J36;3;0;rrrr;27672.00
J36;3;0;rrrr;27672.25
J36;3;0;rrrr;27672.50
J36;3;0;rrrr;27672.75
J36;3;0;rrrr;27673.00
J36;4;0;urru;27673.25
J36;4;0;urru;27673.50
J36;4;0;urru;27673.75
J36;4;0;urru;27674.00
J36;5;0;GrrG;27674.25
J36;5;0;GrrG;27674.50
J36;5;0;GrrG;27674.75
J36;5;0;GrrG;27675.00
J36;5;0;GrrG;27675.25
J36;5;0;GrrG;27675.50
J36;5;0;GrrG;27675.75
J36;5;0;GrrG;27676.00
J36;5;0;GrrG;27676.25
J36;5;0;GrrG;27676.50
J36;5;0;GrrG;27676.75
J36;5;0;GrrG;27677.00
J36;5;0;GrrG;27677.25
J36;5;0;GrrG;27677.50
J36;5;0;GrrG;27677.75
J36;5;0;GrrG;27678.00
J36;5;0;GrrG;27678.25
J36;5;0;GrrG;27678.50
J36;5;0;GrrG;27678.75
J36;5;0;GrrG;27679.00
J36;5;0;GrrG;27679.25
J36;5;0;GrrG;27679.50
J36;5;0;GrrG;27679.75
J36;5;0;GrrG;27680.00
J36;5;0;GrrG;27680.25
J36;5;0;GrrG;27680.50
J36;5;0;GrrG;27680.75
J36;5;0;GrrG;27681.00
J36;5;0;GrrG;27681.25
J36;5;0;GrrG;27681.50
J36;5;0;GrrG;27681.75
J36;5;0;GrrG;27682.00
J36;5;0;GrrG;27682.25
J36;5;0;GrrG;27682.50
J36;5;0;GrrG;27682.75
J36;5;0;GrrG;27683.00
J36;5;0;GrrG;27683.25
J36;5;0;GrrG;27683.50
J36;5;0;GrrG;27683.75
J36;5;0;GrrG;27684.00
J36;5;0;GrrG;27684.25
J36;5;0;GrrG;27684.50
J36;5;0;GrrG;27684.75
J36;5;0;GrrG;27685.00
J36;5;0;GrrG;27685.25
J36;5;0;GrrG;27685.50
J36;5;0;GrrG;27685.75
J36;5;0;GrrG;27686.00
J36;5;0;GrrG;27686.25
J36;5;0;GrrG;27686.50
J36;5;0;GrrG;27686.75
J36;5;0;GrrG;27687.00
J36;5;0;GrrG;27687.25
J36;5;0;GrrG;27687.50
J36;5;0;GrrG;27687.75
J36;5;0;GrrG;27688.00
J36;5;0;GrrG;27688.25
J36;5;0;GrrG;27688.50
J36;5;0;GrrG;27688.75
J36;5;0;GrrG;27689.00
J36;5;0;GrrG;27689.25
J36;5;0;GrrG;27689.50
J36;5;0;GrrG;27689.75
J36;5;0;GrrG;27690.00
J36;5;0;GrrG;27690.25
J36;5;0;GrrG;27690.50
J36;5;0;GrrG;27690.75
J36;5;0;GrrG;27691.00
J36;5;0;GrrG;27691.25
J36;5;0;GrrG;27691.50
J36;5;0;GrrG;27691.75
J36;5;0;GrrG;27692.00
J36;5;0;GrrG;27692.25
J36;5;0;GrrG;27692.50
J36;5;0;GrrG;27692.75
J36;5;0;GrrG;27693.00
J36;5;0;GrrG;27693.25
J36;5;0;GrrG;27693.50
J36;5;0;GrrG;27693.75
J36;5;0;GrrG;27694.00
J36;5;0;GrrG;27694.25
J36;5;0;GrrG;27694.50
J36;5;0;GrrG;27694.75
J36;5;0;GrrG;27695.00
J36;5;0;GrrG;27695.25
J36;5;0;GrrG;27695.50
J36;5;0;GrrG;27695.75
J36;5;0;GrrG;27696.00
J36;5;0;GrrG;27696.25
J36;5;0;GrrG;27696.50
J36;5;0;GrrG;27696.75
J36;5;0;GrrG;27697.00
J36;5;0;GrrG;27697.25
J36;5;0;GrrG;27697.50
J36;5;0;GrrG;27697.75
J36;5;0;GrrG;27698.00
J36;5;0;GrrG;27698.25
J36;5;0;GrrG;27698.50
J36;5;0;GrrG;27698.75
J36;5;0;GrrG;27699.00
J36;6;0;yrry;27699.25
J36;6;0;yrry;27699.50
J36;6;0;yrry;27699.75
J36;6;0;yrry;27700.00
J36;6;0;yrry;27700.25
J36;6;0;yrry;27700.50
J36;6;0;yrry;27700.75
J36;6;0;yrry;27701.00
J36;6;0;yrry;27701.25
J36;6;0;yrry;27701.50
J36;6;0;yrry;27701.75
J36;6;0;yrry;27702.00
J36;7;0;rrrr;27702.25
J36;7;0;rrrr;27702.50
J36;7;0;rrrr;27702.75
J36;7;0;rrrr;27703.00
J36;0;0;ruur;27703.25
J36;0;0;ruur;27703.50
J36;0;0;ruur;27703.75
J36;0;0;ruur;27704.00
J36;1;0;rGGr;27704.25
J36;1;0;rGGr;27704.50
J36;1;0;rGGr;27704.75
J36;1;0;rGGr;27705.00
J36;1;0;rGGr;27705.25
J36;1;0;rGGr;27705.50
J36;1;0;rGGr;27705.75
J36;1;0;rGGr;27706.00
J36;1;0;rGGr;27706.25
J36;1;0;rGGr;27706.50
J36;1;0;rGGr;27706.75
J36;1;0;rGGr;27707.00
J36;1;0;rGGr;27707.25
J36;1;0;rGGr;27707.50
J36;1;0;rGGr;27707.75
J36;1;0;rGGr;27708.00
J36;1;0;rGGr;27708.25
J36;1;0;rGGr;27708.50
J36;1;0;rGGr;27708.75
J36;1;0;rGGr;27709.00
J36;1;0;rGGr;27709.25
J36;1;0;rGGr;27709.50
J36;1;0;rGGr;27709.75
J36;1;0;rGGr;27710.00
J36;1;0;rGGr;27710.25
J36;1;0;rGGr;27710.50
J36;1;0;rGGr;27710.75
J36;1;0;rGGr;27711.00
J36;1;0;rGGr;27711.25
J36;1;0;rGGr;27711.50
J36;1;0;rGGr;27711.75
J36;1;0;rGGr;27712.00
J36;1;0;rGGr;27712.25
J36;1;0;rGGr;27712.50
J36;1;0;rGGr;27712.75
J36;1;0;rGGr;27713.00
J36;1;0;rGGr;27713.25
J36;1;0;rGGr;27713.50
J36;1;0;rGGr;27713.75
J36;1;0;rGGr;27714.00
J36;1;0;rGGr;27714.25
J36;1;0;rGGr;27714.50
J36;1;0;rGGr;27714.75
J36;1;0;rGGr;27715.00
J36;1;0;rGGr;27715.25
J36;1;0;rGGr;27715.50
J36;1;0;rGGr;27715.75
J36;1;0;rGGr;27716.00
J36;1;0;rGGr;27716.25
J36;1;0;rGGr;27716.50
J36;1;0;rGGr;27716.75
J36;1;0;rGGr;27717.00
J36;1;0;rGGr;27717.25
J36;1;0;rGGr;27717.50
J36;1;0;rGGr;27717.75
J36;1;0;rGGr;27718.00
J36;1;0;rGGr;27718.25
J36;1;0;rGGr;27718.50
J36;1;0;rGGr;27718.75
J36;1;0;rGGr;27719.00
J36;1;0;rGGr;27719.25
J36;1;0;rGGr;27719.50
J36;1;0;rGGr;27719.75
J36;1;0;rGGr;27720.00
J36;1;0;rGGr;27720.25
J36;1;0;rGGr;27720.50
J36;1;0;rGGr;27720.75
J36;1;0;rGGr;27721.00
J36;1;0;rGGr;27721.25
J36;1;0;rGGr;27721.50
J36;1;0;rGGr;27721.75
J36;1;0;rGGr;27722.00
J36;1;0;rGGr;27722.25
J36;1;0;rGGr;27722.50
J36;1;0;rGGr;27722.75
J36;1;0;rGGr;27723.00
J36;1;0;rGGr;27723.25
J36;1;0;rGGr;27723.50
J36;1;0;rGGr;27723.75
J36;1;0;rGGr;27724.00
J36;1;0;rGGr;27724.25
J36;1;0;rGGr;27724.50
J36;1;0;rGGr;27724.75
J36;1;0;rGGr;27725.00
J36;1;0;rGGr;27725.25
J36;1;0;rGGr;27725.50
J36;1;0;rGGr;27725.75
J36;1;0;rGGr;27726.00
J36;1;0;rGGr;27726.25
J36;1;0;rGGr;27726.50
J36;1;0;rGGr;27726.75
J36;1;0;rGGr;27727.00
J36;1;0;rGGr;27727.25
J36;1;0;rGGr;27727.50
J36;1;0;rGGr;27727.75
J36;1;0;rGGr;27728.00
J36;1;0;rGGr;27728.25
J36;1;0;rGGr;27728.50
J36;1;0;rGGr;27728.75
J36;1;0;rGGr;27729.00
J36;2;0;ryyr;27729.25
J36;2;0;ryyr;27729.50
J36;2;0;ryyr;27729.75
J36;2;0;ryyr;27730.00
J36;2;0;ryyr;27730.25
J36;2;0;ryyr;27730.50
J36;2;0;ryyr;27730.75
J36;2;0;ryyr;27731.00
J36;2;0;ryyr;27731.25
J36;2;0;ryyr;27731.50
J36;2;0;ryyr;27731.75
J36;2;0;ryyr;27732.00
J36;3;0;rrrr;27732.25
J36;3;0;rrrr;27732.50
J36;3;0;rrrr;27732.75
J36;3;0;rrrr;27733.00
J36;4;0;urru;27733.25
J36;4;0;urru;27733.50
J36;4;0;urru;27733.75
J36;4;0;urru;27734.00
J36;5;0;GrrG;27734.25
J36;5;0;GrrG;27734.50
J36;5;0;GrrG;27734.75
J36;5;0;GrrG;27735.00
J36;5;0;GrrG;27735.25
J36;5;0;GrrG;27735.50
J36;5;0;GrrG;27735.75
J36;5;0;GrrG;27736.00
J36;5;0;GrrG;27736.25
J36;5;0;GrrG;27736.50
J36;5;0;GrrG;27736.75
J36;5;0;GrrG;27737.00
J36;5;0;GrrG;27737.25
J36;5;0;GrrG;27737.50
J36;5;0;GrrG;27737.75
J36;5;0;GrrG;27738.00
J36;5;0;GrrG;27738.25
J36;5;0;GrrG;27738.50
J36;5;0;GrrG;27738.75
J36;5;0;GrrG;27739.00
J36;5;0;GrrG;27739.25
J36;5;0;GrrG;27739.50
J36;5;0;GrrG;27739.75
J36;5;0;GrrG;27740.00
J36;5;0;GrrG;27740.25
J36;5;0;GrrG;27740.50
J36;5;0;GrrG;27740.75
J36;5;0;GrrG;27741.00
J36;5;0;GrrG;27741.25
J36;5;0;GrrG;27741.50
J36;5;0;GrrG;27741.75
J36;5;0;GrrG;27742.00
J36;5;0;GrrG;27742.25
J36;5;0;GrrG;27742.50
J36;5;0;GrrG;27742.75
J36;5;0;GrrG;27743.00
J36;5;0;GrrG;27743.25
J36;5;0;GrrG;27743.50
J36;5;0;GrrG;27743.75
J36;5;0;GrrG;27744.00
J36;5;0;GrrG;27744.25
J36;5;0;GrrG;27744.50
J36;5;0;GrrG;27744.75
J36;5;0;GrrG;27745.00
J36;5;0;GrrG;27745.25
J36;5;0;GrrG;27745.50
J36;5;0;GrrG;27745.75
J36;5;0;GrrG;27746.00
J36;5;0;GrrG;27746.25
J36;5;0;GrrG;27746.50
J36;5;0;GrrG;27746.75
J36;5;0;GrrG;27747.00
J36;5;0;GrrG;27747.25
J36;5;0;GrrG;27747.50
J36;5;0;GrrG;27747.75
J36;5;0;GrrG;27748.00
J36;5;0;GrrG;27748.25
J36;5;0;GrrG;27748.50
J36;5;0;GrrG;27748.75
J36;5;0;GrrG;27749.00
J36;5;0;GrrG;27749.25
J36;5;0;GrrG;27749.50
J36;5;0;GrrG;27749.75
J36;5;0;GrrG;27750.00
J36;5;0;GrrG;27750.25
J36;5;0;GrrG;27750.50
J36;5;0;GrrG;27750.75
J36;5;0;GrrG;27751.00
J36;5;0;GrrG;27751.25
J36;5;0;GrrG;27751.50
J36;5;0;GrrG;27751.75
J36;5;0;GrrG;27752.00
J36;5;0;GrrG;27752.25
J36;5;0;GrrG;27752.50
J36;5;0;GrrG;27752.75
J36;5;0;GrrG;27753.00
J36;5;0;GrrG;27753.25
J36;5;0;GrrG;27753.50
J36;5;0;GrrG;27753.75
J36;5;0;GrrG;27754.00
J36;5;0;GrrG;27754.25
J36;5;0;GrrG;27754.50
J36;5;0;GrrG;27754.75
J36;5;0;GrrG;27755.00
J36;5;0;GrrG;27755.25
J36;5;0;GrrG;27755.50
J36;5;0;GrrG;27755.75
J36;5;0;GrrG;27756.00
J36;5;0;GrrG;27756.25
J36;5;0;GrrG;27756.50
J36;5;0;GrrG;27756.75
J36;5;0;GrrG;27757.00
J36;5;0;GrrG;27757.25
J36;5;0;GrrG;27757.50
J36;5;0;GrrG;27757.75
J36;5;0;GrrG;27758.00
J36;5;0;GrrG;27758.25
J36;5;0;GrrG;27758.50
J36;5;0;GrrG;27758.75
J36;5;0;GrrG;27759.00
J36;6;0;yrry;27759.25
J36;6;0;yrry;27759.50
J36;6;0;yrry;27759.75
J36;6;0;yrry;27760.00
J36;6;0;yrry;27760.25
J36;6;0;yrry;27760.50
J36;6;0;yrry;27760.75
J36;6;0;yrry;27761.00
J36;6;0;yrry;27761.25
J36;6;0;yrry;27761.50
J36;6;0;yrry;27761.75
J36;6;0;yrry;27762.00
J36;7;0;rrrr;27762.25
J36;7;0;rrrr;27762.50
J36;7;0;rrrr;27762.75
J36;7;0;rrrr;27763.00
J36;0;0;ruur;27763.25
J36;0;0;ruur;27763.50
J36;0;0;ruur;27763.75
J36;0;0;ruur;27764.00
J36;1;0;rGGr;27764.25
J36;1;0;rGGr;27764.50
J36;1;0;rGGr;27764.75
J36;1;0;rGGr;27765.00
J36;1;0;rGGr;27765.25
J36;1;0;rGGr;27765.50
J36;1;0;rGGr;27765.75
J36;1;0;rGGr;27766.00
J36;1;0;rGGr;27766.25
J36;1;0;rGGr;27766.50
J36;1;0;rGGr;27766.75
J36;1;0;rGGr;27767.00
J36;1;0;rGGr;27767.25
J36;1;0;rGGr;27767.50
J36;1;0;rGGr;27767.75
J36;1;0;rGGr;27768.00
J36;1;0;rGGr;27768.25
J36;1;0;rGGr;27768.50
J36;1;0;rGGr;27768.75
J36;1;0;rGGr;27769.00
J36;1;0;rGGr;27769.25
J36;1;0;rGGr;27769.50
J36;1;0;rGGr;27769.75
J36;1;0;rGGr;27770.00
J36;1;0;rGGr;27770.25
J36;1;0;rGGr;27770.50
J36;1;0;rGGr;27770.75
J36;1;0;rGGr;27771.00
J36;1;0;rGGr;27771.25
J36;1;0;rGGr;27771.50
J36;1;0;rGGr;27771.75
J36;1;0;rGGr;27772.00
J36;1;0;rGGr;27772.25
J36;1;0;rGGr;27772.50
J36;1;0;rGGr;27772.75
J36;1;0;rGGr;27773.00
J36;1;0;rGGr;27773.25
J36;1;0;rGGr;27773.50
J36;1;0;rGGr;27773.75
J36;1;0;rGGr;27774.00
J36;1;0;rGGr;27774.25
J36;1;0;rGGr;27774.50
J36;1;0;rGGr;27774.75
J36;1;0;rGGr;27775.00
J36;1;0;rGGr;27775.25
J36;1;0;rGGr;27775.50
J36;1;0;rGGr;27775.75
J36;1;0;rGGr;27776.00
J36;1;0;rGGr;27776.25
J36;1;0;rGGr;27776.50
J36;1;0;rGGr;27776.75
J36;1;0;rGGr;27777.00
J36;1;0;rGGr;27777.25
J36;1;0;rGGr;27777.50
J36;1;0;rGGr;27777.75
J36;1;0;rGGr;27778.00
J36;1;0;rGGr;27778.25
J36;1;0;rGGr;27778.50
J36;1;0;rGGr;27778.75
J36;1;0;rGGr;27779.00
J36;1;0;rGGr;27779.25
J36;1;0;rGGr;27779.50
J36;1;0;rGGr;27779.75
J36;1;0;rGGr;27780.00
J36;1;0;rGGr;27780.25
J36;1;0;rGGr;27780.50
J36;1;0;rGGr;27780.75
J36;1;0;rGGr;27781.00
J36;1;0;rGGr;27781.25
J36;1;0;rGGr;27781.50
J36;1;0;rGGr;27781.75
J36;1;0;rGGr;27782.00
J36;1;0;rGGr;27782.25
J36;1;0;rGGr;27782.50
J36;1;0;rGGr;27782.75
J36;1;0;rGGr;27783.00
J36;1;0;rGGr;27783.25
J36;1;0;rGGr;27783.50
J36;1;0;rGGr;27783.75
J36;1;0;rGGr;27784.00
J36;1;0;rGGr;27784.25
J36;1;0;rGGr;27784.50
J36;1;0;rGGr;27784.75
J36;1;0;rGGr;27785.00
J36;1;0;rGGr;27785.25
J36;1;0;rGGr;27785.50
J36;1;0;rGGr;27785.75
J36;1;0;rGGr;27786.00
J36;1;0;rGGr;27786.25
J36;1;0;rGGr;27786.50
J36;1;0;rGGr;27786.75
J36;1;0;rGGr;27787.00
J36;1;0;rGGr;27787.25
J36;1;0;rGGr;27787.50
J36;1;0;rGGr;27787.75
J36;1;0;rGGr;27788.00
J36;1;0;rGGr;27788.25
J36;1;0;rGGr;27788.50
J36;1;0;rGGr;27788.75
J36;1;0;rGGr;27789.00
J36;2;0;ryyr;27789.25
J36;2;0;ryyr;27789.50
J36;2;0;ryyr;27789.75
J36;2;0;ryyr;27790.00
J36;2;0;ryyr;27790.25
J36;2;0;ryyr;27790.50
J36;2;0;ryyr;27790.75
J36;2;0;ryyr;27791.00
J36;2;0;ryyr;27791.25
J36;2;0;ryyr;27791.50
J36;2;0;ryyr;27791.75
J36;2;0;ryyr;27792.00
J36;3;0;rrrr;27792.25
J36;3;0;rrrr;27792.50
J36;3;0;rrrr;27792.75
J36;3;0;rrrr;27793.00
J36;4;0;urru;27793.25
J36;4;0;urru;27793.50
J36;4;0;urru;27793.75
J36;4;0;urru;27794.00
J36;5;0;GrrG;27794.25
J36;5;0;GrrG;27794.50
J36;5;0;GrrG;27794.75
J36;5;0;GrrG;27795.00
J36;5;0;GrrG;27795.25
J36;5;0;GrrG;27795.50
J36;5;0;GrrG;27795.75
J36;5;0;GrrG;27796.00
J36;5;0;GrrG;27796.25
J36;5;0;GrrG;27796.50
J36;5;0;GrrG;27796.75
J36;5;0;GrrG;27797.00
J36;5;0;GrrG;27797.25
J36;5;0;GrrG;27797.50
J36;5;0;GrrG;27797.75
J36;5;0;GrrG;27798.00
J36;5;0;GrrG;27798.25
J36;5;0;GrrG;27798.50
J36;5;0;GrrG;27798.75
J36;5;0;GrrG;27799.00
J36;5;0;GrrG;27799.25
J36;5;0;GrrG;27799.50
J36;5;0;GrrG;27799.75
J36;5;0;GrrG;27800.00
J36;5;0;GrrG;27800.25
J36;5;0;GrrG;27800.50
J36;5;0;GrrG;27800.75
J36;5;0;GrrG;27801.00
J36;5;0;GrrG;27801.25
J36;5;0;GrrG;27801.50
J36;5;0;GrrG;27801.75
J36;5;0;GrrG;27802.00
J36;5;0;GrrG;27802.25
J36;5;0;GrrG;27802.50
J36;5;0;GrrG;27802.75
J36;5;0;GrrG;27803.00
J36;5;0;GrrG;27803.25
J36;5;0;GrrG;27803.50
J36;5;0;GrrG;27803.75
J36;5;0;GrrG;27804.00
J36;5;0;GrrG;27804.25
J36;5;0;GrrG;27804.50
J36;5;0;GrrG;27804.75
J36;5;0;GrrG;27805.00
J36;5;0;GrrG;27805.25
J36;5;0;GrrG;27805.50
J36;5;0;GrrG;27805.75
J36;5;0;GrrG;27806.00
J36;5;0;GrrG;27806.25
J36;5;0;GrrG;27806.50
J36;5;0;GrrG;27806.75
J36;5;0;GrrG;27807.00
J36;5;0;GrrG;27807.25
J36;5;0;GrrG;27807.50
J36;5;0;GrrG;27807.75
J36;5;0;GrrG;27808.00
J36;5;0;GrrG;27808.25
J36;5;0;GrrG;27808.50
J36;5;0;GrrG;27808.75
J36;5;0;GrrG;27809.00
J36;5;0;GrrG;27809.25
J36;5;0;GrrG;27809.50
J36;5;0;GrrG;27809.75
J36;5;0;GrrG;27810.00
J36;5;0;GrrG;27810.25
J36;5;0;GrrG;27810.50
J36;5;0;GrrG;27810.75
J36;5;0;GrrG;27811.00
J36;5;0;GrrG;27811.25
J36;5;0;GrrG;27811.50
J36;5;0;GrrG;27811.75
J36;5;0;GrrG;27812.00
J36;5;0;GrrG;27812.25
J36;5;0;GrrG;27812.50
J36;5;0;GrrG;27812.75
J36;5;0;GrrG;27813.00
J36;5;0;GrrG;27813.25
J36;5;0;GrrG;27813.50
J36;5;0;GrrG;27813.75
J36;5;0;GrrG;27814.00
J36;5;0;GrrG;27814.25
J36;5;0;GrrG;27814.50
J36;5;0;GrrG;27814.75
J36;5;0;GrrG;27815.00
J36;5;0;GrrG;27815.25
J36;5;0;GrrG;27815.50
J36;5;0;GrrG;27815.75
J36;5;0;GrrG;27816.00
J36;5;0;GrrG;27816.25
J36;5;0;GrrG;27816.50
J36;5;0;GrrG;27816.75
J36;5;0;GrrG;27817.00
J36;5;0;GrrG;27817.25
J36;5;0;GrrG;27817.50
J36;5;0;GrrG;27817.75
J36;5;0;GrrG;27818.00
J36;5;0;GrrG;27818.25
J36;5;0;GrrG;27818.50
J36;5;0;GrrG;27818.75
J36;5;0;GrrG;27819.00
J36;6;0;yrry;27819.25
J36;6;0;yrry;27819.50
J36;6;0;yrry;27819.75
J36;6;0;yrry;27820.00
J36;6;0;yrry;27820.25
J36;6;0;yrry;27820.50
J36;6;0;yrry;27820.75
J36;6;0;yrry;27821.00
J36;6;0;yrry;27821.25
J36;6;0;yrry;27821.50
J36;6;0;yrry;27821.75
J36;6;0;yrry;27822.00
J36;7;0;rrrr;27822.25
J36;7;0;rrrr;27822.50
J36;7;0;rrrr;27822.75
J36;7;0;rrrr;27823.00
J36;0;0;ruur;27823.25
J36;0;0;ruur;27823.50
J36;0;0;ruur;27823.75
J36;0;0;ruur;27824.00
J36;1;0;rGGr;27824.25
J36;1;0;rGGr;27824.50
J36;1;0;rGGr;27824.75
J36;1;0;rGGr;27825.00
J36;1;0;rGGr;27825.25
J36;1;0;rGGr;27825.50
J36;1;0;rGGr;27825.75
J36;1;0;rGGr;27826.00
J36;1;0;rGGr;27826.25
J36;1;0;rGGr;27826.50
J36;1;0;rGGr;27826.75
J36;1;0;rGGr;27827.00
J36;1;0;rGGr;27827.25
J36;1;0;rGGr;27827.50
J36;1;0;rGGr;27827.75
J36;1;0;rGGr;27828.00
J36;1;0;rGGr;27828.25
J36;1;0;rGGr;27828.50
J36;1;0;rGGr;27828.75
J36;1;0;rGGr;27829.00
J36;1;0;rGGr;27829.25
J36;1;0;rGGr;27829.50
J36;1;0;rGGr;27829.75
J36;1;0;rGGr;27830.00
J36;1;0;rGGr;27830.25
J36;1;0;rGGr;27830.50
J36;1;0;rGGr;27830.75
J36;1;0;rGGr;27831.00
J36;1;0;rGGr;27831.25
J36;1;0;rGGr;27831.50
J36;1;0;rGGr;27831.75
J36;1;0;rGGr;27832.00
J36;1;0;rGGr;27832.25
J36;1;0;rGGr;27832.50
J36;1;0;rGGr;27832.75
J36;1;0;rGGr;27833.00
J36;1;0;rGGr;27833.25
J36;1;0;rGGr;27833.50
J36;1;0;rGGr;27833.75
J36;1;0;rGGr;27834.00
J36;1;0;rGGr;27834.25
J36;1;0;rGGr;27834.50
J36;1;0;rGGr;27834.75
J36;1;0;rGGr;27835.00
J36;1;0;rGGr;27835.25
J36;1;0;rGGr;27835.50
J36;1;0;rGGr;27835.75
J36;1;0;rGGr;27836.00
J36;1;0;rGGr;27836.25
J36;1;0;rGGr;27836.50
J36;0;online;yyyyyyyyyyyyyyyyyyyyyyyyyyyyyyyyyyyyyyyyyyyyyyyyyyyyyyyyy;27836.75
J36;0;online;yyyyyyyyyyyyyyyyyyyyyyyyyyyyyyyyyyyyyyyyyyyyyyyyyyyyyyyyy;27837.00
J36;0;online;yyyyyyyyyyyyyyyyyyyyyyyyyyyyyyyyyyyyyyyyyyyyyyyyyyyyyyyyy;27837.25
J36;0;online;yyyyyyyyyyyyyyyyyyyyyyyyyyyyyyyyyyyyyyyyyyyyyyyyyyyyyyyyy;27837.50
J36;0;online;yyyyyyyyyyyyyyyyyyyyyyyyyyyyyyyyyyyyyyyyyyyyyyyyyyyyyyyyy;27837.75
J36;0;online;yyyyyyyyyyyyyyyyyyyyyyyyyyyyyyyyyyyyyyyyyyyyyyyyyyyyyyyyy;27838.00
J36;0;online;yyyyyyyyyyyyyyyyyyyyyyyyyyyyyyyyyyyyyyyyyyyyyyyyyyyyyyyyy;27838.25
J36;0;online;yyyyyyyyyyyyyyyyyyyyyyyyyyyyyyyyyyyyyyyyyyyyyyyyyyyyyyyyy;27838.50
J36;0;online;yyyyyyyyyyyyyyyyyyyyyyyyyyyyyyyyyyyyyyyyyyyyyyyyyyyyyyyyy;27838.75
J36;0;online;yyyyyyyyyyyyyyyyyyyyyyyyyyyyyyyyyyyyyyyyyyyyyyyyyyyyyyyyy;27839.00
J36;0;online;yyyyyyyyyyyyyyyyyyyyyyyyyyyyyyyyyyyyyyyyyyyyyyyyyyyyyyyyy;27839.25
J36;0;online;yyyyyyyyyyyyyyyyyyyyyyyyyyyyyyyyyyyyyyyyyyyyyyyyyyyyyyyyy;27839.50
J36;4;0;urru;27839.75
J36;4;0;urru;27840.00
J36;4;0;urru;27840.25
J36;4;0;urru;27840.50
J36;5;0;GrrG;27840.75
J36;5;0;GrrG;27841.00
J36;5;0;GrrG;27841.25
J36;5;0;GrrG;27841.50
J36;5;0;GrrG;27841.75
J36;5;0;GrrG;27842.00
J36;5;0;GrrG;27842.25
J36;5;0;GrrG;27842.50
J36;5;0;GrrG;27842.75
J36;5;0;GrrG;27843.00
J36;5;0;GrrG;27843.25
J36;5;0;GrrG;27843.50
J36;5;0;GrrG;27843.75
J36;5;0;GrrG;27844.00
J36;5;0;GrrG;27844.25
J36;5;0;GrrG;27844.50
J36;5;0;GrrG;27844.75
J36;5;0;GrrG;27845.00
J36;5;0;GrrG;27845.25
J36;5;0;GrrG;27845.50
J36;5;0;GrrG;27845.75
J36;5;0;GrrG;27846.00
J36;5;0;GrrG;27846.25
J36;5;0;GrrG;27846.50
J36;5;0;GrrG;27846.75
J36;5;0;GrrG;27847.00
J36;5;0;GrrG;27847.25
J36;5;0;GrrG;27847.50
J36;5;0;GrrG;27847.75
J36;5;0;GrrG;27848.00
J36;5;0;GrrG;27848.25
J36;5;0;GrrG;27848.50
J36;5;0;GrrG;27848.75
J36;5;0;GrrG;27849.00
J36;5;0;GrrG;27849.25
J36;5;0;GrrG;27849.50
J36;5;0;GrrG;27849.75
J36;5;0;GrrG;27850.00
J36;5;0;GrrG;27850.25
J36;5;0;GrrG;27850.50
J36;5;0;GrrG;27850.75
J36;5;0;GrrG;27851.00
J36;5;0;GrrG;27851.25
J36;5;0;GrrG;27851.50
J36;5;0;GrrG;27851.75
J36;5;0;GrrG;27852.00
J36;5;0;GrrG;27852.25
J36;5;0;GrrG;27852.50
J36;5;0;GrrG;27852.75
J36;5;0;GrrG;27853.00
J36;5;0;GrrG;27853.25
J36;5;0;GrrG;27853.50
J36;5;0;GrrG;27853.75
J36;5;0;GrrG;27854.00
J36;5;0;GrrG;27854.25
J36;5;0;GrrG;27854.50
J36;5;0;GrrG;27854.75
J36;5;0;GrrG;27855.00
J36;5;0;GrrG;27855.25
J36;5;0;GrrG;27855.50
J36;5;0;GrrG;27855.75
J36;5;0;GrrG;27856.00
J36;5;0;GrrG;27856.25
J36;5;0;GrrG;27856.50
J36;5;0;GrrG;27856.75
J36;5;0;GrrG;27857.00
J36;5;0;GrrG;27857.25
J36;5;0;GrrG;27857.50
J36;5;0;GrrG;27857.75
J36;5;0;GrrG;27858.00
J36;5;0;GrrG;27858.25
J36;5;0;GrrG;27858.50
J36;5;0;GrrG;27858.75
J36;5;0;GrrG;27859.00
J36;5;0;GrrG;27859.25
J36;5;0;GrrG;27859.50
J36;5;0;GrrG;27859.75
J36;5;0;GrrG;27860.00
J36;5;0;GrrG;27860.25
J36;5;0;GrrG;27860.50
J36;5;0;GrrG;27860.75
J36;5;0;GrrG;27861.00
J36;5;0;GrrG;27861.25
J36;5;0;GrrG;27861.50
J36;5;0;GrrG;27861.75
J36;5;0;GrrG;27862.00
J36;5;0;GrrG;27862.25
J36;5;0;GrrG;27862.50
J36;5;0;GrrG;27862.75
J36;5;0;GrrG;27863.00
J36;5;0;GrrG;27863.25
J36;5;0;GrrG;27863.50
J36;5;0;GrrG;27863.75
J36;5;0;GrrG;27864.00
J36;5;0;GrrG;27864.25
J36;5;0;GrrG;27864.50
J36;5;0;GrrG;27864.75
J36;5;0;GrrG;27865.00
J36;5;0;GrrG;27865.25
J36;5;0;GrrG;27865.50
J36;6;0;yrry;27865.75
J36;6;0;yrry;27866.00
J36;6;0;yrry;27866.25
J36;6;0;yrry;27866.50
J36;6;0;yrry;27866.75
J36;6;0;yrry;27867.00
J36;6;0;yrry;27867.25
J36;6;0;yrry;27867.50
J36;6;0;yrry;27867.75
J36;6;0;yrry;27868.00
J36;6;0;yrry;27868.25
J36;6;0;yrry;27868.50
J36;7;0;rrrr;27868.75
J36;7;0;rrrr;27869.00
J36;7;0;rrrr;27869.25
J36;7;0;rrrr;27869.50
J36;0;0;ruur;27869.75
J36;0;0;ruur;27870.00
J36;0;0;ruur;27870.25
J36;0;0;ruur;27870.50
J36;1;0;rGGr;27870.75
J36;1;0;rGGr;27871.00
J36;1;0;rGGr;27871.25
J36;1;0;rGGr;27871.50
J36;1;0;rGGr;27871.75
J36;1;0;rGGr;27872.00
J36;1;0;rGGr;27872.25
J36;1;0;rGGr;27872.50
J36;1;0;rGGr;27872.75
J36;1;0;rGGr;27873.00
J36;1;0;rGGr;27873.25
J36;1;0;rGGr;27873.50
J36;1;0;rGGr;27873.75
J36;1;0;rGGr;27874.00
J36;1;0;rGGr;27874.25
J36;1;0;rGGr;27874.50
J36;1;0;rGGr;27874.75
J36;1;0;rGGr;27875.00
J36;1;0;rGGr;27875.25
J36;1;0;rGGr;27875.50
J36;1;0;rGGr;27875.75
J36;1;0;rGGr;27876.00
J36;1;0;rGGr;27876.25
J36;1;0;rGGr;27876.50
J36;1;0;rGGr;27876.75
J36;1;0;rGGr;27877.00
J36;1;0;rGGr;27877.25
J36;1;0;rGGr;27877.50
J36;1;0;rGGr;27877.75
J36;1;0;rGGr;27878.00
J36;1;0;rGGr;27878.25
J36;1;0;rGGr;27878.50
J36;1;0;rGGr;27878.75
J36;1;0;rGGr;27879.00
J36;1;0;rGGr;27879.25
J36;1;0;rGGr;27879.50
J36;1;0;rGGr;27879.75
J36;1;0;rGGr;27880.00
J36;1;0;rGGr;27880.25
J36;1;0;rGGr;27880.50
J36;1;0;rGGr;27880.75
J36;1;0;rGGr;27881.00
J36;1;0;rGGr;27881.25
J36;1;0;rGGr;27881.50
J36;1;0;rGGr;27881.75
J36;1;0;rGGr;27882.00
J36;1;0;rGGr;27882.25
J36;1;0;rGGr;27882.50
J36;1;0;rGGr;27882.75
J36;1;0;rGGr;27883.00
J36;1;0;rGGr;27883.25
J36;1;0;rGGr;27883.50
J36;1;0;rGGr;27883.75
J36;1;0;rGGr;27884.00
J36;1;0;rGGr;27884.25
J36;1;0;rGGr;27884.50
J36;1;0;rGGr;27884.75
J36;1;0;rGGr;27885.00
J36;1;0;rGGr;27885.25
J36;1;0;rGGr;27885.50
J36;1;0;rGGr;27885.75
J36;1;0;rGGr;27886.00
J36;1;0;rGGr;27886.25
J36;1;0;rGGr;27886.50
J36;1;0;rGGr;27886.75
J36;1;0;rGGr;27887.00
J36;1;0;rGGr;27887.25
J36;1;0;rGGr;27887.50
J36;1;0;rGGr;27887.75
J36;1;0;rGGr;27888.00
J36;1;0;rGGr;27888.25
J36;0;online;yyyyyyyyyyyyyyyyyyyyyyyyyyyyyyyyyyyyyyyyyyyyyyyyyyyyyyyyy;27888.50
J36;0;online;yyyyyyyyyyyyyyyyyyyyyyyyyyyyyyyyyyyyyyyyyyyyyyyyyyyyyyyyy;27888.75
J36;0;online;yyyyyyyyyyyyyyyyyyyyyyyyyyyyyyyyyyyyyyyyyyyyyyyyyyyyyyyyy;27889.00
J36;0;online;yyyyyyyyyyyyyyyyyyyyyyyyyyyyyyyyyyyyyyyyyyyyyyyyyyyyyyyyy;27889.25
J36;0;online;yyyyyyyyyyyyyyyyyyyyyyyyyyyyyyyyyyyyyyyyyyyyyyyyyyyyyyyyy;27889.50
J36;0;online;yyyyyyyyyyyyyyyyyyyyyyyyyyyyyyyyyyyyyyyyyyyyyyyyyyyyyyyyy;27889.75
J36;0;online;yyyyyyyyyyyyyyyyyyyyyyyyyyyyyyyyyyyyyyyyyyyyyyyyyyyyyyyyy;27890.00
J36;0;online;yyyyyyyyyyyyyyyyyyyyyyyyyyyyyyyyyyyyyyyyyyyyyyyyyyyyyyyyy;27890.25
J36;0;online;yyyyyyyyyyyyyyyyyyyyyyyyyyyyyyyyyyyyyyyyyyyyyyyyyyyyyyyyy;27890.50
J36;0;online;yyyyyyyyyyyyyyyyyyyyyyyyyyyyyyyyyyyyyyyyyyyyyyyyyyyyyyyyy;27890.75
J36;0;online;yyyyyyyyyyyyyyyyyyyyyyyyyyyyyyyyyyyyyyyyyyyyyyyyyyyyyyyyy;27891.00
J36;0;online;yyyyyyyyyyyyyyyyyyyyyyyyyyyyyyyyyyyyyyyyyyyyyyyyyyyyyyyyy;27891.25
J36;4;0;urru;27891.50
J36;4;0;urru;27891.75
J36;4;0;urru;27892.00
J36;4;0;urru;27892.25
J36;5;0;GrrG;27892.50
J36;5;0;GrrG;27892.75
J36;5;0;GrrG;27893.00
J36;5;0;GrrG;27893.25
J36;5;0;GrrG;27893.50
J36;5;0;GrrG;27893.75
J36;5;0;GrrG;27894.00
J36;5;0;GrrG;27894.25
J36;5;0;GrrG;27894.50
J36;5;0;GrrG;27894.75
J36;5;0;GrrG;27895.00
J36;5;0;GrrG;27895.25
J36;5;0;GrrG;27895.50
J36;5;0;GrrG;27895.75
J36;5;0;GrrG;27896.00
J36;5;0;GrrG;27896.25
J36;5;0;GrrG;27896.50
J36;5;0;GrrG;27896.75
J36;5;0;GrrG;27897.00
J36;5;0;GrrG;27897.25
J36;5;0;GrrG;27897.50
J36;5;0;GrrG;27897.75
J36;5;0;GrrG;27898.00
J36;5;0;GrrG;27898.25
J36;5;0;GrrG;27898.50
J36;5;0;GrrG;27898.75
J36;5;0;GrrG;27899.00
J36;5;0;GrrG;27899.25
J36;5;0;GrrG;27899.50
J36;5;0;GrrG;27899.75
J36;5;0;GrrG;27900.00
J36;5;0;GrrG;27900.25
J36;5;0;GrrG;27900.50
J36;5;0;GrrG;27900.75
J36;5;0;GrrG;27901.00
J36;5;0;GrrG;27901.25
J36;5;0;GrrG;27901.50
J36;5;0;GrrG;27901.75
J36;5;0;GrrG;27902.00
J36;5;0;GrrG;27902.25
J36;5;0;GrrG;27902.50
J36;5;0;GrrG;27902.75
J36;5;0;GrrG;27903.00
J36;5;0;GrrG;27903.25
J36;5;0;GrrG;27903.50
J36;5;0;GrrG;27903.75
J36;5;0;GrrG;27904.00
J36;5;0;GrrG;27904.25
J36;5;0;GrrG;27904.50
J36;5;0;GrrG;27904.75
J36;5;0;GrrG;27905.00
J36;5;0;GrrG;27905.25
J36;5;0;GrrG;27905.50
J36;5;0;GrrG;27905.75
J36;5;0;GrrG;27906.00
J36;5;0;GrrG;27906.25
J36;5;0;GrrG;27906.50
J36;5;0;GrrG;27906.75
J36;5;0;GrrG;27907.00
J36;5;0;GrrG;27907.25
J36;5;0;GrrG;27907.50
J36;5;0;GrrG;27907.75
J36;5;0;GrrG;27908.00
J36;5;0;GrrG;27908.25
J36;5;0;GrrG;27908.50
J36;5;0;GrrG;27908.75
J36;5;0;GrrG;27909.00
J36;5;0;GrrG;27909.25
J36;5;0;GrrG;27909.50
J36;5;0;GrrG;27909.75
J36;5;0;GrrG;27910.00
J36;5;0;GrrG;27910.25
J36;5;0;GrrG;27910.50
J36;5;0;GrrG;27910.75
J36;5;0;GrrG;27911.00
J36;5;0;GrrG;27911.25
J36;5;0;GrrG;27911.50
J36;5;0;GrrG;27911.75
J36;5;0;GrrG;27912.00
J36;5;0;GrrG;27912.25
J36;5;0;GrrG;27912.50
J36;5;0;GrrG;27912.75
J36;5;0;GrrG;27913.00
J36;5;0;GrrG;27913.25
J36;5;0;GrrG;27913.50
J36;5;0;GrrG;27913.75
J36;5;0;GrrG;27914.00
J36;5;0;GrrG;27914.25
J36;5;0;GrrG;27914.50
J36;5;0;GrrG;27914.75
J36;5;0;GrrG;27915.00
J36;5;0;GrrG;27915.25
J36;5;0;GrrG;27915.50
J36;5;0;GrrG;27915.75
J36;5;0;GrrG;27916.00
J36;5;0;GrrG;27916.25
J36;5;0;GrrG;27916.50
J36;5;0;GrrG;27916.75
J36;5;0;GrrG;27917.00
J36;5;0;GrrG;27917.25
J36;6;0;yrry;27917.50
J36;6;0;yrry;27917.75
J36;6;0;yrry;27918.00
J36;6;0;yrry;27918.25
J36;6;0;yrry;27918.50
J36;6;0;yrry;27918.75
J36;6;0;yrry;27919.00
J36;6;0;yrry;27919.25
J36;6;0;yrry;27919.50
J36;6;0;yrry;27919.75
J36;6;0;yrry;27920.00
J36;6;0;yrry;27920.25
J36;7;0;rrrr;27920.50
J36;7;0;rrrr;27920.75
J36;7;0;rrrr;27921.00
J36;7;0;rrrr;27921.25
J36;0;0;ruur;27921.50
J36;0;0;ruur;27921.75
J36;0;0;ruur;27922.00
J36;0;0;ruur;27922.25
J36;1;0;rGGr;27922.50
J36;1;0;rGGr;27922.75
J36;1;0;rGGr;27923.00
J36;1;0;rGGr;27923.25
J36;1;0;rGGr;27923.50
J36;1;0;rGGr;27923.75
J36;1;0;rGGr;27924.00
J36;1;0;rGGr;27924.25
J36;1;0;rGGr;27924.50
J36;0;online;yyyyyyyyyyyyyyyyyyyyyyyyyyyyyyyyyyyyyyyyyyyyyyyyyyyyyyyyy;27924.75
J36;0;online;yyyyyyyyyyyyyyyyyyyyyyyyyyyyyyyyyyyyyyyyyyyyyyyyyyyyyyyyy;27925.00
J36;0;online;yyyyyyyyyyyyyyyyyyyyyyyyyyyyyyyyyyyyyyyyyyyyyyyyyyyyyyyyy;27925.25
J36;0;online;yyyyyyyyyyyyyyyyyyyyyyyyyyyyyyyyyyyyyyyyyyyyyyyyyyyyyyyyy;27925.50
J36;0;online;yyyyyyyyyyyyyyyyyyyyyyyyyyyyyyyyyyyyyyyyyyyyyyyyyyyyyyyyy;27925.75
J36;0;online;yyyyyyyyyyyyyyyyyyyyyyyyyyyyyyyyyyyyyyyyyyyyyyyyyyyyyyyyy;27926.00
J36;0;online;yyyyyyyyyyyyyyyyyyyyyyyyyyyyyyyyyyyyyyyyyyyyyyyyyyyyyyyyy;27926.25
J36;0;online;yyyyyyyyyyyyyyyyyyyyyyyyyyyyyyyyyyyyyyyyyyyyyyyyyyyyyyyyy;27926.50
J36;0;online;yyyyyyyyyyyyyyyyyyyyyyyyyyyyyyyyyyyyyyyyyyyyyyyyyyyyyyyyy;27926.75
J36;0;online;yyyyyyyyyyyyyyyyyyyyyyyyyyyyyyyyyyyyyyyyyyyyyyyyyyyyyyyyy;27927.00
J36;0;online;yyyyyyyyyyyyyyyyyyyyyyyyyyyyyyyyyyyyyyyyyyyyyyyyyyyyyyyyy;27927.25
J36;0;online;yyyyyyyyyyyyyyyyyyyyyyyyyyyyyyyyyyyyyyyyyyyyyyyyyyyyyyyyy;27927.50
J36;4;0;urru;27927.75
J36;4;0;urru;27928.00
J36;4;0;urru;27928.25
J36;4;0;urru;27928.50
J36;5;0;GrrG;27928.75
J36;5;0;GrrG;27929.00
J36;5;0;GrrG;27929.25
J36;5;0;GrrG;27929.50
J36;5;0;GrrG;27929.75
J36;5;0;GrrG;27930.00
J36;5;0;GrrG;27930.25
J36;5;0;GrrG;27930.50
J36;5;0;GrrG;27930.75
J36;5;0;GrrG;27931.00
J36;5;0;GrrG;27931.25
J36;5;0;GrrG;27931.50
J36;5;0;GrrG;27931.75
J36;5;0;GrrG;27932.00
J36;5;0;GrrG;27932.25
J36;5;0;GrrG;27932.50
J36;5;0;GrrG;27932.75
J36;5;0;GrrG;27933.00
J36;5;0;GrrG;27933.25
J36;5;0;GrrG;27933.50
J36;5;0;GrrG;27933.75
J36;5;0;GrrG;27934.00
J36;5;0;GrrG;27934.25
J36;5;0;GrrG;27934.50
J36;5;0;GrrG;27934.75
J36;5;0;GrrG;27935.00
J36;5;0;GrrG;27935.25
J36;5;0;GrrG;27935.50
J36;5;0;GrrG;27935.75
J36;5;0;GrrG;27936.00
J36;5;0;GrrG;27936.25
J36;5;0;GrrG;27936.50
J36;5;0;GrrG;27936.75
J36;5;0;GrrG;27937.00
J36;5;0;GrrG;27937.25
J36;5;0;GrrG;27937.50
J36;5;0;GrrG;27937.75
J36;5;0;GrrG;27938.00
J36;5;0;GrrG;27938.25
J36;5;0;GrrG;27938.50
J36;5;0;GrrG;27938.75
J36;5;0;GrrG;27939.00
J36;5;0;GrrG;27939.25
J36;5;0;GrrG;27939.50
J36;5;0;GrrG;27939.75
J36;5;0;GrrG;27940.00
J36;5;0;GrrG;27940.25
J36;5;0;GrrG;27940.50
J36;5;0;GrrG;27940.75
J36;5;0;GrrG;27941.00
J36;5;0;GrrG;27941.25
J36;5;0;GrrG;27941.50
J36;5;0;GrrG;27941.75
J36;5;0;GrrG;27942.00
J36;5;0;GrrG;27942.25
J36;5;0;GrrG;27942.50
J36;5;0;GrrG;27942.75
J36;5;0;GrrG;27943.00
J36;5;0;GrrG;27943.25
J36;5;0;GrrG;27943.50
J36;5;0;GrrG;27943.75
J36;5;0;GrrG;27944.00
J36;5;0;GrrG;27944.25
J36;5;0;GrrG;27944.50
J36;5;0;GrrG;27944.75
J36;5;0;GrrG;27945.00
J36;5;0;GrrG;27945.25
J36;5;0;GrrG;27945.50
J36;5;0;GrrG;27945.75
J36;5;0;GrrG;27946.00
J36;5;0;GrrG;27946.25
J36;5;0;GrrG;27946.50
J36;5;0;GrrG;27946.75
J36;5;0;GrrG;27947.00
J36;5;0;GrrG;27947.25
J36;5;0;GrrG;27947.50
J36;5;0;GrrG;27947.75
J36;5;0;GrrG;27948.00
J36;5;0;GrrG;27948.25
J36;5;0;GrrG;27948.50
J36;5;0;GrrG;27948.75
J36;5;0;GrrG;27949.00
J36;5;0;GrrG;27949.25
J36;5;0;GrrG;27949.50
J36;5;0;GrrG;27949.75
J36;5;0;GrrG;27950.00
J36;5;0;GrrG;27950.25
J36;5;0;GrrG;27950.50
J36;5;0;GrrG;27950.75
J36;5;0;GrrG;27951.00
J36;5;0;GrrG;27951.25
J36;5;0;GrrG;27951.50
J36;5;0;GrrG;27951.75
J36;5;0;GrrG;27952.00
J36;5;0;GrrG;27952.25
J36;5;0;GrrG;27952.50
J36;5;0;GrrG;27952.75
J36;5;0;GrrG;27953.00
J36;5;0;GrrG;27953.25
J36;5;0;GrrG;27953.50
J36;6;0;yrry;27953.75
J36;6;0;yrry;27954.00
J36;6;0;yrry;27954.25
J36;6;0;yrry;27954.50
J36;6;0;yrry;27954.75
J36;6;0;yrry;27955.00
J36;6;0;yrry;27955.25
J36;6;0;yrry;27955.50
J36;6;0;yrry;27955.75
J36;6;0;yrry;27956.00
J36;6;0;yrry;27956.25
J36;6;0;yrry;27956.50
J36;7;0;rrrr;27956.75
J36;7;0;rrrr;27957.00
J36;7;0;rrrr;27957.25
J36;7;0;rrrr;27957.50
J36;0;0;ruur;27957.75
J36;0;0;ruur;27958.00
J36;0;0;ruur;27958.25
J36;0;0;ruur;27958.50
J36;1;0;rGGr;27958.75
J36;1;0;rGGr;27959.00
J36;1;0;rGGr;27959.25
J36;1;0;rGGr;27959.50
J36;1;0;rGGr;27959.75
J36;1;0;rGGr;27960.00
J36;1;0;rGGr;27960.25
J36;1;0;rGGr;27960.50
J36;1;0;rGGr;27960.75
J36;1;0;rGGr;27961.00
J36;1;0;rGGr;27961.25
J36;1;0;rGGr;27961.50
J36;1;0;rGGr;27961.75
J36;1;0;rGGr;27962.00
J36;1;0;rGGr;27962.25
J36;1;0;rGGr;27962.50
J36;1;0;rGGr;27962.75
J36;1;0;rGGr;27963.00
J36;1;0;rGGr;27963.25
J36;1;0;rGGr;27963.50
J36;1;0;rGGr;27963.75
J36;1;0;rGGr;27964.00
J36;1;0;rGGr;27964.25
J36;1;0;rGGr;27964.50
J36;1;0;rGGr;27964.75
J36;1;0;rGGr;27965.00
J36;1;0;rGGr;27965.25
J36;1;0;rGGr;27965.50
J36;1;0;rGGr;27965.75
J36;1;0;rGGr;27966.00
J36;1;0;rGGr;27966.25
J36;1;0;rGGr;27966.50
J36;1;0;rGGr;27966.75
J36;1;0;rGGr;27967.00
J36;1;0;rGGr;27967.25
J36;1;0;rGGr;27967.50
J36;1;0;rGGr;27967.75
J36;1;0;rGGr;27968.00
J36;1;0;rGGr;27968.25
J36;1;0;rGGr;27968.50
J36;1;0;rGGr;27968.75
J36;1;0;rGGr;27969.00
J36;1;0;rGGr;27969.25
J36;1;0;rGGr;27969.50
J36;1;0;rGGr;27969.75
J36;1;0;rGGr;27970.00
J36;1;0;rGGr;27970.25
J36;1;0;rGGr;27970.50
J36;1;0;rGGr;27970.75
J36;1;0;rGGr;27971.00
J36;1;0;rGGr;27971.25
J36;1;0;rGGr;27971.50
J36;1;0;rGGr;27971.75
J36;1;0;rGGr;27972.00
J36;1;0;rGGr;27972.25
J36;1;0;rGGr;27972.50
J36;1;0;rGGr;27972.75
J36;1;0;rGGr;27973.00
J36;1;0;rGGr;27973.25
J36;1;0;rGGr;27973.50
J36;1;0;rGGr;27973.75
J36;1;0;rGGr;27974.00
J36;1;0;rGGr;27974.25
J36;1;0;rGGr;27974.50
J36;1;0;rGGr;27974.75
J36;1;0;rGGr;27975.00
J36;1;0;rGGr;27975.25
J36;1;0;rGGr;27975.50
J36;1;0;rGGr;27975.75
J36;1;0;rGGr;27976.00
J36;1;0;rGGr;27976.25
J36;1;0;rGGr;27976.50
J36;1;0;rGGr;27976.75
J36;1;0;rGGr;27977.00
J36;1;0;rGGr;27977.25
J36;1;0;rGGr;27977.50
J36;1;0;rGGr;27977.75
J36;1;0;rGGr;27978.00
J36;1;0;rGGr;27978.25
J36;1;0;rGGr;27978.50
J36;1;0;rGGr;27978.75
J36;1;0;rGGr;27979.00
J36;1;0;rGGr;27979.25
J36;1;0;rGGr;27979.50
J36;1;0;rGGr;27979.75
J36;1;0;rGGr;27980.00
J36;1;0;rGGr;27980.25
J36;1;0;rGGr;27980.50
J36;1;0;rGGr;27980.75
J36;1;0;rGGr;27981.00
J36;1;0;rGGr;27981.25
J36;1;0;rGGr;27981.50
J36;1;0;rGGr;27981.75
J36;1;0;rGGr;27982.00
J36;1;0;rGGr;27982.25
J36;1;0;rGGr;27982.50
J36;1;0;rGGr;27982.75
J36;1;0;rGGr;27983.00
J36;1;0;rGGr;27983.25
J36;1;0;rGGr;27983.50
J36;1;0;rGGr;27983.75
J36;1;0;rGGr;27984.00
J36;1;0;rGGr;27984.25
J36;1;0;rGGr;27984.50
J36;1;0;rGGr;27984.75
J36;1;0;rGGr;27985.00
J36;1;0;rGGr;27985.25
J36;1;0;rGGr;27985.50
J36;1;0;rGGr;27985.75
J36;1;0;rGGr;27986.00
J36;1;0;rGGr;27986.25
J36;1;0;rGGr;27986.50
J36;1;0;rGGr;27986.75
J36;1;0;rGGr;27987.00
J36;1;0;rGGr;27987.25
J36;1;0;rGGr;27987.50
J36;1;0;rGGr;27987.75
J36;1;0;rGGr;27988.00
J36;1;0;rGGr;27988.25
J36;1;0;rGGr;27988.50
J36;1;0;rGGr;27988.75
J36;1;0;rGGr;27989.00
J36;1;0;rGGr;27989.25
J36;1;0;rGGr;27989.50
J36;1;0;rGGr;27989.75
J36;1;0;rGGr;27990.00
J36;1;0;rGGr;27990.25
J36;1;0;rGGr;27990.50
J36;1;0;rGGr;27990.75
J36;1;0;rGGr;27991.00
J36;1;0;rGGr;27991.25
J36;1;0;rGGr;27991.50
J36;1;0;rGGr;27991.75
J36;1;0;rGGr;27992.00
J36;1;0;rGGr;27992.25
J36;1;0;rGGr;27992.50
J36;1;0;rGGr;27992.75
J36;1;0;rGGr;27993.00
J36;1;0;rGGr;27993.25
J36;1;0;rGGr;27993.50
J36;1;0;rGGr;27993.75
J36;1;0;rGGr;27994.00
J36;1;0;rGGr;27994.25
J36;1;0;rGGr;27994.50
J36;1;0;rGGr;27994.75
J36;1;0;rGGr;27995.00
J36;1;0;rGGr;27995.25
J36;1;0;rGGr;27995.50
J36;1;0;rGGr;27995.75
J36;1;0;rGGr;27996.00
J36;1;0;rGGr;27996.25
J36;1;0;rGGr;27996.50
J36;1;0;rGGr;27996.75
J36;1;0;rGGr;27997.00
J36;1;0;rGGr;27997.25
J36;1;0;rGGr;27997.50
J36;1;0;rGGr;27997.75
J36;1;0;rGGr;27998.00
J36;1;0;rGGr;27998.25
J36;1;0;rGGr;27998.50
J36;1;0;rGGr;27998.75
J36;1;0;rGGr;27999.00
J36;1;0;rGGr;27999.25
J36;1;0;rGGr;27999.50
J36;1;0;rGGr;27999.75
J36;1;0;rGGr;28000.00
J36;1;0;rGGr;28000.25
J36;1;0;rGGr;28000.50
J36;1;0;rGGr;28000.75
J36;1;0;rGGr;28001.00
J36;1;0;rGGr;28001.25
J36;1;0;rGGr;28001.50
J36;1;0;rGGr;28001.75
J36;1;0;rGGr;28002.00
J36;1;0;rGGr;28002.25
J36;1;0;rGGr;28002.50
J36;1;0;rGGr;28002.75
J36;1;0;rGGr;28003.00
J36;1;0;rGGr;28003.25
J36;1;0;rGGr;28003.50
J36;1;0;rGGr;28003.75
J36;1;0;rGGr;28004.00
J36;1;0;rGGr;28004.25
J36;1;0;rGGr;28004.50
J36;1;0;rGGr;28004.75
J36;1;0;rGGr;28005.00
J36;1;0;rGGr;28005.25
J36;1;0;rGGr;28005.50
J36;1;0;rGGr;28005.75
J36;1;0;rGGr;28006.00
J36;1;0;rGGr;28006.25
J36;1;0;rGGr;28006.50
J36;1;0;rGGr;28006.75
J36;1;0;rGGr;28007.00
J36;1;0;rGGr;28007.25
J36;1;0;rGGr;28007.50
J36;1;0;rGGr;28007.75
J36;1;0;rGGr;28008.00
J36;1;0;rGGr;28008.25
J36;1;0;rGGr;28008.50
J36;1;0;rGGr;28008.75
J36;1;0;rGGr;28009.00
J36;1;0;rGGr;28009.25
J36;1;0;rGGr;28009.50
J36;1;0;rGGr;28009.75
J36;1;0;rGGr;28010.00
J36;1;0;rGGr;28010.25
J36;1;0;rGGr;28010.50
J36;1;0;rGGr;28010.75
J36;1;0;rGGr;28011.00
J36;1;0;rGGr;28011.25
J36;1;0;rGGr;28011.50
J36;1;0;rGGr;28011.75
J36;1;0;rGGr;28012.00
J36;1;0;rGGr;28012.25
J36;1;0;rGGr;28012.50
J36;1;0;rGGr;28012.75
J36;1;0;rGGr;28013.00
J36;1;0;rGGr;28013.25
J36;1;0;rGGr;28013.50
J36;1;0;rGGr;28013.75
J36;1;0;rGGr;28014.00
J36;1;0;rGGr;28014.25
J36;1;0;rGGr;28014.50
J36;1;0;rGGr;28014.75
J36;1;0;rGGr;28015.00
J36;1;0;rGGr;28015.25
J36;1;0;rGGr;28015.50
J36;1;0;rGGr;28015.75
J36;1;0;rGGr;28016.00
J36;1;0;rGGr;28016.25
J36;1;0;rGGr;28016.50
J36;1;0;rGGr;28016.75
J36;1;0;rGGr;28017.00
J36;1;0;rGGr;28017.25
J36;1;0;rGGr;28017.50
J36;1;0;rGGr;28017.75
J36;1;0;rGGr;28018.00
J36;1;0;rGGr;28018.25
J36;1;0;rGGr;28018.50
J36;1;0;rGGr;28018.75
J36;1;0;rGGr;28019.00
J36;1;0;rGGr;28019.25
J36;1;0;rGGr;28019.50
J36;1;0;rGGr;28019.75
J36;1;0;rGGr;28020.00
J36;1;0;rGGr;28020.25
J36;0;online;yyyyyyyyyyyyyyyyyyyyyyyyyyyyyyyyyyyyyyyyyyyyyyyyyyyyyyyyy;28020.50
J36;0;online;yyyyyyyyyyyyyyyyyyyyyyyyyyyyyyyyyyyyyyyyyyyyyyyyyyyyyyyyy;28020.75
J36;0;online;yyyyyyyyyyyyyyyyyyyyyyyyyyyyyyyyyyyyyyyyyyyyyyyyyyyyyyyyy;28021.00
J36;0;online;yyyyyyyyyyyyyyyyyyyyyyyyyyyyyyyyyyyyyyyyyyyyyyyyyyyyyyyyy;28021.25
J36;0;online;yyyyyyyyyyyyyyyyyyyyyyyyyyyyyyyyyyyyyyyyyyyyyyyyyyyyyyyyy;28021.50
J36;0;online;yyyyyyyyyyyyyyyyyyyyyyyyyyyyyyyyyyyyyyyyyyyyyyyyyyyyyyyyy;28021.75
J36;0;online;yyyyyyyyyyyyyyyyyyyyyyyyyyyyyyyyyyyyyyyyyyyyyyyyyyyyyyyyy;28022.00
J36;0;online;yyyyyyyyyyyyyyyyyyyyyyyyyyyyyyyyyyyyyyyyyyyyyyyyyyyyyyyyy;28022.25
J36;0;online;yyyyyyyyyyyyyyyyyyyyyyyyyyyyyyyyyyyyyyyyyyyyyyyyyyyyyyyyy;28022.50
J36;0;online;yyyyyyyyyyyyyyyyyyyyyyyyyyyyyyyyyyyyyyyyyyyyyyyyyyyyyyyyy;28022.75
J36;0;online;yyyyyyyyyyyyyyyyyyyyyyyyyyyyyyyyyyyyyyyyyyyyyyyyyyyyyyyyy;28023.00
J36;0;online;yyyyyyyyyyyyyyyyyyyyyyyyyyyyyyyyyyyyyyyyyyyyyyyyyyyyyyyyy;28023.25
J36;4;0;urru;28023.50
J36;4;0;urru;28023.75
J36;4;0;urru;28024.00
J36;4;0;urru;28024.25
J36;5;0;GrrG;28024.50
J36;5;0;GrrG;28024.75
J36;5;0;GrrG;28025.00
J36;5;0;GrrG;28025.25
J36;5;0;GrrG;28025.50
J36;5;0;GrrG;28025.75
J36;5;0;GrrG;28026.00
J36;5;0;GrrG;28026.25
J36;5;0;GrrG;28026.50
J36;5;0;GrrG;28026.75
J36;5;0;GrrG;28027.00
J36;5;0;GrrG;28027.25
J36;5;0;GrrG;28027.50
J36;5;0;GrrG;28027.75
J36;5;0;GrrG;28028.00
J36;5;0;GrrG;28028.25
J36;5;0;GrrG;28028.50
J36;5;0;GrrG;28028.75
J36;5;0;GrrG;28029.00
J36;5;0;GrrG;28029.25
J36;5;0;GrrG;28029.50
J36;5;0;GrrG;28029.75
J36;5;0;GrrG;28030.00
J36;5;0;GrrG;28030.25
J36;5;0;GrrG;28030.50
J36;5;0;GrrG;28030.75
J36;5;0;GrrG;28031.00
J36;5;0;GrrG;28031.25
J36;5;0;GrrG;28031.50
J36;5;0;GrrG;28031.75
J36;5;0;GrrG;28032.00
J36;5;0;GrrG;28032.25
J36;5;0;GrrG;28032.50
J36;5;0;GrrG;28032.75
J36;5;0;GrrG;28033.00
J36;5;0;GrrG;28033.25
J36;5;0;GrrG;28033.50
J36;5;0;GrrG;28033.75
J36;5;0;GrrG;28034.00
J36;5;0;GrrG;28034.25
J36;5;0;GrrG;28034.50
J36;5;0;GrrG;28034.75
J36;5;0;GrrG;28035.00
J36;5;0;GrrG;28035.25
J36;5;0;GrrG;28035.50
J36;5;0;GrrG;28035.75
J36;5;0;GrrG;28036.00
J36;5;0;GrrG;28036.25
J36;5;0;GrrG;28036.50
J36;5;0;GrrG;28036.75
J36;5;0;GrrG;28037.00
J36;5;0;GrrG;28037.25
J36;5;0;GrrG;28037.50
J36;5;0;GrrG;28037.75
J36;5;0;GrrG;28038.00
J36;5;0;GrrG;28038.25
J36;5;0;GrrG;28038.50
J36;5;0;GrrG;28038.75
J36;5;0;GrrG;28039.00
J36;5;0;GrrG;28039.25
J36;5;0;GrrG;28039.50
J36;5;0;GrrG;28039.75
J36;5;0;GrrG;28040.00
J36;5;0;GrrG;28040.25
J36;5;0;GrrG;28040.50
J36;5;0;GrrG;28040.75
J36;5;0;GrrG;28041.00
J36;5;0;GrrG;28041.25
J36;5;0;GrrG;28041.50
J36;5;0;GrrG;28041.75
J36;5;0;GrrG;28042.00
J36;5;0;GrrG;28042.25
J36;5;0;GrrG;28042.50
J36;5;0;GrrG;28042.75
J36;5;0;GrrG;28043.00
J36;5;0;GrrG;28043.25
J36;5;0;GrrG;28043.50
J36;5;0;GrrG;28043.75
J36;5;0;GrrG;28044.00
J36;5;0;GrrG;28044.25
J36;5;0;GrrG;28044.50
J36;5;0;GrrG;28044.75
J36;5;0;GrrG;28045.00
J36;5;0;GrrG;28045.25
J36;5;0;GrrG;28045.50
J36;5;0;GrrG;28045.75
J36;5;0;GrrG;28046.00
J36;5;0;GrrG;28046.25
J36;5;0;GrrG;28046.50
J36;5;0;GrrG;28046.75
J36;5;0;GrrG;28047.00
J36;5;0;GrrG;28047.25
J36;5;0;GrrG;28047.50
J36;5;0;GrrG;28047.75
J36;5;0;GrrG;28048.00
J36;5;0;GrrG;28048.25
J36;5;0;GrrG;28048.50
J36;5;0;GrrG;28048.75
J36;5;0;GrrG;28049.00
J36;5;0;GrrG;28049.25
J36;6;0;yrry;28049.50
J36;6;0;yrry;28049.75
J36;6;0;yrry;28050.00
J36;6;0;yrry;28050.25
J36;6;0;yrry;28050.50
J36;6;0;yrry;28050.75
J36;6;0;yrry;28051.00
J36;6;0;yrry;28051.25
J36;6;0;yrry;28051.50
J36;6;0;yrry;28051.75
J36;6;0;yrry;28052.00
J36;6;0;yrry;28052.25
J36;7;0;rrrr;28052.50
J36;7;0;rrrr;28052.75
J36;7;0;rrrr;28053.00
J36;7;0;rrrr;28053.25
J36;0;0;ruur;28053.50
J36;0;0;ruur;28053.75
J36;0;0;ruur;28054.00
J36;0;0;ruur;28054.25
J36;1;0;rGGr;28054.50
J36;1;0;rGGr;28054.75
J36;1;0;rGGr;28055.00
J36;1;0;rGGr;28055.25
J36;1;0;rGGr;28055.50
J36;1;0;rGGr;28055.75
J36;1;0;rGGr;28056.00
J36;1;0;rGGr;28056.25
J36;1;0;rGGr;28056.50
J36;1;0;rGGr;28056.75
J36;1;0;rGGr;28057.00
J36;1;0;rGGr;28057.25
J36;1;0;rGGr;28057.50
J36;1;0;rGGr;28057.75
J36;1;0;rGGr;28058.00
J36;1;0;rGGr;28058.25
J36;1;0;rGGr;28058.50
J36;1;0;rGGr;28058.75
J36;1;0;rGGr;28059.00
J36;1;0;rGGr;28059.25
J36;1;0;rGGr;28059.50
J36;1;0;rGGr;28059.75
J36;1;0;rGGr;28060.00
J36;1;0;rGGr;28060.25
J36;1;0;rGGr;28060.50
J36;1;0;rGGr;28060.75
J36;0;online;yyyyyyyyyyyyyyyyyyyyyyyyyyyyyyyyyyyyyyyyyyyyyyyyyyyyyyyyy;28061.00
J36;0;online;yyyyyyyyyyyyyyyyyyyyyyyyyyyyyyyyyyyyyyyyyyyyyyyyyyyyyyyyy;28061.25
J36;0;online;yyyyyyyyyyyyyyyyyyyyyyyyyyyyyyyyyyyyyyyyyyyyyyyyyyyyyyyyy;28061.50
J36;0;online;yyyyyyyyyyyyyyyyyyyyyyyyyyyyyyyyyyyyyyyyyyyyyyyyyyyyyyyyy;28061.75
J36;0;online;yyyyyyyyyyyyyyyyyyyyyyyyyyyyyyyyyyyyyyyyyyyyyyyyyyyyyyyyy;28062.00
J36;0;online;yyyyyyyyyyyyyyyyyyyyyyyyyyyyyyyyyyyyyyyyyyyyyyyyyyyyyyyyy;28062.25
J36;0;online;yyyyyyyyyyyyyyyyyyyyyyyyyyyyyyyyyyyyyyyyyyyyyyyyyyyyyyyyy;28062.50
J36;0;online;yyyyyyyyyyyyyyyyyyyyyyyyyyyyyyyyyyyyyyyyyyyyyyyyyyyyyyyyy;28062.75
J36;0;online;yyyyyyyyyyyyyyyyyyyyyyyyyyyyyyyyyyyyyyyyyyyyyyyyyyyyyyyyy;28063.00
J36;0;online;yyyyyyyyyyyyyyyyyyyyyyyyyyyyyyyyyyyyyyyyyyyyyyyyyyyyyyyyy;28063.25
J36;0;online;yyyyyyyyyyyyyyyyyyyyyyyyyyyyyyyyyyyyyyyyyyyyyyyyyyyyyyyyy;28063.50
J36;0;online;yyyyyyyyyyyyyyyyyyyyyyyyyyyyyyyyyyyyyyyyyyyyyyyyyyyyyyyyy;28063.75
J36;4;0;urru;28064.00
J36;4;0;urru;28064.25
J36;4;0;urru;28064.50
J36;4;0;urru;28064.75
J36;5;0;GrrG;28065.00
J36;5;0;GrrG;28065.25
J36;5;0;GrrG;28065.50
J36;5;0;GrrG;28065.75
J36;5;0;GrrG;28066.00
J36;5;0;GrrG;28066.25
J36;5;0;GrrG;28066.50
J36;5;0;GrrG;28066.75
J36;5;0;GrrG;28067.00
J36;5;0;GrrG;28067.25
J36;5;0;GrrG;28067.50
J36;5;0;GrrG;28067.75
J36;5;0;GrrG;28068.00
J36;5;0;GrrG;28068.25
J36;5;0;GrrG;28068.50
J36;5;0;GrrG;28068.75
J36;5;0;GrrG;28069.00
J36;5;0;GrrG;28069.25
J36;5;0;GrrG;28069.50
J36;5;0;GrrG;28069.75
J36;5;0;GrrG;28070.00
J36;5;0;GrrG;28070.25
J36;5;0;GrrG;28070.50
J36;5;0;GrrG;28070.75
J36;5;0;GrrG;28071.00
J36;5;0;GrrG;28071.25
J36;5;0;GrrG;28071.50
J36;5;0;GrrG;28071.75
J36;5;0;GrrG;28072.00
J36;5;0;GrrG;28072.25
J36;5;0;GrrG;28072.50
J36;5;0;GrrG;28072.75
J36;5;0;GrrG;28073.00
J36;5;0;GrrG;28073.25
J36;5;0;GrrG;28073.50
J36;5;0;GrrG;28073.75
J36;5;0;GrrG;28074.00
J36;5;0;GrrG;28074.25
J36;5;0;GrrG;28074.50
J36;5;0;GrrG;28074.75
J36;5;0;GrrG;28075.00
J36;5;0;GrrG;28075.25
J36;5;0;GrrG;28075.50
J36;5;0;GrrG;28075.75
J36;5;0;GrrG;28076.00
J36;5;0;GrrG;28076.25
J36;5;0;GrrG;28076.50
J36;5;0;GrrG;28076.75
J36;5;0;GrrG;28077.00
J36;5;0;GrrG;28077.25
J36;5;0;GrrG;28077.50
J36;5;0;GrrG;28077.75
J36;5;0;GrrG;28078.00
J36;5;0;GrrG;28078.25
J36;5;0;GrrG;28078.50
J36;5;0;GrrG;28078.75
J36;5;0;GrrG;28079.00
J36;5;0;GrrG;28079.25
J36;5;0;GrrG;28079.50
J36;5;0;GrrG;28079.75
J36;5;0;GrrG;28080.00
J36;5;0;GrrG;28080.25
J36;5;0;GrrG;28080.50
J36;5;0;GrrG;28080.75
J36;5;0;GrrG;28081.00
J36;5;0;GrrG;28081.25
J36;5;0;GrrG;28081.50
J36;5;0;GrrG;28081.75
J36;5;0;GrrG;28082.00
J36;5;0;GrrG;28082.25
J36;5;0;GrrG;28082.50
J36;5;0;GrrG;28082.75
J36;5;0;GrrG;28083.00
J36;5;0;GrrG;28083.25
J36;5;0;GrrG;28083.50
J36;5;0;GrrG;28083.75
J36;5;0;GrrG;28084.00
J36;5;0;GrrG;28084.25
J36;5;0;GrrG;28084.50
J36;5;0;GrrG;28084.75
J36;5;0;GrrG;28085.00
J36;5;0;GrrG;28085.25
J36;5;0;GrrG;28085.50
J36;5;0;GrrG;28085.75
J36;5;0;GrrG;28086.00
J36;5;0;GrrG;28086.25
J36;5;0;GrrG;28086.50
J36;5;0;GrrG;28086.75
J36;5;0;GrrG;28087.00
J36;5;0;GrrG;28087.25
J36;5;0;GrrG;28087.50
J36;5;0;GrrG;28087.75
J36;5;0;GrrG;28088.00
J36;5;0;GrrG;28088.25
J36;5;0;GrrG;28088.50
J36;5;0;GrrG;28088.75
J36;5;0;GrrG;28089.00
J36;5;0;GrrG;28089.25
J36;5;0;GrrG;28089.50
J36;5;0;GrrG;28089.75
J36;6;0;yrry;28090.00
J36;6;0;yrry;28090.25
J36;6;0;yrry;28090.50
J36;6;0;yrry;28090.75
J36;6;0;yrry;28091.00
J36;6;0;yrry;28091.25
J36;6;0;yrry;28091.50
J36;6;0;yrry;28091.75
J36;6;0;yrry;28092.00
J36;6;0;yrry;28092.25
J36;6;0;yrry;28092.50
J36;6;0;yrry;28092.75
J36;7;0;rrrr;28093.00
J36;7;0;rrrr;28093.25
J36;7;0;rrrr;28093.50
J36;7;0;rrrr;28093.75
J36;0;0;ruur;28094.00
J36;0;0;ruur;28094.25
J36;0;0;ruur;28094.50
J36;0;0;ruur;28094.75
J36;1;0;rGGr;28095.00
J36;1;0;rGGr;28095.25
J36;1;0;rGGr;28095.50
J36;1;0;rGGr;28095.75
J36;1;0;rGGr;28096.00
J36;1;0;rGGr;28096.25
J36;1;0;rGGr;28096.50
J36;1;0;rGGr;28096.75
J36;1;0;rGGr;28097.00
J36;1;0;rGGr;28097.25
J36;1;0;rGGr;28097.50
J36;1;0;rGGr;28097.75
J36;1;0;rGGr;28098.00
J36;1;0;rGGr;28098.25
J36;1;0;rGGr;28098.50
J36;1;0;rGGr;28098.75
J36;1;0;rGGr;28099.00
J36;1;0;rGGr;28099.25
J36;1;0;rGGr;28099.50
J36;1;0;rGGr;28099.75
J36;1;0;rGGr;28100.00
J36;1;0;rGGr;28100.25
J36;1;0;rGGr;28100.50
J36;1;0;rGGr;28100.75
J36;1;0;rGGr;28101.00
J36;1;0;rGGr;28101.25
J36;1;0;rGGr;28101.50
J36;1;0;rGGr;28101.75
J36;1;0;rGGr;28102.00
J36;1;0;rGGr;28102.25
J36;1;0;rGGr;28102.50
J36;1;0;rGGr;28102.75
J36;1;0;rGGr;28103.00
J36;1;0;rGGr;28103.25
J36;1;0;rGGr;28103.50
J36;1;0;rGGr;28103.75
J36;1;0;rGGr;28104.00
J36;1;0;rGGr;28104.25
J36;1;0;rGGr;28104.50
J36;1;0;rGGr;28104.75
J36;1;0;rGGr;28105.00
J36;1;0;rGGr;28105.25
J36;1;0;rGGr;28105.50
J36;1;0;rGGr;28105.75
J36;1;0;rGGr;28106.00
J36;1;0;rGGr;28106.25
J36;1;0;rGGr;28106.50
J36;1;0;rGGr;28106.75
J36;1;0;rGGr;28107.00
J36;1;0;rGGr;28107.25
J36;1;0;rGGr;28107.50
J36;1;0;rGGr;28107.75
J36;1;0;rGGr;28108.00
J36;1;0;rGGr;28108.25
J36;1;0;rGGr;28108.50
J36;1;0;rGGr;28108.75
J36;1;0;rGGr;28109.00
J36;1;0;rGGr;28109.25
J36;1;0;rGGr;28109.50
J36;1;0;rGGr;28109.75
J36;1;0;rGGr;28110.00
J36;1;0;rGGr;28110.25
J36;1;0;rGGr;28110.50
J36;1;0;rGGr;28110.75
J36;1;0;rGGr;28111.00
J36;1;0;rGGr;28111.25
J36;1;0;rGGr;28111.50
J36;1;0;rGGr;28111.75
J36;1;0;rGGr;28112.00
J36;1;0;rGGr;28112.25
J36;1;0;rGGr;28112.50
J36;1;0;rGGr;28112.75
J36;1;0;rGGr;28113.00
J36;1;0;rGGr;28113.25
J36;1;0;rGGr;28113.50
J36;1;0;rGGr;28113.75
J36;1;0;rGGr;28114.00
J36;1;0;rGGr;28114.25
J36;1;0;rGGr;28114.50
J36;1;0;rGGr;28114.75
J36;1;0;rGGr;28115.00
J36;1;0;rGGr;28115.25
J36;1;0;rGGr;28115.50
J36;1;0;rGGr;28115.75
J36;1;0;rGGr;28116.00
J36;1;0;rGGr;28116.25
J36;1;0;rGGr;28116.50
J36;1;0;rGGr;28116.75
J36;1;0;rGGr;28117.00
J36;1;0;rGGr;28117.25
J36;1;0;rGGr;28117.50
J36;1;0;rGGr;28117.75
J36;1;0;rGGr;28118.00
J36;1;0;rGGr;28118.25
J36;1;0;rGGr;28118.50
J36;1;0;rGGr;28118.75
J36;1;0;rGGr;28119.00
J36;1;0;rGGr;28119.25
J36;1;0;rGGr;28119.50
J36;1;0;rGGr;28119.75
J36;1;0;rGGr;28120.00
J36;1;0;rGGr;28120.25
J36;1;0;rGGr;28120.50
J36;1;0;rGGr;28120.75
J36;1;0;rGGr;28121.00
J36;1;0;rGGr;28121.25
J36;1;0;rGGr;28121.50
J36;1;0;rGGr;28121.75
J36;1;0;rGGr;28122.00
J36;1;0;rGGr;28122.25
J36;1;0;rGGr;28122.50
J36;1;0;rGGr;28122.75
J36;1;0;rGGr;28123.00
J36;1;0;rGGr;28123.25
J36;1;0;rGGr;28123.50
J36;1;0;rGGr;28123.75
J36;1;0;rGGr;28124.00
J36;1;0;rGGr;28124.25
J36;1;0;rGGr;28124.50
J36;1;0;rGGr;28124.75
J36;1;0;rGGr;28125.00
J36;1;0;rGGr;28125.25
J36;1;0;rGGr;28125.50
J36;1;0;rGGr;28125.75
J36;1;0;rGGr;28126.00
J36;1;0;rGGr;28126.25
J36;1;0;rGGr;28126.50
J36;1;0;rGGr;28126.75
J36;1;0;rGGr;28127.00
J36;1;0;rGGr;28127.25
J36;1;0;rGGr;28127.50
J36;1;0;rGGr;28127.75
J36;1;0;rGGr;28128.00
J36;1;0;rGGr;28128.25
J36;1;0;rGGr;28128.50
J36;1;0;rGGr;28128.75
J36;1;0;rGGr;28129.00
J36;1;0;rGGr;28129.25
J36;1;0;rGGr;28129.50
J36;1;0;rGGr;28129.75
J36;1;0;rGGr;28130.00
J36;1;0;rGGr;28130.25
J36;1;0;rGGr;28130.50
J36;1;0;rGGr;28130.75
J36;1;0;rGGr;28131.00
J36;1;0;rGGr;28131.25
J36;1;0;rGGr;28131.50
J36;1;0;rGGr;28131.75
J36;1;0;rGGr;28132.00
J36;1;0;rGGr;28132.25
J36;1;0;rGGr;28132.50
J36;1;0;rGGr;28132.75
J36;1;0;rGGr;28133.00
J36;1;0;rGGr;28133.25
J36;1;0;rGGr;28133.50
J36;1;0;rGGr;28133.75
J36;1;0;rGGr;28134.00
J36;1;0;rGGr;28134.25
J36;1;0;rGGr;28134.50
J36;1;0;rGGr;28134.75
J36;1;0;rGGr;28135.00
J36;1;0;rGGr;28135.25
J36;1;0;rGGr;28135.50
J36;1;0;rGGr;28135.75
J36;1;0;rGGr;28136.00
J36;1;0;rGGr;28136.25
J36;1;0;rGGr;28136.50
J36;1;0;rGGr;28136.75
J36;1;0;rGGr;28137.00
J36;1;0;rGGr;28137.25
J36;1;0;rGGr;28137.50
J36;1;0;rGGr;28137.75
J36;1;0;rGGr;28138.00
J36;1;0;rGGr;28138.25
J36;1;0;rGGr;28138.50
J36;1;0;rGGr;28138.75
J36;1;0;rGGr;28139.00
J36;1;0;rGGr;28139.25
J36;1;0;rGGr;28139.50
J36;1;0;rGGr;28139.75
J36;1;0;rGGr;28140.00
J36;1;0;rGGr;28140.25
J36;1;0;rGGr;28140.50
J36;1;0;rGGr;28140.75
J36;1;0;rGGr;28141.00
J36;1;0;rGGr;28141.25
J36;1;0;rGGr;28141.50
J36;1;0;rGGr;28141.75
J36;1;0;rGGr;28142.00
J36;1;0;rGGr;28142.25
J36;1;0;rGGr;28142.50
J36;1;0;rGGr;28142.75
J36;1;0;rGGr;28143.00
J36;1;0;rGGr;28143.25
J36;1;0;rGGr;28143.50
J36;1;0;rGGr;28143.75
J36;1;0;rGGr;28144.00
J36;1;0;rGGr;28144.25
J36;1;0;rGGr;28144.50
J36;1;0;rGGr;28144.75
J36;1;0;rGGr;28145.00
J36;1;0;rGGr;28145.25
J36;2;0;ryyr;28145.50
J36;2;0;ryyr;28145.75
J36;2;0;ryyr;28146.00
J36;2;0;ryyr;28146.25
J36;2;0;ryyr;28146.50
J36;2;0;ryyr;28146.75
J36;2;0;ryyr;28147.00
J36;2;0;ryyr;28147.25
J36;2;0;ryyr;28147.50
J36;2;0;ryyr;28147.75
J36;2;0;ryyr;28148.00
J36;2;0;ryyr;28148.25
J36;3;0;rrrr;28148.50
J36;3;0;rrrr;28148.75
J36;3;0;rrrr;28149.00
J36;3;0;rrrr;28149.25
J36;4;0;urru;28149.50
J36;4;0;urru;28149.75
J36;4;0;urru;28150.00
J36;4;0;urru;28150.25
J36;5;0;GrrG;28150.50
J36;5;0;GrrG;28150.75
J36;5;0;GrrG;28151.00
J36;5;0;GrrG;28151.25
J36;5;0;GrrG;28151.50
J36;5;0;GrrG;28151.75
J36;5;0;GrrG;28152.00
J36;5;0;GrrG;28152.25
J36;5;0;GrrG;28152.50
J36;5;0;GrrG;28152.75
J36;5;0;GrrG;28153.00
J36;5;0;GrrG;28153.25
J36;5;0;GrrG;28153.50
J36;5;0;GrrG;28153.75
J36;5;0;GrrG;28154.00
J36;5;0;GrrG;28154.25
J36;5;0;GrrG;28154.50
J36;5;0;GrrG;28154.75
J36;5;0;GrrG;28155.00
J36;5;0;GrrG;28155.25
J36;5;0;GrrG;28155.50
J36;5;0;GrrG;28155.75
J36;5;0;GrrG;28156.00
J36;5;0;GrrG;28156.25
J36;5;0;GrrG;28156.50
J36;5;0;GrrG;28156.75
J36;5;0;GrrG;28157.00
J36;5;0;GrrG;28157.25
J36;5;0;GrrG;28157.50
J36;5;0;GrrG;28157.75
J36;5;0;GrrG;28158.00
J36;5;0;GrrG;28158.25
J36;5;0;GrrG;28158.50
J36;5;0;GrrG;28158.75
J36;5;0;GrrG;28159.00
J36;5;0;GrrG;28159.25
J36;5;0;GrrG;28159.50
J36;5;0;GrrG;28159.75
J36;5;0;GrrG;28160.00
J36;5;0;GrrG;28160.25
J36;5;0;GrrG;28160.50
J36;5;0;GrrG;28160.75
J36;5;0;GrrG;28161.00
J36;5;0;GrrG;28161.25
J36;5;0;GrrG;28161.50
J36;5;0;GrrG;28161.75
J36;5;0;GrrG;28162.00
J36;5;0;GrrG;28162.25
J36;5;0;GrrG;28162.50
J36;5;0;GrrG;28162.75
J36;5;0;GrrG;28163.00
J36;5;0;GrrG;28163.25
J36;5;0;GrrG;28163.50
J36;5;0;GrrG;28163.75
J36;5;0;GrrG;28164.00
J36;5;0;GrrG;28164.25
J36;5;0;GrrG;28164.50
J36;5;0;GrrG;28164.75
J36;5;0;GrrG;28165.00
J36;5;0;GrrG;28165.25
J36;5;0;GrrG;28165.50
J36;5;0;GrrG;28165.75
J36;5;0;GrrG;28166.00
J36;5;0;GrrG;28166.25
J36;5;0;GrrG;28166.50
J36;5;0;GrrG;28166.75
J36;5;0;GrrG;28167.00
J36;5;0;GrrG;28167.25
J36;5;0;GrrG;28167.50
J36;5;0;GrrG;28167.75
J36;5;0;GrrG;28168.00
J36;5;0;GrrG;28168.25
J36;5;0;GrrG;28168.50
J36;5;0;GrrG;28168.75
J36;5;0;GrrG;28169.00
J36;5;0;GrrG;28169.25
J36;5;0;GrrG;28169.50
J36;5;0;GrrG;28169.75
J36;5;0;GrrG;28170.00
J36;5;0;GrrG;28170.25
J36;5;0;GrrG;28170.50
J36;5;0;GrrG;28170.75
J36;5;0;GrrG;28171.00
J36;5;0;GrrG;28171.25
J36;5;0;GrrG;28171.50
J36;5;0;GrrG;28171.75
J36;5;0;GrrG;28172.00
J36;5;0;GrrG;28172.25
J36;5;0;GrrG;28172.50
J36;5;0;GrrG;28172.75
J36;5;0;GrrG;28173.00
J36;5;0;GrrG;28173.25
J36;5;0;GrrG;28173.50
J36;5;0;GrrG;28173.75
J36;5;0;GrrG;28174.00
J36;5;0;GrrG;28174.25
J36;5;0;GrrG;28174.50
J36;5;0;GrrG;28174.75
J36;5;0;GrrG;28175.00
J36;5;0;GrrG;28175.25
J36;6;0;yrry;28175.50
J36;6;0;yrry;28175.75
J36;6;0;yrry;28176.00
J36;6;0;yrry;28176.25
J36;6;0;yrry;28176.50
J36;6;0;yrry;28176.75
J36;6;0;yrry;28177.00
J36;6;0;yrry;28177.25
J36;6;0;yrry;28177.50
J36;6;0;yrry;28177.75
J36;6;0;yrry;28178.00
J36;6;0;yrry;28178.25
J36;7;0;rrrr;28178.50
J36;7;0;rrrr;28178.75
J36;7;0;rrrr;28179.00
J36;7;0;rrrr;28179.25
J36;0;0;ruur;28179.50
J36;0;0;ruur;28179.75
J36;0;0;ruur;28180.00
J36;0;0;ruur;28180.25
J36;1;0;rGGr;28180.50
J36;1;0;rGGr;28180.75
J36;1;0;rGGr;28181.00
J36;1;0;rGGr;28181.25
J36;1;0;rGGr;28181.50
J36;0;online;yyyyyyyyyyyyyyyyyyyyyyyyyyyyyyyyyyyyyyyyyyyyyyyyyyyyyyyyy;28181.75
J36;0;online;yyyyyyyyyyyyyyyyyyyyyyyyyyyyyyyyyyyyyyyyyyyyyyyyyyyyyyyyy;28182.00
J36;0;online;yyyyyyyyyyyyyyyyyyyyyyyyyyyyyyyyyyyyyyyyyyyyyyyyyyyyyyyyy;28182.25
J36;0;online;yyyyyyyyyyyyyyyyyyyyyyyyyyyyyyyyyyyyyyyyyyyyyyyyyyyyyyyyy;28182.50
J36;0;online;yyyyyyyyyyyyyyyyyyyyyyyyyyyyyyyyyyyyyyyyyyyyyyyyyyyyyyyyy;28182.75
J36;0;online;yyyyyyyyyyyyyyyyyyyyyyyyyyyyyyyyyyyyyyyyyyyyyyyyyyyyyyyyy;28183.00
J36;0;online;yyyyyyyyyyyyyyyyyyyyyyyyyyyyyyyyyyyyyyyyyyyyyyyyyyyyyyyyy;28183.25
J36;0;online;yyyyyyyyyyyyyyyyyyyyyyyyyyyyyyyyyyyyyyyyyyyyyyyyyyyyyyyyy;28183.50
J36;0;online;yyyyyyyyyyyyyyyyyyyyyyyyyyyyyyyyyyyyyyyyyyyyyyyyyyyyyyyyy;28183.75
J36;0;online;yyyyyyyyyyyyyyyyyyyyyyyyyyyyyyyyyyyyyyyyyyyyyyyyyyyyyyyyy;28184.00
J36;0;online;yyyyyyyyyyyyyyyyyyyyyyyyyyyyyyyyyyyyyyyyyyyyyyyyyyyyyyyyy;28184.25
J36;0;online;yyyyyyyyyyyyyyyyyyyyyyyyyyyyyyyyyyyyyyyyyyyyyyyyyyyyyyyyy;28184.50
J36;4;0;urru;28184.75
J36;4;0;urru;28185.00
J36;4;0;urru;28185.25
J36;4;0;urru;28185.50
J36;5;0;GrrG;28185.75
J36;5;0;GrrG;28186.00
J36;5;0;GrrG;28186.25
J36;5;0;GrrG;28186.50
J36;5;0;GrrG;28186.75
J36;5;0;GrrG;28187.00
J36;5;0;GrrG;28187.25
J36;5;0;GrrG;28187.50
J36;5;0;GrrG;28187.75
J36;5;0;GrrG;28188.00
J36;5;0;GrrG;28188.25
J36;5;0;GrrG;28188.50
J36;5;0;GrrG;28188.75
J36;5;0;GrrG;28189.00
J36;5;0;GrrG;28189.25
J36;5;0;GrrG;28189.50
J36;5;0;GrrG;28189.75
J36;5;0;GrrG;28190.00
J36;5;0;GrrG;28190.25
J36;5;0;GrrG;28190.50
J36;5;0;GrrG;28190.75
J36;5;0;GrrG;28191.00
J36;5;0;GrrG;28191.25
J36;5;0;GrrG;28191.50
J36;5;0;GrrG;28191.75
J36;5;0;GrrG;28192.00
J36;5;0;GrrG;28192.25
J36;5;0;GrrG;28192.50
J36;5;0;GrrG;28192.75
J36;5;0;GrrG;28193.00
J36;5;0;GrrG;28193.25
J36;5;0;GrrG;28193.50
J36;5;0;GrrG;28193.75
J36;5;0;GrrG;28194.00
J36;5;0;GrrG;28194.25
J36;5;0;GrrG;28194.50
J36;5;0;GrrG;28194.75
J36;5;0;GrrG;28195.00
J36;5;0;GrrG;28195.25
J36;5;0;GrrG;28195.50
J36;5;0;GrrG;28195.75
J36;5;0;GrrG;28196.00
J36;5;0;GrrG;28196.25
J36;5;0;GrrG;28196.50
J36;5;0;GrrG;28196.75
J36;5;0;GrrG;28197.00
J36;5;0;GrrG;28197.25
J36;5;0;GrrG;28197.50
J36;5;0;GrrG;28197.75
J36;5;0;GrrG;28198.00
J36;5;0;GrrG;28198.25
J36;5;0;GrrG;28198.50
J36;5;0;GrrG;28198.75
J36;5;0;GrrG;28199.00
J36;5;0;GrrG;28199.25
J36;5;0;GrrG;28199.50
J36;5;0;GrrG;28199.75
J36;5;0;GrrG;28200.00
J36;5;0;GrrG;28200.25
J36;5;0;GrrG;28200.50
J36;5;0;GrrG;28200.75
J36;5;0;GrrG;28201.00
J36;5;0;GrrG;28201.25
J36;5;0;GrrG;28201.50
J36;5;0;GrrG;28201.75
J36;5;0;GrrG;28202.00
J36;5;0;GrrG;28202.25
J36;5;0;GrrG;28202.50
J36;5;0;GrrG;28202.75
J36;5;0;GrrG;28203.00
J36;5;0;GrrG;28203.25
J36;5;0;GrrG;28203.50
J36;5;0;GrrG;28203.75
J36;5;0;GrrG;28204.00
J36;5;0;GrrG;28204.25
J36;5;0;GrrG;28204.50
J36;5;0;GrrG;28204.75
J36;5;0;GrrG;28205.00
J36;5;0;GrrG;28205.25
J36;5;0;GrrG;28205.50
J36;5;0;GrrG;28205.75
J36;5;0;GrrG;28206.00
J36;5;0;GrrG;28206.25
J36;5;0;GrrG;28206.50
J36;5;0;GrrG;28206.75
J36;5;0;GrrG;28207.00
J36;5;0;GrrG;28207.25
J36;5;0;GrrG;28207.50
J36;5;0;GrrG;28207.75
J36;5;0;GrrG;28208.00
J36;5;0;GrrG;28208.25
J36;5;0;GrrG;28208.50
J36;5;0;GrrG;28208.75
J36;5;0;GrrG;28209.00
J36;5;0;GrrG;28209.25
J36;5;0;GrrG;28209.50
J36;5;0;GrrG;28209.75
J36;5;0;GrrG;28210.00
J36;5;0;GrrG;28210.25
J36;5;0;GrrG;28210.50
J36;6;0;yrry;28210.75
J36;6;0;yrry;28211.00
J36;6;0;yrry;28211.25
J36;6;0;yrry;28211.50
J36;6;0;yrry;28211.75
J36;6;0;yrry;28212.00
J36;6;0;yrry;28212.25
J36;6;0;yrry;28212.50
J36;6;0;yrry;28212.75
J36;6;0;yrry;28213.00
J36;6;0;yrry;28213.25
J36;6;0;yrry;28213.50
J36;7;0;rrrr;28213.75
J36;7;0;rrrr;28214.00
J36;7;0;rrrr;28214.25
J36;7;0;rrrr;28214.50
J36;0;0;ruur;28214.75
J36;0;0;ruur;28215.00
J36;0;0;ruur;28215.25
J36;0;0;ruur;28215.50
J36;1;0;rGGr;28215.75
J36;1;0;rGGr;28216.00
J36;1;0;rGGr;28216.25
J36;1;0;rGGr;28216.50
J36;1;0;rGGr;28216.75
J36;1;0;rGGr;28217.00
J36;1;0;rGGr;28217.25
J36;1;0;rGGr;28217.50
J36;1;0;rGGr;28217.75
J36;1;0;rGGr;28218.00
J36;1;0;rGGr;28218.25
J36;1;0;rGGr;28218.50
J36;1;0;rGGr;28218.75
J36;1;0;rGGr;28219.00
J36;1;0;rGGr;28219.25
J36;1;0;rGGr;28219.50
J36;1;0;rGGr;28219.75
J36;1;0;rGGr;28220.00
J36;1;0;rGGr;28220.25
J36;1;0;rGGr;28220.50
J36;1;0;rGGr;28220.75
J36;1;0;rGGr;28221.00
J36;1;0;rGGr;28221.25
J36;1;0;rGGr;28221.50
J36;1;0;rGGr;28221.75
J36;1;0;rGGr;28222.00
J36;1;0;rGGr;28222.25
J36;1;0;rGGr;28222.50
J36;1;0;rGGr;28222.75
J36;1;0;rGGr;28223.00
J36;1;0;rGGr;28223.25
J36;1;0;rGGr;28223.50
J36;1;0;rGGr;28223.75
J36;1;0;rGGr;28224.00
J36;1;0;rGGr;28224.25
J36;1;0;rGGr;28224.50
J36;1;0;rGGr;28224.75
J36;1;0;rGGr;28225.00
J36;1;0;rGGr;28225.25
J36;1;0;rGGr;28225.50
J36;1;0;rGGr;28225.75
J36;1;0;rGGr;28226.00
J36;1;0;rGGr;28226.25
J36;1;0;rGGr;28226.50
J36;1;0;rGGr;28226.75
J36;1;0;rGGr;28227.00
J36;1;0;rGGr;28227.25
J36;1;0;rGGr;28227.50
J36;1;0;rGGr;28227.75
J36;1;0;rGGr;28228.00
J36;1;0;rGGr;28228.25
J36;1;0;rGGr;28228.50
J36;1;0;rGGr;28228.75
J36;1;0;rGGr;28229.00
J36;1;0;rGGr;28229.25
J36;1;0;rGGr;28229.50
J36;1;0;rGGr;28229.75
J36;1;0;rGGr;28230.00
J36;1;0;rGGr;28230.25
J36;1;0;rGGr;28230.50
J36;1;0;rGGr;28230.75
J36;1;0;rGGr;28231.00
J36;1;0;rGGr;28231.25
J36;1;0;rGGr;28231.50
J36;1;0;rGGr;28231.75
J36;1;0;rGGr;28232.00
J36;1;0;rGGr;28232.25
J36;1;0;rGGr;28232.50
J36;1;0;rGGr;28232.75
J36;1;0;rGGr;28233.00
J36;1;0;rGGr;28233.25
J36;1;0;rGGr;28233.50
J36;1;0;rGGr;28233.75
J36;1;0;rGGr;28234.00
J36;1;0;rGGr;28234.25
J36;1;0;rGGr;28234.50
J36;1;0;rGGr;28234.75
J36;1;0;rGGr;28235.00
J36;1;0;rGGr;28235.25
J36;1;0;rGGr;28235.50
J36;1;0;rGGr;28235.75
J36;1;0;rGGr;28236.00
J36;1;0;rGGr;28236.25
J36;1;0;rGGr;28236.50
J36;1;0;rGGr;28236.75
J36;1;0;rGGr;28237.00
J36;1;0;rGGr;28237.25
J36;1;0;rGGr;28237.50
J36;1;0;rGGr;28237.75
J36;1;0;rGGr;28238.00
J36;1;0;rGGr;28238.25
J36;1;0;rGGr;28238.50
J36;1;0;rGGr;28238.75
J36;1;0;rGGr;28239.00
J36;1;0;rGGr;28239.25
J36;1;0;rGGr;28239.50
J36;1;0;rGGr;28239.75
J36;1;0;rGGr;28240.00
J36;1;0;rGGr;28240.25
J36;1;0;rGGr;28240.50
J36;1;0;rGGr;28240.75
J36;1;0;rGGr;28241.00
J36;1;0;rGGr;28241.25
J36;1;0;rGGr;28241.50
J36;1;0;rGGr;28241.75
J36;1;0;rGGr;28242.00
J36;1;0;rGGr;28242.25
J36;1;0;rGGr;28242.50
J36;1;0;rGGr;28242.75
J36;1;0;rGGr;28243.00
J36;1;0;rGGr;28243.25
J36;1;0;rGGr;28243.50
J36;1;0;rGGr;28243.75
J36;1;0;rGGr;28244.00
J36;1;0;rGGr;28244.25
J36;1;0;rGGr;28244.50
J36;1;0;rGGr;28244.75
J36;1;0;rGGr;28245.00
J36;1;0;rGGr;28245.25
J36;1;0;rGGr;28245.50
J36;1;0;rGGr;28245.75
J36;1;0;rGGr;28246.00
J36;1;0;rGGr;28246.25
J36;1;0;rGGr;28246.50
J36;1;0;rGGr;28246.75
J36;1;0;rGGr;28247.00
J36;1;0;rGGr;28247.25
J36;1;0;rGGr;28247.50
J36;1;0;rGGr;28247.75
J36;1;0;rGGr;28248.00
J36;1;0;rGGr;28248.25
J36;1;0;rGGr;28248.50
J36;1;0;rGGr;28248.75
J36;1;0;rGGr;28249.00
J36;1;0;rGGr;28249.25
J36;1;0;rGGr;28249.50
J36;1;0;rGGr;28249.75
J36;1;0;rGGr;28250.00
J36;1;0;rGGr;28250.25
J36;1;0;rGGr;28250.50
J36;1;0;rGGr;28250.75
J36;1;0;rGGr;28251.00
J36;1;0;rGGr;28251.25
J36;1;0;rGGr;28251.50
J36;1;0;rGGr;28251.75
J36;1;0;rGGr;28252.00
J36;1;0;rGGr;28252.25
J36;1;0;rGGr;28252.50
J36;1;0;rGGr;28252.75
J36;1;0;rGGr;28253.00
J36;1;0;rGGr;28253.25
J36;1;0;rGGr;28253.50
J36;1;0;rGGr;28253.75
J36;1;0;rGGr;28254.00
J36;1;0;rGGr;28254.25
J36;1;0;rGGr;28254.50
J36;1;0;rGGr;28254.75
J36;1;0;rGGr;28255.00
J36;1;0;rGGr;28255.25
J36;1;0;rGGr;28255.50
J36;1;0;rGGr;28255.75
J36;1;0;rGGr;28256.00
J36;1;0;rGGr;28256.25
J36;1;0;rGGr;28256.50
J36;1;0;rGGr;28256.75
J36;1;0;rGGr;28257.00
J36;1;0;rGGr;28257.25
J36;0;online;yyyyyyyyyyyyyyyyyyyyyyyyyyyyyyyyyyyyyyyyyyyyyyyyyyyyyyyyy;28257.50
J36;0;online;yyyyyyyyyyyyyyyyyyyyyyyyyyyyyyyyyyyyyyyyyyyyyyyyyyyyyyyyy;28257.75
J36;0;online;yyyyyyyyyyyyyyyyyyyyyyyyyyyyyyyyyyyyyyyyyyyyyyyyyyyyyyyyy;28258.00
J36;0;online;yyyyyyyyyyyyyyyyyyyyyyyyyyyyyyyyyyyyyyyyyyyyyyyyyyyyyyyyy;28258.25
J36;0;online;yyyyyyyyyyyyyyyyyyyyyyyyyyyyyyyyyyyyyyyyyyyyyyyyyyyyyyyyy;28258.50
J36;0;online;yyyyyyyyyyyyyyyyyyyyyyyyyyyyyyyyyyyyyyyyyyyyyyyyyyyyyyyyy;28258.75
J36;0;online;yyyyyyyyyyyyyyyyyyyyyyyyyyyyyyyyyyyyyyyyyyyyyyyyyyyyyyyyy;28259.00
J36;0;online;yyyyyyyyyyyyyyyyyyyyyyyyyyyyyyyyyyyyyyyyyyyyyyyyyyyyyyyyy;28259.25
J36;0;online;yyyyyyyyyyyyyyyyyyyyyyyyyyyyyyyyyyyyyyyyyyyyyyyyyyyyyyyyy;28259.50
J36;0;online;yyyyyyyyyyyyyyyyyyyyyyyyyyyyyyyyyyyyyyyyyyyyyyyyyyyyyyyyy;28259.75
J36;0;online;yyyyyyyyyyyyyyyyyyyyyyyyyyyyyyyyyyyyyyyyyyyyyyyyyyyyyyyyy;28260.00
J36;0;online;yyyyyyyyyyyyyyyyyyyyyyyyyyyyyyyyyyyyyyyyyyyyyyyyyyyyyyyyy;28260.25
J36;4;0;urru;28260.50
J36;4;0;urru;28260.75
J36;4;0;urru;28261.00
J36;4;0;urru;28261.25
J36;5;0;GrrG;28261.50
J36;5;0;GrrG;28261.75
J36;5;0;GrrG;28262.00
J36;5;0;GrrG;28262.25
J36;5;0;GrrG;28262.50
J36;5;0;GrrG;28262.75
J36;5;0;GrrG;28263.00
J36;5;0;GrrG;28263.25
J36;5;0;GrrG;28263.50
J36;5;0;GrrG;28263.75
J36;5;0;GrrG;28264.00
J36;5;0;GrrG;28264.25
J36;5;0;GrrG;28264.50
J36;5;0;GrrG;28264.75
J36;5;0;GrrG;28265.00
J36;5;0;GrrG;28265.25
J36;5;0;GrrG;28265.50
J36;5;0;GrrG;28265.75
J36;5;0;GrrG;28266.00
J36;5;0;GrrG;28266.25
J36;5;0;GrrG;28266.50
J36;5;0;GrrG;28266.75
J36;5;0;GrrG;28267.00
J36;5;0;GrrG;28267.25
J36;5;0;GrrG;28267.50
J36;5;0;GrrG;28267.75
J36;5;0;GrrG;28268.00
J36;5;0;GrrG;28268.25
J36;5;0;GrrG;28268.50
J36;5;0;GrrG;28268.75
J36;5;0;GrrG;28269.00
J36;5;0;GrrG;28269.25
J36;5;0;GrrG;28269.50
J36;5;0;GrrG;28269.75
J36;5;0;GrrG;28270.00
J36;5;0;GrrG;28270.25
J36;5;0;GrrG;28270.50
J36;5;0;GrrG;28270.75
J36;5;0;GrrG;28271.00
J36;5;0;GrrG;28271.25
J36;5;0;GrrG;28271.50
J36;5;0;GrrG;28271.75
J36;5;0;GrrG;28272.00
J36;5;0;GrrG;28272.25
J36;5;0;GrrG;28272.50
J36;5;0;GrrG;28272.75
J36;5;0;GrrG;28273.00
J36;5;0;GrrG;28273.25
J36;5;0;GrrG;28273.50
J36;5;0;GrrG;28273.75
J36;5;0;GrrG;28274.00
J36;5;0;GrrG;28274.25
J36;5;0;GrrG;28274.50
J36;5;0;GrrG;28274.75
J36;5;0;GrrG;28275.00
J36;5;0;GrrG;28275.25
J36;5;0;GrrG;28275.50
J36;5;0;GrrG;28275.75
J36;5;0;GrrG;28276.00
J36;5;0;GrrG;28276.25
J36;5;0;GrrG;28276.50
J36;5;0;GrrG;28276.75
J36;5;0;GrrG;28277.00
J36;5;0;GrrG;28277.25
J36;5;0;GrrG;28277.50
J36;5;0;GrrG;28277.75
J36;5;0;GrrG;28278.00
J36;5;0;GrrG;28278.25
J36;5;0;GrrG;28278.50
J36;5;0;GrrG;28278.75
J36;5;0;GrrG;28279.00
J36;5;0;GrrG;28279.25
J36;5;0;GrrG;28279.50
J36;5;0;GrrG;28279.75
J36;5;0;GrrG;28280.00
J36;5;0;GrrG;28280.25
J36;5;0;GrrG;28280.50
J36;5;0;GrrG;28280.75
J36;5;0;GrrG;28281.00
J36;5;0;GrrG;28281.25
J36;5;0;GrrG;28281.50
J36;5;0;GrrG;28281.75
J36;5;0;GrrG;28282.00
J36;5;0;GrrG;28282.25
J36;5;0;GrrG;28282.50
J36;5;0;GrrG;28282.75
J36;5;0;GrrG;28283.00
J36;5;0;GrrG;28283.25
J36;5;0;GrrG;28283.50
J36;5;0;GrrG;28283.75
J36;5;0;GrrG;28284.00
J36;5;0;GrrG;28284.25
J36;5;0;GrrG;28284.50
J36;5;0;GrrG;28284.75
J36;5;0;GrrG;28285.00
J36;5;0;GrrG;28285.25
J36;5;0;GrrG;28285.50
J36;5;0;GrrG;28285.75
J36;5;0;GrrG;28286.00
J36;5;0;GrrG;28286.25
J36;6;0;yrry;28286.50
J36;6;0;yrry;28286.75
J36;6;0;yrry;28287.00
J36;6;0;yrry;28287.25
J36;6;0;yrry;28287.50
J36;6;0;yrry;28287.75
J36;6;0;yrry;28288.00
J36;6;0;yrry;28288.25
J36;6;0;yrry;28288.50
J36;6;0;yrry;28288.75
J36;6;0;yrry;28289.00
J36;6;0;yrry;28289.25
J36;7;0;rrrr;28289.50
J36;7;0;rrrr;28289.75
J36;7;0;rrrr;28290.00
J36;7;0;rrrr;28290.25
J36;0;0;ruur;28290.50
J36;0;0;ruur;28290.75
J36;0;0;ruur;28291.00
J36;0;0;ruur;28291.25
J36;1;0;rGGr;28291.50
J36;1;0;rGGr;28291.75
J36;1;0;rGGr;28292.00
J36;1;0;rGGr;28292.25
J36;1;0;rGGr;28292.50
J36;1;0;rGGr;28292.75
J36;1;0;rGGr;28293.00
J36;1;0;rGGr;28293.25
J36;1;0;rGGr;28293.50
J36;1;0;rGGr;28293.75
J36;1;0;rGGr;28294.00
J36;1;0;rGGr;28294.25
J36;1;0;rGGr;28294.50
J36;1;0;rGGr;28294.75
J36;1;0;rGGr;28295.00
J36;1;0;rGGr;28295.25
J36;1;0;rGGr;28295.50
J36;1;0;rGGr;28295.75
J36;1;0;rGGr;28296.00
J36;1;0;rGGr;28296.25
J36;1;0;rGGr;28296.50
J36;1;0;rGGr;28296.75
J36;1;0;rGGr;28297.00
J36;1;0;rGGr;28297.25
J36;1;0;rGGr;28297.50
J36;1;0;rGGr;28297.75
J36;1;0;rGGr;28298.00
J36;1;0;rGGr;28298.25
J36;1;0;rGGr;28298.50
J36;1;0;rGGr;28298.75
J36;1;0;rGGr;28299.00
J36;1;0;rGGr;28299.25
J36;1;0;rGGr;28299.50
J36;1;0;rGGr;28299.75
J36;1;0;rGGr;28300.00
J36;1;0;rGGr;28300.25
J36;1;0;rGGr;28300.50
J36;1;0;rGGr;28300.75
J36;1;0;rGGr;28301.00
J36;1;0;rGGr;28301.25
J36;1;0;rGGr;28301.50
J36;1;0;rGGr;28301.75
J36;1;0;rGGr;28302.00
J36;1;0;rGGr;28302.25
J36;1;0;rGGr;28302.50
J36;1;0;rGGr;28302.75
J36;1;0;rGGr;28303.00
J36;1;0;rGGr;28303.25
J36;1;0;rGGr;28303.50
J36;1;0;rGGr;28303.75
J36;1;0;rGGr;28304.00
J36;1;0;rGGr;28304.25
J36;1;0;rGGr;28304.50
J36;1;0;rGGr;28304.75
J36;1;0;rGGr;28305.00
J36;1;0;rGGr;28305.25
J36;1;0;rGGr;28305.50
J36;1;0;rGGr;28305.75
J36;1;0;rGGr;28306.00
J36;1;0;rGGr;28306.25
J36;1;0;rGGr;28306.50
J36;1;0;rGGr;28306.75
J36;1;0;rGGr;28307.00
J36;1;0;rGGr;28307.25
J36;1;0;rGGr;28307.50
J36;1;0;rGGr;28307.75
J36;1;0;rGGr;28308.00
J36;1;0;rGGr;28308.25
J36;1;0;rGGr;28308.50
J36;1;0;rGGr;28308.75
J36;1;0;rGGr;28309.00
J36;1;0;rGGr;28309.25
J36;1;0;rGGr;28309.50
J36;1;0;rGGr;28309.75
J36;1;0;rGGr;28310.00
J36;1;0;rGGr;28310.25
J36;1;0;rGGr;28310.50
J36;1;0;rGGr;28310.75
J36;1;0;rGGr;28311.00
J36;1;0;rGGr;28311.25
J36;1;0;rGGr;28311.50
J36;1;0;rGGr;28311.75
J36;1;0;rGGr;28312.00
J36;1;0;rGGr;28312.25
J36;1;0;rGGr;28312.50
J36;1;0;rGGr;28312.75
J36;1;0;rGGr;28313.00
J36;1;0;rGGr;28313.25
J36;1;0;rGGr;28313.50
J36;1;0;rGGr;28313.75
J36;1;0;rGGr;28314.00
J36;1;0;rGGr;28314.25
J36;1;0;rGGr;28314.50
J36;1;0;rGGr;28314.75
J36;1;0;rGGr;28315.00
J36;1;0;rGGr;28315.25
J36;1;0;rGGr;28315.50
J36;1;0;rGGr;28315.75
J36;1;0;rGGr;28316.00
J36;1;0;rGGr;28316.25
J36;1;0;rGGr;28316.50
J36;1;0;rGGr;28316.75
J36;1;0;rGGr;28317.00
J36;1;0;rGGr;28317.25
J36;1;0;rGGr;28317.50
J36;1;0;rGGr;28317.75
J36;1;0;rGGr;28318.00
J36;1;0;rGGr;28318.25
J36;1;0;rGGr;28318.50
J36;1;0;rGGr;28318.75
J36;1;0;rGGr;28319.00
J36;1;0;rGGr;28319.25
J36;1;0;rGGr;28319.50
J36;1;0;rGGr;28319.75
J36;1;0;rGGr;28320.00
J36;1;0;rGGr;28320.25
J36;1;0;rGGr;28320.50
J36;1;0;rGGr;28320.75
J36;1;0;rGGr;28321.00
J36;1;0;rGGr;28321.25
J36;1;0;rGGr;28321.50
J36;1;0;rGGr;28321.75
J36;1;0;rGGr;28322.00
J36;1;0;rGGr;28322.25
J36;1;0;rGGr;28322.50
J36;1;0;rGGr;28322.75
J36;1;0;rGGr;28323.00
J36;1;0;rGGr;28323.25
J36;1;0;rGGr;28323.50
J36;1;0;rGGr;28323.75
J36;2;0;ryyr;28324.00
J36;2;0;ryyr;28324.25
J36;2;0;ryyr;28324.50
J36;2;0;ryyr;28324.75
J36;2;0;ryyr;28325.00
J36;2;0;ryyr;28325.25
J36;2;0;ryyr;28325.50
J36;2;0;ryyr;28325.75
J36;2;0;ryyr;28326.00
J36;2;0;ryyr;28326.25
J36;2;0;ryyr;28326.50
J36;2;0;ryyr;28326.75
J36;3;0;rrrr;28327.00
J36;3;0;rrrr;28327.25
J36;3;0;rrrr;28327.50
J36;3;0;rrrr;28327.75
J36;4;0;urru;28328.00
J36;4;0;urru;28328.25
J36;4;0;urru;28328.50
J36;4;0;urru;28328.75
J36;5;0;GrrG;28329.00
J36;5;0;GrrG;28329.25
J36;5;0;GrrG;28329.50
J36;5;0;GrrG;28329.75
J36;5;0;GrrG;28330.00
J36;5;0;GrrG;28330.25
J36;5;0;GrrG;28330.50
J36;5;0;GrrG;28330.75
J36;5;0;GrrG;28331.00
J36;5;0;GrrG;28331.25
J36;5;0;GrrG;28331.50
J36;5;0;GrrG;28331.75
J36;5;0;GrrG;28332.00
J36;5;0;GrrG;28332.25
J36;5;0;GrrG;28332.50
J36;5;0;GrrG;28332.75
J36;5;0;GrrG;28333.00
J36;5;0;GrrG;28333.25
J36;5;0;GrrG;28333.50
J36;5;0;GrrG;28333.75
J36;5;0;GrrG;28334.00
J36;5;0;GrrG;28334.25
J36;5;0;GrrG;28334.50
J36;5;0;GrrG;28334.75
J36;5;0;GrrG;28335.00
J36;5;0;GrrG;28335.25
J36;5;0;GrrG;28335.50
J36;5;0;GrrG;28335.75
J36;5;0;GrrG;28336.00
J36;5;0;GrrG;28336.25
J36;5;0;GrrG;28336.50
J36;5;0;GrrG;28336.75
J36;5;0;GrrG;28337.00
J36;5;0;GrrG;28337.25
J36;5;0;GrrG;28337.50
J36;5;0;GrrG;28337.75
J36;5;0;GrrG;28338.00
J36;5;0;GrrG;28338.25
J36;5;0;GrrG;28338.50
J36;5;0;GrrG;28338.75
J36;5;0;GrrG;28339.00
J36;5;0;GrrG;28339.25
J36;5;0;GrrG;28339.50
J36;5;0;GrrG;28339.75
J36;5;0;GrrG;28340.00
J36;5;0;GrrG;28340.25
J36;5;0;GrrG;28340.50
J36;5;0;GrrG;28340.75
J36;5;0;GrrG;28341.00
J36;5;0;GrrG;28341.25
J36;5;0;GrrG;28341.50
J36;5;0;GrrG;28341.75
J36;5;0;GrrG;28342.00
J36;5;0;GrrG;28342.25
J36;5;0;GrrG;28342.50
J36;5;0;GrrG;28342.75
J36;5;0;GrrG;28343.00
J36;5;0;GrrG;28343.25
J36;5;0;GrrG;28343.50
J36;5;0;GrrG;28343.75
J36;5;0;GrrG;28344.00
J36;5;0;GrrG;28344.25
J36;5;0;GrrG;28344.50
J36;5;0;GrrG;28344.75
J36;5;0;GrrG;28345.00
J36;5;0;GrrG;28345.25
J36;5;0;GrrG;28345.50
J36;5;0;GrrG;28345.75
J36;5;0;GrrG;28346.00
J36;5;0;GrrG;28346.25
J36;5;0;GrrG;28346.50
J36;5;0;GrrG;28346.75
J36;5;0;GrrG;28347.00
J36;5;0;GrrG;28347.25
J36;5;0;GrrG;28347.50
J36;5;0;GrrG;28347.75
J36;5;0;GrrG;28348.00
J36;5;0;GrrG;28348.25
J36;5;0;GrrG;28348.50
J36;5;0;GrrG;28348.75
J36;5;0;GrrG;28349.00
J36;5;0;GrrG;28349.25
J36;5;0;GrrG;28349.50
J36;5;0;GrrG;28349.75
J36;5;0;GrrG;28350.00
J36;5;0;GrrG;28350.25
J36;5;0;GrrG;28350.50
J36;5;0;GrrG;28350.75
J36;5;0;GrrG;28351.00
J36;5;0;GrrG;28351.25
J36;5;0;GrrG;28351.50
J36;5;0;GrrG;28351.75
J36;5;0;GrrG;28352.00
J36;5;0;GrrG;28352.25
J36;5;0;GrrG;28352.50
J36;5;0;GrrG;28352.75
J36;5;0;GrrG;28353.00
J36;5;0;GrrG;28353.25
J36;5;0;GrrG;28353.50
J36;5;0;GrrG;28353.75
J36;6;0;yrry;28354.00
J36;6;0;yrry;28354.25
J36;6;0;yrry;28354.50
J36;6;0;yrry;28354.75
J36;6;0;yrry;28355.00
J36;6;0;yrry;28355.25
J36;6;0;yrry;28355.50
J36;6;0;yrry;28355.75
J36;6;0;yrry;28356.00
J36;6;0;yrry;28356.25
J36;6;0;yrry;28356.50
J36;6;0;yrry;28356.75
J36;7;0;rrrr;28357.00
J36;7;0;rrrr;28357.25
J36;7;0;rrrr;28357.50
J36;7;0;rrrr;28357.75
J36;0;0;ruur;28358.00
J36;0;0;ruur;28358.25
J36;0;0;ruur;28358.50
J36;0;0;ruur;28358.75
J36;1;0;rGGr;28359.00
J36;1;0;rGGr;28359.25
J36;1;0;rGGr;28359.50
J36;1;0;rGGr;28359.75
J36;1;0;rGGr;28360.00
J36;1;0;rGGr;28360.25
J36;1;0;rGGr;28360.50
J36;1;0;rGGr;28360.75
J36;1;0;rGGr;28361.00
J36;1;0;rGGr;28361.25
J36;1;0;rGGr;28361.50
J36;1;0;rGGr;28361.75
J36;1;0;rGGr;28362.00
J36;1;0;rGGr;28362.25
J36;1;0;rGGr;28362.50
J36;1;0;rGGr;28362.75
J36;1;0;rGGr;28363.00
J36;1;0;rGGr;28363.25
J36;1;0;rGGr;28363.50
J36;1;0;rGGr;28363.75
J36;1;0;rGGr;28364.00
J36;1;0;rGGr;28364.25
J36;1;0;rGGr;28364.50
J36;1;0;rGGr;28364.75
J36;1;0;rGGr;28365.00
J36;1;0;rGGr;28365.25
J36;1;0;rGGr;28365.50
J36;1;0;rGGr;28365.75
J36;1;0;rGGr;28366.00
J36;1;0;rGGr;28366.25
J36;1;0;rGGr;28366.50
J36;1;0;rGGr;28366.75
J36;1;0;rGGr;28367.00
J36;1;0;rGGr;28367.25
J36;1;0;rGGr;28367.50
J36;1;0;rGGr;28367.75
J36;1;0;rGGr;28368.00
J36;1;0;rGGr;28368.25
J36;1;0;rGGr;28368.50
J36;1;0;rGGr;28368.75
J36;1;0;rGGr;28369.00
J36;1;0;rGGr;28369.25
J36;1;0;rGGr;28369.50
J36;1;0;rGGr;28369.75
J36;1;0;rGGr;28370.00
J36;1;0;rGGr;28370.25
J36;1;0;rGGr;28370.50
J36;1;0;rGGr;28370.75
J36;1;0;rGGr;28371.00
J36;1;0;rGGr;28371.25
J36;1;0;rGGr;28371.50
J36;1;0;rGGr;28371.75
J36;1;0;rGGr;28372.00
J36;1;0;rGGr;28372.25
J36;1;0;rGGr;28372.50
J36;1;0;rGGr;28372.75
J36;1;0;rGGr;28373.00
J36;1;0;rGGr;28373.25
J36;1;0;rGGr;28373.50
J36;1;0;rGGr;28373.75
J36;1;0;rGGr;28374.00
J36;1;0;rGGr;28374.25
J36;1;0;rGGr;28374.50
J36;1;0;rGGr;28374.75
J36;1;0;rGGr;28375.00
J36;1;0;rGGr;28375.25
J36;1;0;rGGr;28375.50
J36;1;0;rGGr;28375.75
J36;1;0;rGGr;28376.00
J36;1;0;rGGr;28376.25
J36;1;0;rGGr;28376.50
J36;1;0;rGGr;28376.75
J36;1;0;rGGr;28377.00
J36;1;0;rGGr;28377.25
J36;1;0;rGGr;28377.50
J36;1;0;rGGr;28377.75
J36;1;0;rGGr;28378.00
J36;1;0;rGGr;28378.25
J36;1;0;rGGr;28378.50
J36;1;0;rGGr;28378.75
J36;1;0;rGGr;28379.00
J36;1;0;rGGr;28379.25
J36;1;0;rGGr;28379.50
J36;1;0;rGGr;28379.75
J36;1;0;rGGr;28380.00
J36;1;0;rGGr;28380.25
J36;1;0;rGGr;28380.50
J36;1;0;rGGr;28380.75
J36;0;online;yyyyyyyyyyyyyyyyyyyyyyyyyyyyyyyyyyyyyyyyyyyyyyyyyyyyyyyyy;28381.00
J36;0;online;yyyyyyyyyyyyyyyyyyyyyyyyyyyyyyyyyyyyyyyyyyyyyyyyyyyyyyyyy;28381.25
J36;0;online;yyyyyyyyyyyyyyyyyyyyyyyyyyyyyyyyyyyyyyyyyyyyyyyyyyyyyyyyy;28381.50
J36;0;online;yyyyyyyyyyyyyyyyyyyyyyyyyyyyyyyyyyyyyyyyyyyyyyyyyyyyyyyyy;28381.75
J36;0;online;yyyyyyyyyyyyyyyyyyyyyyyyyyyyyyyyyyyyyyyyyyyyyyyyyyyyyyyyy;28382.00
J36;0;online;yyyyyyyyyyyyyyyyyyyyyyyyyyyyyyyyyyyyyyyyyyyyyyyyyyyyyyyyy;28382.25
J36;0;online;yyyyyyyyyyyyyyyyyyyyyyyyyyyyyyyyyyyyyyyyyyyyyyyyyyyyyyyyy;28382.50
J36;0;online;yyyyyyyyyyyyyyyyyyyyyyyyyyyyyyyyyyyyyyyyyyyyyyyyyyyyyyyyy;28382.75
J36;0;online;yyyyyyyyyyyyyyyyyyyyyyyyyyyyyyyyyyyyyyyyyyyyyyyyyyyyyyyyy;28383.00
J36;0;online;yyyyyyyyyyyyyyyyyyyyyyyyyyyyyyyyyyyyyyyyyyyyyyyyyyyyyyyyy;28383.25
J36;0;online;yyyyyyyyyyyyyyyyyyyyyyyyyyyyyyyyyyyyyyyyyyyyyyyyyyyyyyyyy;28383.50
J36;0;online;yyyyyyyyyyyyyyyyyyyyyyyyyyyyyyyyyyyyyyyyyyyyyyyyyyyyyyyyy;28383.75
J36;4;0;urru;28384.00
J36;4;0;urru;28384.25
J36;4;0;urru;28384.50
J36;4;0;urru;28384.75
J36;5;0;GrrG;28385.00
J36;5;0;GrrG;28385.25
J36;5;0;GrrG;28385.50
J36;5;0;GrrG;28385.75
J36;5;0;GrrG;28386.00
J36;5;0;GrrG;28386.25
J36;5;0;GrrG;28386.50
J36;5;0;GrrG;28386.75
J36;5;0;GrrG;28387.00
J36;5;0;GrrG;28387.25
J36;5;0;GrrG;28387.50
J36;5;0;GrrG;28387.75
J36;5;0;GrrG;28388.00
J36;5;0;GrrG;28388.25
J36;5;0;GrrG;28388.50
J36;5;0;GrrG;28388.75
J36;5;0;GrrG;28389.00
J36;5;0;GrrG;28389.25
J36;5;0;GrrG;28389.50
J36;5;0;GrrG;28389.75
J36;5;0;GrrG;28390.00
J36;5;0;GrrG;28390.25
J36;5;0;GrrG;28390.50
J36;5;0;GrrG;28390.75
J36;5;0;GrrG;28391.00
J36;5;0;GrrG;28391.25
J36;5;0;GrrG;28391.50
J36;5;0;GrrG;28391.75
J36;5;0;GrrG;28392.00
J36;5;0;GrrG;28392.25
J36;5;0;GrrG;28392.50
J36;5;0;GrrG;28392.75
J36;5;0;GrrG;28393.00
J36;5;0;GrrG;28393.25
J36;5;0;GrrG;28393.50
J36;5;0;GrrG;28393.75
J36;5;0;GrrG;28394.00
J36;5;0;GrrG;28394.25
J36;5;0;GrrG;28394.50
J36;5;0;GrrG;28394.75
J36;5;0;GrrG;28395.00
J36;5;0;GrrG;28395.25
J36;5;0;GrrG;28395.50
J36;5;0;GrrG;28395.75
J36;5;0;GrrG;28396.00
J36;5;0;GrrG;28396.25
J36;5;0;GrrG;28396.50
J36;5;0;GrrG;28396.75
J36;5;0;GrrG;28397.00
J36;5;0;GrrG;28397.25
J36;5;0;GrrG;28397.50
J36;5;0;GrrG;28397.75
J36;5;0;GrrG;28398.00
J36;5;0;GrrG;28398.25
J36;5;0;GrrG;28398.50
J36;5;0;GrrG;28398.75
J36;5;0;GrrG;28399.00
J36;5;0;GrrG;28399.25
J36;5;0;GrrG;28399.50
J36;5;0;GrrG;28399.75
J36;5;0;GrrG;28400.00
J36;5;0;GrrG;28400.25
J36;5;0;GrrG;28400.50
J36;5;0;GrrG;28400.75
J36;5;0;GrrG;28401.00
J36;5;0;GrrG;28401.25
J36;5;0;GrrG;28401.50
J36;5;0;GrrG;28401.75
J36;5;0;GrrG;28402.00
J36;5;0;GrrG;28402.25
J36;5;0;GrrG;28402.50
J36;5;0;GrrG;28402.75
J36;5;0;GrrG;28403.00
J36;5;0;GrrG;28403.25
J36;5;0;GrrG;28403.50
J36;5;0;GrrG;28403.75
J36;5;0;GrrG;28404.00
J36;5;0;GrrG;28404.25
J36;5;0;GrrG;28404.50
J36;5;0;GrrG;28404.75
J36;5;0;GrrG;28405.00
J36;5;0;GrrG;28405.25
J36;5;0;GrrG;28405.50
J36;5;0;GrrG;28405.75
J36;5;0;GrrG;28406.00
J36;5;0;GrrG;28406.25
J36;5;0;GrrG;28406.50
J36;5;0;GrrG;28406.75
J36;5;0;GrrG;28407.00
J36;5;0;GrrG;28407.25
J36;5;0;GrrG;28407.50
J36;5;0;GrrG;28407.75
J36;5;0;GrrG;28408.00
J36;5;0;GrrG;28408.25
J36;5;0;GrrG;28408.50
J36;5;0;GrrG;28408.75
J36;5;0;GrrG;28409.00
J36;5;0;GrrG;28409.25
J36;5;0;GrrG;28409.50
J36;5;0;GrrG;28409.75
J36;6;0;yrry;28410.00
J36;6;0;yrry;28410.25
J36;6;0;yrry;28410.50
J36;6;0;yrry;28410.75
J36;6;0;yrry;28411.00
J36;6;0;yrry;28411.25
J36;6;0;yrry;28411.50
J36;6;0;yrry;28411.75
J36;6;0;yrry;28412.00
J36;6;0;yrry;28412.25
J36;6;0;yrry;28412.50
J36;6;0;yrry;28412.75
J36;7;0;rrrr;28413.00
J36;7;0;rrrr;28413.25
J36;7;0;rrrr;28413.50
J36;7;0;rrrr;28413.75
J36;0;0;ruur;28414.00
J36;0;0;ruur;28414.25
J36;0;0;ruur;28414.50
J36;0;0;ruur;28414.75
J36;1;0;rGGr;28415.00
J36;1;0;rGGr;28415.25
J36;1;0;rGGr;28415.50
J36;1;0;rGGr;28415.75
J36;1;0;rGGr;28416.00
J36;1;0;rGGr;28416.25
J36;1;0;rGGr;28416.50
J36;1;0;rGGr;28416.75
J36;1;0;rGGr;28417.00
J36;1;0;rGGr;28417.25
J36;1;0;rGGr;28417.50
J36;1;0;rGGr;28417.75
J36;1;0;rGGr;28418.00
J36;1;0;rGGr;28418.25
J36;1;0;rGGr;28418.50
J36;1;0;rGGr;28418.75
J36;1;0;rGGr;28419.00
J36;1;0;rGGr;28419.25
J36;1;0;rGGr;28419.50
J36;1;0;rGGr;28419.75
J36;1;0;rGGr;28420.00
J36;1;0;rGGr;28420.25
J36;1;0;rGGr;28420.50
J36;1;0;rGGr;28420.75
J36;1;0;rGGr;28421.00
J36;1;0;rGGr;28421.25
J36;1;0;rGGr;28421.50
J36;1;0;rGGr;28421.75
J36;1;0;rGGr;28422.00
J36;1;0;rGGr;28422.25
J36;1;0;rGGr;28422.50
J36;1;0;rGGr;28422.75
J36;1;0;rGGr;28423.00
J36;1;0;rGGr;28423.25
J36;1;0;rGGr;28423.50
J36;1;0;rGGr;28423.75
J36;1;0;rGGr;28424.00
J36;1;0;rGGr;28424.25
J36;1;0;rGGr;28424.50
J36;1;0;rGGr;28424.75
J36;1;0;rGGr;28425.00
J36;1;0;rGGr;28425.25
J36;1;0;rGGr;28425.50
J36;1;0;rGGr;28425.75
J36;1;0;rGGr;28426.00
J36;1;0;rGGr;28426.25
J36;1;0;rGGr;28426.50
J36;1;0;rGGr;28426.75
J36;1;0;rGGr;28427.00
J36;1;0;rGGr;28427.25
J36;1;0;rGGr;28427.50
J36;1;0;rGGr;28427.75
J36;1;0;rGGr;28428.00
J36;1;0;rGGr;28428.25
J36;1;0;rGGr;28428.50
J36;1;0;rGGr;28428.75
J36;1;0;rGGr;28429.00
J36;1;0;rGGr;28429.25
J36;1;0;rGGr;28429.50
J36;1;0;rGGr;28429.75
J36;1;0;rGGr;28430.00
J36;1;0;rGGr;28430.25
J36;1;0;rGGr;28430.50
J36;1;0;rGGr;28430.75
J36;1;0;rGGr;28431.00
J36;1;0;rGGr;28431.25
J36;1;0;rGGr;28431.50
J36;1;0;rGGr;28431.75
J36;1;0;rGGr;28432.00
J36;1;0;rGGr;28432.25
J36;1;0;rGGr;28432.50
J36;1;0;rGGr;28432.75
J36;1;0;rGGr;28433.00
J36;1;0;rGGr;28433.25
J36;1;0;rGGr;28433.50
J36;1;0;rGGr;28433.75
J36;1;0;rGGr;28434.00
J36;1;0;rGGr;28434.25
J36;1;0;rGGr;28434.50
J36;1;0;rGGr;28434.75
J36;1;0;rGGr;28435.00
J36;1;0;rGGr;28435.25
J36;1;0;rGGr;28435.50
J36;1;0;rGGr;28435.75
J36;1;0;rGGr;28436.00
J36;1;0;rGGr;28436.25
J36;1;0;rGGr;28436.50
J36;1;0;rGGr;28436.75
J36;1;0;rGGr;28437.00
J36;1;0;rGGr;28437.25
J36;1;0;rGGr;28437.50
J36;1;0;rGGr;28437.75
J36;1;0;rGGr;28438.00
J36;1;0;rGGr;28438.25
J36;1;0;rGGr;28438.50
J36;1;0;rGGr;28438.75
J36;1;0;rGGr;28439.00
J36;1;0;rGGr;28439.25
J36;1;0;rGGr;28439.50
J36;1;0;rGGr;28439.75
J36;1;0;rGGr;28440.00
J36;1;0;rGGr;28440.25
J36;1;0;rGGr;28440.50
J36;1;0;rGGr;28440.75
J36;1;0;rGGr;28441.00
J36;1;0;rGGr;28441.25
J36;1;0;rGGr;28441.50
J36;1;0;rGGr;28441.75
J36;1;0;rGGr;28442.00
J36;1;0;rGGr;28442.25
J36;1;0;rGGr;28442.50
J36;1;0;rGGr;28442.75
J36;1;0;rGGr;28443.00
J36;2;0;ryyr;28443.25
J36;2;0;ryyr;28443.50
J36;0;online;yyyyyyyyyyyyyyyyyyyyyyyyyyyyyyyyyyyyyyyyyyyyyyyyyyyyyyyyy;28443.75
J36;0;online;yyyyyyyyyyyyyyyyyyyyyyyyyyyyyyyyyyyyyyyyyyyyyyyyyyyyyyyyy;28444.00
J36;0;online;yyyyyyyyyyyyyyyyyyyyyyyyyyyyyyyyyyyyyyyyyyyyyyyyyyyyyyyyy;28444.25
J36;0;online;yyyyyyyyyyyyyyyyyyyyyyyyyyyyyyyyyyyyyyyyyyyyyyyyyyyyyyyyy;28444.50
J36;0;online;yyyyyyyyyyyyyyyyyyyyyyyyyyyyyyyyyyyyyyyyyyyyyyyyyyyyyyyyy;28444.75
J36;0;online;yyyyyyyyyyyyyyyyyyyyyyyyyyyyyyyyyyyyyyyyyyyyyyyyyyyyyyyyy;28445.00
J36;0;online;yyyyyyyyyyyyyyyyyyyyyyyyyyyyyyyyyyyyyyyyyyyyyyyyyyyyyyyyy;28445.25
J36;0;online;yyyyyyyyyyyyyyyyyyyyyyyyyyyyyyyyyyyyyyyyyyyyyyyyyyyyyyyyy;28445.50
J36;0;online;yyyyyyyyyyyyyyyyyyyyyyyyyyyyyyyyyyyyyyyyyyyyyyyyyyyyyyyyy;28445.75
J36;0;online;yyyyyyyyyyyyyyyyyyyyyyyyyyyyyyyyyyyyyyyyyyyyyyyyyyyyyyyyy;28446.00
J36;0;online;yyyyyyyyyyyyyyyyyyyyyyyyyyyyyyyyyyyyyyyyyyyyyyyyyyyyyyyyy;28446.25
J36;0;online;yyyyyyyyyyyyyyyyyyyyyyyyyyyyyyyyyyyyyyyyyyyyyyyyyyyyyyyyy;28446.50
J36;4;0;urru;28446.75
J36;4;0;urru;28447.00
J36;4;0;urru;28447.25
J36;4;0;urru;28447.50
J36;5;0;GrrG;28447.75
J36;5;0;GrrG;28448.00
J36;5;0;GrrG;28448.25
J36;5;0;GrrG;28448.50
J36;5;0;GrrG;28448.75
J36;5;0;GrrG;28449.00
J36;5;0;GrrG;28449.25
J36;5;0;GrrG;28449.50
J36;5;0;GrrG;28449.75
J36;5;0;GrrG;28450.00
J36;5;0;GrrG;28450.25
J36;5;0;GrrG;28450.50
J36;5;0;GrrG;28450.75
J36;5;0;GrrG;28451.00
J36;5;0;GrrG;28451.25
J36;5;0;GrrG;28451.50
J36;5;0;GrrG;28451.75
J36;5;0;GrrG;28452.00
J36;5;0;GrrG;28452.25
J36;5;0;GrrG;28452.50
J36;5;0;GrrG;28452.75
J36;5;0;GrrG;28453.00
J36;5;0;GrrG;28453.25
J36;5;0;GrrG;28453.50
J36;5;0;GrrG;28453.75
J36;5;0;GrrG;28454.00
J36;5;0;GrrG;28454.25
J36;5;0;GrrG;28454.50
J36;5;0;GrrG;28454.75
J36;5;0;GrrG;28455.00
J36;5;0;GrrG;28455.25
J36;5;0;GrrG;28455.50
J36;5;0;GrrG;28455.75
J36;5;0;GrrG;28456.00
J36;5;0;GrrG;28456.25
J36;5;0;GrrG;28456.50
J36;5;0;GrrG;28456.75
J36;5;0;GrrG;28457.00
J36;5;0;GrrG;28457.25
J36;5;0;GrrG;28457.50
J36;5;0;GrrG;28457.75
J36;5;0;GrrG;28458.00
J36;5;0;GrrG;28458.25
J36;5;0;GrrG;28458.50
J36;5;0;GrrG;28458.75
J36;5;0;GrrG;28459.00
J36;5;0;GrrG;28459.25
J36;5;0;GrrG;28459.50
J36;5;0;GrrG;28459.75
J36;5;0;GrrG;28460.00
J36;5;0;GrrG;28460.25
J36;5;0;GrrG;28460.50
J36;5;0;GrrG;28460.75
J36;5;0;GrrG;28461.00
J36;5;0;GrrG;28461.25
J36;5;0;GrrG;28461.50
J36;5;0;GrrG;28461.75
J36;5;0;GrrG;28462.00
J36;5;0;GrrG;28462.25
J36;5;0;GrrG;28462.50
J36;5;0;GrrG;28462.75
J36;5;0;GrrG;28463.00
J36;5;0;GrrG;28463.25
J36;5;0;GrrG;28463.50
J36;5;0;GrrG;28463.75
J36;5;0;GrrG;28464.00
J36;5;0;GrrG;28464.25
J36;5;0;GrrG;28464.50
J36;5;0;GrrG;28464.75
J36;5;0;GrrG;28465.00
J36;5;0;GrrG;28465.25
J36;5;0;GrrG;28465.50
J36;5;0;GrrG;28465.75
J36;5;0;GrrG;28466.00
J36;5;0;GrrG;28466.25
J36;5;0;GrrG;28466.50
J36;5;0;GrrG;28466.75
J36;5;0;GrrG;28467.00
J36;5;0;GrrG;28467.25
J36;5;0;GrrG;28467.50
J36;5;0;GrrG;28467.75
J36;5;0;GrrG;28468.00
J36;5;0;GrrG;28468.25
J36;5;0;GrrG;28468.50
J36;5;0;GrrG;28468.75
J36;5;0;GrrG;28469.00
J36;5;0;GrrG;28469.25
J36;5;0;GrrG;28469.50
J36;5;0;GrrG;28469.75
J36;5;0;GrrG;28470.00
J36;5;0;GrrG;28470.25
J36;5;0;GrrG;28470.50
J36;5;0;GrrG;28470.75
J36;5;0;GrrG;28471.00
J36;5;0;GrrG;28471.25
J36;5;0;GrrG;28471.50
J36;5;0;GrrG;28471.75
J36;5;0;GrrG;28472.00
J36;5;0;GrrG;28472.25
J36;5;0;GrrG;28472.50
J36;6;0;yrry;28472.75
J36;6;0;yrry;28473.00
J36;6;0;yrry;28473.25
J36;6;0;yrry;28473.50
J36;6;0;yrry;28473.75
J36;6;0;yrry;28474.00
J36;6;0;yrry;28474.25
J36;6;0;yrry;28474.50
J36;6;0;yrry;28474.75
J36;6;0;yrry;28475.00
J36;6;0;yrry;28475.25
J36;6;0;yrry;28475.50
J36;7;0;rrrr;28475.75
J36;7;0;rrrr;28476.00
J36;7;0;rrrr;28476.25
J36;7;0;rrrr;28476.50
J36;0;0;ruur;28476.75
J36;0;0;ruur;28477.00
J36;0;0;ruur;28477.25
J36;0;0;ruur;28477.50
J36;1;0;rGGr;28477.75
J36;1;0;rGGr;28478.00
J36;1;0;rGGr;28478.25
J36;1;0;rGGr;28478.50
J36;1;0;rGGr;28478.75
J36;1;0;rGGr;28479.00
J36;1;0;rGGr;28479.25
J36;1;0;rGGr;28479.50
J36;1;0;rGGr;28479.75
J36;1;0;rGGr;28480.00
J36;1;0;rGGr;28480.25
J36;1;0;rGGr;28480.50
J36;1;0;rGGr;28480.75
J36;1;0;rGGr;28481.00
J36;1;0;rGGr;28481.25
J36;1;0;rGGr;28481.50
J36;1;0;rGGr;28481.75
J36;1;0;rGGr;28482.00
J36;1;0;rGGr;28482.25
J36;1;0;rGGr;28482.50
J36;1;0;rGGr;28482.75
J36;1;0;rGGr;28483.00
J36;1;0;rGGr;28483.25
J36;1;0;rGGr;28483.50
J36;1;0;rGGr;28483.75
J36;1;0;rGGr;28484.00
J36;1;0;rGGr;28484.25
J36;1;0;rGGr;28484.50
J36;1;0;rGGr;28484.75
J36;1;0;rGGr;28485.00
J36;1;0;rGGr;28485.25
J36;1;0;rGGr;28485.50
J36;1;0;rGGr;28485.75
J36;1;0;rGGr;28486.00
J36;1;0;rGGr;28486.25
J36;1;0;rGGr;28486.50
J36;1;0;rGGr;28486.75
J36;1;0;rGGr;28487.00
J36;1;0;rGGr;28487.25
J36;1;0;rGGr;28487.50
J36;1;0;rGGr;28487.75
J36;1;0;rGGr;28488.00
J36;1;0;rGGr;28488.25
J36;1;0;rGGr;28488.50
J36;1;0;rGGr;28488.75
J36;1;0;rGGr;28489.00
J36;1;0;rGGr;28489.25
J36;1;0;rGGr;28489.50
J36;1;0;rGGr;28489.75
J36;1;0;rGGr;28490.00
J36;1;0;rGGr;28490.25
J36;1;0;rGGr;28490.50
J36;1;0;rGGr;28490.75
J36;1;0;rGGr;28491.00
J36;1;0;rGGr;28491.25
J36;1;0;rGGr;28491.50
J36;1;0;rGGr;28491.75
J36;1;0;rGGr;28492.00
J36;1;0;rGGr;28492.25
J36;1;0;rGGr;28492.50
J36;1;0;rGGr;28492.75
J36;1;0;rGGr;28493.00
J36;1;0;rGGr;28493.25
J36;1;0;rGGr;28493.50
J36;1;0;rGGr;28493.75
J36;1;0;rGGr;28494.00
J36;1;0;rGGr;28494.25
J36;1;0;rGGr;28494.50
J36;1;0;rGGr;28494.75
J36;1;0;rGGr;28495.00
J36;1;0;rGGr;28495.25
J36;1;0;rGGr;28495.50
J36;1;0;rGGr;28495.75
J36;1;0;rGGr;28496.00
J36;1;0;rGGr;28496.25
J36;1;0;rGGr;28496.50
J36;1;0;rGGr;28496.75
J36;1;0;rGGr;28497.00
J36;1;0;rGGr;28497.25
J36;1;0;rGGr;28497.50
J36;1;0;rGGr;28497.75
J36;1;0;rGGr;28498.00
J36;1;0;rGGr;28498.25
J36;1;0;rGGr;28498.50
J36;1;0;rGGr;28498.75
J36;1;0;rGGr;28499.00
J36;1;0;rGGr;28499.25
J36;1;0;rGGr;28499.50
J36;1;0;rGGr;28499.75
J36;1;0;rGGr;28500.00
J36;1;0;rGGr;28500.25
J36;1;0;rGGr;28500.50
J36;1;0;rGGr;28500.75
J36;1;0;rGGr;28501.00
J36;1;0;rGGr;28501.25
J36;1;0;rGGr;28501.50
J36;1;0;rGGr;28501.75
J36;1;0;rGGr;28502.00
J36;1;0;rGGr;28502.25
J36;1;0;rGGr;28502.50
J36;2;0;ryyr;28502.75
J36;2;0;ryyr;28503.00
J36;2;0;ryyr;28503.25
J36;2;0;ryyr;28503.50
J36;2;0;ryyr;28503.75
J36;2;0;ryyr;28504.00
J36;2;0;ryyr;28504.25
J36;2;0;ryyr;28504.50
J36;2;0;ryyr;28504.75
J36;2;0;ryyr;28505.00
J36;2;0;ryyr;28505.25
J36;2;0;ryyr;28505.50
J36;2;0;ryyr;28505.75
J36;2;0;ryyr;28506.00
J36;2;0;ryyr;28506.25
J36;2;0;ryyr;28506.50
J36;2;0;ryyr;28506.75
J36;2;0;ryyr;28507.00
J36;2;0;ryyr;28507.25
J36;2;0;ryyr;28507.50
J36;2;0;ryyr;28507.75
J36;2;0;ryyr;28508.00
J36;2;0;ryyr;28508.25
J36;3;0;rrrr;28508.50
J36;3;0;rrrr;28508.75
J36;3;0;rrrr;28509.00
J36;3;0;rrrr;28509.25
J36;4;0;urru;28509.50
J36;4;0;urru;28509.75
J36;4;0;urru;28510.00
J36;4;0;urru;28510.25
J36;5;0;GrrG;28510.50
J36;5;0;GrrG;28510.75
J36;5;0;GrrG;28511.00
J36;5;0;GrrG;28511.25
J36;5;0;GrrG;28511.50
J36;5;0;GrrG;28511.75
J36;5;0;GrrG;28512.00
J36;5;0;GrrG;28512.25
J36;5;0;GrrG;28512.50
J36;5;0;GrrG;28512.75
J36;5;0;GrrG;28513.00
J36;5;0;GrrG;28513.25
J36;5;0;GrrG;28513.50
J36;5;0;GrrG;28513.75
J36;5;0;GrrG;28514.00
J36;5;0;GrrG;28514.25
J36;5;0;GrrG;28514.50
J36;5;0;GrrG;28514.75
J36;5;0;GrrG;28515.00
J36;5;0;GrrG;28515.25
J36;5;0;GrrG;28515.50
J36;5;0;GrrG;28515.75
J36;5;0;GrrG;28516.00
J36;5;0;GrrG;28516.25
J36;5;0;GrrG;28516.50
J36;5;0;GrrG;28516.75
J36;5;0;GrrG;28517.00
J36;5;0;GrrG;28517.25
J36;5;0;GrrG;28517.50
J36;5;0;GrrG;28517.75
J36;5;0;GrrG;28518.00
J36;5;0;GrrG;28518.25
J36;5;0;GrrG;28518.50
J36;5;0;GrrG;28518.75
J36;5;0;GrrG;28519.00
J36;5;0;GrrG;28519.25
J36;5;0;GrrG;28519.50
J36;5;0;GrrG;28519.75
J36;5;0;GrrG;28520.00
J36;5;0;GrrG;28520.25
J36;5;0;GrrG;28520.50
J36;5;0;GrrG;28520.75
J36;5;0;GrrG;28521.00
J36;5;0;GrrG;28521.25
J36;5;0;GrrG;28521.50
J36;5;0;GrrG;28521.75
J36;5;0;GrrG;28522.00
J36;5;0;GrrG;28522.25
J36;5;0;GrrG;28522.50
J36;5;0;GrrG;28522.75
J36;5;0;GrrG;28523.00
J36;5;0;GrrG;28523.25
J36;5;0;GrrG;28523.50
J36;5;0;GrrG;28523.75
J36;5;0;GrrG;28524.00
J36;5;0;GrrG;28524.25
J36;5;0;GrrG;28524.50
J36;5;0;GrrG;28524.75
J36;5;0;GrrG;28525.00
J36;5;0;GrrG;28525.25
J36;5;0;GrrG;28525.50
J36;5;0;GrrG;28525.75
J36;5;0;GrrG;28526.00
J36;5;0;GrrG;28526.25
J36;5;0;GrrG;28526.50
J36;5;0;GrrG;28526.75
J36;5;0;GrrG;28527.00
J36;5;0;GrrG;28527.25
J36;5;0;GrrG;28527.50
J36;5;0;GrrG;28527.75
J36;5;0;GrrG;28528.00
J36;5;0;GrrG;28528.25
J36;5;0;GrrG;28528.50
J36;5;0;GrrG;28528.75
J36;5;0;GrrG;28529.00
J36;5;0;GrrG;28529.25
J36;5;0;GrrG;28529.50
J36;5;0;GrrG;28529.75
J36;5;0;GrrG;28530.00
J36;5;0;GrrG;28530.25
J36;5;0;GrrG;28530.50
J36;5;0;GrrG;28530.75
J36;5;0;GrrG;28531.00
J36;5;0;GrrG;28531.25
J36;5;0;GrrG;28531.50
J36;5;0;GrrG;28531.75
J36;5;0;GrrG;28532.00
J36;5;0;GrrG;28532.25
J36;5;0;GrrG;28532.50
J36;5;0;GrrG;28532.75
J36;5;0;GrrG;28533.00
J36;5;0;GrrG;28533.25
J36;5;0;GrrG;28533.50
J36;5;0;GrrG;28533.75
J36;5;0;GrrG;28534.00
J36;5;0;GrrG;28534.25
J36;5;0;GrrG;28534.50
J36;5;0;GrrG;28534.75
J36;5;0;GrrG;28535.00
J36;5;0;GrrG;28535.25
J36;6;0;yrry;28535.50
J36;6;0;yrry;28535.75
J36;6;0;yrry;28536.00
J36;6;0;yrry;28536.25
J36;6;0;yrry;28536.50
J36;6;0;yrry;28536.75
J36;6;0;yrry;28537.00
J36;6;0;yrry;28537.25
J36;6;0;yrry;28537.50
J36;6;0;yrry;28537.75
J36;6;0;yrry;28538.00
J36;6;0;yrry;28538.25
J36;7;0;rrrr;28538.50
J36;7;0;rrrr;28538.75
J36;7;0;rrrr;28539.00
J36;7;0;rrrr;28539.25
J36;0;0;ruur;28539.50
J36;0;0;ruur;28539.75
J36;0;0;ruur;28540.00
J36;0;0;ruur;28540.25
J36;1;0;rGGr;28540.50
J36;1;0;rGGr;28540.75
J36;1;0;rGGr;28541.00
J36;1;0;rGGr;28541.25
J36;1;0;rGGr;28541.50
J36;1;0;rGGr;28541.75
J36;1;0;rGGr;28542.00
J36;1;0;rGGr;28542.25
J36;1;0;rGGr;28542.50
J36;1;0;rGGr;28542.75
J36;1;0;rGGr;28543.00
J36;1;0;rGGr;28543.25
J36;1;0;rGGr;28543.50
J36;1;0;rGGr;28543.75
J36;1;0;rGGr;28544.00
J36;1;0;rGGr;28544.25
J36;1;0;rGGr;28544.50
J36;1;0;rGGr;28544.75
J36;1;0;rGGr;28545.00
J36;1;0;rGGr;28545.25
J36;1;0;rGGr;28545.50
J36;1;0;rGGr;28545.75
J36;1;0;rGGr;28546.00
J36;1;0;rGGr;28546.25
J36;1;0;rGGr;28546.50
J36;1;0;rGGr;28546.75
J36;1;0;rGGr;28547.00
J36;1;0;rGGr;28547.25
J36;1;0;rGGr;28547.50
J36;1;0;rGGr;28547.75
J36;1;0;rGGr;28548.00
J36;1;0;rGGr;28548.25
J36;1;0;rGGr;28548.50
J36;1;0;rGGr;28548.75
J36;1;0;rGGr;28549.00
J36;1;0;rGGr;28549.25
J36;1;0;rGGr;28549.50
J36;1;0;rGGr;28549.75
J36;1;0;rGGr;28550.00
J36;1;0;rGGr;28550.25
J36;1;0;rGGr;28550.50
J36;1;0;rGGr;28550.75
J36;1;0;rGGr;28551.00
J36;1;0;rGGr;28551.25
J36;1;0;rGGr;28551.50
J36;1;0;rGGr;28551.75
J36;1;0;rGGr;28552.00
J36;1;0;rGGr;28552.25
J36;1;0;rGGr;28552.50
J36;1;0;rGGr;28552.75
J36;1;0;rGGr;28553.00
J36;1;0;rGGr;28553.25
J36;1;0;rGGr;28553.50
J36;1;0;rGGr;28553.75
J36;1;0;rGGr;28554.00
J36;1;0;rGGr;28554.25
J36;1;0;rGGr;28554.50
J36;1;0;rGGr;28554.75
J36;1;0;rGGr;28555.00
J36;1;0;rGGr;28555.25
J36;1;0;rGGr;28555.50
J36;1;0;rGGr;28555.75
J36;1;0;rGGr;28556.00
J36;1;0;rGGr;28556.25
J36;1;0;rGGr;28556.50
J36;1;0;rGGr;28556.75
J36;1;0;rGGr;28557.00
J36;1;0;rGGr;28557.25
J36;1;0;rGGr;28557.50
J36;1;0;rGGr;28557.75
J36;1;0;rGGr;28558.00
J36;1;0;rGGr;28558.25
J36;1;0;rGGr;28558.50
J36;1;0;rGGr;28558.75
J36;1;0;rGGr;28559.00
J36;1;0;rGGr;28559.25
J36;1;0;rGGr;28559.50
J36;1;0;rGGr;28559.75
J36;1;0;rGGr;28560.00
J36;1;0;rGGr;28560.25
J36;1;0;rGGr;28560.50
J36;1;0;rGGr;28560.75
J36;1;0;rGGr;28561.00
J36;1;0;rGGr;28561.25
J36;1;0;rGGr;28561.50
J36;1;0;rGGr;28561.75
J36;1;0;rGGr;28562.00
J36;1;0;rGGr;28562.25
J36;1;0;rGGr;28562.50
J36;1;0;rGGr;28562.75
J36;1;0;rGGr;28563.00
J36;1;0;rGGr;28563.25
J36;1;0;rGGr;28563.50
J36;1;0;rGGr;28563.75
J36;1;0;rGGr;28564.00
J36;1;0;rGGr;28564.25
J36;1;0;rGGr;28564.50
J36;1;0;rGGr;28564.75
J36;1;0;rGGr;28565.00
J36;1;0;rGGr;28565.25
J36;2;0;ryyr;28565.50
J36;2;0;ryyr;28565.75
J36;2;0;ryyr;28566.00
J36;2;0;ryyr;28566.25
J36;2;0;ryyr;28566.50
J36;2;0;ryyr;28566.75
J36;2;0;ryyr;28567.00
J36;2;0;ryyr;28567.25
J36;2;0;ryyr;28567.50
J36;2;0;ryyr;28567.75
J36;2;0;ryyr;28568.00
J36;2;0;ryyr;28568.25
J36;3;0;rrrr;28568.50
J36;3;0;rrrr;28568.75
J36;3;0;rrrr;28569.00
J36;3;0;rrrr;28569.25
J36;4;0;urru;28569.50
J36;4;0;urru;28569.75
J36;4;0;urru;28570.00
J36;4;0;urru;28570.25
J36;5;0;GrrG;28570.50
J36;5;0;GrrG;28570.75
J36;5;0;GrrG;28571.00
J36;5;0;GrrG;28571.25
J36;5;0;GrrG;28571.50
J36;5;0;GrrG;28571.75
J36;5;0;GrrG;28572.00
J36;5;0;GrrG;28572.25
J36;5;0;GrrG;28572.50
J36;5;0;GrrG;28572.75
J36;5;0;GrrG;28573.00
J36;5;0;GrrG;28573.25
J36;5;0;GrrG;28573.50
J36;5;0;GrrG;28573.75
J36;5;0;GrrG;28574.00
J36;5;0;GrrG;28574.25
J36;5;0;GrrG;28574.50
J36;5;0;GrrG;28574.75
J36;5;0;GrrG;28575.00
J36;5;0;GrrG;28575.25
J36;5;0;GrrG;28575.50
J36;5;0;GrrG;28575.75
J36;5;0;GrrG;28576.00
J36;5;0;GrrG;28576.25
J36;5;0;GrrG;28576.50
J36;5;0;GrrG;28576.75
J36;5;0;GrrG;28577.00
J36;5;0;GrrG;28577.25
J36;5;0;GrrG;28577.50
J36;5;0;GrrG;28577.75
J36;5;0;GrrG;28578.00
J36;5;0;GrrG;28578.25
J36;5;0;GrrG;28578.50
J36;5;0;GrrG;28578.75
J36;5;0;GrrG;28579.00
J36;5;0;GrrG;28579.25
J36;5;0;GrrG;28579.50
J36;5;0;GrrG;28579.75
J36;5;0;GrrG;28580.00
J36;5;0;GrrG;28580.25
J36;5;0;GrrG;28580.50
J36;5;0;GrrG;28580.75
J36;5;0;GrrG;28581.00
J36;5;0;GrrG;28581.25
J36;5;0;GrrG;28581.50
J36;5;0;GrrG;28581.75
J36;5;0;GrrG;28582.00
J36;5;0;GrrG;28582.25
J36;5;0;GrrG;28582.50
J36;5;0;GrrG;28582.75
J36;5;0;GrrG;28583.00
J36;5;0;GrrG;28583.25
J36;5;0;GrrG;28583.50
J36;5;0;GrrG;28583.75
J36;5;0;GrrG;28584.00
J36;5;0;GrrG;28584.25
J36;5;0;GrrG;28584.50
J36;5;0;GrrG;28584.75
J36;5;0;GrrG;28585.00
J36;5;0;GrrG;28585.25
J36;5;0;GrrG;28585.50
J36;5;0;GrrG;28585.75
J36;5;0;GrrG;28586.00
J36;5;0;GrrG;28586.25
J36;5;0;GrrG;28586.50
J36;5;0;GrrG;28586.75
J36;5;0;GrrG;28587.00
J36;5;0;GrrG;28587.25
J36;5;0;GrrG;28587.50
J36;5;0;GrrG;28587.75
J36;5;0;GrrG;28588.00
J36;5;0;GrrG;28588.25
J36;5;0;GrrG;28588.50
J36;5;0;GrrG;28588.75
J36;5;0;GrrG;28589.00
J36;5;0;GrrG;28589.25
J36;5;0;GrrG;28589.50
J36;5;0;GrrG;28589.75
J36;5;0;GrrG;28590.00
J36;5;0;GrrG;28590.25
J36;5;0;GrrG;28590.50
J36;5;0;GrrG;28590.75
J36;5;0;GrrG;28591.00
J36;5;0;GrrG;28591.25
J36;5;0;GrrG;28591.50
J36;5;0;GrrG;28591.75
J36;5;0;GrrG;28592.00
J36;5;0;GrrG;28592.25
J36;5;0;GrrG;28592.50
J36;5;0;GrrG;28592.75
J36;5;0;GrrG;28593.00
J36;5;0;GrrG;28593.25
J36;5;0;GrrG;28593.50
J36;5;0;GrrG;28593.75
J36;5;0;GrrG;28594.00
J36;5;0;GrrG;28594.25
J36;5;0;GrrG;28594.50
J36;5;0;GrrG;28594.75
J36;5;0;GrrG;28595.00
J36;5;0;GrrG;28595.25
J36;6;0;yrry;28595.50
J36;6;0;yrry;28595.75
J36;6;0;yrry;28596.00
J36;6;0;yrry;28596.25
J36;6;0;yrry;28596.50
J36;6;0;yrry;28596.75
J36;6;0;yrry;28597.00
J36;6;0;yrry;28597.25
J36;6;0;yrry;28597.50
J36;6;0;yrry;28597.75
J36;6;0;yrry;28598.00
J36;6;0;yrry;28598.25
J36;7;0;rrrr;28598.50
J36;7;0;rrrr;28598.75
J36;7;0;rrrr;28599.00
J36;7;0;rrrr;28599.25
J36;0;0;ruur;28599.50
J36;0;0;ruur;28599.75
J36;0;0;ruur;28600.00
J36;0;0;ruur;28600.25
J36;1;0;rGGr;28600.50
J36;1;0;rGGr;28600.75
J36;1;0;rGGr;28601.00
J36;1;0;rGGr;28601.25
J36;1;0;rGGr;28601.50
J36;1;0;rGGr;28601.75
J36;1;0;rGGr;28602.00
J36;1;0;rGGr;28602.25
J36;1;0;rGGr;28602.50
J36;1;0;rGGr;28602.75
J36;1;0;rGGr;28603.00
J36;1;0;rGGr;28603.25
J36;1;0;rGGr;28603.50
J36;1;0;rGGr;28603.75
J36;1;0;rGGr;28604.00
J36;1;0;rGGr;28604.25
J36;1;0;rGGr;28604.50
J36;1;0;rGGr;28604.75
J36;1;0;rGGr;28605.00
J36;1;0;rGGr;28605.25
J36;1;0;rGGr;28605.50
J36;1;0;rGGr;28605.75
J36;1;0;rGGr;28606.00
J36;1;0;rGGr;28606.25
J36;1;0;rGGr;28606.50
J36;1;0;rGGr;28606.75
J36;1;0;rGGr;28607.00
J36;1;0;rGGr;28607.25
J36;1;0;rGGr;28607.50
J36;1;0;rGGr;28607.75
J36;1;0;rGGr;28608.00
J36;1;0;rGGr;28608.25
J36;1;0;rGGr;28608.50
J36;1;0;rGGr;28608.75
J36;1;0;rGGr;28609.00
J36;1;0;rGGr;28609.25
J36;1;0;rGGr;28609.50
J36;1;0;rGGr;28609.75
J36;1;0;rGGr;28610.00
J36;1;0;rGGr;28610.25
J36;1;0;rGGr;28610.50
J36;1;0;rGGr;28610.75
J36;1;0;rGGr;28611.00
J36;1;0;rGGr;28611.25
J36;1;0;rGGr;28611.50
J36;1;0;rGGr;28611.75
J36;1;0;rGGr;28612.00
J36;1;0;rGGr;28612.25
J36;1;0;rGGr;28612.50
J36;1;0;rGGr;28612.75
J36;1;0;rGGr;28613.00
J36;1;0;rGGr;28613.25
J36;1;0;rGGr;28613.50
J36;1;0;rGGr;28613.75
J36;1;0;rGGr;28614.00
J36;1;0;rGGr;28614.25
J36;1;0;rGGr;28614.50
J36;1;0;rGGr;28614.75
J36;1;0;rGGr;28615.00
J36;1;0;rGGr;28615.25
J36;1;0;rGGr;28615.50
J36;1;0;rGGr;28615.75
J36;1;0;rGGr;28616.00
J36;1;0;rGGr;28616.25
J36;1;0;rGGr;28616.50
J36;1;0;rGGr;28616.75
J36;1;0;rGGr;28617.00
J36;1;0;rGGr;28617.25
J36;1;0;rGGr;28617.50
J36;1;0;rGGr;28617.75
J36;1;0;rGGr;28618.00
J36;1;0;rGGr;28618.25
J36;1;0;rGGr;28618.50
J36;1;0;rGGr;28618.75
J36;1;0;rGGr;28619.00
J36;1;0;rGGr;28619.25
J36;1;0;rGGr;28619.50
J36;1;0;rGGr;28619.75
J36;1;0;rGGr;28620.00
J36;1;0;rGGr;28620.25
J36;1;0;rGGr;28620.50
J36;1;0;rGGr;28620.75
J36;1;0;rGGr;28621.00
J36;1;0;rGGr;28621.25
J36;1;0;rGGr;28621.50
J36;1;0;rGGr;28621.75
J36;1;0;rGGr;28622.00
J36;1;0;rGGr;28622.25
J36;1;0;rGGr;28622.50
J36;1;0;rGGr;28622.75
J36;1;0;rGGr;28623.00
J36;1;0;rGGr;28623.25
J36;1;0;rGGr;28623.50
J36;1;0;rGGr;28623.75
J36;1;0;rGGr;28624.00
J36;1;0;rGGr;28624.25
J36;1;0;rGGr;28624.50
J36;1;0;rGGr;28624.75
J36;1;0;rGGr;28625.00
J36;1;0;rGGr;28625.25
J36;2;0;ryyr;28625.50
J36;2;0;ryyr;28625.75
J36;2;0;ryyr;28626.00
J36;2;0;ryyr;28626.25
J36;2;0;ryyr;28626.50
J36;2;0;ryyr;28626.75
J36;2;0;ryyr;28627.00
J36;2;0;ryyr;28627.25
J36;2;0;ryyr;28627.50
J36;2;0;ryyr;28627.75
J36;2;0;ryyr;28628.00
J36;2;0;ryyr;28628.25
J36;3;0;rrrr;28628.50
J36;3;0;rrrr;28628.75
J36;3;0;rrrr;28629.00
J36;3;0;rrrr;28629.25
J36;4;0;urru;28629.50
J36;4;0;urru;28629.75
J36;4;0;urru;28630.00
J36;4;0;urru;28630.25
J36;5;0;GrrG;28630.50
J36;5;0;GrrG;28630.75
J36;5;0;GrrG;28631.00
J36;5;0;GrrG;28631.25
J36;5;0;GrrG;28631.50
J36;5;0;GrrG;28631.75
J36;5;0;GrrG;28632.00
J36;5;0;GrrG;28632.25
J36;5;0;GrrG;28632.50
J36;5;0;GrrG;28632.75
J36;5;0;GrrG;28633.00
J36;5;0;GrrG;28633.25
J36;5;0;GrrG;28633.50
J36;5;0;GrrG;28633.75
J36;5;0;GrrG;28634.00
J36;5;0;GrrG;28634.25
J36;5;0;GrrG;28634.50
J36;5;0;GrrG;28634.75
J36;5;0;GrrG;28635.00
J36;5;0;GrrG;28635.25
J36;5;0;GrrG;28635.50
J36;5;0;GrrG;28635.75
J36;5;0;GrrG;28636.00
J36;5;0;GrrG;28636.25
J36;5;0;GrrG;28636.50
J36;5;0;GrrG;28636.75
J36;5;0;GrrG;28637.00
J36;5;0;GrrG;28637.25
J36;5;0;GrrG;28637.50
J36;5;0;GrrG;28637.75
J36;5;0;GrrG;28638.00
J36;5;0;GrrG;28638.25
J36;5;0;GrrG;28638.50
J36;5;0;GrrG;28638.75
J36;5;0;GrrG;28639.00
J36;5;0;GrrG;28639.25
J36;5;0;GrrG;28639.50
J36;5;0;GrrG;28639.75
J36;5;0;GrrG;28640.00
J36;5;0;GrrG;28640.25
J36;5;0;GrrG;28640.50
J36;5;0;GrrG;28640.75
J36;5;0;GrrG;28641.00
J36;5;0;GrrG;28641.25
J36;5;0;GrrG;28641.50
J36;5;0;GrrG;28641.75
J36;5;0;GrrG;28642.00
J36;5;0;GrrG;28642.25
J36;5;0;GrrG;28642.50
J36;5;0;GrrG;28642.75
J36;5;0;GrrG;28643.00
J36;5;0;GrrG;28643.25
J36;5;0;GrrG;28643.50
J36;5;0;GrrG;28643.75
J36;5;0;GrrG;28644.00
J36;5;0;GrrG;28644.25
J36;5;0;GrrG;28644.50
J36;5;0;GrrG;28644.75
J36;5;0;GrrG;28645.00
J36;5;0;GrrG;28645.25
J36;5;0;GrrG;28645.50
J36;5;0;GrrG;28645.75
J36;5;0;GrrG;28646.00
J36;5;0;GrrG;28646.25
J36;5;0;GrrG;28646.50
J36;5;0;GrrG;28646.75
J36;5;0;GrrG;28647.00
J36;5;0;GrrG;28647.25
J36;5;0;GrrG;28647.50
J36;5;0;GrrG;28647.75
J36;5;0;GrrG;28648.00
J36;5;0;GrrG;28648.25
J36;5;0;GrrG;28648.50
J36;5;0;GrrG;28648.75
J36;5;0;GrrG;28649.00
J36;5;0;GrrG;28649.25
J36;5;0;GrrG;28649.50
J36;5;0;GrrG;28649.75
J36;5;0;GrrG;28650.00
J36;5;0;GrrG;28650.25
J36;5;0;GrrG;28650.50
J36;5;0;GrrG;28650.75
J36;5;0;GrrG;28651.00
J36;5;0;GrrG;28651.25
J36;5;0;GrrG;28651.50
J36;5;0;GrrG;28651.75
J36;5;0;GrrG;28652.00
J36;5;0;GrrG;28652.25
J36;5;0;GrrG;28652.50
J36;5;0;GrrG;28652.75
J36;5;0;GrrG;28653.00
J36;5;0;GrrG;28653.25
J36;5;0;GrrG;28653.50
J36;5;0;GrrG;28653.75
J36;5;0;GrrG;28654.00
J36;5;0;GrrG;28654.25
J36;5;0;GrrG;28654.50
J36;5;0;GrrG;28654.75
J36;5;0;GrrG;28655.00
J36;5;0;GrrG;28655.25
J36;6;0;yrry;28655.50
J36;6;0;yrry;28655.75
J36;6;0;yrry;28656.00
J36;6;0;yrry;28656.25
J36;6;0;yrry;28656.50
J36;6;0;yrry;28656.75
J36;6;0;yrry;28657.00
J36;6;0;yrry;28657.25
J36;6;0;yrry;28657.50
J36;6;0;yrry;28657.75
J36;6;0;yrry;28658.00
J36;6;0;yrry;28658.25
J36;7;0;rrrr;28658.50
J36;7;0;rrrr;28658.75
J36;7;0;rrrr;28659.00
J36;7;0;rrrr;28659.25
J36;0;0;ruur;28659.50
J36;0;0;ruur;28659.75
J36;0;0;ruur;28660.00
J36;0;0;ruur;28660.25
J36;1;0;rGGr;28660.50
J36;1;0;rGGr;28660.75
J36;1;0;rGGr;28661.00
J36;1;0;rGGr;28661.25
J36;1;0;rGGr;28661.50
J36;1;0;rGGr;28661.75
J36;1;0;rGGr;28662.00
J36;1;0;rGGr;28662.25
J36;1;0;rGGr;28662.50
J36;1;0;rGGr;28662.75
J36;1;0;rGGr;28663.00
J36;1;0;rGGr;28663.25
J36;1;0;rGGr;28663.50
J36;1;0;rGGr;28663.75
J36;1;0;rGGr;28664.00
J36;1;0;rGGr;28664.25
J36;1;0;rGGr;28664.50
J36;1;0;rGGr;28664.75
J36;1;0;rGGr;28665.00
J36;1;0;rGGr;28665.25
J36;1;0;rGGr;28665.50
J36;1;0;rGGr;28665.75
J36;1;0;rGGr;28666.00
J36;1;0;rGGr;28666.25
J36;1;0;rGGr;28666.50
J36;1;0;rGGr;28666.75
J36;1;0;rGGr;28667.00
J36;1;0;rGGr;28667.25
J36;1;0;rGGr;28667.50
J36;1;0;rGGr;28667.75
J36;1;0;rGGr;28668.00
J36;1;0;rGGr;28668.25
J36;1;0;rGGr;28668.50
J36;1;0;rGGr;28668.75
J36;1;0;rGGr;28669.00
J36;1;0;rGGr;28669.25
J36;1;0;rGGr;28669.50
J36;1;0;rGGr;28669.75
J36;1;0;rGGr;28670.00
J36;1;0;rGGr;28670.25
J36;1;0;rGGr;28670.50
J36;1;0;rGGr;28670.75
J36;1;0;rGGr;28671.00
J36;1;0;rGGr;28671.25
J36;1;0;rGGr;28671.50
J36;1;0;rGGr;28671.75
J36;1;0;rGGr;28672.00
J36;1;0;rGGr;28672.25
J36;1;0;rGGr;28672.50
J36;1;0;rGGr;28672.75
J36;1;0;rGGr;28673.00
J36;1;0;rGGr;28673.25
J36;1;0;rGGr;28673.50
J36;1;0;rGGr;28673.75
J36;1;0;rGGr;28674.00
J36;1;0;rGGr;28674.25
J36;1;0;rGGr;28674.50
J36;1;0;rGGr;28674.75
J36;1;0;rGGr;28675.00
J36;1;0;rGGr;28675.25
J36;1;0;rGGr;28675.50
J36;1;0;rGGr;28675.75
J36;1;0;rGGr;28676.00
J36;1;0;rGGr;28676.25
J36;1;0;rGGr;28676.50
J36;1;0;rGGr;28676.75
J36;1;0;rGGr;28677.00
J36;1;0;rGGr;28677.25
J36;1;0;rGGr;28677.50
J36;1;0;rGGr;28677.75
J36;1;0;rGGr;28678.00
J36;1;0;rGGr;28678.25
J36;1;0;rGGr;28678.50
J36;1;0;rGGr;28678.75
J36;1;0;rGGr;28679.00
J36;1;0;rGGr;28679.25
J36;1;0;rGGr;28679.50
J36;1;0;rGGr;28679.75
J36;1;0;rGGr;28680.00
J36;1;0;rGGr;28680.25
J36;1;0;rGGr;28680.50
J36;1;0;rGGr;28680.75
J36;1;0;rGGr;28681.00
J36;1;0;rGGr;28681.25
J36;1;0;rGGr;28681.50
J36;1;0;rGGr;28681.75
J36;1;0;rGGr;28682.00
J36;1;0;rGGr;28682.25
J36;1;0;rGGr;28682.50
J36;1;0;rGGr;28682.75
J36;1;0;rGGr;28683.00
J36;1;0;rGGr;28683.25
J36;1;0;rGGr;28683.50
J36;1;0;rGGr;28683.75
J36;1;0;rGGr;28684.00
J36;1;0;rGGr;28684.25
J36;1;0;rGGr;28684.50
J36;1;0;rGGr;28684.75
J36;1;0;rGGr;28685.00
J36;1;0;rGGr;28685.25
J36;2;0;ryyr;28685.50
J36;2;0;ryyr;28685.75
J36;2;0;ryyr;28686.00
J36;2;0;ryyr;28686.25
J36;2;0;ryyr;28686.50
J36;2;0;ryyr;28686.75
J36;2;0;ryyr;28687.00
J36;2;0;ryyr;28687.25
J36;2;0;ryyr;28687.50
J36;2;0;ryyr;28687.75
J36;2;0;ryyr;28688.00
J36;2;0;ryyr;28688.25
J36;3;0;rrrr;28688.50
J36;3;0;rrrr;28688.75
J36;3;0;rrrr;28689.00
J36;3;0;rrrr;28689.25
J36;4;0;urru;28689.50
J36;4;0;urru;28689.75
J36;4;0;urru;28690.00
J36;4;0;urru;28690.25
J36;5;0;GrrG;28690.50
J36;5;0;GrrG;28690.75
J36;5;0;GrrG;28691.00
J36;5;0;GrrG;28691.25
J36;5;0;GrrG;28691.50
J36;5;0;GrrG;28691.75
J36;5;0;GrrG;28692.00
J36;5;0;GrrG;28692.25
J36;5;0;GrrG;28692.50
J36;5;0;GrrG;28692.75
J36;5;0;GrrG;28693.00
J36;5;0;GrrG;28693.25
J36;5;0;GrrG;28693.50
J36;5;0;GrrG;28693.75
J36;5;0;GrrG;28694.00
J36;5;0;GrrG;28694.25
J36;5;0;GrrG;28694.50
J36;5;0;GrrG;28694.75
J36;5;0;GrrG;28695.00
J36;5;0;GrrG;28695.25
J36;5;0;GrrG;28695.50
J36;5;0;GrrG;28695.75
J36;5;0;GrrG;28696.00
J36;5;0;GrrG;28696.25
J36;5;0;GrrG;28696.50
J36;5;0;GrrG;28696.75
J36;5;0;GrrG;28697.00
J36;5;0;GrrG;28697.25
J36;5;0;GrrG;28697.50
J36;5;0;GrrG;28697.75
J36;5;0;GrrG;28698.00
J36;5;0;GrrG;28698.25
J36;5;0;GrrG;28698.50
J36;5;0;GrrG;28698.75
J36;5;0;GrrG;28699.00
J36;5;0;GrrG;28699.25
J36;5;0;GrrG;28699.50
J36;5;0;GrrG;28699.75
J36;5;0;GrrG;28700.00
J36;5;0;GrrG;28700.25
J36;5;0;GrrG;28700.50
J36;5;0;GrrG;28700.75
J36;5;0;GrrG;28701.00
J36;5;0;GrrG;28701.25
J36;5;0;GrrG;28701.50
J36;5;0;GrrG;28701.75
J36;5;0;GrrG;28702.00
J36;5;0;GrrG;28702.25
J36;5;0;GrrG;28702.50
J36;5;0;GrrG;28702.75
J36;5;0;GrrG;28703.00
J36;5;0;GrrG;28703.25
J36;5;0;GrrG;28703.50
J36;5;0;GrrG;28703.75
J36;5;0;GrrG;28704.00
J36;5;0;GrrG;28704.25
J36;5;0;GrrG;28704.50
J36;5;0;GrrG;28704.75
J36;5;0;GrrG;28705.00
J36;5;0;GrrG;28705.25
J36;5;0;GrrG;28705.50
J36;5;0;GrrG;28705.75
J36;5;0;GrrG;28706.00
J36;5;0;GrrG;28706.25
J36;5;0;GrrG;28706.50
J36;5;0;GrrG;28706.75
J36;5;0;GrrG;28707.00
J36;5;0;GrrG;28707.25
J36;5;0;GrrG;28707.50
J36;5;0;GrrG;28707.75
J36;5;0;GrrG;28708.00
J36;5;0;GrrG;28708.25
J36;5;0;GrrG;28708.50
J36;5;0;GrrG;28708.75
J36;5;0;GrrG;28709.00
J36;5;0;GrrG;28709.25
J36;5;0;GrrG;28709.50
J36;5;0;GrrG;28709.75
J36;5;0;GrrG;28710.00
J36;5;0;GrrG;28710.25
J36;5;0;GrrG;28710.50
J36;5;0;GrrG;28710.75
J36;5;0;GrrG;28711.00
J36;5;0;GrrG;28711.25
J36;5;0;GrrG;28711.50
J36;5;0;GrrG;28711.75
J36;5;0;GrrG;28712.00
J36;5;0;GrrG;28712.25
J36;5;0;GrrG;28712.50
J36;5;0;GrrG;28712.75
J36;5;0;GrrG;28713.00
J36;5;0;GrrG;28713.25
J36;5;0;GrrG;28713.50
J36;5;0;GrrG;28713.75
J36;5;0;GrrG;28714.00
J36;5;0;GrrG;28714.25
J36;5;0;GrrG;28714.50
J36;5;0;GrrG;28714.75
J36;5;0;GrrG;28715.00
J36;5;0;GrrG;28715.25
J36;6;0;yrry;28715.50
J36;6;0;yrry;28715.75
J36;6;0;yrry;28716.00
J36;6;0;yrry;28716.25
J36;6;0;yrry;28716.50
J36;6;0;yrry;28716.75
J36;6;0;yrry;28717.00
J36;6;0;yrry;28717.25
J36;6;0;yrry;28717.50
J36;6;0;yrry;28717.75
J36;6;0;yrry;28718.00
J36;6;0;yrry;28718.25
J36;7;0;rrrr;28718.50
J36;7;0;rrrr;28718.75
J36;7;0;rrrr;28719.00
J36;7;0;rrrr;28719.25
J36;0;0;ruur;28719.50
J36;0;0;ruur;28719.75
J36;0;0;ruur;28720.00
J36;0;0;ruur;28720.25
J36;1;0;rGGr;28720.50
J36;0;online;yyyyyyyyyyyyyyyyyyyyyyyyyyyyyyyyyyyyyyyyyyyyyyyyyyyyyyyyy;28720.75
J36;0;online;yyyyyyyyyyyyyyyyyyyyyyyyyyyyyyyyyyyyyyyyyyyyyyyyyyyyyyyyy;28721.00
J36;0;online;yyyyyyyyyyyyyyyyyyyyyyyyyyyyyyyyyyyyyyyyyyyyyyyyyyyyyyyyy;28721.25
J36;0;online;yyyyyyyyyyyyyyyyyyyyyyyyyyyyyyyyyyyyyyyyyyyyyyyyyyyyyyyyy;28721.50
J36;0;online;yyyyyyyyyyyyyyyyyyyyyyyyyyyyyyyyyyyyyyyyyyyyyyyyyyyyyyyyy;28721.75
J36;0;online;yyyyyyyyyyyyyyyyyyyyyyyyyyyyyyyyyyyyyyyyyyyyyyyyyyyyyyyyy;28722.00
J36;0;online;yyyyyyyyyyyyyyyyyyyyyyyyyyyyyyyyyyyyyyyyyyyyyyyyyyyyyyyyy;28722.25
J36;0;online;yyyyyyyyyyyyyyyyyyyyyyyyyyyyyyyyyyyyyyyyyyyyyyyyyyyyyyyyy;28722.50
J36;0;online;yyyyyyyyyyyyyyyyyyyyyyyyyyyyyyyyyyyyyyyyyyyyyyyyyyyyyyyyy;28722.75
J36;0;online;yyyyyyyyyyyyyyyyyyyyyyyyyyyyyyyyyyyyyyyyyyyyyyyyyyyyyyyyy;28723.00
J36;0;online;yyyyyyyyyyyyyyyyyyyyyyyyyyyyyyyyyyyyyyyyyyyyyyyyyyyyyyyyy;28723.25
J36;0;online;yyyyyyyyyyyyyyyyyyyyyyyyyyyyyyyyyyyyyyyyyyyyyyyyyyyyyyyyy;28723.50
J36;4;0;urru;28723.75
J36;4;0;urru;28724.00
J36;4;0;urru;28724.25
J36;4;0;urru;28724.50
J36;5;0;GrrG;28724.75
J36;5;0;GrrG;28725.00
J36;5;0;GrrG;28725.25
J36;5;0;GrrG;28725.50
J36;5;0;GrrG;28725.75
J36;5;0;GrrG;28726.00
J36;5;0;GrrG;28726.25
J36;5;0;GrrG;28726.50
J36;5;0;GrrG;28726.75
J36;5;0;GrrG;28727.00
J36;5;0;GrrG;28727.25
J36;5;0;GrrG;28727.50
J36;5;0;GrrG;28727.75
J36;5;0;GrrG;28728.00
J36;5;0;GrrG;28728.25
J36;5;0;GrrG;28728.50
J36;5;0;GrrG;28728.75
J36;5;0;GrrG;28729.00
J36;5;0;GrrG;28729.25
J36;5;0;GrrG;28729.50
J36;5;0;GrrG;28729.75
J36;5;0;GrrG;28730.00
J36;5;0;GrrG;28730.25
J36;5;0;GrrG;28730.50
J36;5;0;GrrG;28730.75
J36;5;0;GrrG;28731.00
J36;5;0;GrrG;28731.25
J36;5;0;GrrG;28731.50
J36;5;0;GrrG;28731.75
J36;5;0;GrrG;28732.00
J36;5;0;GrrG;28732.25
J36;5;0;GrrG;28732.50
J36;5;0;GrrG;28732.75
J36;5;0;GrrG;28733.00
J36;5;0;GrrG;28733.25
J36;5;0;GrrG;28733.50
J36;5;0;GrrG;28733.75
J36;5;0;GrrG;28734.00
J36;5;0;GrrG;28734.25
J36;5;0;GrrG;28734.50
J36;5;0;GrrG;28734.75
J36;5;0;GrrG;28735.00
J36;5;0;GrrG;28735.25
J36;5;0;GrrG;28735.50
J36;5;0;GrrG;28735.75
J36;5;0;GrrG;28736.00
J36;5;0;GrrG;28736.25
J36;5;0;GrrG;28736.50
J36;5;0;GrrG;28736.75
J36;5;0;GrrG;28737.00
J36;5;0;GrrG;28737.25
J36;5;0;GrrG;28737.50
J36;5;0;GrrG;28737.75
J36;5;0;GrrG;28738.00
J36;5;0;GrrG;28738.25
J36;5;0;GrrG;28738.50
J36;5;0;GrrG;28738.75
J36;5;0;GrrG;28739.00
J36;5;0;GrrG;28739.25
J36;5;0;GrrG;28739.50
J36;5;0;GrrG;28739.75
J36;5;0;GrrG;28740.00
J36;5;0;GrrG;28740.25
J36;5;0;GrrG;28740.50
J36;5;0;GrrG;28740.75
J36;5;0;GrrG;28741.00
J36;5;0;GrrG;28741.25
J36;5;0;GrrG;28741.50
J36;5;0;GrrG;28741.75
J36;5;0;GrrG;28742.00
J36;5;0;GrrG;28742.25
J36;5;0;GrrG;28742.50
J36;5;0;GrrG;28742.75
J36;5;0;GrrG;28743.00
J36;5;0;GrrG;28743.25
J36;5;0;GrrG;28743.50
J36;5;0;GrrG;28743.75
J36;5;0;GrrG;28744.00
J36;5;0;GrrG;28744.25
J36;5;0;GrrG;28744.50
J36;5;0;GrrG;28744.75
J36;5;0;GrrG;28745.00
J36;5;0;GrrG;28745.25
J36;5;0;GrrG;28745.50
J36;5;0;GrrG;28745.75
J36;5;0;GrrG;28746.00
J36;5;0;GrrG;28746.25
J36;5;0;GrrG;28746.50
J36;5;0;GrrG;28746.75
J36;5;0;GrrG;28747.00
J36;5;0;GrrG;28747.25
J36;5;0;GrrG;28747.50
J36;5;0;GrrG;28747.75
J36;5;0;GrrG;28748.00
J36;5;0;GrrG;28748.25
J36;5;0;GrrG;28748.50
J36;5;0;GrrG;28748.75
J36;5;0;GrrG;28749.00
J36;5;0;GrrG;28749.25
J36;5;0;GrrG;28749.50
J36;6;0;yrry;28749.75
J36;6;0;yrry;28750.00
J36;6;0;yrry;28750.25
J36;6;0;yrry;28750.50
J36;6;0;yrry;28750.75
J36;6;0;yrry;28751.00
J36;6;0;yrry;28751.25
J36;6;0;yrry;28751.50
J36;6;0;yrry;28751.75
J36;6;0;yrry;28752.00
J36;6;0;yrry;28752.25
J36;6;0;yrry;28752.50
J36;7;0;rrrr;28752.75
J36;7;0;rrrr;28753.00
J36;7;0;rrrr;28753.25
J36;7;0;rrrr;28753.50
J36;0;0;ruur;28753.75
J36;0;0;ruur;28754.00
J36;0;0;ruur;28754.25
J36;0;0;ruur;28754.50
J36;1;0;rGGr;28754.75
J36;1;0;rGGr;28755.00
J36;1;0;rGGr;28755.25
J36;1;0;rGGr;28755.50
J36;1;0;rGGr;28755.75
J36;1;0;rGGr;28756.00
J36;1;0;rGGr;28756.25
J36;1;0;rGGr;28756.50
J36;1;0;rGGr;28756.75
J36;1;0;rGGr;28757.00
J36;1;0;rGGr;28757.25
J36;1;0;rGGr;28757.50
J36;1;0;rGGr;28757.75
J36;1;0;rGGr;28758.00
J36;1;0;rGGr;28758.25
J36;1;0;rGGr;28758.50
J36;1;0;rGGr;28758.75
J36;1;0;rGGr;28759.00
J36;1;0;rGGr;28759.25
J36;1;0;rGGr;28759.50
J36;1;0;rGGr;28759.75
J36;1;0;rGGr;28760.00
J36;1;0;rGGr;28760.25
J36;1;0;rGGr;28760.50
J36;1;0;rGGr;28760.75
J36;1;0;rGGr;28761.00
J36;1;0;rGGr;28761.25
J36;1;0;rGGr;28761.50
J36;1;0;rGGr;28761.75
J36;1;0;rGGr;28762.00
J36;1;0;rGGr;28762.25
J36;1;0;rGGr;28762.50
J36;1;0;rGGr;28762.75
J36;1;0;rGGr;28763.00
J36;1;0;rGGr;28763.25
J36;1;0;rGGr;28763.50
J36;1;0;rGGr;28763.75
J36;1;0;rGGr;28764.00
J36;1;0;rGGr;28764.25
J36;1;0;rGGr;28764.50
J36;1;0;rGGr;28764.75
J36;1;0;rGGr;28765.00
J36;1;0;rGGr;28765.25
J36;1;0;rGGr;28765.50
J36;1;0;rGGr;28765.75
J36;1;0;rGGr;28766.00
J36;1;0;rGGr;28766.25
J36;1;0;rGGr;28766.50
J36;1;0;rGGr;28766.75
J36;1;0;rGGr;28767.00
J36;1;0;rGGr;28767.25
J36;1;0;rGGr;28767.50
J36;1;0;rGGr;28767.75
J36;1;0;rGGr;28768.00
J36;1;0;rGGr;28768.25
J36;1;0;rGGr;28768.50
J36;1;0;rGGr;28768.75
J36;1;0;rGGr;28769.00
J36;1;0;rGGr;28769.25
J36;1;0;rGGr;28769.50
J36;1;0;rGGr;28769.75
J36;1;0;rGGr;28770.00
J36;1;0;rGGr;28770.25
J36;1;0;rGGr;28770.50
J36;1;0;rGGr;28770.75
J36;1;0;rGGr;28771.00
J36;1;0;rGGr;28771.25
J36;1;0;rGGr;28771.50
J36;1;0;rGGr;28771.75
J36;1;0;rGGr;28772.00
J36;1;0;rGGr;28772.25
J36;1;0;rGGr;28772.50
J36;1;0;rGGr;28772.75
J36;1;0;rGGr;28773.00
J36;1;0;rGGr;28773.25
J36;1;0;rGGr;28773.50
J36;1;0;rGGr;28773.75
J36;1;0;rGGr;28774.00
J36;1;0;rGGr;28774.25
J36;1;0;rGGr;28774.50
J36;1;0;rGGr;28774.75
J36;1;0;rGGr;28775.00
J36;1;0;rGGr;28775.25
J36;1;0;rGGr;28775.50
J36;1;0;rGGr;28775.75
J36;1;0;rGGr;28776.00
J36;1;0;rGGr;28776.25
J36;1;0;rGGr;28776.50
J36;1;0;rGGr;28776.75
J36;1;0;rGGr;28777.00
J36;1;0;rGGr;28777.25
J36;1;0;rGGr;28777.50
J36;1;0;rGGr;28777.75
J36;1;0;rGGr;28778.00
J36;1;0;rGGr;28778.25
J36;1;0;rGGr;28778.50
J36;1;0;rGGr;28778.75
J36;1;0;rGGr;28779.00
J36;1;0;rGGr;28779.25
J36;1;0;rGGr;28779.50
J36;1;0;rGGr;28779.75
J36;1;0;rGGr;28780.00
J36;1;0;rGGr;28780.25
J36;1;0;rGGr;28780.50
J36;1;0;rGGr;28780.75
J36;1;0;rGGr;28781.00
J36;1;0;rGGr;28781.25
J36;1;0;rGGr;28781.50
J36;1;0;rGGr;28781.75
J36;1;0;rGGr;28782.00
J36;1;0;rGGr;28782.25
J36;1;0;rGGr;28782.50
J36;1;0;rGGr;28782.75
J36;1;0;rGGr;28783.00
J36;1;0;rGGr;28783.25
J36;1;0;rGGr;28783.50
J36;1;0;rGGr;28783.75
J36;1;0;rGGr;28784.00
J36;1;0;rGGr;28784.25
J36;1;0;rGGr;28784.50
J36;1;0;rGGr;28784.75
J36;1;0;rGGr;28785.00
J36;1;0;rGGr;28785.25
J36;1;0;rGGr;28785.50
J36;1;0;rGGr;28785.75
J36;1;0;rGGr;28786.00
J36;1;0;rGGr;28786.25
J36;1;0;rGGr;28786.50
J36;1;0;rGGr;28786.75
J36;1;0;rGGr;28787.00
J36;1;0;rGGr;28787.25
J36;1;0;rGGr;28787.50
J36;1;0;rGGr;28787.75
J36;1;0;rGGr;28788.00
J36;1;0;rGGr;28788.25
J36;1;0;rGGr;28788.50
J36;1;0;rGGr;28788.75
J36;1;0;rGGr;28789.00
J36;1;0;rGGr;28789.25
J36;1;0;rGGr;28789.50
J36;1;0;rGGr;28789.75
J36;1;0;rGGr;28790.00
J36;1;0;rGGr;28790.25
J36;1;0;rGGr;28790.50
J36;1;0;rGGr;28790.75
J36;1;0;rGGr;28791.00
J36;1;0;rGGr;28791.25
J36;1;0;rGGr;28791.50
J36;1;0;rGGr;28791.75
J36;1;0;rGGr;28792.00
J36;1;0;rGGr;28792.25
J36;1;0;rGGr;28792.50
J36;1;0;rGGr;28792.75
J36;1;0;rGGr;28793.00
J36;1;0;rGGr;28793.25
J36;1;0;rGGr;28793.50
J36;1;0;rGGr;28793.75
J36;1;0;rGGr;28794.00
J36;1;0;rGGr;28794.25
J36;1;0;rGGr;28794.50
J36;1;0;rGGr;28794.75
J36;1;0;rGGr;28795.00
J36;1;0;rGGr;28795.25
J36;1;0;rGGr;28795.50
J36;1;0;rGGr;28795.75
J36;1;0;rGGr;28796.00
J36;1;0;rGGr;28796.25
J36;1;0;rGGr;28796.50
J36;1;0;rGGr;28796.75
J36;1;0;rGGr;28797.00
J36;1;0;rGGr;28797.25
J36;1;0;rGGr;28797.50
J36;1;0;rGGr;28797.75
J36;1;0;rGGr;28798.00
J36;1;0;rGGr;28798.25
J36;1;0;rGGr;28798.50
J36;1;0;rGGr;28798.75
J36;1;0;rGGr;28799.00
J36;1;0;rGGr;28799.25
J36;1;0;rGGr;28799.50
J36;1;0;rGGr;28799.75
J36;1;0;rGGr;28800.00
J36;1;0;rGGr;28800.25
J36;1;0;rGGr;28800.50
J36;1;0;rGGr;28800.75
J36;1;0;rGGr;28801.00
J36;1;0;rGGr;28801.25
J36;1;0;rGGr;28801.50
J36;1;0;rGGr;28801.75
J36;1;0;rGGr;28802.00
J36;1;0;rGGr;28802.25
J36;1;0;rGGr;28802.50
J36;1;0;rGGr;28802.75
J36;1;0;rGGr;28803.00
J36;1;0;rGGr;28803.25
J36;1;0;rGGr;28803.50
J36;1;0;rGGr;28803.75
J36;1;0;rGGr;28804.00
J36;1;0;rGGr;28804.25
J36;1;0;rGGr;28804.50
J36;2;0;ryyr;28804.75
J36;2;0;ryyr;28805.00
J36;2;0;ryyr;28805.25
J36;2;0;ryyr;28805.50
J36;2;0;ryyr;28805.75
J36;2;0;ryyr;28806.00
J36;2;0;ryyr;28806.25
J36;2;0;ryyr;28806.50
J36;2;0;ryyr;28806.75
J36;2;0;ryyr;28807.00
J36;2;0;ryyr;28807.25
J36;2;0;ryyr;28807.50
J36;3;0;rrrr;28807.75
J36;3;0;rrrr;28808.00
J36;3;0;rrrr;28808.25
J36;3;0;rrrr;28808.50
J36;4;0;urru;28808.75
J36;4;0;urru;28809.00
J36;4;0;urru;28809.25
J36;4;0;urru;28809.50
J36;5;0;GrrG;28809.75
J36;5;0;GrrG;28810.00
J36;5;0;GrrG;28810.25
J36;5;0;GrrG;28810.50
J36;5;0;GrrG;28810.75
J36;5;0;GrrG;28811.00
J36;5;0;GrrG;28811.25
J36;5;0;GrrG;28811.50
J36;5;0;GrrG;28811.75
J36;5;0;GrrG;28812.00
J36;5;0;GrrG;28812.25
J36;5;0;GrrG;28812.50
J36;5;0;GrrG;28812.75
J36;5;0;GrrG;28813.00
J36;5;0;GrrG;28813.25
J36;5;0;GrrG;28813.50
J36;5;0;GrrG;28813.75
J36;5;0;GrrG;28814.00
J36;5;0;GrrG;28814.25
J36;5;0;GrrG;28814.50
J36;5;0;GrrG;28814.75
J36;5;0;GrrG;28815.00
J36;5;0;GrrG;28815.25
J36;5;0;GrrG;28815.50
J36;5;0;GrrG;28815.75
J36;5;0;GrrG;28816.00
J36;5;0;GrrG;28816.25
J36;5;0;GrrG;28816.50
J36;5;0;GrrG;28816.75
J36;5;0;GrrG;28817.00
J36;5;0;GrrG;28817.25
J36;5;0;GrrG;28817.50
J36;5;0;GrrG;28817.75
J36;5;0;GrrG;28818.00
J36;5;0;GrrG;28818.25
J36;5;0;GrrG;28818.50
J36;5;0;GrrG;28818.75
J36;5;0;GrrG;28819.00
J36;5;0;GrrG;28819.25
J36;5;0;GrrG;28819.50
J36;5;0;GrrG;28819.75
J36;5;0;GrrG;28820.00
J36;5;0;GrrG;28820.25
J36;5;0;GrrG;28820.50
J36;5;0;GrrG;28820.75
J36;5;0;GrrG;28821.00
J36;5;0;GrrG;28821.25
J36;5;0;GrrG;28821.50
J36;5;0;GrrG;28821.75
J36;5;0;GrrG;28822.00
J36;5;0;GrrG;28822.25
J36;5;0;GrrG;28822.50
J36;5;0;GrrG;28822.75
J36;5;0;GrrG;28823.00
J36;5;0;GrrG;28823.25
J36;5;0;GrrG;28823.50
J36;5;0;GrrG;28823.75
J36;5;0;GrrG;28824.00
J36;5;0;GrrG;28824.25
J36;5;0;GrrG;28824.50
J36;5;0;GrrG;28824.75
J36;5;0;GrrG;28825.00
J36;5;0;GrrG;28825.25
J36;5;0;GrrG;28825.50
J36;5;0;GrrG;28825.75
J36;5;0;GrrG;28826.00
J36;5;0;GrrG;28826.25
J36;5;0;GrrG;28826.50
J36;5;0;GrrG;28826.75
J36;5;0;GrrG;28827.00
J36;5;0;GrrG;28827.25
J36;5;0;GrrG;28827.50
J36;5;0;GrrG;28827.75
J36;5;0;GrrG;28828.00
J36;5;0;GrrG;28828.25
J36;5;0;GrrG;28828.50
J36;5;0;GrrG;28828.75
J36;5;0;GrrG;28829.00
J36;5;0;GrrG;28829.25
J36;5;0;GrrG;28829.50
J36;5;0;GrrG;28829.75
J36;5;0;GrrG;28830.00
J36;5;0;GrrG;28830.25
J36;5;0;GrrG;28830.50
J36;5;0;GrrG;28830.75
J36;5;0;GrrG;28831.00
J36;5;0;GrrG;28831.25
J36;5;0;GrrG;28831.50
J36;5;0;GrrG;28831.75
J36;5;0;GrrG;28832.00
J36;5;0;GrrG;28832.25
J36;5;0;GrrG;28832.50
J36;5;0;GrrG;28832.75
J36;5;0;GrrG;28833.00
J36;5;0;GrrG;28833.25
J36;5;0;GrrG;28833.50
J36;5;0;GrrG;28833.75
J36;5;0;GrrG;28834.00
J36;5;0;GrrG;28834.25
J36;5;0;GrrG;28834.50
J36;6;0;yrry;28834.75
J36;6;0;yrry;28835.00
J36;6;0;yrry;28835.25
J36;6;0;yrry;28835.50
J36;6;0;yrry;28835.75
J36;6;0;yrry;28836.00
J36;6;0;yrry;28836.25
J36;6;0;yrry;28836.50
J36;6;0;yrry;28836.75
J36;6;0;yrry;28837.00
J36;6;0;yrry;28837.25
J36;6;0;yrry;28837.50
J36;7;0;rrrr;28837.75
J36;7;0;rrrr;28838.00
J36;7;0;rrrr;28838.25
J36;7;0;rrrr;28838.50
J36;0;0;ruur;28838.75
J36;0;online;yyyyyyyyyyyyyyyyyyyyyyyyyyyyyyyyyyyyyyyyyyyyyyyyyyyyyyyyy;28839.00
J36;0;online;yyyyyyyyyyyyyyyyyyyyyyyyyyyyyyyyyyyyyyyyyyyyyyyyyyyyyyyyy;28839.25
J36;0;online;yyyyyyyyyyyyyyyyyyyyyyyyyyyyyyyyyyyyyyyyyyyyyyyyyyyyyyyyy;28839.50
J36;0;online;yyyyyyyyyyyyyyyyyyyyyyyyyyyyyyyyyyyyyyyyyyyyyyyyyyyyyyyyy;28839.75
J36;0;online;yyyyyyyyyyyyyyyyyyyyyyyyyyyyyyyyyyyyyyyyyyyyyyyyyyyyyyyyy;28840.00
J36;0;online;yyyyyyyyyyyyyyyyyyyyyyyyyyyyyyyyyyyyyyyyyyyyyyyyyyyyyyyyy;28840.25
J36;0;online;yyyyyyyyyyyyyyyyyyyyyyyyyyyyyyyyyyyyyyyyyyyyyyyyyyyyyyyyy;28840.50
J36;0;online;yyyyyyyyyyyyyyyyyyyyyyyyyyyyyyyyyyyyyyyyyyyyyyyyyyyyyyyyy;28840.75
J36;0;online;yyyyyyyyyyyyyyyyyyyyyyyyyyyyyyyyyyyyyyyyyyyyyyyyyyyyyyyyy;28841.00
J36;0;online;yyyyyyyyyyyyyyyyyyyyyyyyyyyyyyyyyyyyyyyyyyyyyyyyyyyyyyyyy;28841.25
J36;0;online;yyyyyyyyyyyyyyyyyyyyyyyyyyyyyyyyyyyyyyyyyyyyyyyyyyyyyyyyy;28841.50
J36;0;online;yyyyyyyyyyyyyyyyyyyyyyyyyyyyyyyyyyyyyyyyyyyyyyyyyyyyyyyyy;28841.75
J36;4;0;urru;28842.00
J36;4;0;urru;28842.25
J36;4;0;urru;28842.50
J36;4;0;urru;28842.75
J36;5;0;GrrG;28843.00
J36;5;0;GrrG;28843.25
J36;5;0;GrrG;28843.50
J36;5;0;GrrG;28843.75
J36;5;0;GrrG;28844.00
J36;5;0;GrrG;28844.25
J36;5;0;GrrG;28844.50
J36;5;0;GrrG;28844.75
J36;5;0;GrrG;28845.00
J36;5;0;GrrG;28845.25
J36;5;0;GrrG;28845.50
J36;5;0;GrrG;28845.75
J36;5;0;GrrG;28846.00
J36;5;0;GrrG;28846.25
J36;5;0;GrrG;28846.50
J36;5;0;GrrG;28846.75
J36;5;0;GrrG;28847.00
J36;5;0;GrrG;28847.25
J36;5;0;GrrG;28847.50
J36;5;0;GrrG;28847.75
J36;5;0;GrrG;28848.00
J36;5;0;GrrG;28848.25
J36;5;0;GrrG;28848.50
J36;5;0;GrrG;28848.75
J36;5;0;GrrG;28849.00
J36;5;0;GrrG;28849.25
J36;5;0;GrrG;28849.50
J36;5;0;GrrG;28849.75
J36;5;0;GrrG;28850.00
J36;5;0;GrrG;28850.25
J36;5;0;GrrG;28850.50
J36;5;0;GrrG;28850.75
J36;5;0;GrrG;28851.00
J36;5;0;GrrG;28851.25
J36;5;0;GrrG;28851.50
J36;5;0;GrrG;28851.75
J36;5;0;GrrG;28852.00
J36;5;0;GrrG;28852.25
J36;5;0;GrrG;28852.50
J36;5;0;GrrG;28852.75
J36;5;0;GrrG;28853.00
J36;5;0;GrrG;28853.25
J36;5;0;GrrG;28853.50
J36;5;0;GrrG;28853.75
J36;5;0;GrrG;28854.00
J36;5;0;GrrG;28854.25
J36;5;0;GrrG;28854.50
J36;5;0;GrrG;28854.75
J36;5;0;GrrG;28855.00
J36;5;0;GrrG;28855.25
J36;5;0;GrrG;28855.50
J36;5;0;GrrG;28855.75
J36;5;0;GrrG;28856.00
J36;5;0;GrrG;28856.25
J36;5;0;GrrG;28856.50
J36;5;0;GrrG;28856.75
J36;5;0;GrrG;28857.00
J36;5;0;GrrG;28857.25
J36;5;0;GrrG;28857.50
J36;5;0;GrrG;28857.75
J36;5;0;GrrG;28858.00
J36;5;0;GrrG;28858.25
J36;5;0;GrrG;28858.50
J36;5;0;GrrG;28858.75
J36;5;0;GrrG;28859.00
J36;5;0;GrrG;28859.25
J36;5;0;GrrG;28859.50
J36;5;0;GrrG;28859.75
J36;5;0;GrrG;28860.00
J36;5;0;GrrG;28860.25
J36;5;0;GrrG;28860.50
J36;5;0;GrrG;28860.75
J36;5;0;GrrG;28861.00
J36;5;0;GrrG;28861.25
J36;5;0;GrrG;28861.50
J36;5;0;GrrG;28861.75
J36;5;0;GrrG;28862.00
J36;5;0;GrrG;28862.25
J36;5;0;GrrG;28862.50
J36;5;0;GrrG;28862.75
J36;5;0;GrrG;28863.00
J36;5;0;GrrG;28863.25
J36;5;0;GrrG;28863.50
J36;5;0;GrrG;28863.75
J36;5;0;GrrG;28864.00
J36;5;0;GrrG;28864.25
J36;5;0;GrrG;28864.50
J36;5;0;GrrG;28864.75
J36;5;0;GrrG;28865.00
J36;5;0;GrrG;28865.25
J36;5;0;GrrG;28865.50
J36;5;0;GrrG;28865.75
J36;5;0;GrrG;28866.00
J36;5;0;GrrG;28866.25
J36;5;0;GrrG;28866.50
J36;5;0;GrrG;28866.75
J36;5;0;GrrG;28867.00
J36;5;0;GrrG;28867.25
J36;5;0;GrrG;28867.50
J36;5;0;GrrG;28867.75
J36;6;0;yrry;28868.00
J36;6;0;yrry;28868.25
J36;6;0;yrry;28868.50
J36;6;0;yrry;28868.75
J36;6;0;yrry;28869.00
J36;6;0;yrry;28869.25
J36;6;0;yrry;28869.50
J36;6;0;yrry;28869.75
J36;6;0;yrry;28870.00
J36;6;0;yrry;28870.25
J36;6;0;yrry;28870.50
J36;6;0;yrry;28870.75
J36;7;0;rrrr;28871.00
J36;7;0;rrrr;28871.25
J36;7;0;rrrr;28871.50
J36;7;0;rrrr;28871.75
J36;0;0;ruur;28872.00
J36;0;0;ruur;28872.25
J36;0;0;ruur;28872.50
J36;0;0;ruur;28872.75
J36;1;0;rGGr;28873.00
J36;1;0;rGGr;28873.25
J36;1;0;rGGr;28873.50
J36;1;0;rGGr;28873.75
J36;1;0;rGGr;28874.00
J36;1;0;rGGr;28874.25
J36;1;0;rGGr;28874.50
J36;1;0;rGGr;28874.75
J36;1;0;rGGr;28875.00
J36;1;0;rGGr;28875.25
J36;1;0;rGGr;28875.50
J36;1;0;rGGr;28875.75
J36;1;0;rGGr;28876.00
J36;1;0;rGGr;28876.25
J36;1;0;rGGr;28876.50
J36;1;0;rGGr;28876.75
J36;1;0;rGGr;28877.00
J36;1;0;rGGr;28877.25
J36;1;0;rGGr;28877.50
J36;1;0;rGGr;28877.75
J36;1;0;rGGr;28878.00
J36;1;0;rGGr;28878.25
J36;1;0;rGGr;28878.50
J36;1;0;rGGr;28878.75
J36;1;0;rGGr;28879.00
J36;1;0;rGGr;28879.25
J36;1;0;rGGr;28879.50
J36;1;0;rGGr;28879.75
J36;1;0;rGGr;28880.00
J36;1;0;rGGr;28880.25
J36;1;0;rGGr;28880.50
J36;1;0;rGGr;28880.75
J36;1;0;rGGr;28881.00
J36;1;0;rGGr;28881.25
J36;1;0;rGGr;28881.50
J36;1;0;rGGr;28881.75
J36;1;0;rGGr;28882.00
J36;1;0;rGGr;28882.25
J36;1;0;rGGr;28882.50
J36;1;0;rGGr;28882.75
J36;1;0;rGGr;28883.00
J36;1;0;rGGr;28883.25
J36;1;0;rGGr;28883.50
J36;1;0;rGGr;28883.75
J36;1;0;rGGr;28884.00
J36;1;0;rGGr;28884.25
J36;1;0;rGGr;28884.50
J36;1;0;rGGr;28884.75
J36;1;0;rGGr;28885.00
J36;1;0;rGGr;28885.25
J36;1;0;rGGr;28885.50
J36;1;0;rGGr;28885.75
J36;1;0;rGGr;28886.00
J36;1;0;rGGr;28886.25
J36;1;0;rGGr;28886.50
J36;1;0;rGGr;28886.75
J36;1;0;rGGr;28887.00
J36;1;0;rGGr;28887.25
J36;1;0;rGGr;28887.50
J36;1;0;rGGr;28887.75
J36;1;0;rGGr;28888.00
J36;1;0;rGGr;28888.25
J36;1;0;rGGr;28888.50
J36;1;0;rGGr;28888.75
J36;1;0;rGGr;28889.00
J36;1;0;rGGr;28889.25
J36;1;0;rGGr;28889.50
J36;1;0;rGGr;28889.75
J36;1;0;rGGr;28890.00
J36;1;0;rGGr;28890.25
J36;1;0;rGGr;28890.50
J36;1;0;rGGr;28890.75
J36;1;0;rGGr;28891.00
J36;1;0;rGGr;28891.25
J36;1;0;rGGr;28891.50
J36;1;0;rGGr;28891.75
J36;1;0;rGGr;28892.00
J36;1;0;rGGr;28892.25
J36;1;0;rGGr;28892.50
J36;1;0;rGGr;28892.75
J36;1;0;rGGr;28893.00
J36;1;0;rGGr;28893.25
J36;1;0;rGGr;28893.50
J36;1;0;rGGr;28893.75
J36;1;0;rGGr;28894.00
J36;1;0;rGGr;28894.25
J36;1;0;rGGr;28894.50
J36;1;0;rGGr;28894.75
J36;1;0;rGGr;28895.00
J36;1;0;rGGr;28895.25
J36;1;0;rGGr;28895.50
J36;1;0;rGGr;28895.75
J36;1;0;rGGr;28896.00
J36;1;0;rGGr;28896.25
J36;1;0;rGGr;28896.50
J36;1;0;rGGr;28896.75
J36;1;0;rGGr;28897.00
J36;1;0;rGGr;28897.25
J36;1;0;rGGr;28897.50
J36;1;0;rGGr;28897.75
J36;2;0;ryyr;28898.00
J36;2;0;ryyr;28898.25
J36;2;0;ryyr;28898.50
J36;2;0;ryyr;28898.75
J36;2;0;ryyr;28899.00
J36;2;0;ryyr;28899.25
J36;2;0;ryyr;28899.50
J36;2;0;ryyr;28899.75
J36;2;0;ryyr;28900.00
J36;2;0;ryyr;28900.25
J36;0;online;yyyyyyyyyyyyyyyyyyyyyyyyyyyyyyyyyyyyyyyyyyyyyyyyyyyyyyyyy;28900.50
J36;0;online;yyyyyyyyyyyyyyyyyyyyyyyyyyyyyyyyyyyyyyyyyyyyyyyyyyyyyyyyy;28900.75
J36;0;online;yyyyyyyyyyyyyyyyyyyyyyyyyyyyyyyyyyyyyyyyyyyyyyyyyyyyyyyyy;28901.00
J36;0;online;yyyyyyyyyyyyyyyyyyyyyyyyyyyyyyyyyyyyyyyyyyyyyyyyyyyyyyyyy;28901.25
J36;0;online;yyyyyyyyyyyyyyyyyyyyyyyyyyyyyyyyyyyyyyyyyyyyyyyyyyyyyyyyy;28901.50
J36;0;online;yyyyyyyyyyyyyyyyyyyyyyyyyyyyyyyyyyyyyyyyyyyyyyyyyyyyyyyyy;28901.75
J36;0;online;yyyyyyyyyyyyyyyyyyyyyyyyyyyyyyyyyyyyyyyyyyyyyyyyyyyyyyyyy;28902.00
J36;0;online;yyyyyyyyyyyyyyyyyyyyyyyyyyyyyyyyyyyyyyyyyyyyyyyyyyyyyyyyy;28902.25
J36;0;online;yyyyyyyyyyyyyyyyyyyyyyyyyyyyyyyyyyyyyyyyyyyyyyyyyyyyyyyyy;28902.50
J36;0;online;yyyyyyyyyyyyyyyyyyyyyyyyyyyyyyyyyyyyyyyyyyyyyyyyyyyyyyyyy;28902.75
J36;0;online;yyyyyyyyyyyyyyyyyyyyyyyyyyyyyyyyyyyyyyyyyyyyyyyyyyyyyyyyy;28903.00
J36;0;online;yyyyyyyyyyyyyyyyyyyyyyyyyyyyyyyyyyyyyyyyyyyyyyyyyyyyyyyyy;28903.25
J36;4;0;urru;28903.50
J36;4;0;urru;28903.75
J36;4;0;urru;28904.00
J36;4;0;urru;28904.25
J36;5;0;GrrG;28904.50
J36;5;0;GrrG;28904.75
J36;5;0;GrrG;28905.00
J36;5;0;GrrG;28905.25
J36;5;0;GrrG;28905.50
J36;5;0;GrrG;28905.75
J36;5;0;GrrG;28906.00
J36;5;0;GrrG;28906.25
J36;5;0;GrrG;28906.50
J36;5;0;GrrG;28906.75
J36;5;0;GrrG;28907.00
J36;5;0;GrrG;28907.25
J36;5;0;GrrG;28907.50
J36;5;0;GrrG;28907.75
J36;5;0;GrrG;28908.00
J36;5;0;GrrG;28908.25
J36;5;0;GrrG;28908.50
J36;5;0;GrrG;28908.75
J36;5;0;GrrG;28909.00
J36;5;0;GrrG;28909.25
J36;5;0;GrrG;28909.50
J36;5;0;GrrG;28909.75
J36;5;0;GrrG;28910.00
J36;5;0;GrrG;28910.25
J36;5;0;GrrG;28910.50
J36;5;0;GrrG;28910.75
J36;5;0;GrrG;28911.00
J36;5;0;GrrG;28911.25
J36;5;0;GrrG;28911.50
J36;5;0;GrrG;28911.75
J36;5;0;GrrG;28912.00
J36;5;0;GrrG;28912.25
J36;5;0;GrrG;28912.50
J36;5;0;GrrG;28912.75
J36;5;0;GrrG;28913.00
J36;5;0;GrrG;28913.25
J36;5;0;GrrG;28913.50
J36;5;0;GrrG;28913.75
J36;5;0;GrrG;28914.00
J36;5;0;GrrG;28914.25
J36;5;0;GrrG;28914.50
J36;5;0;GrrG;28914.75
J36;5;0;GrrG;28915.00
J36;5;0;GrrG;28915.25
J36;5;0;GrrG;28915.50
J36;5;0;GrrG;28915.75
J36;5;0;GrrG;28916.00
J36;5;0;GrrG;28916.25
J36;5;0;GrrG;28916.50
J36;5;0;GrrG;28916.75
J36;5;0;GrrG;28917.00
J36;5;0;GrrG;28917.25
J36;5;0;GrrG;28917.50
J36;5;0;GrrG;28917.75
J36;5;0;GrrG;28918.00
J36;5;0;GrrG;28918.25
J36;5;0;GrrG;28918.50
J36;5;0;GrrG;28918.75
J36;5;0;GrrG;28919.00
J36;5;0;GrrG;28919.25
J36;5;0;GrrG;28919.50
J36;5;0;GrrG;28919.75
J36;5;0;GrrG;28920.00
J36;5;0;GrrG;28920.25
J36;5;0;GrrG;28920.50
J36;5;0;GrrG;28920.75
J36;5;0;GrrG;28921.00
J36;5;0;GrrG;28921.25
J36;5;0;GrrG;28921.50
J36;5;0;GrrG;28921.75
J36;5;0;GrrG;28922.00
J36;5;0;GrrG;28922.25
J36;5;0;GrrG;28922.50
J36;5;0;GrrG;28922.75
J36;5;0;GrrG;28923.00
J36;5;0;GrrG;28923.25
J36;5;0;GrrG;28923.50
J36;5;0;GrrG;28923.75
J36;5;0;GrrG;28924.00
J36;5;0;GrrG;28924.25
J36;5;0;GrrG;28924.50
J36;5;0;GrrG;28924.75
J36;5;0;GrrG;28925.00
J36;5;0;GrrG;28925.25
J36;5;0;GrrG;28925.50
J36;5;0;GrrG;28925.75
J36;5;0;GrrG;28926.00
J36;5;0;GrrG;28926.25
J36;5;0;GrrG;28926.50
J36;5;0;GrrG;28926.75
J36;5;0;GrrG;28927.00
J36;5;0;GrrG;28927.25
J36;5;0;GrrG;28927.50
J36;5;0;GrrG;28927.75
J36;5;0;GrrG;28928.00
J36;5;0;GrrG;28928.25
J36;5;0;GrrG;28928.50
J36;5;0;GrrG;28928.75
J36;5;0;GrrG;28929.00
J36;5;0;GrrG;28929.25
J36;6;0;yrry;28929.50
J36;6;0;yrry;28929.75
J36;6;0;yrry;28930.00
J36;6;0;yrry;28930.25
J36;6;0;yrry;28930.50
J36;6;0;yrry;28930.75
J36;6;0;yrry;28931.00
J36;6;0;yrry;28931.25
J36;6;0;yrry;28931.50
J36;6;0;yrry;28931.75
J36;6;0;yrry;28932.00
J36;6;0;yrry;28932.25
J36;7;0;rrrr;28932.50
J36;7;0;rrrr;28932.75
J36;7;0;rrrr;28933.00
J36;7;0;rrrr;28933.25
J36;0;0;ruur;28933.50
J36;0;0;ruur;28933.75
J36;0;0;ruur;28934.00
J36;0;0;ruur;28934.25
J36;1;0;rGGr;28934.50
J36;1;0;rGGr;28934.75
J36;1;0;rGGr;28935.00
J36;1;0;rGGr;28935.25
J36;1;0;rGGr;28935.50
J36;1;0;rGGr;28935.75
J36;1;0;rGGr;28936.00
J36;1;0;rGGr;28936.25
J36;1;0;rGGr;28936.50
J36;1;0;rGGr;28936.75
J36;1;0;rGGr;28937.00
J36;1;0;rGGr;28937.25
J36;1;0;rGGr;28937.50
J36;1;0;rGGr;28937.75
J36;1;0;rGGr;28938.00
J36;1;0;rGGr;28938.25
J36;1;0;rGGr;28938.50
J36;1;0;rGGr;28938.75
J36;1;0;rGGr;28939.00
J36;1;0;rGGr;28939.25
J36;1;0;rGGr;28939.50
J36;1;0;rGGr;28939.75
J36;1;0;rGGr;28940.00
J36;1;0;rGGr;28940.25
J36;1;0;rGGr;28940.50
J36;1;0;rGGr;28940.75
J36;1;0;rGGr;28941.00
J36;1;0;rGGr;28941.25
J36;1;0;rGGr;28941.50
J36;1;0;rGGr;28941.75
J36;1;0;rGGr;28942.00
J36;1;0;rGGr;28942.25
J36;1;0;rGGr;28942.50
J36;1;0;rGGr;28942.75
J36;1;0;rGGr;28943.00
J36;1;0;rGGr;28943.25
J36;1;0;rGGr;28943.50
J36;1;0;rGGr;28943.75
J36;1;0;rGGr;28944.00
J36;1;0;rGGr;28944.25
J36;1;0;rGGr;28944.50
J36;1;0;rGGr;28944.75
J36;1;0;rGGr;28945.00
J36;1;0;rGGr;28945.25
J36;1;0;rGGr;28945.50
J36;1;0;rGGr;28945.75
J36;1;0;rGGr;28946.00
J36;1;0;rGGr;28946.25
J36;1;0;rGGr;28946.50
J36;1;0;rGGr;28946.75
J36;1;0;rGGr;28947.00
J36;1;0;rGGr;28947.25
J36;1;0;rGGr;28947.50
J36;1;0;rGGr;28947.75
J36;1;0;rGGr;28948.00
J36;1;0;rGGr;28948.25
J36;1;0;rGGr;28948.50
J36;1;0;rGGr;28948.75
J36;1;0;rGGr;28949.00
J36;1;0;rGGr;28949.25
J36;1;0;rGGr;28949.50
J36;1;0;rGGr;28949.75
J36;1;0;rGGr;28950.00
J36;1;0;rGGr;28950.25
J36;1;0;rGGr;28950.50
J36;1;0;rGGr;28950.75
J36;1;0;rGGr;28951.00
J36;1;0;rGGr;28951.25
J36;1;0;rGGr;28951.50
J36;1;0;rGGr;28951.75
J36;1;0;rGGr;28952.00
J36;1;0;rGGr;28952.25
J36;1;0;rGGr;28952.50
J36;1;0;rGGr;28952.75
J36;1;0;rGGr;28953.00
J36;1;0;rGGr;28953.25
J36;1;0;rGGr;28953.50
J36;1;0;rGGr;28953.75
J36;1;0;rGGr;28954.00
J36;1;0;rGGr;28954.25
J36;1;0;rGGr;28954.50
J36;1;0;rGGr;28954.75
J36;1;0;rGGr;28955.00
J36;1;0;rGGr;28955.25
J36;1;0;rGGr;28955.50
J36;1;0;rGGr;28955.75
J36;1;0;rGGr;28956.00
J36;1;0;rGGr;28956.25
J36;1;0;rGGr;28956.50
J36;1;0;rGGr;28956.75
J36;1;0;rGGr;28957.00
J36;1;0;rGGr;28957.25
J36;1;0;rGGr;28957.50
J36;1;0;rGGr;28957.75
J36;1;0;rGGr;28958.00
J36;1;0;rGGr;28958.25
J36;1;0;rGGr;28958.50
J36;1;0;rGGr;28958.75
J36;1;0;rGGr;28959.00
J36;1;0;rGGr;28959.25
J36;2;0;ryyr;28959.50
J36;2;0;ryyr;28959.75
J36;2;0;ryyr;28960.00
J36;2;0;ryyr;28960.25
J36;2;0;ryyr;28960.50
J36;2;0;ryyr;28960.75
J36;2;0;ryyr;28961.00
J36;2;0;ryyr;28961.25
J36;2;0;ryyr;28961.50
J36;2;0;ryyr;28961.75
J36;2;0;ryyr;28962.00
J36;2;0;ryyr;28962.25
J36;2;0;ryyr;28962.50
J36;2;0;ryyr;28962.75
J36;2;0;ryyr;28963.00
J36;3;0;rrrr;28963.25
J36;3;0;rrrr;28963.50
J36;3;0;rrrr;28963.75
J36;3;0;rrrr;28964.00
J36;4;0;urru;28964.25
J36;4;0;urru;28964.50
J36;4;0;urru;28964.75
J36;4;0;urru;28965.00
J36;5;0;GrrG;28965.25
J36;5;0;GrrG;28965.50
J36;5;0;GrrG;28965.75
J36;5;0;GrrG;28966.00
J36;5;0;GrrG;28966.25
J36;5;0;GrrG;28966.50
J36;5;0;GrrG;28966.75
J36;5;0;GrrG;28967.00
J36;5;0;GrrG;28967.25
J36;5;0;GrrG;28967.50
J36;5;0;GrrG;28967.75
J36;5;0;GrrG;28968.00
J36;5;0;GrrG;28968.25
J36;5;0;GrrG;28968.50
J36;5;0;GrrG;28968.75
J36;5;0;GrrG;28969.00
J36;5;0;GrrG;28969.25
J36;5;0;GrrG;28969.50
J36;5;0;GrrG;28969.75
J36;5;0;GrrG;28970.00
J36;5;0;GrrG;28970.25
J36;5;0;GrrG;28970.50
J36;5;0;GrrG;28970.75
J36;5;0;GrrG;28971.00
J36;5;0;GrrG;28971.25
J36;5;0;GrrG;28971.50
J36;5;0;GrrG;28971.75
J36;5;0;GrrG;28972.00
J36;5;0;GrrG;28972.25
J36;5;0;GrrG;28972.50
J36;5;0;GrrG;28972.75
J36;5;0;GrrG;28973.00
J36;5;0;GrrG;28973.25
J36;5;0;GrrG;28973.50
J36;5;0;GrrG;28973.75
J36;5;0;GrrG;28974.00
J36;5;0;GrrG;28974.25
J36;5;0;GrrG;28974.50
J36;5;0;GrrG;28974.75
J36;5;0;GrrG;28975.00
J36;5;0;GrrG;28975.25
J36;5;0;GrrG;28975.50
J36;5;0;GrrG;28975.75
J36;5;0;GrrG;28976.00
J36;5;0;GrrG;28976.25
J36;5;0;GrrG;28976.50
J36;5;0;GrrG;28976.75
J36;5;0;GrrG;28977.00
J36;5;0;GrrG;28977.25
J36;5;0;GrrG;28977.50
J36;5;0;GrrG;28977.75
J36;5;0;GrrG;28978.00
J36;5;0;GrrG;28978.25
J36;5;0;GrrG;28978.50
J36;5;0;GrrG;28978.75
J36;5;0;GrrG;28979.00
J36;5;0;GrrG;28979.25
J36;5;0;GrrG;28979.50
J36;5;0;GrrG;28979.75
J36;5;0;GrrG;28980.00
J36;5;0;GrrG;28980.25
J36;5;0;GrrG;28980.50
J36;5;0;GrrG;28980.75
J36;5;0;GrrG;28981.00
J36;5;0;GrrG;28981.25
J36;5;0;GrrG;28981.50
J36;5;0;GrrG;28981.75
J36;5;0;GrrG;28982.00
J36;5;0;GrrG;28982.25
J36;5;0;GrrG;28982.50
J36;5;0;GrrG;28982.75
J36;5;0;GrrG;28983.00
J36;5;0;GrrG;28983.25
J36;5;0;GrrG;28983.50
J36;5;0;GrrG;28983.75
J36;5;0;GrrG;28984.00
J36;5;0;GrrG;28984.25
J36;5;0;GrrG;28984.50
J36;5;0;GrrG;28984.75
J36;5;0;GrrG;28985.00
J36;5;0;GrrG;28985.25
J36;5;0;GrrG;28985.50
J36;5;0;GrrG;28985.75
J36;5;0;GrrG;28986.00
J36;5;0;GrrG;28986.25
J36;5;0;GrrG;28986.50
J36;5;0;GrrG;28986.75
J36;5;0;GrrG;28987.00
J36;5;0;GrrG;28987.25
J36;5;0;GrrG;28987.50
J36;5;0;GrrG;28987.75
J36;5;0;GrrG;28988.00
J36;5;0;GrrG;28988.25
J36;5;0;GrrG;28988.50
J36;5;0;GrrG;28988.75
J36;5;0;GrrG;28989.00
J36;5;0;GrrG;28989.25
J36;5;0;GrrG;28989.50
J36;5;0;GrrG;28989.75
J36;5;0;GrrG;28990.00
J36;6;0;yrry;28990.25
J36;6;0;yrry;28990.50
J36;6;0;yrry;28990.75
J36;6;0;yrry;28991.00
J36;6;0;yrry;28991.25
J36;6;0;yrry;28991.50
J36;6;0;yrry;28991.75
J36;6;0;yrry;28992.00
J36;6;0;yrry;28992.25
J36;6;0;yrry;28992.50
J36;6;0;yrry;28992.75
J36;6;0;yrry;28993.00
J36;7;0;rrrr;28993.25
J36;7;0;rrrr;28993.50
J36;7;0;rrrr;28993.75
J36;7;0;rrrr;28994.00
J36;0;0;ruur;28994.25
J36;0;0;ruur;28994.50
J36;0;0;ruur;28994.75
J36;0;0;ruur;28995.00
J36;1;0;rGGr;28995.25
J36;1;0;rGGr;28995.50
J36;1;0;rGGr;28995.75
J36;1;0;rGGr;28996.00
J36;1;0;rGGr;28996.25
J36;1;0;rGGr;28996.50
J36;1;0;rGGr;28996.75
J36;1;0;rGGr;28997.00
J36;1;0;rGGr;28997.25
J36;1;0;rGGr;28997.50
J36;1;0;rGGr;28997.75
J36;1;0;rGGr;28998.00
J36;1;0;rGGr;28998.25
J36;1;0;rGGr;28998.50
J36;1;0;rGGr;28998.75
J36;1;0;rGGr;28999.00
J36;1;0;rGGr;28999.25
J36;1;0;rGGr;28999.50
J36;1;0;rGGr;28999.75
J36;1;0;rGGr;29000.00
J36;1;0;rGGr;29000.25
J36;1;0;rGGr;29000.50
J36;1;0;rGGr;29000.75
J36;1;0;rGGr;29001.00
J36;1;0;rGGr;29001.25
J36;1;0;rGGr;29001.50
J36;1;0;rGGr;29001.75
J36;1;0;rGGr;29002.00
J36;1;0;rGGr;29002.25
J36;1;0;rGGr;29002.50
J36;1;0;rGGr;29002.75
J36;1;0;rGGr;29003.00
J36;1;0;rGGr;29003.25
J36;1;0;rGGr;29003.50
J36;1;0;rGGr;29003.75
J36;1;0;rGGr;29004.00
J36;1;0;rGGr;29004.25
J36;1;0;rGGr;29004.50
J36;1;0;rGGr;29004.75
J36;1;0;rGGr;29005.00
J36;1;0;rGGr;29005.25
J36;1;0;rGGr;29005.50
J36;1;0;rGGr;29005.75
J36;1;0;rGGr;29006.00
J36;1;0;rGGr;29006.25
J36;1;0;rGGr;29006.50
J36;1;0;rGGr;29006.75
J36;1;0;rGGr;29007.00
J36;1;0;rGGr;29007.25
J36;1;0;rGGr;29007.50
J36;1;0;rGGr;29007.75
J36;1;0;rGGr;29008.00
J36;1;0;rGGr;29008.25
J36;1;0;rGGr;29008.50
J36;1;0;rGGr;29008.75
J36;1;0;rGGr;29009.00
J36;1;0;rGGr;29009.25
J36;1;0;rGGr;29009.50
J36;1;0;rGGr;29009.75
J36;1;0;rGGr;29010.00
J36;1;0;rGGr;29010.25
J36;1;0;rGGr;29010.50
J36;1;0;rGGr;29010.75
J36;1;0;rGGr;29011.00
J36;1;0;rGGr;29011.25
J36;1;0;rGGr;29011.50
J36;1;0;rGGr;29011.75
J36;1;0;rGGr;29012.00
J36;1;0;rGGr;29012.25
J36;1;0;rGGr;29012.50
J36;1;0;rGGr;29012.75
J36;1;0;rGGr;29013.00
J36;1;0;rGGr;29013.25
J36;1;0;rGGr;29013.50
J36;1;0;rGGr;29013.75
J36;1;0;rGGr;29014.00
J36;1;0;rGGr;29014.25
J36;1;0;rGGr;29014.50
J36;1;0;rGGr;29014.75
J36;1;0;rGGr;29015.00
J36;1;0;rGGr;29015.25
J36;1;0;rGGr;29015.50
J36;1;0;rGGr;29015.75
J36;1;0;rGGr;29016.00
J36;1;0;rGGr;29016.25
J36;1;0;rGGr;29016.50
J36;1;0;rGGr;29016.75
J36;1;0;rGGr;29017.00
J36;1;0;rGGr;29017.25
J36;1;0;rGGr;29017.50
J36;1;0;rGGr;29017.75
J36;1;0;rGGr;29018.00
J36;1;0;rGGr;29018.25
J36;1;0;rGGr;29018.50
J36;1;0;rGGr;29018.75
J36;1;0;rGGr;29019.00
J36;1;0;rGGr;29019.25
J36;1;0;rGGr;29019.50
J36;1;0;rGGr;29019.75
J36;1;0;rGGr;29020.00
J36;2;0;ryyr;29020.25
J36;2;0;ryyr;29020.50
J36;2;0;ryyr;29020.75
J36;2;0;ryyr;29021.00
J36;2;0;ryyr;29021.25
J36;2;0;ryyr;29021.50
J36;2;0;ryyr;29021.75
J36;2;0;ryyr;29022.00
J36;2;0;ryyr;29022.25
J36;2;0;ryyr;29022.50
J36;2;0;ryyr;29022.75
J36;2;0;ryyr;29023.00
J36;3;0;rrrr;29023.25
J36;3;0;rrrr;29023.50
J36;3;0;rrrr;29023.75
J36;3;0;rrrr;29024.00
J36;4;0;urru;29024.25
J36;4;0;urru;29024.50
J36;4;0;urru;29024.75
J36;4;0;urru;29025.00
J36;5;0;GrrG;29025.25
J36;5;0;GrrG;29025.50
J36;5;0;GrrG;29025.75
J36;5;0;GrrG;29026.00
J36;5;0;GrrG;29026.25
J36;5;0;GrrG;29026.50
J36;5;0;GrrG;29026.75
J36;5;0;GrrG;29027.00
J36;5;0;GrrG;29027.25
J36;5;0;GrrG;29027.50
J36;5;0;GrrG;29027.75
J36;5;0;GrrG;29028.00
J36;5;0;GrrG;29028.25
J36;5;0;GrrG;29028.50
J36;5;0;GrrG;29028.75
J36;5;0;GrrG;29029.00
J36;5;0;GrrG;29029.25
J36;5;0;GrrG;29029.50
J36;5;0;GrrG;29029.75
J36;5;0;GrrG;29030.00
J36;5;0;GrrG;29030.25
J36;5;0;GrrG;29030.50
J36;5;0;GrrG;29030.75
J36;5;0;GrrG;29031.00
J36;5;0;GrrG;29031.25
J36;5;0;GrrG;29031.50
J36;5;0;GrrG;29031.75
J36;5;0;GrrG;29032.00
J36;5;0;GrrG;29032.25
J36;5;0;GrrG;29032.50
J36;5;0;GrrG;29032.75
J36;5;0;GrrG;29033.00
J36;5;0;GrrG;29033.25
J36;5;0;GrrG;29033.50
J36;5;0;GrrG;29033.75
J36;5;0;GrrG;29034.00
J36;5;0;GrrG;29034.25
J36;5;0;GrrG;29034.50
J36;5;0;GrrG;29034.75
J36;5;0;GrrG;29035.00
J36;5;0;GrrG;29035.25
J36;5;0;GrrG;29035.50
J36;5;0;GrrG;29035.75
J36;5;0;GrrG;29036.00
J36;5;0;GrrG;29036.25
J36;5;0;GrrG;29036.50
J36;5;0;GrrG;29036.75
J36;5;0;GrrG;29037.00
J36;5;0;GrrG;29037.25
J36;5;0;GrrG;29037.50
J36;5;0;GrrG;29037.75
J36;5;0;GrrG;29038.00
J36;5;0;GrrG;29038.25
J36;5;0;GrrG;29038.50
J36;5;0;GrrG;29038.75
J36;5;0;GrrG;29039.00
J36;5;0;GrrG;29039.25
J36;5;0;GrrG;29039.50
J36;5;0;GrrG;29039.75
J36;5;0;GrrG;29040.00
J36;5;0;GrrG;29040.25
J36;5;0;GrrG;29040.50
J36;5;0;GrrG;29040.75
J36;5;0;GrrG;29041.00
J36;5;0;GrrG;29041.25
J36;5;0;GrrG;29041.50
J36;5;0;GrrG;29041.75
J36;5;0;GrrG;29042.00
J36;5;0;GrrG;29042.25
J36;5;0;GrrG;29042.50
J36;5;0;GrrG;29042.75
J36;5;0;GrrG;29043.00
J36;5;0;GrrG;29043.25
J36;5;0;GrrG;29043.50
J36;5;0;GrrG;29043.75
J36;5;0;GrrG;29044.00
J36;5;0;GrrG;29044.25
J36;5;0;GrrG;29044.50
J36;5;0;GrrG;29044.75
J36;5;0;GrrG;29045.00
J36;5;0;GrrG;29045.25
J36;5;0;GrrG;29045.50
J36;5;0;GrrG;29045.75
J36;5;0;GrrG;29046.00
J36;5;0;GrrG;29046.25
J36;5;0;GrrG;29046.50
J36;5;0;GrrG;29046.75
J36;5;0;GrrG;29047.00
J36;5;0;GrrG;29047.25
J36;5;0;GrrG;29047.50
J36;5;0;GrrG;29047.75
J36;5;0;GrrG;29048.00
J36;5;0;GrrG;29048.25
J36;5;0;GrrG;29048.50
J36;5;0;GrrG;29048.75
J36;5;0;GrrG;29049.00
J36;5;0;GrrG;29049.25
J36;5;0;GrrG;29049.50
J36;5;0;GrrG;29049.75
J36;5;0;GrrG;29050.00
J36;6;0;yrry;29050.25
J36;6;0;yrry;29050.50
J36;6;0;yrry;29050.75
J36;6;0;yrry;29051.00
J36;6;0;yrry;29051.25
J36;6;0;yrry;29051.50
J36;6;0;yrry;29051.75
J36;6;0;yrry;29052.00
J36;6;0;yrry;29052.25
J36;6;0;yrry;29052.50
J36;6;0;yrry;29052.75
J36;6;0;yrry;29053.00
J36;7;0;rrrr;29053.25
J36;7;0;rrrr;29053.50
J36;7;0;rrrr;29053.75
J36;7;0;rrrr;29054.00
J36;0;0;ruur;29054.25
J36;0;0;ruur;29054.50
J36;0;0;ruur;29054.75
J36;0;0;ruur;29055.00
J36;1;0;rGGr;29055.25
J36;1;0;rGGr;29055.50
J36;1;0;rGGr;29055.75
J36;1;0;rGGr;29056.00
J36;1;0;rGGr;29056.25
J36;1;0;rGGr;29056.50
J36;1;0;rGGr;29056.75
J36;1;0;rGGr;29057.00
J36;1;0;rGGr;29057.25
J36;1;0;rGGr;29057.50
J36;1;0;rGGr;29057.75
J36;1;0;rGGr;29058.00
J36;1;0;rGGr;29058.25
J36;1;0;rGGr;29058.50
J36;1;0;rGGr;29058.75
J36;1;0;rGGr;29059.00
J36;1;0;rGGr;29059.25
J36;1;0;rGGr;29059.50
J36;1;0;rGGr;29059.75
J36;1;0;rGGr;29060.00
J36;1;0;rGGr;29060.25
J36;1;0;rGGr;29060.50
J36;1;0;rGGr;29060.75
J36;1;0;rGGr;29061.00
J36;1;0;rGGr;29061.25
J36;1;0;rGGr;29061.50
J36;1;0;rGGr;29061.75
J36;1;0;rGGr;29062.00
J36;1;0;rGGr;29062.25
J36;1;0;rGGr;29062.50
J36;1;0;rGGr;29062.75
J36;1;0;rGGr;29063.00
J36;1;0;rGGr;29063.25
J36;1;0;rGGr;29063.50
J36;1;0;rGGr;29063.75
J36;1;0;rGGr;29064.00
J36;1;0;rGGr;29064.25
J36;1;0;rGGr;29064.50
J36;1;0;rGGr;29064.75
J36;1;0;rGGr;29065.00
J36;1;0;rGGr;29065.25
J36;1;0;rGGr;29065.50
J36;1;0;rGGr;29065.75
J36;1;0;rGGr;29066.00
J36;1;0;rGGr;29066.25
J36;1;0;rGGr;29066.50
J36;1;0;rGGr;29066.75
J36;1;0;rGGr;29067.00
J36;1;0;rGGr;29067.25
J36;1;0;rGGr;29067.50
J36;1;0;rGGr;29067.75
J36;1;0;rGGr;29068.00
J36;1;0;rGGr;29068.25
J36;1;0;rGGr;29068.50
J36;1;0;rGGr;29068.75
J36;1;0;rGGr;29069.00
J36;1;0;rGGr;29069.25
J36;1;0;rGGr;29069.50
J36;1;0;rGGr;29069.75
J36;1;0;rGGr;29070.00
J36;1;0;rGGr;29070.25
J36;1;0;rGGr;29070.50
J36;1;0;rGGr;29070.75
J36;1;0;rGGr;29071.00
J36;1;0;rGGr;29071.25
J36;1;0;rGGr;29071.50
J36;1;0;rGGr;29071.75
J36;1;0;rGGr;29072.00
J36;1;0;rGGr;29072.25
J36;1;0;rGGr;29072.50
J36;1;0;rGGr;29072.75
J36;1;0;rGGr;29073.00
J36;1;0;rGGr;29073.25
J36;1;0;rGGr;29073.50
J36;1;0;rGGr;29073.75
J36;1;0;rGGr;29074.00
J36;1;0;rGGr;29074.25
J36;1;0;rGGr;29074.50
J36;1;0;rGGr;29074.75
J36;1;0;rGGr;29075.00
J36;1;0;rGGr;29075.25
J36;1;0;rGGr;29075.50
J36;1;0;rGGr;29075.75
J36;1;0;rGGr;29076.00
J36;1;0;rGGr;29076.25
J36;1;0;rGGr;29076.50
J36;1;0;rGGr;29076.75
J36;1;0;rGGr;29077.00
J36;1;0;rGGr;29077.25
J36;1;0;rGGr;29077.50
J36;1;0;rGGr;29077.75
J36;1;0;rGGr;29078.00
J36;1;0;rGGr;29078.25
J36;1;0;rGGr;29078.50
J36;1;0;rGGr;29078.75
J36;1;0;rGGr;29079.00
J36;1;0;rGGr;29079.25
J36;1;0;rGGr;29079.50
J36;1;0;rGGr;29079.75
J36;1;0;rGGr;29080.00
J36;2;0;ryyr;29080.25
J36;2;0;ryyr;29080.50
J36;2;0;ryyr;29080.75
J36;2;0;ryyr;29081.00
J36;2;0;ryyr;29081.25
J36;2;0;ryyr;29081.50
J36;2;0;ryyr;29081.75
J36;2;0;ryyr;29082.00
J36;2;0;ryyr;29082.25
J36;2;0;ryyr;29082.50
J36;2;0;ryyr;29082.75
J36;2;0;ryyr;29083.00
J36;3;0;rrrr;29083.25
J36;3;0;rrrr;29083.50
J36;0;online;yyyyyyyyyyyyyyyyyyyyyyyyyyyyyyyyyyyyyyyyyyyyyyyyyyyyyyyyy;29083.75
J36;0;online;yyyyyyyyyyyyyyyyyyyyyyyyyyyyyyyyyyyyyyyyyyyyyyyyyyyyyyyyy;29084.00
J36;0;online;yyyyyyyyyyyyyyyyyyyyyyyyyyyyyyyyyyyyyyyyyyyyyyyyyyyyyyyyy;29084.25
J36;0;online;yyyyyyyyyyyyyyyyyyyyyyyyyyyyyyyyyyyyyyyyyyyyyyyyyyyyyyyyy;29084.50
J36;0;online;yyyyyyyyyyyyyyyyyyyyyyyyyyyyyyyyyyyyyyyyyyyyyyyyyyyyyyyyy;29084.75
J36;0;online;yyyyyyyyyyyyyyyyyyyyyyyyyyyyyyyyyyyyyyyyyyyyyyyyyyyyyyyyy;29085.00
J36;0;online;yyyyyyyyyyyyyyyyyyyyyyyyyyyyyyyyyyyyyyyyyyyyyyyyyyyyyyyyy;29085.25
J36;0;online;yyyyyyyyyyyyyyyyyyyyyyyyyyyyyyyyyyyyyyyyyyyyyyyyyyyyyyyyy;29085.50
J36;0;online;yyyyyyyyyyyyyyyyyyyyyyyyyyyyyyyyyyyyyyyyyyyyyyyyyyyyyyyyy;29085.75
J36;0;online;yyyyyyyyyyyyyyyyyyyyyyyyyyyyyyyyyyyyyyyyyyyyyyyyyyyyyyyyy;29086.00
J36;0;online;yyyyyyyyyyyyyyyyyyyyyyyyyyyyyyyyyyyyyyyyyyyyyyyyyyyyyyyyy;29086.25
J36;0;online;yyyyyyyyyyyyyyyyyyyyyyyyyyyyyyyyyyyyyyyyyyyyyyyyyyyyyyyyy;29086.50
J36;4;0;urru;29086.75
J36;4;0;urru;29087.00
J36;4;0;urru;29087.25
J36;4;0;urru;29087.50
J36;5;0;GrrG;29087.75
J36;5;0;GrrG;29088.00
J36;5;0;GrrG;29088.25
J36;5;0;GrrG;29088.50
J36;5;0;GrrG;29088.75
J36;5;0;GrrG;29089.00
J36;5;0;GrrG;29089.25
J36;5;0;GrrG;29089.50
J36;5;0;GrrG;29089.75
J36;5;0;GrrG;29090.00
J36;5;0;GrrG;29090.25
J36;5;0;GrrG;29090.50
J36;5;0;GrrG;29090.75
J36;5;0;GrrG;29091.00
J36;5;0;GrrG;29091.25
J36;5;0;GrrG;29091.50
J36;5;0;GrrG;29091.75
J36;5;0;GrrG;29092.00
J36;5;0;GrrG;29092.25
J36;5;0;GrrG;29092.50
J36;5;0;GrrG;29092.75
J36;5;0;GrrG;29093.00
J36;5;0;GrrG;29093.25
J36;5;0;GrrG;29093.50
J36;5;0;GrrG;29093.75
J36;5;0;GrrG;29094.00
J36;5;0;GrrG;29094.25
J36;5;0;GrrG;29094.50
J36;5;0;GrrG;29094.75
J36;5;0;GrrG;29095.00
J36;5;0;GrrG;29095.25
J36;5;0;GrrG;29095.50
J36;5;0;GrrG;29095.75
J36;5;0;GrrG;29096.00
J36;5;0;GrrG;29096.25
J36;5;0;GrrG;29096.50
J36;5;0;GrrG;29096.75
J36;5;0;GrrG;29097.00
J36;5;0;GrrG;29097.25
J36;5;0;GrrG;29097.50
J36;5;0;GrrG;29097.75
J36;5;0;GrrG;29098.00
J36;5;0;GrrG;29098.25
J36;5;0;GrrG;29098.50
J36;5;0;GrrG;29098.75
J36;5;0;GrrG;29099.00
J36;5;0;GrrG;29099.25
J36;5;0;GrrG;29099.50
J36;5;0;GrrG;29099.75
J36;5;0;GrrG;29100.00
J36;5;0;GrrG;29100.25
J36;5;0;GrrG;29100.50
J36;5;0;GrrG;29100.75
J36;5;0;GrrG;29101.00
J36;5;0;GrrG;29101.25
J36;5;0;GrrG;29101.50
J36;5;0;GrrG;29101.75
J36;5;0;GrrG;29102.00
J36;5;0;GrrG;29102.25
J36;5;0;GrrG;29102.50
J36;5;0;GrrG;29102.75
J36;5;0;GrrG;29103.00
J36;5;0;GrrG;29103.25
J36;5;0;GrrG;29103.50
J36;5;0;GrrG;29103.75
J36;5;0;GrrG;29104.00
J36;5;0;GrrG;29104.25
J36;5;0;GrrG;29104.50
J36;5;0;GrrG;29104.75
J36;5;0;GrrG;29105.00
J36;5;0;GrrG;29105.25
J36;5;0;GrrG;29105.50
J36;5;0;GrrG;29105.75
J36;5;0;GrrG;29106.00
J36;5;0;GrrG;29106.25
J36;5;0;GrrG;29106.50
J36;5;0;GrrG;29106.75
J36;5;0;GrrG;29107.00
J36;5;0;GrrG;29107.25
J36;5;0;GrrG;29107.50
J36;5;0;GrrG;29107.75
J36;5;0;GrrG;29108.00
J36;5;0;GrrG;29108.25
J36;5;0;GrrG;29108.50
J36;5;0;GrrG;29108.75
J36;5;0;GrrG;29109.00
J36;5;0;GrrG;29109.25
J36;5;0;GrrG;29109.50
J36;5;0;GrrG;29109.75
J36;5;0;GrrG;29110.00
J36;5;0;GrrG;29110.25
J36;5;0;GrrG;29110.50
J36;5;0;GrrG;29110.75
J36;5;0;GrrG;29111.00
J36;5;0;GrrG;29111.25
J36;5;0;GrrG;29111.50
J36;5;0;GrrG;29111.75
J36;5;0;GrrG;29112.00
J36;5;0;GrrG;29112.25
J36;5;0;GrrG;29112.50
J36;6;0;yrry;29112.75
J36;6;0;yrry;29113.00
J36;6;0;yrry;29113.25
J36;6;0;yrry;29113.50
J36;6;0;yrry;29113.75
J36;6;0;yrry;29114.00
J36;6;0;yrry;29114.25
J36;6;0;yrry;29114.50
J36;6;0;yrry;29114.75
J36;6;0;yrry;29115.00
J36;6;0;yrry;29115.25
J36;6;0;yrry;29115.50
J36;7;0;rrrr;29115.75
J36;7;0;rrrr;29116.00
J36;7;0;rrrr;29116.25
J36;7;0;rrrr;29116.50
J36;0;0;ruur;29116.75
J36;0;0;ruur;29117.00
J36;0;0;ruur;29117.25
J36;0;0;ruur;29117.50
J36;1;0;rGGr;29117.75
J36;1;0;rGGr;29118.00
J36;1;0;rGGr;29118.25
J36;1;0;rGGr;29118.50
J36;1;0;rGGr;29118.75
J36;1;0;rGGr;29119.00
J36;1;0;rGGr;29119.25
J36;1;0;rGGr;29119.50
J36;1;0;rGGr;29119.75
J36;1;0;rGGr;29120.00
J36;1;0;rGGr;29120.25
J36;1;0;rGGr;29120.50
J36;1;0;rGGr;29120.75
J36;1;0;rGGr;29121.00
J36;1;0;rGGr;29121.25
J36;1;0;rGGr;29121.50
J36;1;0;rGGr;29121.75
J36;1;0;rGGr;29122.00
J36;1;0;rGGr;29122.25
J36;1;0;rGGr;29122.50
J36;1;0;rGGr;29122.75
J36;1;0;rGGr;29123.00
J36;1;0;rGGr;29123.25
J36;1;0;rGGr;29123.50
J36;1;0;rGGr;29123.75
J36;1;0;rGGr;29124.00
J36;1;0;rGGr;29124.25
J36;1;0;rGGr;29124.50
J36;1;0;rGGr;29124.75
J36;1;0;rGGr;29125.00
J36;1;0;rGGr;29125.25
J36;1;0;rGGr;29125.50
J36;1;0;rGGr;29125.75
J36;1;0;rGGr;29126.00
J36;1;0;rGGr;29126.25
J36;1;0;rGGr;29126.50
J36;1;0;rGGr;29126.75
J36;1;0;rGGr;29127.00
J36;1;0;rGGr;29127.25
J36;1;0;rGGr;29127.50
J36;1;0;rGGr;29127.75
J36;1;0;rGGr;29128.00
J36;1;0;rGGr;29128.25
J36;1;0;rGGr;29128.50
J36;1;0;rGGr;29128.75
J36;1;0;rGGr;29129.00
J36;1;0;rGGr;29129.25
J36;1;0;rGGr;29129.50
J36;1;0;rGGr;29129.75
J36;1;0;rGGr;29130.00
J36;1;0;rGGr;29130.25
J36;1;0;rGGr;29130.50
J36;1;0;rGGr;29130.75
J36;1;0;rGGr;29131.00
J36;1;0;rGGr;29131.25
J36;1;0;rGGr;29131.50
J36;1;0;rGGr;29131.75
J36;1;0;rGGr;29132.00
J36;1;0;rGGr;29132.25
J36;1;0;rGGr;29132.50
J36;1;0;rGGr;29132.75
J36;1;0;rGGr;29133.00
J36;1;0;rGGr;29133.25
J36;1;0;rGGr;29133.50
J36;1;0;rGGr;29133.75
J36;1;0;rGGr;29134.00
J36;1;0;rGGr;29134.25
J36;1;0;rGGr;29134.50
J36;1;0;rGGr;29134.75
J36;1;0;rGGr;29135.00
J36;1;0;rGGr;29135.25
J36;1;0;rGGr;29135.50
J36;1;0;rGGr;29135.75
J36;1;0;rGGr;29136.00
J36;1;0;rGGr;29136.25
J36;1;0;rGGr;29136.50
J36;1;0;rGGr;29136.75
J36;1;0;rGGr;29137.00
J36;1;0;rGGr;29137.25
J36;1;0;rGGr;29137.50
J36;1;0;rGGr;29137.75
J36;1;0;rGGr;29138.00
J36;1;0;rGGr;29138.25
J36;1;0;rGGr;29138.50
J36;1;0;rGGr;29138.75
J36;1;0;rGGr;29139.00
J36;1;0;rGGr;29139.25
J36;1;0;rGGr;29139.50
J36;1;0;rGGr;29139.75
J36;1;0;rGGr;29140.00
J36;1;0;rGGr;29140.25
J36;1;0;rGGr;29140.50
J36;1;0;rGGr;29140.75
J36;1;0;rGGr;29141.00
J36;1;0;rGGr;29141.25
J36;1;0;rGGr;29141.50
J36;1;0;rGGr;29141.75
J36;1;0;rGGr;29142.00
J36;1;0;rGGr;29142.25
J36;1;0;rGGr;29142.50
J36;2;0;ryyr;29142.75
J36;2;0;ryyr;29143.00
J36;2;0;ryyr;29143.25
J36;2;0;ryyr;29143.50
J36;2;0;ryyr;29143.75
J36;2;0;ryyr;29144.00
J36;2;0;ryyr;29144.25
J36;2;0;ryyr;29144.50
J36;2;0;ryyr;29144.75
J36;2;0;ryyr;29145.00
J36;2;0;ryyr;29145.25
J36;2;0;ryyr;29145.50
J36;3;0;rrrr;29145.75
J36;3;0;rrrr;29146.00
J36;3;0;rrrr;29146.25
J36;3;0;rrrr;29146.50
J36;3;0;rrrr;29146.75
J36;3;0;rrrr;29147.00
J36;3;0;rrrr;29147.25
J36;4;0;urru;29147.50
J36;4;0;urru;29147.75
J36;4;0;urru;29148.00
J36;4;0;urru;29148.25
J36;5;0;GrrG;29148.50
J36;5;0;GrrG;29148.75
J36;5;0;GrrG;29149.00
J36;5;0;GrrG;29149.25
J36;5;0;GrrG;29149.50
J36;5;0;GrrG;29149.75
J36;5;0;GrrG;29150.00
J36;5;0;GrrG;29150.25
J36;5;0;GrrG;29150.50
J36;5;0;GrrG;29150.75
J36;5;0;GrrG;29151.00
J36;5;0;GrrG;29151.25
J36;5;0;GrrG;29151.50
J36;5;0;GrrG;29151.75
J36;5;0;GrrG;29152.00
J36;5;0;GrrG;29152.25
J36;5;0;GrrG;29152.50
J36;5;0;GrrG;29152.75
J36;5;0;GrrG;29153.00
J36;5;0;GrrG;29153.25
J36;5;0;GrrG;29153.50
J36;5;0;GrrG;29153.75
J36;5;0;GrrG;29154.00
J36;5;0;GrrG;29154.25
J36;5;0;GrrG;29154.50
J36;5;0;GrrG;29154.75
J36;5;0;GrrG;29155.00
J36;5;0;GrrG;29155.25
J36;5;0;GrrG;29155.50
J36;5;0;GrrG;29155.75
J36;5;0;GrrG;29156.00
J36;5;0;GrrG;29156.25
J36;5;0;GrrG;29156.50
J36;5;0;GrrG;29156.75
J36;5;0;GrrG;29157.00
J36;5;0;GrrG;29157.25
J36;5;0;GrrG;29157.50
J36;5;0;GrrG;29157.75
J36;5;0;GrrG;29158.00
J36;5;0;GrrG;29158.25
J36;5;0;GrrG;29158.50
J36;5;0;GrrG;29158.75
J36;5;0;GrrG;29159.00
J36;5;0;GrrG;29159.25
J36;5;0;GrrG;29159.50
J36;5;0;GrrG;29159.75
J36;5;0;GrrG;29160.00
J36;5;0;GrrG;29160.25
J36;5;0;GrrG;29160.50
J36;5;0;GrrG;29160.75
J36;5;0;GrrG;29161.00
J36;5;0;GrrG;29161.25
J36;5;0;GrrG;29161.50
J36;5;0;GrrG;29161.75
J36;5;0;GrrG;29162.00
J36;5;0;GrrG;29162.25
J36;5;0;GrrG;29162.50
J36;5;0;GrrG;29162.75
J36;5;0;GrrG;29163.00
J36;5;0;GrrG;29163.25
J36;5;0;GrrG;29163.50
J36;5;0;GrrG;29163.75
J36;5;0;GrrG;29164.00
J36;5;0;GrrG;29164.25
J36;5;0;GrrG;29164.50
J36;5;0;GrrG;29164.75
J36;5;0;GrrG;29165.00
J36;5;0;GrrG;29165.25
J36;5;0;GrrG;29165.50
J36;5;0;GrrG;29165.75
J36;5;0;GrrG;29166.00
J36;5;0;GrrG;29166.25
J36;5;0;GrrG;29166.50
J36;5;0;GrrG;29166.75
J36;5;0;GrrG;29167.00
J36;5;0;GrrG;29167.25
J36;5;0;GrrG;29167.50
J36;5;0;GrrG;29167.75
J36;5;0;GrrG;29168.00
J36;5;0;GrrG;29168.25
J36;5;0;GrrG;29168.50
J36;5;0;GrrG;29168.75
J36;5;0;GrrG;29169.00
J36;5;0;GrrG;29169.25
J36;5;0;GrrG;29169.50
J36;5;0;GrrG;29169.75
J36;5;0;GrrG;29170.00
J36;5;0;GrrG;29170.25
J36;5;0;GrrG;29170.50
J36;5;0;GrrG;29170.75
J36;5;0;GrrG;29171.00
J36;5;0;GrrG;29171.25
J36;5;0;GrrG;29171.50
J36;5;0;GrrG;29171.75
J36;5;0;GrrG;29172.00
J36;5;0;GrrG;29172.25
J36;5;0;GrrG;29172.50
J36;5;0;GrrG;29172.75
J36;5;0;GrrG;29173.00
J36;5;0;GrrG;29173.25
J36;6;0;yrry;29173.50
J36;6;0;yrry;29173.75
J36;6;0;yrry;29174.00
J36;6;0;yrry;29174.25
J36;6;0;yrry;29174.50
J36;6;0;yrry;29174.75
J36;6;0;yrry;29175.00
J36;6;0;yrry;29175.25
J36;6;0;yrry;29175.50
J36;6;0;yrry;29175.75
J36;6;0;yrry;29176.00
J36;6;0;yrry;29176.25
J36;7;0;rrrr;29176.50
J36;7;0;rrrr;29176.75
J36;7;0;rrrr;29177.00
J36;7;0;rrrr;29177.25
J36;0;0;ruur;29177.50
J36;0;0;ruur;29177.75
J36;0;0;ruur;29178.00
J36;0;0;ruur;29178.25
J36;1;0;rGGr;29178.50
J36;1;0;rGGr;29178.75
J36;1;0;rGGr;29179.00
J36;1;0;rGGr;29179.25
J36;1;0;rGGr;29179.50
J36;1;0;rGGr;29179.75
J36;1;0;rGGr;29180.00
J36;1;0;rGGr;29180.25
J36;1;0;rGGr;29180.50
J36;1;0;rGGr;29180.75
J36;1;0;rGGr;29181.00
J36;1;0;rGGr;29181.25
J36;1;0;rGGr;29181.50
J36;1;0;rGGr;29181.75
J36;1;0;rGGr;29182.00
J36;1;0;rGGr;29182.25
J36;1;0;rGGr;29182.50
J36;1;0;rGGr;29182.75
J36;1;0;rGGr;29183.00
J36;1;0;rGGr;29183.25
J36;1;0;rGGr;29183.50
J36;1;0;rGGr;29183.75
J36;1;0;rGGr;29184.00
J36;1;0;rGGr;29184.25
J36;1;0;rGGr;29184.50
J36;1;0;rGGr;29184.75
J36;1;0;rGGr;29185.00
J36;1;0;rGGr;29185.25
J36;1;0;rGGr;29185.50
J36;1;0;rGGr;29185.75
J36;1;0;rGGr;29186.00
J36;1;0;rGGr;29186.25
J36;1;0;rGGr;29186.50
J36;1;0;rGGr;29186.75
J36;1;0;rGGr;29187.00
J36;1;0;rGGr;29187.25
J36;1;0;rGGr;29187.50
J36;1;0;rGGr;29187.75
J36;1;0;rGGr;29188.00
J36;1;0;rGGr;29188.25
J36;1;0;rGGr;29188.50
J36;1;0;rGGr;29188.75
J36;1;0;rGGr;29189.00
J36;1;0;rGGr;29189.25
J36;1;0;rGGr;29189.50
J36;1;0;rGGr;29189.75
J36;1;0;rGGr;29190.00
J36;1;0;rGGr;29190.25
J36;1;0;rGGr;29190.50
J36;1;0;rGGr;29190.75
J36;1;0;rGGr;29191.00
J36;1;0;rGGr;29191.25
J36;1;0;rGGr;29191.50
J36;1;0;rGGr;29191.75
J36;1;0;rGGr;29192.00
J36;1;0;rGGr;29192.25
J36;1;0;rGGr;29192.50
J36;1;0;rGGr;29192.75
J36;1;0;rGGr;29193.00
J36;1;0;rGGr;29193.25
J36;1;0;rGGr;29193.50
J36;1;0;rGGr;29193.75
J36;0;online;yyyyyyyyyyyyyyyyyyyyyyyyyyyyyyyyyyyyyyyyyyyyyyyyyyyyyyyyy;29194.00
J36;0;online;yyyyyyyyyyyyyyyyyyyyyyyyyyyyyyyyyyyyyyyyyyyyyyyyyyyyyyyyy;29194.25
J36;0;online;yyyyyyyyyyyyyyyyyyyyyyyyyyyyyyyyyyyyyyyyyyyyyyyyyyyyyyyyy;29194.50
J36;0;online;yyyyyyyyyyyyyyyyyyyyyyyyyyyyyyyyyyyyyyyyyyyyyyyyyyyyyyyyy;29194.75
J36;0;online;yyyyyyyyyyyyyyyyyyyyyyyyyyyyyyyyyyyyyyyyyyyyyyyyyyyyyyyyy;29195.00
J36;0;online;yyyyyyyyyyyyyyyyyyyyyyyyyyyyyyyyyyyyyyyyyyyyyyyyyyyyyyyyy;29195.25
J36;0;online;yyyyyyyyyyyyyyyyyyyyyyyyyyyyyyyyyyyyyyyyyyyyyyyyyyyyyyyyy;29195.50
J36;0;online;yyyyyyyyyyyyyyyyyyyyyyyyyyyyyyyyyyyyyyyyyyyyyyyyyyyyyyyyy;29195.75
J36;0;online;yyyyyyyyyyyyyyyyyyyyyyyyyyyyyyyyyyyyyyyyyyyyyyyyyyyyyyyyy;29196.00
J36;0;online;yyyyyyyyyyyyyyyyyyyyyyyyyyyyyyyyyyyyyyyyyyyyyyyyyyyyyyyyy;29196.25
J36;0;online;yyyyyyyyyyyyyyyyyyyyyyyyyyyyyyyyyyyyyyyyyyyyyyyyyyyyyyyyy;29196.50
J36;0;online;yyyyyyyyyyyyyyyyyyyyyyyyyyyyyyyyyyyyyyyyyyyyyyyyyyyyyyyyy;29196.75
J36;4;0;urru;29197.00
J36;4;0;urru;29197.25
J36;4;0;urru;29197.50
J36;4;0;urru;29197.75
J36;5;0;GrrG;29198.00
J36;5;0;GrrG;29198.25
J36;5;0;GrrG;29198.50
J36;5;0;GrrG;29198.75
J36;5;0;GrrG;29199.00
J36;5;0;GrrG;29199.25
J36;5;0;GrrG;29199.50
J36;5;0;GrrG;29199.75
J36;5;0;GrrG;29200.00
J36;5;0;GrrG;29200.25
J36;5;0;GrrG;29200.50
J36;5;0;GrrG;29200.75
J36;5;0;GrrG;29201.00
J36;5;0;GrrG;29201.25
J36;5;0;GrrG;29201.50
J36;5;0;GrrG;29201.75
J36;5;0;GrrG;29202.00
J36;5;0;GrrG;29202.25
J36;5;0;GrrG;29202.50
J36;5;0;GrrG;29202.75
J36;5;0;GrrG;29203.00
J36;5;0;GrrG;29203.25
J36;5;0;GrrG;29203.50
J36;5;0;GrrG;29203.75
J36;5;0;GrrG;29204.00
J36;5;0;GrrG;29204.25
J36;5;0;GrrG;29204.50
J36;5;0;GrrG;29204.75
J36;5;0;GrrG;29205.00
J36;5;0;GrrG;29205.25
J36;5;0;GrrG;29205.50
J36;5;0;GrrG;29205.75
J36;5;0;GrrG;29206.00
J36;5;0;GrrG;29206.25
J36;5;0;GrrG;29206.50
J36;5;0;GrrG;29206.75
J36;5;0;GrrG;29207.00
J36;5;0;GrrG;29207.25
J36;5;0;GrrG;29207.50
J36;5;0;GrrG;29207.75
J36;5;0;GrrG;29208.00
J36;5;0;GrrG;29208.25
J36;5;0;GrrG;29208.50
J36;5;0;GrrG;29208.75
J36;5;0;GrrG;29209.00
J36;5;0;GrrG;29209.25
J36;5;0;GrrG;29209.50
J36;5;0;GrrG;29209.75
J36;5;0;GrrG;29210.00
J36;5;0;GrrG;29210.25
J36;5;0;GrrG;29210.50
J36;5;0;GrrG;29210.75
J36;5;0;GrrG;29211.00
J36;5;0;GrrG;29211.25
J36;5;0;GrrG;29211.50
J36;5;0;GrrG;29211.75
J36;5;0;GrrG;29212.00
J36;5;0;GrrG;29212.25
J36;5;0;GrrG;29212.50
J36;5;0;GrrG;29212.75
J36;5;0;GrrG;29213.00
J36;5;0;GrrG;29213.25
J36;5;0;GrrG;29213.50
J36;5;0;GrrG;29213.75
J36;5;0;GrrG;29214.00
J36;5;0;GrrG;29214.25
J36;5;0;GrrG;29214.50
J36;5;0;GrrG;29214.75
J36;5;0;GrrG;29215.00
J36;5;0;GrrG;29215.25
J36;5;0;GrrG;29215.50
J36;5;0;GrrG;29215.75
J36;5;0;GrrG;29216.00
J36;5;0;GrrG;29216.25
J36;5;0;GrrG;29216.50
J36;5;0;GrrG;29216.75
J36;5;0;GrrG;29217.00
J36;5;0;GrrG;29217.25
J36;5;0;GrrG;29217.50
J36;5;0;GrrG;29217.75
J36;5;0;GrrG;29218.00
J36;5;0;GrrG;29218.25
J36;5;0;GrrG;29218.50
J36;5;0;GrrG;29218.75
J36;5;0;GrrG;29219.00
J36;5;0;GrrG;29219.25
J36;5;0;GrrG;29219.50
J36;5;0;GrrG;29219.75
J36;5;0;GrrG;29220.00
J36;5;0;GrrG;29220.25
J36;5;0;GrrG;29220.50
J36;5;0;GrrG;29220.75
J36;5;0;GrrG;29221.00
J36;5;0;GrrG;29221.25
J36;5;0;GrrG;29221.50
J36;5;0;GrrG;29221.75
J36;5;0;GrrG;29222.00
J36;5;0;GrrG;29222.25
J36;5;0;GrrG;29222.50
J36;5;0;GrrG;29222.75
J36;6;0;yrry;29223.00
J36;6;0;yrry;29223.25
J36;6;0;yrry;29223.50
J36;6;0;yrry;29223.75
J36;6;0;yrry;29224.00
J36;6;0;yrry;29224.25
J36;6;0;yrry;29224.50
J36;6;0;yrry;29224.75
J36;6;0;yrry;29225.00
J36;6;0;yrry;29225.25
J36;6;0;yrry;29225.50
J36;6;0;yrry;29225.75
J36;7;0;rrrr;29226.00
J36;7;0;rrrr;29226.25
J36;7;0;rrrr;29226.50
J36;7;0;rrrr;29226.75
J36;0;0;ruur;29227.00
J36;0;0;ruur;29227.25
J36;0;0;ruur;29227.50
J36;0;0;ruur;29227.75
J36;1;0;rGGr;29228.00
J36;1;0;rGGr;29228.25
J36;1;0;rGGr;29228.50
J36;1;0;rGGr;29228.75
J36;1;0;rGGr;29229.00
J36;1;0;rGGr;29229.25
J36;1;0;rGGr;29229.50
J36;1;0;rGGr;29229.75
J36;1;0;rGGr;29230.00
J36;1;0;rGGr;29230.25
J36;1;0;rGGr;29230.50
J36;1;0;rGGr;29230.75
J36;1;0;rGGr;29231.00
J36;1;0;rGGr;29231.25
J36;1;0;rGGr;29231.50
J36;1;0;rGGr;29231.75
J36;1;0;rGGr;29232.00
J36;1;0;rGGr;29232.25
J36;1;0;rGGr;29232.50
J36;1;0;rGGr;29232.75
J36;1;0;rGGr;29233.00
J36;1;0;rGGr;29233.25
J36;1;0;rGGr;29233.50
J36;1;0;rGGr;29233.75
J36;1;0;rGGr;29234.00
J36;1;0;rGGr;29234.25
J36;1;0;rGGr;29234.50
J36;1;0;rGGr;29234.75
J36;1;0;rGGr;29235.00
J36;1;0;rGGr;29235.25
J36;1;0;rGGr;29235.50
J36;1;0;rGGr;29235.75
J36;1;0;rGGr;29236.00
J36;1;0;rGGr;29236.25
J36;1;0;rGGr;29236.50
J36;1;0;rGGr;29236.75
J36;1;0;rGGr;29237.00
J36;1;0;rGGr;29237.25
J36;1;0;rGGr;29237.50
J36;1;0;rGGr;29237.75
J36;1;0;rGGr;29238.00
J36;1;0;rGGr;29238.25
J36;0;online;yyyyyyyyyyyyyyyyyyyyyyyyyyyyyyyyyyyyyyyyyyyyyyyyyyyyyyyyy;29238.50
J36;0;online;yyyyyyyyyyyyyyyyyyyyyyyyyyyyyyyyyyyyyyyyyyyyyyyyyyyyyyyyy;29238.75
J36;0;online;yyyyyyyyyyyyyyyyyyyyyyyyyyyyyyyyyyyyyyyyyyyyyyyyyyyyyyyyy;29239.00
J36;0;online;yyyyyyyyyyyyyyyyyyyyyyyyyyyyyyyyyyyyyyyyyyyyyyyyyyyyyyyyy;29239.25
J36;0;online;yyyyyyyyyyyyyyyyyyyyyyyyyyyyyyyyyyyyyyyyyyyyyyyyyyyyyyyyy;29239.50
J36;0;online;yyyyyyyyyyyyyyyyyyyyyyyyyyyyyyyyyyyyyyyyyyyyyyyyyyyyyyyyy;29239.75
J36;0;online;yyyyyyyyyyyyyyyyyyyyyyyyyyyyyyyyyyyyyyyyyyyyyyyyyyyyyyyyy;29240.00
J36;0;online;yyyyyyyyyyyyyyyyyyyyyyyyyyyyyyyyyyyyyyyyyyyyyyyyyyyyyyyyy;29240.25
J36;0;online;yyyyyyyyyyyyyyyyyyyyyyyyyyyyyyyyyyyyyyyyyyyyyyyyyyyyyyyyy;29240.50
J36;0;online;yyyyyyyyyyyyyyyyyyyyyyyyyyyyyyyyyyyyyyyyyyyyyyyyyyyyyyyyy;29240.75
J36;0;online;yyyyyyyyyyyyyyyyyyyyyyyyyyyyyyyyyyyyyyyyyyyyyyyyyyyyyyyyy;29241.00
J36;0;online;yyyyyyyyyyyyyyyyyyyyyyyyyyyyyyyyyyyyyyyyyyyyyyyyyyyyyyyyy;29241.25
J36;4;0;urru;29241.50
J36;4;0;urru;29241.75
J36;4;0;urru;29242.00
J36;4;0;urru;29242.25
J36;5;0;GrrG;29242.50
J36;5;0;GrrG;29242.75
J36;5;0;GrrG;29243.00
J36;5;0;GrrG;29243.25
J36;5;0;GrrG;29243.50
J36;5;0;GrrG;29243.75
J36;5;0;GrrG;29244.00
J36;5;0;GrrG;29244.25
J36;5;0;GrrG;29244.50
J36;5;0;GrrG;29244.75
J36;5;0;GrrG;29245.00
J36;5;0;GrrG;29245.25
J36;5;0;GrrG;29245.50
J36;5;0;GrrG;29245.75
J36;5;0;GrrG;29246.00
J36;5;0;GrrG;29246.25
J36;5;0;GrrG;29246.50
J36;5;0;GrrG;29246.75
J36;5;0;GrrG;29247.00
J36;5;0;GrrG;29247.25
J36;5;0;GrrG;29247.50
J36;5;0;GrrG;29247.75
J36;5;0;GrrG;29248.00
J36;5;0;GrrG;29248.25
J36;5;0;GrrG;29248.50
J36;5;0;GrrG;29248.75
J36;5;0;GrrG;29249.00
J36;5;0;GrrG;29249.25
J36;5;0;GrrG;29249.50
J36;5;0;GrrG;29249.75
J36;5;0;GrrG;29250.00
J36;5;0;GrrG;29250.25
J36;5;0;GrrG;29250.50
J36;5;0;GrrG;29250.75
J36;5;0;GrrG;29251.00
J36;5;0;GrrG;29251.25
J36;5;0;GrrG;29251.50
J36;5;0;GrrG;29251.75
J36;5;0;GrrG;29252.00
J36;5;0;GrrG;29252.25
J36;5;0;GrrG;29252.50
J36;5;0;GrrG;29252.75
J36;5;0;GrrG;29253.00
J36;5;0;GrrG;29253.25
J36;5;0;GrrG;29253.50
J36;5;0;GrrG;29253.75
J36;5;0;GrrG;29254.00
J36;5;0;GrrG;29254.25
J36;5;0;GrrG;29254.50
J36;5;0;GrrG;29254.75
J36;5;0;GrrG;29255.00
J36;5;0;GrrG;29255.25
J36;5;0;GrrG;29255.50
J36;5;0;GrrG;29255.75
J36;5;0;GrrG;29256.00
J36;5;0;GrrG;29256.25
J36;5;0;GrrG;29256.50
J36;5;0;GrrG;29256.75
J36;5;0;GrrG;29257.00
J36;5;0;GrrG;29257.25
J36;5;0;GrrG;29257.50
J36;5;0;GrrG;29257.75
J36;5;0;GrrG;29258.00
J36;5;0;GrrG;29258.25
J36;5;0;GrrG;29258.50
J36;5;0;GrrG;29258.75
J36;5;0;GrrG;29259.00
J36;5;0;GrrG;29259.25
J36;5;0;GrrG;29259.50
J36;5;0;GrrG;29259.75
J36;5;0;GrrG;29260.00
J36;5;0;GrrG;29260.25
J36;5;0;GrrG;29260.50
J36;5;0;GrrG;29260.75
J36;5;0;GrrG;29261.00
J36;5;0;GrrG;29261.25
J36;5;0;GrrG;29261.50
J36;5;0;GrrG;29261.75
J36;5;0;GrrG;29262.00
J36;5;0;GrrG;29262.25
J36;5;0;GrrG;29262.50
J36;5;0;GrrG;29262.75
J36;5;0;GrrG;29263.00
J36;5;0;GrrG;29263.25
J36;5;0;GrrG;29263.50
J36;5;0;GrrG;29263.75
J36;5;0;GrrG;29264.00
J36;5;0;GrrG;29264.25
J36;5;0;GrrG;29264.50
J36;5;0;GrrG;29264.75
J36;5;0;GrrG;29265.00
J36;5;0;GrrG;29265.25
J36;5;0;GrrG;29265.50
J36;5;0;GrrG;29265.75
J36;5;0;GrrG;29266.00
J36;5;0;GrrG;29266.25
J36;5;0;GrrG;29266.50
J36;5;0;GrrG;29266.75
J36;5;0;GrrG;29267.00
J36;5;0;GrrG;29267.25
J36;6;0;yrry;29267.50
J36;6;0;yrry;29267.75
J36;6;0;yrry;29268.00
J36;6;0;yrry;29268.25
J36;6;0;yrry;29268.50
J36;6;0;yrry;29268.75
J36;6;0;yrry;29269.00
J36;6;0;yrry;29269.25
J36;6;0;yrry;29269.50
J36;6;0;yrry;29269.75
J36;6;0;yrry;29270.00
J36;6;0;yrry;29270.25
J36;7;0;rrrr;29270.50
J36;7;0;rrrr;29270.75
J36;7;0;rrrr;29271.00
J36;7;0;rrrr;29271.25
J36;0;0;ruur;29271.50
J36;0;0;ruur;29271.75
J36;0;0;ruur;29272.00
J36;0;0;ruur;29272.25
J36;1;0;rGGr;29272.50
J36;1;0;rGGr;29272.75
J36;1;0;rGGr;29273.00
J36;1;0;rGGr;29273.25
J36;1;0;rGGr;29273.50
J36;1;0;rGGr;29273.75
J36;1;0;rGGr;29274.00
J36;1;0;rGGr;29274.25
J36;1;0;rGGr;29274.50
J36;1;0;rGGr;29274.75
J36;1;0;rGGr;29275.00
J36;1;0;rGGr;29275.25
J36;1;0;rGGr;29275.50
J36;1;0;rGGr;29275.75
J36;1;0;rGGr;29276.00
J36;1;0;rGGr;29276.25
J36;1;0;rGGr;29276.50
J36;1;0;rGGr;29276.75
J36;1;0;rGGr;29277.00
J36;1;0;rGGr;29277.25
J36;1;0;rGGr;29277.50
J36;1;0;rGGr;29277.75
J36;1;0;rGGr;29278.00
J36;1;0;rGGr;29278.25
J36;1;0;rGGr;29278.50
J36;1;0;rGGr;29278.75
J36;1;0;rGGr;29279.00
J36;1;0;rGGr;29279.25
J36;1;0;rGGr;29279.50
J36;1;0;rGGr;29279.75
J36;1;0;rGGr;29280.00
J36;1;0;rGGr;29280.25
J36;1;0;rGGr;29280.50
J36;1;0;rGGr;29280.75
J36;1;0;rGGr;29281.00
J36;1;0;rGGr;29281.25
J36;1;0;rGGr;29281.50
J36;1;0;rGGr;29281.75
J36;1;0;rGGr;29282.00
J36;1;0;rGGr;29282.25
J36;1;0;rGGr;29282.50
J36;1;0;rGGr;29282.75
J36;1;0;rGGr;29283.00
J36;1;0;rGGr;29283.25
J36;1;0;rGGr;29283.50
J36;1;0;rGGr;29283.75
J36;1;0;rGGr;29284.00
J36;1;0;rGGr;29284.25
J36;1;0;rGGr;29284.50
J36;1;0;rGGr;29284.75
J36;1;0;rGGr;29285.00
J36;1;0;rGGr;29285.25
J36;1;0;rGGr;29285.50
J36;1;0;rGGr;29285.75
J36;1;0;rGGr;29286.00
J36;1;0;rGGr;29286.25
J36;1;0;rGGr;29286.50
J36;1;0;rGGr;29286.75
J36;1;0;rGGr;29287.00
J36;1;0;rGGr;29287.25
J36;1;0;rGGr;29287.50
J36;1;0;rGGr;29287.75
J36;1;0;rGGr;29288.00
J36;1;0;rGGr;29288.25
J36;1;0;rGGr;29288.50
J36;1;0;rGGr;29288.75
J36;1;0;rGGr;29289.00
J36;1;0;rGGr;29289.25
J36;1;0;rGGr;29289.50
J36;1;0;rGGr;29289.75
J36;1;0;rGGr;29290.00
J36;1;0;rGGr;29290.25
J36;1;0;rGGr;29290.50
J36;1;0;rGGr;29290.75
J36;1;0;rGGr;29291.00
J36;1;0;rGGr;29291.25
J36;1;0;rGGr;29291.50
J36;1;0;rGGr;29291.75
J36;1;0;rGGr;29292.00
J36;1;0;rGGr;29292.25
J36;1;0;rGGr;29292.50
J36;1;0;rGGr;29292.75
J36;1;0;rGGr;29293.00
J36;1;0;rGGr;29293.25
J36;1;0;rGGr;29293.50
J36;1;0;rGGr;29293.75
J36;1;0;rGGr;29294.00
J36;1;0;rGGr;29294.25
J36;1;0;rGGr;29294.50
J36;1;0;rGGr;29294.75
J36;1;0;rGGr;29295.00
J36;1;0;rGGr;29295.25
J36;1;0;rGGr;29295.50
J36;1;0;rGGr;29295.75
J36;0;online;yyyyyyyyyyyyyyyyyyyyyyyyyyyyyyyyyyyyyyyyyyyyyyyyyyyyyyyyy;29296.00
J36;0;online;yyyyyyyyyyyyyyyyyyyyyyyyyyyyyyyyyyyyyyyyyyyyyyyyyyyyyyyyy;29296.25
J36;0;online;yyyyyyyyyyyyyyyyyyyyyyyyyyyyyyyyyyyyyyyyyyyyyyyyyyyyyyyyy;29296.50
J36;0;online;yyyyyyyyyyyyyyyyyyyyyyyyyyyyyyyyyyyyyyyyyyyyyyyyyyyyyyyyy;29296.75
J36;0;online;yyyyyyyyyyyyyyyyyyyyyyyyyyyyyyyyyyyyyyyyyyyyyyyyyyyyyyyyy;29297.00
J36;0;online;yyyyyyyyyyyyyyyyyyyyyyyyyyyyyyyyyyyyyyyyyyyyyyyyyyyyyyyyy;29297.25
J36;0;online;yyyyyyyyyyyyyyyyyyyyyyyyyyyyyyyyyyyyyyyyyyyyyyyyyyyyyyyyy;29297.50
J36;0;online;yyyyyyyyyyyyyyyyyyyyyyyyyyyyyyyyyyyyyyyyyyyyyyyyyyyyyyyyy;29297.75
J36;0;online;yyyyyyyyyyyyyyyyyyyyyyyyyyyyyyyyyyyyyyyyyyyyyyyyyyyyyyyyy;29298.00
J36;0;online;yyyyyyyyyyyyyyyyyyyyyyyyyyyyyyyyyyyyyyyyyyyyyyyyyyyyyyyyy;29298.25
J36;0;online;yyyyyyyyyyyyyyyyyyyyyyyyyyyyyyyyyyyyyyyyyyyyyyyyyyyyyyyyy;29298.50
J36;0;online;yyyyyyyyyyyyyyyyyyyyyyyyyyyyyyyyyyyyyyyyyyyyyyyyyyyyyyyyy;29298.75
J36;4;0;urru;29299.00
J36;4;0;urru;29299.25
J36;4;0;urru;29299.50
J36;4;0;urru;29299.75
J36;5;0;GrrG;29300.00
J36;5;0;GrrG;29300.25
J36;5;0;GrrG;29300.50
J36;5;0;GrrG;29300.75
J36;5;0;GrrG;29301.00
J36;5;0;GrrG;29301.25
J36;5;0;GrrG;29301.50
J36;5;0;GrrG;29301.75
J36;5;0;GrrG;29302.00
J36;5;0;GrrG;29302.25
J36;5;0;GrrG;29302.50
J36;5;0;GrrG;29302.75
J36;5;0;GrrG;29303.00
J36;5;0;GrrG;29303.25
J36;5;0;GrrG;29303.50
J36;5;0;GrrG;29303.75
J36;5;0;GrrG;29304.00
J36;5;0;GrrG;29304.25
J36;5;0;GrrG;29304.50
J36;5;0;GrrG;29304.75
J36;5;0;GrrG;29305.00
J36;5;0;GrrG;29305.25
J36;5;0;GrrG;29305.50
J36;5;0;GrrG;29305.75
J36;5;0;GrrG;29306.00
J36;5;0;GrrG;29306.25
J36;5;0;GrrG;29306.50
J36;5;0;GrrG;29306.75
J36;5;0;GrrG;29307.00
J36;5;0;GrrG;29307.25
J36;5;0;GrrG;29307.50
J36;5;0;GrrG;29307.75
J36;5;0;GrrG;29308.00
J36;5;0;GrrG;29308.25
J36;5;0;GrrG;29308.50
J36;5;0;GrrG;29308.75
J36;5;0;GrrG;29309.00
J36;5;0;GrrG;29309.25
J36;5;0;GrrG;29309.50
J36;5;0;GrrG;29309.75
J36;5;0;GrrG;29310.00
J36;5;0;GrrG;29310.25
J36;5;0;GrrG;29310.50
J36;5;0;GrrG;29310.75
J36;5;0;GrrG;29311.00
J36;5;0;GrrG;29311.25
J36;5;0;GrrG;29311.50
J36;5;0;GrrG;29311.75
J36;5;0;GrrG;29312.00
J36;5;0;GrrG;29312.25
J36;5;0;GrrG;29312.50
J36;5;0;GrrG;29312.75
J36;5;0;GrrG;29313.00
J36;5;0;GrrG;29313.25
J36;5;0;GrrG;29313.50
J36;5;0;GrrG;29313.75
J36;5;0;GrrG;29314.00
J36;5;0;GrrG;29314.25
J36;5;0;GrrG;29314.50
J36;5;0;GrrG;29314.75
J36;5;0;GrrG;29315.00
J36;5;0;GrrG;29315.25
J36;5;0;GrrG;29315.50
J36;5;0;GrrG;29315.75
J36;5;0;GrrG;29316.00
J36;5;0;GrrG;29316.25
J36;5;0;GrrG;29316.50
J36;5;0;GrrG;29316.75
J36;5;0;GrrG;29317.00
J36;5;0;GrrG;29317.25
J36;5;0;GrrG;29317.50
J36;5;0;GrrG;29317.75
J36;5;0;GrrG;29318.00
J36;5;0;GrrG;29318.25
J36;5;0;GrrG;29318.50
J36;5;0;GrrG;29318.75
J36;5;0;GrrG;29319.00
J36;5;0;GrrG;29319.25
J36;5;0;GrrG;29319.50
J36;5;0;GrrG;29319.75
J36;5;0;GrrG;29320.00
J36;5;0;GrrG;29320.25
J36;5;0;GrrG;29320.50
J36;5;0;GrrG;29320.75
J36;5;0;GrrG;29321.00
J36;5;0;GrrG;29321.25
J36;5;0;GrrG;29321.50
J36;5;0;GrrG;29321.75
J36;5;0;GrrG;29322.00
J36;5;0;GrrG;29322.25
J36;5;0;GrrG;29322.50
J36;5;0;GrrG;29322.75
J36;5;0;GrrG;29323.00
J36;5;0;GrrG;29323.25
J36;5;0;GrrG;29323.50
J36;5;0;GrrG;29323.75
J36;5;0;GrrG;29324.00
J36;5;0;GrrG;29324.25
J36;5;0;GrrG;29324.50
J36;5;0;GrrG;29324.75
J36;6;0;yrry;29325.00
J36;6;0;yrry;29325.25
J36;6;0;yrry;29325.50
J36;6;0;yrry;29325.75
J36;6;0;yrry;29326.00
J36;6;0;yrry;29326.25
J36;6;0;yrry;29326.50
J36;6;0;yrry;29326.75
J36;6;0;yrry;29327.00
J36;6;0;yrry;29327.25
J36;6;0;yrry;29327.50
J36;6;0;yrry;29327.75
J36;7;0;rrrr;29328.00
J36;7;0;rrrr;29328.25
J36;7;0;rrrr;29328.50
J36;7;0;rrrr;29328.75
J36;0;0;ruur;29329.00
J36;0;0;ruur;29329.25
J36;0;0;ruur;29329.50
J36;0;0;ruur;29329.75
J36;1;0;rGGr;29330.00
J36;1;0;rGGr;29330.25
J36;1;0;rGGr;29330.50
J36;1;0;rGGr;29330.75
J36;1;0;rGGr;29331.00
J36;1;0;rGGr;29331.25
J36;1;0;rGGr;29331.50
J36;1;0;rGGr;29331.75
J36;1;0;rGGr;29332.00
J36;1;0;rGGr;29332.25
J36;1;0;rGGr;29332.50
J36;1;0;rGGr;29332.75
J36;1;0;rGGr;29333.00
J36;1;0;rGGr;29333.25
J36;1;0;rGGr;29333.50
J36;1;0;rGGr;29333.75
J36;1;0;rGGr;29334.00
J36;1;0;rGGr;29334.25
J36;0;online;yyyyyyyyyyyyyyyyyyyyyyyyyyyyyyyyyyyyyyyyyyyyyyyyyyyyyyyyy;29334.50
J36;0;online;yyyyyyyyyyyyyyyyyyyyyyyyyyyyyyyyyyyyyyyyyyyyyyyyyyyyyyyyy;29334.75
J36;0;online;yyyyyyyyyyyyyyyyyyyyyyyyyyyyyyyyyyyyyyyyyyyyyyyyyyyyyyyyy;29335.00
J36;0;online;yyyyyyyyyyyyyyyyyyyyyyyyyyyyyyyyyyyyyyyyyyyyyyyyyyyyyyyyy;29335.25
J36;0;online;yyyyyyyyyyyyyyyyyyyyyyyyyyyyyyyyyyyyyyyyyyyyyyyyyyyyyyyyy;29335.50
J36;0;online;yyyyyyyyyyyyyyyyyyyyyyyyyyyyyyyyyyyyyyyyyyyyyyyyyyyyyyyyy;29335.75
J36;0;online;yyyyyyyyyyyyyyyyyyyyyyyyyyyyyyyyyyyyyyyyyyyyyyyyyyyyyyyyy;29336.00
J36;0;online;yyyyyyyyyyyyyyyyyyyyyyyyyyyyyyyyyyyyyyyyyyyyyyyyyyyyyyyyy;29336.25
J36;0;online;yyyyyyyyyyyyyyyyyyyyyyyyyyyyyyyyyyyyyyyyyyyyyyyyyyyyyyyyy;29336.50
J36;0;online;yyyyyyyyyyyyyyyyyyyyyyyyyyyyyyyyyyyyyyyyyyyyyyyyyyyyyyyyy;29336.75
J36;0;online;yyyyyyyyyyyyyyyyyyyyyyyyyyyyyyyyyyyyyyyyyyyyyyyyyyyyyyyyy;29337.00
J36;0;online;yyyyyyyyyyyyyyyyyyyyyyyyyyyyyyyyyyyyyyyyyyyyyyyyyyyyyyyyy;29337.25
J36;4;0;urru;29337.50
J36;4;0;urru;29337.75
J36;4;0;urru;29338.00
J36;4;0;urru;29338.25
J36;5;0;GrrG;29338.50
J36;5;0;GrrG;29338.75
J36;5;0;GrrG;29339.00
J36;5;0;GrrG;29339.25
J36;5;0;GrrG;29339.50
J36;5;0;GrrG;29339.75
J36;5;0;GrrG;29340.00
J36;5;0;GrrG;29340.25
J36;5;0;GrrG;29340.50
J36;5;0;GrrG;29340.75
J36;5;0;GrrG;29341.00
J36;5;0;GrrG;29341.25
J36;5;0;GrrG;29341.50
J36;5;0;GrrG;29341.75
J36;5;0;GrrG;29342.00
J36;5;0;GrrG;29342.25
J36;5;0;GrrG;29342.50
J36;5;0;GrrG;29342.75
J36;5;0;GrrG;29343.00
J36;5;0;GrrG;29343.25
J36;5;0;GrrG;29343.50
J36;5;0;GrrG;29343.75
J36;5;0;GrrG;29344.00
J36;5;0;GrrG;29344.25
J36;5;0;GrrG;29344.50
J36;5;0;GrrG;29344.75
J36;5;0;GrrG;29345.00
J36;5;0;GrrG;29345.25
J36;5;0;GrrG;29345.50
J36;5;0;GrrG;29345.75
J36;5;0;GrrG;29346.00
J36;5;0;GrrG;29346.25
J36;5;0;GrrG;29346.50
J36;5;0;GrrG;29346.75
J36;5;0;GrrG;29347.00
J36;5;0;GrrG;29347.25
J36;5;0;GrrG;29347.50
J36;5;0;GrrG;29347.75
J36;5;0;GrrG;29348.00
J36;5;0;GrrG;29348.25
J36;5;0;GrrG;29348.50
J36;5;0;GrrG;29348.75
J36;5;0;GrrG;29349.00
J36;5;0;GrrG;29349.25
J36;5;0;GrrG;29349.50
J36;5;0;GrrG;29349.75
J36;5;0;GrrG;29350.00
J36;5;0;GrrG;29350.25
J36;5;0;GrrG;29350.50
J36;5;0;GrrG;29350.75
J36;5;0;GrrG;29351.00
J36;5;0;GrrG;29351.25
J36;5;0;GrrG;29351.50
J36;5;0;GrrG;29351.75
J36;5;0;GrrG;29352.00
J36;5;0;GrrG;29352.25
J36;5;0;GrrG;29352.50
J36;5;0;GrrG;29352.75
J36;5;0;GrrG;29353.00
J36;5;0;GrrG;29353.25
J36;5;0;GrrG;29353.50
J36;5;0;GrrG;29353.75
J36;5;0;GrrG;29354.00
J36;5;0;GrrG;29354.25
J36;5;0;GrrG;29354.50
J36;5;0;GrrG;29354.75
J36;5;0;GrrG;29355.00
J36;5;0;GrrG;29355.25
J36;5;0;GrrG;29355.50
J36;5;0;GrrG;29355.75
J36;5;0;GrrG;29356.00
J36;5;0;GrrG;29356.25
J36;5;0;GrrG;29356.50
J36;5;0;GrrG;29356.75
J36;5;0;GrrG;29357.00
J36;5;0;GrrG;29357.25
J36;5;0;GrrG;29357.50
J36;5;0;GrrG;29357.75
J36;5;0;GrrG;29358.00
J36;5;0;GrrG;29358.25
J36;5;0;GrrG;29358.50
J36;5;0;GrrG;29358.75
J36;5;0;GrrG;29359.00
J36;5;0;GrrG;29359.25
J36;5;0;GrrG;29359.50
J36;5;0;GrrG;29359.75
J36;5;0;GrrG;29360.00
J36;5;0;GrrG;29360.25
J36;5;0;GrrG;29360.50
J36;5;0;GrrG;29360.75
J36;5;0;GrrG;29361.00
J36;5;0;GrrG;29361.25
J36;5;0;GrrG;29361.50
J36;5;0;GrrG;29361.75
J36;5;0;GrrG;29362.00
J36;5;0;GrrG;29362.25
J36;5;0;GrrG;29362.50
J36;5;0;GrrG;29362.75
J36;5;0;GrrG;29363.00
J36;5;0;GrrG;29363.25
J36;6;0;yrry;29363.50
J36;6;0;yrry;29363.75
J36;6;0;yrry;29364.00
J36;6;0;yrry;29364.25
J36;6;0;yrry;29364.50
J36;6;0;yrry;29364.75
J36;6;0;yrry;29365.00
J36;6;0;yrry;29365.25
J36;6;0;yrry;29365.50
J36;6;0;yrry;29365.75
J36;6;0;yrry;29366.00
J36;6;0;yrry;29366.25
J36;7;0;rrrr;29366.50
J36;7;0;rrrr;29366.75
J36;7;0;rrrr;29367.00
J36;7;0;rrrr;29367.25
J36;0;0;ruur;29367.50
J36;0;0;ruur;29367.75
J36;0;0;ruur;29368.00
J36;0;0;ruur;29368.25
J36;1;0;rGGr;29368.50
J36;1;0;rGGr;29368.75
J36;1;0;rGGr;29369.00
J36;1;0;rGGr;29369.25
J36;1;0;rGGr;29369.50
J36;1;0;rGGr;29369.75
J36;1;0;rGGr;29370.00
J36;0;online;yyyyyyyyyyyyyyyyyyyyyyyyyyyyyyyyyyyyyyyyyyyyyyyyyyyyyyyyy;29370.25
J36;0;online;yyyyyyyyyyyyyyyyyyyyyyyyyyyyyyyyyyyyyyyyyyyyyyyyyyyyyyyyy;29370.50
J36;0;online;yyyyyyyyyyyyyyyyyyyyyyyyyyyyyyyyyyyyyyyyyyyyyyyyyyyyyyyyy;29370.75
J36;0;online;yyyyyyyyyyyyyyyyyyyyyyyyyyyyyyyyyyyyyyyyyyyyyyyyyyyyyyyyy;29371.00
J36;0;online;yyyyyyyyyyyyyyyyyyyyyyyyyyyyyyyyyyyyyyyyyyyyyyyyyyyyyyyyy;29371.25
J36;0;online;yyyyyyyyyyyyyyyyyyyyyyyyyyyyyyyyyyyyyyyyyyyyyyyyyyyyyyyyy;29371.50
J36;0;online;yyyyyyyyyyyyyyyyyyyyyyyyyyyyyyyyyyyyyyyyyyyyyyyyyyyyyyyyy;29371.75
J36;0;online;yyyyyyyyyyyyyyyyyyyyyyyyyyyyyyyyyyyyyyyyyyyyyyyyyyyyyyyyy;29372.00
J36;0;online;yyyyyyyyyyyyyyyyyyyyyyyyyyyyyyyyyyyyyyyyyyyyyyyyyyyyyyyyy;29372.25
J36;0;online;yyyyyyyyyyyyyyyyyyyyyyyyyyyyyyyyyyyyyyyyyyyyyyyyyyyyyyyyy;29372.50
J36;0;online;yyyyyyyyyyyyyyyyyyyyyyyyyyyyyyyyyyyyyyyyyyyyyyyyyyyyyyyyy;29372.75
J36;0;online;yyyyyyyyyyyyyyyyyyyyyyyyyyyyyyyyyyyyyyyyyyyyyyyyyyyyyyyyy;29373.00
J36;4;0;urru;29373.25
J36;4;0;urru;29373.50
J36;4;0;urru;29373.75
J36;4;0;urru;29374.00
J36;5;0;GrrG;29374.25
J36;5;0;GrrG;29374.50
J36;5;0;GrrG;29374.75
J36;5;0;GrrG;29375.00
J36;5;0;GrrG;29375.25
J36;5;0;GrrG;29375.50
J36;5;0;GrrG;29375.75
J36;5;0;GrrG;29376.00
J36;5;0;GrrG;29376.25
J36;5;0;GrrG;29376.50
J36;5;0;GrrG;29376.75
J36;5;0;GrrG;29377.00
J36;5;0;GrrG;29377.25
J36;5;0;GrrG;29377.50
J36;5;0;GrrG;29377.75
J36;5;0;GrrG;29378.00
J36;5;0;GrrG;29378.25
J36;5;0;GrrG;29378.50
J36;5;0;GrrG;29378.75
J36;5;0;GrrG;29379.00
J36;5;0;GrrG;29379.25
J36;5;0;GrrG;29379.50
J36;5;0;GrrG;29379.75
J36;5;0;GrrG;29380.00
J36;5;0;GrrG;29380.25
J36;5;0;GrrG;29380.50
J36;5;0;GrrG;29380.75
J36;5;0;GrrG;29381.00
J36;5;0;GrrG;29381.25
J36;5;0;GrrG;29381.50
J36;5;0;GrrG;29381.75
J36;5;0;GrrG;29382.00
J36;5;0;GrrG;29382.25
J36;5;0;GrrG;29382.50
J36;5;0;GrrG;29382.75
J36;5;0;GrrG;29383.00
J36;5;0;GrrG;29383.25
J36;5;0;GrrG;29383.50
J36;5;0;GrrG;29383.75
J36;5;0;GrrG;29384.00
J36;5;0;GrrG;29384.25
J36;5;0;GrrG;29384.50
J36;5;0;GrrG;29384.75
J36;5;0;GrrG;29385.00
J36;5;0;GrrG;29385.25
J36;5;0;GrrG;29385.50
J36;5;0;GrrG;29385.75
J36;5;0;GrrG;29386.00
J36;5;0;GrrG;29386.25
J36;5;0;GrrG;29386.50
J36;5;0;GrrG;29386.75
J36;5;0;GrrG;29387.00
J36;5;0;GrrG;29387.25
J36;5;0;GrrG;29387.50
J36;5;0;GrrG;29387.75
J36;5;0;GrrG;29388.00
J36;5;0;GrrG;29388.25
J36;5;0;GrrG;29388.50
J36;5;0;GrrG;29388.75
J36;5;0;GrrG;29389.00
J36;5;0;GrrG;29389.25
J36;5;0;GrrG;29389.50
J36;5;0;GrrG;29389.75
J36;5;0;GrrG;29390.00
J36;5;0;GrrG;29390.25
J36;5;0;GrrG;29390.50
J36;5;0;GrrG;29390.75
J36;5;0;GrrG;29391.00
J36;5;0;GrrG;29391.25
J36;5;0;GrrG;29391.50
J36;5;0;GrrG;29391.75
J36;5;0;GrrG;29392.00
J36;5;0;GrrG;29392.25
J36;5;0;GrrG;29392.50
J36;5;0;GrrG;29392.75
J36;5;0;GrrG;29393.00
J36;5;0;GrrG;29393.25
J36;5;0;GrrG;29393.50
J36;5;0;GrrG;29393.75
J36;5;0;GrrG;29394.00
J36;5;0;GrrG;29394.25
J36;5;0;GrrG;29394.50
J36;5;0;GrrG;29394.75
J36;5;0;GrrG;29395.00
J36;5;0;GrrG;29395.25
J36;5;0;GrrG;29395.50
J36;5;0;GrrG;29395.75
J36;5;0;GrrG;29396.00
J36;5;0;GrrG;29396.25
J36;5;0;GrrG;29396.50
J36;5;0;GrrG;29396.75
J36;5;0;GrrG;29397.00
J36;5;0;GrrG;29397.25
J36;5;0;GrrG;29397.50
J36;5;0;GrrG;29397.75
J36;5;0;GrrG;29398.00
J36;5;0;GrrG;29398.25
J36;5;0;GrrG;29398.50
J36;5;0;GrrG;29398.75
J36;5;0;GrrG;29399.00
J36;6;0;yrry;29399.25
J36;6;0;yrry;29399.50
J36;6;0;yrry;29399.75
J36;6;0;yrry;29400.00
J36;6;0;yrry;29400.25
J36;6;0;yrry;29400.50
J36;6;0;yrry;29400.75
J36;6;0;yrry;29401.00
J36;6;0;yrry;29401.25
J36;6;0;yrry;29401.50
J36;6;0;yrry;29401.75
J36;6;0;yrry;29402.00
J36;7;0;rrrr;29402.25
J36;7;0;rrrr;29402.50
J36;7;0;rrrr;29402.75
J36;7;0;rrrr;29403.00
J36;0;0;ruur;29403.25
J36;0;0;ruur;29403.50
J36;0;0;ruur;29403.75
J36;0;0;ruur;29404.00
J36;1;0;rGGr;29404.25
J36;1;0;rGGr;29404.50
J36;1;0;rGGr;29404.75
J36;1;0;rGGr;29405.00
J36;1;0;rGGr;29405.25
J36;1;0;rGGr;29405.50
J36;1;0;rGGr;29405.75
J36;1;0;rGGr;29406.00
J36;1;0;rGGr;29406.25
J36;1;0;rGGr;29406.50
J36;1;0;rGGr;29406.75
J36;1;0;rGGr;29407.00
J36;1;0;rGGr;29407.25
J36;1;0;rGGr;29407.50
J36;1;0;rGGr;29407.75
J36;1;0;rGGr;29408.00
J36;1;0;rGGr;29408.25
J36;1;0;rGGr;29408.50
J36;1;0;rGGr;29408.75
J36;1;0;rGGr;29409.00
J36;1;0;rGGr;29409.25
J36;1;0;rGGr;29409.50
J36;1;0;rGGr;29409.75
J36;1;0;rGGr;29410.00
J36;1;0;rGGr;29410.25
J36;1;0;rGGr;29410.50
J36;1;0;rGGr;29410.75
J36;1;0;rGGr;29411.00
J36;1;0;rGGr;29411.25
J36;1;0;rGGr;29411.50
J36;1;0;rGGr;29411.75
J36;1;0;rGGr;29412.00
J36;1;0;rGGr;29412.25
J36;1;0;rGGr;29412.50
J36;1;0;rGGr;29412.75
J36;1;0;rGGr;29413.00
J36;1;0;rGGr;29413.25
J36;1;0;rGGr;29413.50
J36;1;0;rGGr;29413.75
J36;1;0;rGGr;29414.00
J36;1;0;rGGr;29414.25
J36;1;0;rGGr;29414.50
J36;1;0;rGGr;29414.75
J36;1;0;rGGr;29415.00
J36;1;0;rGGr;29415.25
J36;1;0;rGGr;29415.50
J36;1;0;rGGr;29415.75
J36;1;0;rGGr;29416.00
J36;1;0;rGGr;29416.25
J36;1;0;rGGr;29416.50
J36;1;0;rGGr;29416.75
J36;1;0;rGGr;29417.00
J36;1;0;rGGr;29417.25
J36;1;0;rGGr;29417.50
J36;1;0;rGGr;29417.75
J36;1;0;rGGr;29418.00
J36;1;0;rGGr;29418.25
J36;1;0;rGGr;29418.50
J36;1;0;rGGr;29418.75
J36;1;0;rGGr;29419.00
J36;1;0;rGGr;29419.25
J36;1;0;rGGr;29419.50
J36;1;0;rGGr;29419.75
J36;1;0;rGGr;29420.00
J36;1;0;rGGr;29420.25
J36;0;online;yyyyyyyyyyyyyyyyyyyyyyyyyyyyyyyyyyyyyyyyyyyyyyyyyyyyyyyyy;29420.50
J36;0;online;yyyyyyyyyyyyyyyyyyyyyyyyyyyyyyyyyyyyyyyyyyyyyyyyyyyyyyyyy;29420.75
J36;0;online;yyyyyyyyyyyyyyyyyyyyyyyyyyyyyyyyyyyyyyyyyyyyyyyyyyyyyyyyy;29421.00
J36;0;online;yyyyyyyyyyyyyyyyyyyyyyyyyyyyyyyyyyyyyyyyyyyyyyyyyyyyyyyyy;29421.25
J36;0;online;yyyyyyyyyyyyyyyyyyyyyyyyyyyyyyyyyyyyyyyyyyyyyyyyyyyyyyyyy;29421.50
J36;0;online;yyyyyyyyyyyyyyyyyyyyyyyyyyyyyyyyyyyyyyyyyyyyyyyyyyyyyyyyy;29421.75
J36;0;online;yyyyyyyyyyyyyyyyyyyyyyyyyyyyyyyyyyyyyyyyyyyyyyyyyyyyyyyyy;29422.00
J36;0;online;yyyyyyyyyyyyyyyyyyyyyyyyyyyyyyyyyyyyyyyyyyyyyyyyyyyyyyyyy;29422.25
J36;0;online;yyyyyyyyyyyyyyyyyyyyyyyyyyyyyyyyyyyyyyyyyyyyyyyyyyyyyyyyy;29422.50
J36;0;online;yyyyyyyyyyyyyyyyyyyyyyyyyyyyyyyyyyyyyyyyyyyyyyyyyyyyyyyyy;29422.75
J36;0;online;yyyyyyyyyyyyyyyyyyyyyyyyyyyyyyyyyyyyyyyyyyyyyyyyyyyyyyyyy;29423.00
J36;0;online;yyyyyyyyyyyyyyyyyyyyyyyyyyyyyyyyyyyyyyyyyyyyyyyyyyyyyyyyy;29423.25
J36;4;0;urru;29423.50
J36;4;0;urru;29423.75
J36;4;0;urru;29424.00
J36;4;0;urru;29424.25
J36;5;0;GrrG;29424.50
J36;5;0;GrrG;29424.75
J36;5;0;GrrG;29425.00
J36;5;0;GrrG;29425.25
J36;5;0;GrrG;29425.50
J36;5;0;GrrG;29425.75
J36;5;0;GrrG;29426.00
J36;5;0;GrrG;29426.25
J36;5;0;GrrG;29426.50
J36;5;0;GrrG;29426.75
J36;5;0;GrrG;29427.00
J36;5;0;GrrG;29427.25
J36;5;0;GrrG;29427.50
J36;5;0;GrrG;29427.75
J36;5;0;GrrG;29428.00
J36;5;0;GrrG;29428.25
J36;5;0;GrrG;29428.50
J36;5;0;GrrG;29428.75
J36;5;0;GrrG;29429.00
J36;5;0;GrrG;29429.25
J36;5;0;GrrG;29429.50
J36;5;0;GrrG;29429.75
J36;5;0;GrrG;29430.00
J36;5;0;GrrG;29430.25
J36;5;0;GrrG;29430.50
J36;5;0;GrrG;29430.75
J36;5;0;GrrG;29431.00
J36;5;0;GrrG;29431.25
J36;5;0;GrrG;29431.50
J36;5;0;GrrG;29431.75
J36;5;0;GrrG;29432.00
J36;5;0;GrrG;29432.25
J36;5;0;GrrG;29432.50
J36;5;0;GrrG;29432.75
J36;5;0;GrrG;29433.00
J36;5;0;GrrG;29433.25
J36;5;0;GrrG;29433.50
J36;5;0;GrrG;29433.75
J36;5;0;GrrG;29434.00
J36;5;0;GrrG;29434.25
J36;5;0;GrrG;29434.50
J36;5;0;GrrG;29434.75
J36;5;0;GrrG;29435.00
J36;5;0;GrrG;29435.25
J36;5;0;GrrG;29435.50
J36;5;0;GrrG;29435.75
J36;5;0;GrrG;29436.00
J36;5;0;GrrG;29436.25
J36;5;0;GrrG;29436.50
J36;5;0;GrrG;29436.75
J36;5;0;GrrG;29437.00
J36;5;0;GrrG;29437.25
J36;5;0;GrrG;29437.50
J36;5;0;GrrG;29437.75
J36;5;0;GrrG;29438.00
J36;5;0;GrrG;29438.25
J36;5;0;GrrG;29438.50
J36;5;0;GrrG;29438.75
J36;5;0;GrrG;29439.00
J36;5;0;GrrG;29439.25
J36;5;0;GrrG;29439.50
J36;5;0;GrrG;29439.75
J36;5;0;GrrG;29440.00
J36;5;0;GrrG;29440.25
J36;5;0;GrrG;29440.50
J36;5;0;GrrG;29440.75
J36;5;0;GrrG;29441.00
J36;5;0;GrrG;29441.25
J36;5;0;GrrG;29441.50
J36;5;0;GrrG;29441.75
J36;5;0;GrrG;29442.00
J36;5;0;GrrG;29442.25
J36;5;0;GrrG;29442.50
J36;5;0;GrrG;29442.75
J36;5;0;GrrG;29443.00
J36;5;0;GrrG;29443.25
J36;5;0;GrrG;29443.50
J36;5;0;GrrG;29443.75
J36;5;0;GrrG;29444.00
J36;5;0;GrrG;29444.25
J36;5;0;GrrG;29444.50
J36;5;0;GrrG;29444.75
J36;5;0;GrrG;29445.00
J36;5;0;GrrG;29445.25
J36;5;0;GrrG;29445.50
J36;5;0;GrrG;29445.75
J36;5;0;GrrG;29446.00
J36;5;0;GrrG;29446.25
J36;5;0;GrrG;29446.50
J36;5;0;GrrG;29446.75
J36;5;0;GrrG;29447.00
J36;5;0;GrrG;29447.25
J36;5;0;GrrG;29447.50
J36;5;0;GrrG;29447.75
J36;5;0;GrrG;29448.00
J36;5;0;GrrG;29448.25
J36;5;0;GrrG;29448.50
J36;5;0;GrrG;29448.75
J36;5;0;GrrG;29449.00
J36;5;0;GrrG;29449.25
J36;6;0;yrry;29449.50
J36;6;0;yrry;29449.75
J36;6;0;yrry;29450.00
J36;6;0;yrry;29450.25
J36;6;0;yrry;29450.50
J36;6;0;yrry;29450.75
J36;6;0;yrry;29451.00
J36;6;0;yrry;29451.25
J36;6;0;yrry;29451.50
J36;6;0;yrry;29451.75
J36;6;0;yrry;29452.00
J36;6;0;yrry;29452.25
J36;7;0;rrrr;29452.50
J36;7;0;rrrr;29452.75
J36;7;0;rrrr;29453.00
J36;7;0;rrrr;29453.25
J36;0;0;ruur;29453.50
J36;0;0;ruur;29453.75
J36;0;0;ruur;29454.00
J36;0;0;ruur;29454.25
J36;1;0;rGGr;29454.50
J36;1;0;rGGr;29454.75
J36;1;0;rGGr;29455.00
J36;1;0;rGGr;29455.25
J36;1;0;rGGr;29455.50
J36;1;0;rGGr;29455.75
J36;1;0;rGGr;29456.00
J36;1;0;rGGr;29456.25
J36;1;0;rGGr;29456.50
J36;1;0;rGGr;29456.75
J36;1;0;rGGr;29457.00
J36;1;0;rGGr;29457.25
J36;1;0;rGGr;29457.50
J36;1;0;rGGr;29457.75
J36;1;0;rGGr;29458.00
J36;1;0;rGGr;29458.25
J36;1;0;rGGr;29458.50
J36;1;0;rGGr;29458.75
J36;1;0;rGGr;29459.00
J36;1;0;rGGr;29459.25
J36;1;0;rGGr;29459.50
J36;1;0;rGGr;29459.75
J36;1;0;rGGr;29460.00
J36;1;0;rGGr;29460.25
J36;1;0;rGGr;29460.50
J36;1;0;rGGr;29460.75
J36;1;0;rGGr;29461.00
J36;1;0;rGGr;29461.25
J36;1;0;rGGr;29461.50
J36;1;0;rGGr;29461.75
J36;1;0;rGGr;29462.00
J36;1;0;rGGr;29462.25
J36;1;0;rGGr;29462.50
J36;1;0;rGGr;29462.75
J36;1;0;rGGr;29463.00
J36;1;0;rGGr;29463.25
J36;1;0;rGGr;29463.50
J36;1;0;rGGr;29463.75
J36;1;0;rGGr;29464.00
J36;1;0;rGGr;29464.25
J36;1;0;rGGr;29464.50
J36;1;0;rGGr;29464.75
J36;1;0;rGGr;29465.00
J36;1;0;rGGr;29465.25
J36;1;0;rGGr;29465.50
J36;1;0;rGGr;29465.75
J36;1;0;rGGr;29466.00
J36;1;0;rGGr;29466.25
J36;1;0;rGGr;29466.50
J36;1;0;rGGr;29466.75
J36;1;0;rGGr;29467.00
J36;1;0;rGGr;29467.25
J36;1;0;rGGr;29467.50
J36;1;0;rGGr;29467.75
J36;1;0;rGGr;29468.00
J36;1;0;rGGr;29468.25
J36;1;0;rGGr;29468.50
J36;1;0;rGGr;29468.75
J36;1;0;rGGr;29469.00
J36;1;0;rGGr;29469.25
J36;1;0;rGGr;29469.50
J36;1;0;rGGr;29469.75
J36;1;0;rGGr;29470.00
J36;1;0;rGGr;29470.25
J36;1;0;rGGr;29470.50
J36;1;0;rGGr;29470.75
J36;1;0;rGGr;29471.00
J36;1;0;rGGr;29471.25
J36;1;0;rGGr;29471.50
J36;1;0;rGGr;29471.75
J36;1;0;rGGr;29472.00
J36;1;0;rGGr;29472.25
J36;1;0;rGGr;29472.50
J36;1;0;rGGr;29472.75
J36;1;0;rGGr;29473.00
J36;1;0;rGGr;29473.25
J36;1;0;rGGr;29473.50
J36;1;0;rGGr;29473.75
J36;1;0;rGGr;29474.00
J36;1;0;rGGr;29474.25
J36;1;0;rGGr;29474.50
J36;1;0;rGGr;29474.75
J36;1;0;rGGr;29475.00
J36;1;0;rGGr;29475.25
J36;1;0;rGGr;29475.50
J36;1;0;rGGr;29475.75
J36;1;0;rGGr;29476.00
J36;1;0;rGGr;29476.25
J36;1;0;rGGr;29476.50
J36;1;0;rGGr;29476.75
J36;1;0;rGGr;29477.00
J36;1;0;rGGr;29477.25
J36;1;0;rGGr;29477.50
J36;1;0;rGGr;29477.75
J36;1;0;rGGr;29478.00
J36;1;0;rGGr;29478.25
J36;1;0;rGGr;29478.50
J36;1;0;rGGr;29478.75
J36;1;0;rGGr;29479.00
J36;1;0;rGGr;29479.25
J36;1;0;rGGr;29479.50
J36;1;0;rGGr;29479.75
J36;1;0;rGGr;29480.00
J36;1;0;rGGr;29480.25
J36;1;0;rGGr;29480.50
J36;1;0;rGGr;29480.75
J36;1;0;rGGr;29481.00
J36;1;0;rGGr;29481.25
J36;1;0;rGGr;29481.50
J36;1;0;rGGr;29481.75
J36;1;0;rGGr;29482.00
J36;1;0;rGGr;29482.25
J36;1;0;rGGr;29482.50
J36;1;0;rGGr;29482.75
J36;1;0;rGGr;29483.00
J36;1;0;rGGr;29483.25
J36;1;0;rGGr;29483.50
J36;1;0;rGGr;29483.75
J36;1;0;rGGr;29484.00
J36;1;0;rGGr;29484.25
J36;1;0;rGGr;29484.50
J36;1;0;rGGr;29484.75
J36;1;0;rGGr;29485.00
J36;1;0;rGGr;29485.25
J36;1;0;rGGr;29485.50
J36;1;0;rGGr;29485.75
J36;1;0;rGGr;29486.00
J36;1;0;rGGr;29486.25
J36;1;0;rGGr;29486.50
J36;1;0;rGGr;29486.75
J36;1;0;rGGr;29487.00
J36;1;0;rGGr;29487.25
J36;1;0;rGGr;29487.50
J36;1;0;rGGr;29487.75
J36;1;0;rGGr;29488.00
J36;1;0;rGGr;29488.25
J36;1;0;rGGr;29488.50
J36;1;0;rGGr;29488.75
J36;1;0;rGGr;29489.00
J36;1;0;rGGr;29489.25
J36;1;0;rGGr;29489.50
J36;1;0;rGGr;29489.75
J36;1;0;rGGr;29490.00
J36;1;0;rGGr;29490.25
J36;1;0;rGGr;29490.50
J36;1;0;rGGr;29490.75
J36;1;0;rGGr;29491.00
J36;1;0;rGGr;29491.25
J36;1;0;rGGr;29491.50
J36;1;0;rGGr;29491.75
J36;1;0;rGGr;29492.00
J36;1;0;rGGr;29492.25
J36;1;0;rGGr;29492.50
J36;1;0;rGGr;29492.75
J36;1;0;rGGr;29493.00
J36;1;0;rGGr;29493.25
J36;1;0;rGGr;29493.50
J36;1;0;rGGr;29493.75
J36;1;0;rGGr;29494.00
J36;1;0;rGGr;29494.25
J36;1;0;rGGr;29494.50
J36;1;0;rGGr;29494.75
J36;1;0;rGGr;29495.00
J36;1;0;rGGr;29495.25
J36;1;0;rGGr;29495.50
J36;1;0;rGGr;29495.75
J36;1;0;rGGr;29496.00
J36;1;0;rGGr;29496.25
J36;1;0;rGGr;29496.50
J36;1;0;rGGr;29496.75
J36;1;0;rGGr;29497.00
J36;1;0;rGGr;29497.25
J36;1;0;rGGr;29497.50
J36;1;0;rGGr;29497.75
J36;1;0;rGGr;29498.00
J36;1;0;rGGr;29498.25
J36;1;0;rGGr;29498.50
J36;1;0;rGGr;29498.75
J36;1;0;rGGr;29499.00
J36;1;0;rGGr;29499.25
J36;1;0;rGGr;29499.50
J36;1;0;rGGr;29499.75
J36;1;0;rGGr;29500.00
J36;1;0;rGGr;29500.25
J36;1;0;rGGr;29500.50
J36;1;0;rGGr;29500.75
J36;1;0;rGGr;29501.00
J36;1;0;rGGr;29501.25
J36;1;0;rGGr;29501.50
J36;1;0;rGGr;29501.75
J36;1;0;rGGr;29502.00
J36;1;0;rGGr;29502.25
J36;1;0;rGGr;29502.50
J36;1;0;rGGr;29502.75
J36;1;0;rGGr;29503.00
J36;1;0;rGGr;29503.25
J36;1;0;rGGr;29503.50
J36;1;0;rGGr;29503.75
J36;1;0;rGGr;29504.00
J36;1;0;rGGr;29504.25
J36;1;0;rGGr;29504.50
J36;1;0;rGGr;29504.75
J36;1;0;rGGr;29505.00
J36;1;0;rGGr;29505.25
J36;1;0;rGGr;29505.50
J36;1;0;rGGr;29505.75
J36;1;0;rGGr;29506.00
J36;1;0;rGGr;29506.25
J36;1;0;rGGr;29506.50
J36;1;0;rGGr;29506.75
J36;1;0;rGGr;29507.00
J36;1;0;rGGr;29507.25
J36;1;0;rGGr;29507.50
J36;1;0;rGGr;29507.75
J36;1;0;rGGr;29508.00
J36;1;0;rGGr;29508.25
J36;1;0;rGGr;29508.50
J36;1;0;rGGr;29508.75
J36;1;0;rGGr;29509.00
J36;1;0;rGGr;29509.25
J36;1;0;rGGr;29509.50
J36;1;0;rGGr;29509.75
J36;1;0;rGGr;29510.00
J36;1;0;rGGr;29510.25
J36;1;0;rGGr;29510.50
J36;1;0;rGGr;29510.75
J36;1;0;rGGr;29511.00
J36;1;0;rGGr;29511.25
J36;1;0;rGGr;29511.50
J36;1;0;rGGr;29511.75
J36;1;0;rGGr;29512.00
J36;1;0;rGGr;29512.25
J36;1;0;rGGr;29512.50
J36;1;0;rGGr;29512.75
J36;1;0;rGGr;29513.00
J36;1;0;rGGr;29513.25
J36;1;0;rGGr;29513.50
J36;1;0;rGGr;29513.75
J36;1;0;rGGr;29514.00
J36;1;0;rGGr;29514.25
J36;1;0;rGGr;29514.50
J36;1;0;rGGr;29514.75
J36;1;0;rGGr;29515.00
J36;1;0;rGGr;29515.25
J36;1;0;rGGr;29515.50
J36;1;0;rGGr;29515.75
J36;1;0;rGGr;29516.00
J36;1;0;rGGr;29516.25
J36;1;0;rGGr;29516.50
J36;1;0;rGGr;29516.75
J36;1;0;rGGr;29517.00
J36;1;0;rGGr;29517.25
J36;1;0;rGGr;29517.50
J36;1;0;rGGr;29517.75
J36;1;0;rGGr;29518.00
J36;1;0;rGGr;29518.25
J36;1;0;rGGr;29518.50
J36;1;0;rGGr;29518.75
J36;1;0;rGGr;29519.00
J36;1;0;rGGr;29519.25
J36;1;0;rGGr;29519.50
J36;1;0;rGGr;29519.75
J36;1;0;rGGr;29520.00
J36;1;0;rGGr;29520.25
J36;1;0;rGGr;29520.50
J36;1;0;rGGr;29520.75
J36;1;0;rGGr;29521.00
J36;1;0;rGGr;29521.25
J36;1;0;rGGr;29521.50
J36;1;0;rGGr;29521.75
J36;1;0;rGGr;29522.00
J36;1;0;rGGr;29522.25
J36;1;0;rGGr;29522.50
J36;1;0;rGGr;29522.75
J36;1;0;rGGr;29523.00
J36;1;0;rGGr;29523.25
J36;1;0;rGGr;29523.50
J36;1;0;rGGr;29523.75
J36;1;0;rGGr;29524.00
J36;1;0;rGGr;29524.25
J36;1;0;rGGr;29524.50
J36;1;0;rGGr;29524.75
J36;1;0;rGGr;29525.00
J36;1;0;rGGr;29525.25
J36;1;0;rGGr;29525.50
J36;1;0;rGGr;29525.75
J36;1;0;rGGr;29526.00
J36;1;0;rGGr;29526.25
J36;1;0;rGGr;29526.50
J36;1;0;rGGr;29526.75
J36;1;0;rGGr;29527.00
J36;1;0;rGGr;29527.25
J36;1;0;rGGr;29527.50
J36;1;0;rGGr;29527.75
J36;1;0;rGGr;29528.00
J36;1;0;rGGr;29528.25
J36;1;0;rGGr;29528.50
J36;1;0;rGGr;29528.75
J36;1;0;rGGr;29529.00
J36;1;0;rGGr;29529.25
J36;1;0;rGGr;29529.50
J36;1;0;rGGr;29529.75
J36;1;0;rGGr;29530.00
J36;1;0;rGGr;29530.25
J36;1;0;rGGr;29530.50
J36;1;0;rGGr;29530.75
J36;1;0;rGGr;29531.00
J36;1;0;rGGr;29531.25
J36;1;0;rGGr;29531.50
J36;1;0;rGGr;29531.75
J36;1;0;rGGr;29532.00
J36;1;0;rGGr;29532.25
J36;1;0;rGGr;29532.50
J36;1;0;rGGr;29532.75
J36;1;0;rGGr;29533.00
J36;1;0;rGGr;29533.25
J36;1;0;rGGr;29533.50
J36;1;0;rGGr;29533.75
J36;1;0;rGGr;29534.00
J36;1;0;rGGr;29534.25
J36;1;0;rGGr;29534.50
J36;1;0;rGGr;29534.75
J36;1;0;rGGr;29535.00
J36;1;0;rGGr;29535.25
J36;1;0;rGGr;29535.50
J36;1;0;rGGr;29535.75
J36;1;0;rGGr;29536.00
J36;1;0;rGGr;29536.25
J36;1;0;rGGr;29536.50
J36;1;0;rGGr;29536.75
J36;1;0;rGGr;29537.00
J36;1;0;rGGr;29537.25
J36;1;0;rGGr;29537.50
J36;1;0;rGGr;29537.75
J36;1;0;rGGr;29538.00
J36;1;0;rGGr;29538.25
J36;1;0;rGGr;29538.50
J36;1;0;rGGr;29538.75
J36;1;0;rGGr;29539.00
J36;1;0;rGGr;29539.25
J36;1;0;rGGr;29539.50
J36;1;0;rGGr;29539.75
J36;1;0;rGGr;29540.00
J36;1;0;rGGr;29540.25
J36;1;0;rGGr;29540.50
J36;1;0;rGGr;29540.75
J36;1;0;rGGr;29541.00
J36;1;0;rGGr;29541.25
J36;1;0;rGGr;29541.50
J36;1;0;rGGr;29541.75
J36;1;0;rGGr;29542.00
J36;1;0;rGGr;29542.25
J36;1;0;rGGr;29542.50
J36;1;0;rGGr;29542.75
J36;1;0;rGGr;29543.00
J36;1;0;rGGr;29543.25
J36;1;0;rGGr;29543.50
J36;1;0;rGGr;29543.75
J36;1;0;rGGr;29544.00
J36;1;0;rGGr;29544.25
J36;1;0;rGGr;29544.50
J36;1;0;rGGr;29544.75
J36;1;0;rGGr;29545.00
J36;1;0;rGGr;29545.25
J36;1;0;rGGr;29545.50
J36;1;0;rGGr;29545.75
J36;1;0;rGGr;29546.00
J36;1;0;rGGr;29546.25
J36;1;0;rGGr;29546.50
J36;1;0;rGGr;29546.75
J36;1;0;rGGr;29547.00
J36;1;0;rGGr;29547.25
J36;1;0;rGGr;29547.50
J36;1;0;rGGr;29547.75
J36;1;0;rGGr;29548.00
J36;1;0;rGGr;29548.25
J36;1;0;rGGr;29548.50
J36;0;online;yyyyyyyyyyyyyyyyyyyyyyyyyyyyyyyyyyyyyyyyyyyyyyyyyyyyyyyyy;29548.75
J36;0;online;yyyyyyyyyyyyyyyyyyyyyyyyyyyyyyyyyyyyyyyyyyyyyyyyyyyyyyyyy;29549.00
J36;0;online;yyyyyyyyyyyyyyyyyyyyyyyyyyyyyyyyyyyyyyyyyyyyyyyyyyyyyyyyy;29549.25
J36;0;online;yyyyyyyyyyyyyyyyyyyyyyyyyyyyyyyyyyyyyyyyyyyyyyyyyyyyyyyyy;29549.50
J36;0;online;yyyyyyyyyyyyyyyyyyyyyyyyyyyyyyyyyyyyyyyyyyyyyyyyyyyyyyyyy;29549.75
J36;0;online;yyyyyyyyyyyyyyyyyyyyyyyyyyyyyyyyyyyyyyyyyyyyyyyyyyyyyyyyy;29550.00
J36;0;online;yyyyyyyyyyyyyyyyyyyyyyyyyyyyyyyyyyyyyyyyyyyyyyyyyyyyyyyyy;29550.25
J36;0;online;yyyyyyyyyyyyyyyyyyyyyyyyyyyyyyyyyyyyyyyyyyyyyyyyyyyyyyyyy;29550.50
J36;0;online;yyyyyyyyyyyyyyyyyyyyyyyyyyyyyyyyyyyyyyyyyyyyyyyyyyyyyyyyy;29550.75
J36;0;online;yyyyyyyyyyyyyyyyyyyyyyyyyyyyyyyyyyyyyyyyyyyyyyyyyyyyyyyyy;29551.00
J36;0;online;yyyyyyyyyyyyyyyyyyyyyyyyyyyyyyyyyyyyyyyyyyyyyyyyyyyyyyyyy;29551.25
J36;0;online;yyyyyyyyyyyyyyyyyyyyyyyyyyyyyyyyyyyyyyyyyyyyyyyyyyyyyyyyy;29551.50
J36;4;0;urru;29551.75
J36;4;0;urru;29552.00
J36;4;0;urru;29552.25
J36;4;0;urru;29552.50
J36;5;0;GrrG;29552.75
J36;5;0;GrrG;29553.00
J36;5;0;GrrG;29553.25
J36;5;0;GrrG;29553.50
J36;5;0;GrrG;29553.75
J36;5;0;GrrG;29554.00
J36;5;0;GrrG;29554.25
J36;5;0;GrrG;29554.50
J36;5;0;GrrG;29554.75
J36;5;0;GrrG;29555.00
J36;5;0;GrrG;29555.25
J36;5;0;GrrG;29555.50
J36;5;0;GrrG;29555.75
J36;5;0;GrrG;29556.00
J36;5;0;GrrG;29556.25
J36;5;0;GrrG;29556.50
J36;5;0;GrrG;29556.75
J36;5;0;GrrG;29557.00
J36;5;0;GrrG;29557.25
J36;5;0;GrrG;29557.50
J36;5;0;GrrG;29557.75
J36;5;0;GrrG;29558.00
J36;5;0;GrrG;29558.25
J36;5;0;GrrG;29558.50
J36;5;0;GrrG;29558.75
J36;5;0;GrrG;29559.00
J36;5;0;GrrG;29559.25
J36;5;0;GrrG;29559.50
J36;5;0;GrrG;29559.75
J36;5;0;GrrG;29560.00
J36;5;0;GrrG;29560.25
J36;5;0;GrrG;29560.50
J36;5;0;GrrG;29560.75
J36;5;0;GrrG;29561.00
J36;5;0;GrrG;29561.25
J36;5;0;GrrG;29561.50
J36;5;0;GrrG;29561.75
J36;5;0;GrrG;29562.00
J36;5;0;GrrG;29562.25
J36;5;0;GrrG;29562.50
J36;5;0;GrrG;29562.75
J36;5;0;GrrG;29563.00
J36;5;0;GrrG;29563.25
J36;5;0;GrrG;29563.50
J36;5;0;GrrG;29563.75
J36;5;0;GrrG;29564.00
J36;5;0;GrrG;29564.25
J36;5;0;GrrG;29564.50
J36;5;0;GrrG;29564.75
J36;5;0;GrrG;29565.00
J36;5;0;GrrG;29565.25
J36;5;0;GrrG;29565.50
J36;5;0;GrrG;29565.75
J36;5;0;GrrG;29566.00
J36;5;0;GrrG;29566.25
J36;5;0;GrrG;29566.50
J36;5;0;GrrG;29566.75
J36;5;0;GrrG;29567.00
J36;5;0;GrrG;29567.25
J36;5;0;GrrG;29567.50
J36;5;0;GrrG;29567.75
J36;5;0;GrrG;29568.00
J36;5;0;GrrG;29568.25
J36;5;0;GrrG;29568.50
J36;5;0;GrrG;29568.75
J36;5;0;GrrG;29569.00
J36;5;0;GrrG;29569.25
J36;5;0;GrrG;29569.50
J36;5;0;GrrG;29569.75
J36;5;0;GrrG;29570.00
J36;5;0;GrrG;29570.25
J36;5;0;GrrG;29570.50
J36;5;0;GrrG;29570.75
J36;5;0;GrrG;29571.00
J36;5;0;GrrG;29571.25
J36;5;0;GrrG;29571.50
J36;5;0;GrrG;29571.75
J36;5;0;GrrG;29572.00
J36;5;0;GrrG;29572.25
J36;5;0;GrrG;29572.50
J36;5;0;GrrG;29572.75
J36;5;0;GrrG;29573.00
J36;5;0;GrrG;29573.25
J36;5;0;GrrG;29573.50
J36;5;0;GrrG;29573.75
J36;5;0;GrrG;29574.00
J36;5;0;GrrG;29574.25
J36;5;0;GrrG;29574.50
J36;5;0;GrrG;29574.75
J36;5;0;GrrG;29575.00
J36;5;0;GrrG;29575.25
J36;5;0;GrrG;29575.50
J36;5;0;GrrG;29575.75
J36;5;0;GrrG;29576.00
J36;5;0;GrrG;29576.25
J36;5;0;GrrG;29576.50
J36;5;0;GrrG;29576.75
J36;5;0;GrrG;29577.00
J36;5;0;GrrG;29577.25
J36;5;0;GrrG;29577.50
J36;6;0;yrry;29577.75
J36;6;0;yrry;29578.00
J36;6;0;yrry;29578.25
J36;6;0;yrry;29578.50
J36;6;0;yrry;29578.75
J36;6;0;yrry;29579.00
J36;6;0;yrry;29579.25
J36;6;0;yrry;29579.50
J36;6;0;yrry;29579.75
J36;6;0;yrry;29580.00
J36;6;0;yrry;29580.25
J36;6;0;yrry;29580.50
J36;7;0;rrrr;29580.75
J36;7;0;rrrr;29581.00
J36;7;0;rrrr;29581.25
J36;7;0;rrrr;29581.50
J36;0;0;ruur;29581.75
J36;0;0;ruur;29582.00
J36;0;0;ruur;29582.25
J36;0;0;ruur;29582.50
J36;1;0;rGGr;29582.75
J36;1;0;rGGr;29583.00
J36;1;0;rGGr;29583.25
J36;1;0;rGGr;29583.50
J36;1;0;rGGr;29583.75
J36;1;0;rGGr;29584.00
J36;1;0;rGGr;29584.25
J36;1;0;rGGr;29584.50
J36;1;0;rGGr;29584.75
J36;1;0;rGGr;29585.00
J36;1;0;rGGr;29585.25
J36;1;0;rGGr;29585.50
J36;1;0;rGGr;29585.75
J36;1;0;rGGr;29586.00
J36;1;0;rGGr;29586.25
J36;1;0;rGGr;29586.50
J36;1;0;rGGr;29586.75
J36;1;0;rGGr;29587.00
J36;1;0;rGGr;29587.25
J36;1;0;rGGr;29587.50
J36;1;0;rGGr;29587.75
J36;1;0;rGGr;29588.00
J36;1;0;rGGr;29588.25
J36;1;0;rGGr;29588.50
J36;1;0;rGGr;29588.75
J36;1;0;rGGr;29589.00
J36;1;0;rGGr;29589.25
J36;1;0;rGGr;29589.50
J36;1;0;rGGr;29589.75
J36;1;0;rGGr;29590.00
J36;1;0;rGGr;29590.25
J36;1;0;rGGr;29590.50
J36;1;0;rGGr;29590.75
J36;1;0;rGGr;29591.00
J36;1;0;rGGr;29591.25
J36;1;0;rGGr;29591.50
J36;1;0;rGGr;29591.75
J36;1;0;rGGr;29592.00
J36;1;0;rGGr;29592.25
J36;1;0;rGGr;29592.50
J36;1;0;rGGr;29592.75
J36;1;0;rGGr;29593.00
J36;1;0;rGGr;29593.25
J36;1;0;rGGr;29593.50
J36;1;0;rGGr;29593.75
J36;1;0;rGGr;29594.00
J36;1;0;rGGr;29594.25
J36;1;0;rGGr;29594.50
J36;1;0;rGGr;29594.75
J36;1;0;rGGr;29595.00
J36;1;0;rGGr;29595.25
J36;1;0;rGGr;29595.50
J36;1;0;rGGr;29595.75
J36;1;0;rGGr;29596.00
J36;1;0;rGGr;29596.25
J36;1;0;rGGr;29596.50
J36;1;0;rGGr;29596.75
J36;1;0;rGGr;29597.00
J36;1;0;rGGr;29597.25
J36;1;0;rGGr;29597.50
J36;1;0;rGGr;29597.75
J36;1;0;rGGr;29598.00
J36;1;0;rGGr;29598.25
J36;1;0;rGGr;29598.50
J36;1;0;rGGr;29598.75
J36;1;0;rGGr;29599.00
J36;1;0;rGGr;29599.25
J36;1;0;rGGr;29599.50
J36;1;0;rGGr;29599.75
J36;1;0;rGGr;29600.00
J36;1;0;rGGr;29600.25
J36;1;0;rGGr;29600.50
J36;1;0;rGGr;29600.75
J36;1;0;rGGr;29601.00
J36;1;0;rGGr;29601.25
J36;1;0;rGGr;29601.50
J36;1;0;rGGr;29601.75
J36;1;0;rGGr;29602.00
J36;1;0;rGGr;29602.25
J36;1;0;rGGr;29602.50
J36;1;0;rGGr;29602.75
J36;1;0;rGGr;29603.00
J36;1;0;rGGr;29603.25
J36;1;0;rGGr;29603.50
J36;1;0;rGGr;29603.75
J36;1;0;rGGr;29604.00
J36;1;0;rGGr;29604.25
J36;1;0;rGGr;29604.50
J36;1;0;rGGr;29604.75
J36;1;0;rGGr;29605.00
J36;1;0;rGGr;29605.25
J36;1;0;rGGr;29605.50
J36;1;0;rGGr;29605.75
J36;1;0;rGGr;29606.00
J36;1;0;rGGr;29606.25
J36;1;0;rGGr;29606.50
J36;1;0;rGGr;29606.75
J36;1;0;rGGr;29607.00
J36;1;0;rGGr;29607.25
J36;1;0;rGGr;29607.50
J36;1;0;rGGr;29607.75
J36;1;0;rGGr;29608.00
J36;1;0;rGGr;29608.25
J36;1;0;rGGr;29608.50
J36;1;0;rGGr;29608.75
J36;1;0;rGGr;29609.00
J36;1;0;rGGr;29609.25
J36;1;0;rGGr;29609.50
J36;1;0;rGGr;29609.75
J36;1;0;rGGr;29610.00
J36;1;0;rGGr;29610.25
J36;1;0;rGGr;29610.50
J36;1;0;rGGr;29610.75
J36;1;0;rGGr;29611.00
J36;1;0;rGGr;29611.25
J36;1;0;rGGr;29611.50
J36;1;0;rGGr;29611.75
J36;1;0;rGGr;29612.00
J36;1;0;rGGr;29612.25
J36;1;0;rGGr;29612.50
J36;1;0;rGGr;29612.75
J36;1;0;rGGr;29613.00
J36;1;0;rGGr;29613.25
J36;1;0;rGGr;29613.50
J36;1;0;rGGr;29613.75
J36;1;0;rGGr;29614.00
J36;1;0;rGGr;29614.25
J36;1;0;rGGr;29614.50
J36;1;0;rGGr;29614.75
J36;1;0;rGGr;29615.00
J36;1;0;rGGr;29615.25
J36;1;0;rGGr;29615.50
J36;1;0;rGGr;29615.75
J36;1;0;rGGr;29616.00
J36;1;0;rGGr;29616.25
J36;1;0;rGGr;29616.50
J36;1;0;rGGr;29616.75
J36;1;0;rGGr;29617.00
J36;1;0;rGGr;29617.25
J36;1;0;rGGr;29617.50
J36;1;0;rGGr;29617.75
J36;1;0;rGGr;29618.00
J36;2;0;ryyr;29618.25
J36;2;0;ryyr;29618.50
J36;2;0;ryyr;29618.75
J36;2;0;ryyr;29619.00
J36;2;0;ryyr;29619.25
J36;2;0;ryyr;29619.50
J36;2;0;ryyr;29619.75
J36;2;0;ryyr;29620.00
J36;2;0;ryyr;29620.25
J36;2;0;ryyr;29620.50
J36;2;0;ryyr;29620.75
J36;2;0;ryyr;29621.00
J36;3;0;rrrr;29621.25
J36;3;0;rrrr;29621.50
J36;3;0;rrrr;29621.75
J36;3;0;rrrr;29622.00
J36;4;0;urru;29622.25
J36;4;0;urru;29622.50
J36;4;0;urru;29622.75
J36;4;0;urru;29623.00
J36;5;0;GrrG;29623.25
J36;5;0;GrrG;29623.50
J36;5;0;GrrG;29623.75
J36;5;0;GrrG;29624.00
J36;5;0;GrrG;29624.25
J36;5;0;GrrG;29624.50
J36;5;0;GrrG;29624.75
J36;5;0;GrrG;29625.00
J36;5;0;GrrG;29625.25
J36;5;0;GrrG;29625.50
J36;5;0;GrrG;29625.75
J36;5;0;GrrG;29626.00
J36;5;0;GrrG;29626.25
J36;5;0;GrrG;29626.50
J36;5;0;GrrG;29626.75
J36;5;0;GrrG;29627.00
J36;5;0;GrrG;29627.25
J36;5;0;GrrG;29627.50
J36;5;0;GrrG;29627.75
J36;5;0;GrrG;29628.00
J36;5;0;GrrG;29628.25
J36;5;0;GrrG;29628.50
J36;5;0;GrrG;29628.75
J36;5;0;GrrG;29629.00
J36;5;0;GrrG;29629.25
J36;5;0;GrrG;29629.50
J36;5;0;GrrG;29629.75
J36;5;0;GrrG;29630.00
J36;5;0;GrrG;29630.25
J36;5;0;GrrG;29630.50
J36;5;0;GrrG;29630.75
J36;5;0;GrrG;29631.00
J36;5;0;GrrG;29631.25
J36;5;0;GrrG;29631.50
J36;5;0;GrrG;29631.75
J36;5;0;GrrG;29632.00
J36;5;0;GrrG;29632.25
J36;5;0;GrrG;29632.50
J36;5;0;GrrG;29632.75
J36;5;0;GrrG;29633.00
J36;5;0;GrrG;29633.25
J36;5;0;GrrG;29633.50
J36;5;0;GrrG;29633.75
J36;5;0;GrrG;29634.00
J36;5;0;GrrG;29634.25
J36;5;0;GrrG;29634.50
J36;5;0;GrrG;29634.75
J36;5;0;GrrG;29635.00
J36;5;0;GrrG;29635.25
J36;5;0;GrrG;29635.50
J36;5;0;GrrG;29635.75
J36;5;0;GrrG;29636.00
J36;5;0;GrrG;29636.25
J36;5;0;GrrG;29636.50
J36;5;0;GrrG;29636.75
J36;5;0;GrrG;29637.00
J36;5;0;GrrG;29637.25
J36;5;0;GrrG;29637.50
J36;5;0;GrrG;29637.75
J36;5;0;GrrG;29638.00
J36;5;0;GrrG;29638.25
J36;5;0;GrrG;29638.50
J36;5;0;GrrG;29638.75
J36;5;0;GrrG;29639.00
J36;5;0;GrrG;29639.25
J36;5;0;GrrG;29639.50
J36;5;0;GrrG;29639.75
J36;5;0;GrrG;29640.00
J36;5;0;GrrG;29640.25
J36;5;0;GrrG;29640.50
J36;5;0;GrrG;29640.75
J36;5;0;GrrG;29641.00
J36;5;0;GrrG;29641.25
J36;5;0;GrrG;29641.50
J36;5;0;GrrG;29641.75
J36;5;0;GrrG;29642.00
J36;5;0;GrrG;29642.25
J36;5;0;GrrG;29642.50
J36;5;0;GrrG;29642.75
J36;5;0;GrrG;29643.00
J36;5;0;GrrG;29643.25
J36;5;0;GrrG;29643.50
J36;5;0;GrrG;29643.75
J36;5;0;GrrG;29644.00
J36;5;0;GrrG;29644.25
J36;5;0;GrrG;29644.50
J36;5;0;GrrG;29644.75
J36;5;0;GrrG;29645.00
J36;5;0;GrrG;29645.25
J36;5;0;GrrG;29645.50
J36;5;0;GrrG;29645.75
J36;5;0;GrrG;29646.00
J36;5;0;GrrG;29646.25
J36;5;0;GrrG;29646.50
J36;5;0;GrrG;29646.75
J36;5;0;GrrG;29647.00
J36;5;0;GrrG;29647.25
J36;5;0;GrrG;29647.50
J36;5;0;GrrG;29647.75
J36;5;0;GrrG;29648.00
J36;6;0;yrry;29648.25
J36;6;0;yrry;29648.50
J36;6;0;yrry;29648.75
J36;6;0;yrry;29649.00
J36;6;0;yrry;29649.25
J36;6;0;yrry;29649.50
J36;6;0;yrry;29649.75
J36;6;0;yrry;29650.00
J36;6;0;yrry;29650.25
J36;6;0;yrry;29650.50
J36;6;0;yrry;29650.75
J36;6;0;yrry;29651.00
J36;7;0;rrrr;29651.25
J36;7;0;rrrr;29651.50
J36;7;0;rrrr;29651.75
J36;7;0;rrrr;29652.00
J36;0;0;ruur;29652.25
J36;0;0;ruur;29652.50
J36;0;0;ruur;29652.75
J36;0;0;ruur;29653.00
J36;1;0;rGGr;29653.25
J36;1;0;rGGr;29653.50
J36;1;0;rGGr;29653.75
J36;1;0;rGGr;29654.00
J36;1;0;rGGr;29654.25
J36;1;0;rGGr;29654.50
J36;1;0;rGGr;29654.75
J36;1;0;rGGr;29655.00
J36;1;0;rGGr;29655.25
J36;1;0;rGGr;29655.50
J36;1;0;rGGr;29655.75
J36;1;0;rGGr;29656.00
J36;1;0;rGGr;29656.25
J36;1;0;rGGr;29656.50
J36;1;0;rGGr;29656.75
J36;1;0;rGGr;29657.00
J36;1;0;rGGr;29657.25
J36;1;0;rGGr;29657.50
J36;1;0;rGGr;29657.75
J36;1;0;rGGr;29658.00
J36;1;0;rGGr;29658.25
J36;1;0;rGGr;29658.50
J36;1;0;rGGr;29658.75
J36;1;0;rGGr;29659.00
J36;1;0;rGGr;29659.25
J36;1;0;rGGr;29659.50
J36;1;0;rGGr;29659.75
J36;1;0;rGGr;29660.00
J36;1;0;rGGr;29660.25
J36;1;0;rGGr;29660.50
J36;1;0;rGGr;29660.75
J36;1;0;rGGr;29661.00
J36;1;0;rGGr;29661.25
J36;1;0;rGGr;29661.50
J36;1;0;rGGr;29661.75
J36;1;0;rGGr;29662.00
J36;1;0;rGGr;29662.25
J36;1;0;rGGr;29662.50
J36;1;0;rGGr;29662.75
J36;1;0;rGGr;29663.00
J36;1;0;rGGr;29663.25
J36;1;0;rGGr;29663.50
J36;1;0;rGGr;29663.75
J36;1;0;rGGr;29664.00
J36;1;0;rGGr;29664.25
J36;1;0;rGGr;29664.50
J36;1;0;rGGr;29664.75
J36;1;0;rGGr;29665.00
J36;1;0;rGGr;29665.25
J36;1;0;rGGr;29665.50
J36;1;0;rGGr;29665.75
J36;1;0;rGGr;29666.00
J36;1;0;rGGr;29666.25
J36;1;0;rGGr;29666.50
J36;1;0;rGGr;29666.75
J36;1;0;rGGr;29667.00
J36;1;0;rGGr;29667.25
J36;1;0;rGGr;29667.50
J36;1;0;rGGr;29667.75
J36;1;0;rGGr;29668.00
J36;1;0;rGGr;29668.25
J36;1;0;rGGr;29668.50
J36;1;0;rGGr;29668.75
J36;1;0;rGGr;29669.00
J36;1;0;rGGr;29669.25
J36;1;0;rGGr;29669.50
J36;1;0;rGGr;29669.75
J36;1;0;rGGr;29670.00
J36;1;0;rGGr;29670.25
J36;1;0;rGGr;29670.50
J36;1;0;rGGr;29670.75
J36;1;0;rGGr;29671.00
J36;1;0;rGGr;29671.25
J36;1;0;rGGr;29671.50
J36;1;0;rGGr;29671.75
J36;1;0;rGGr;29672.00
J36;1;0;rGGr;29672.25
J36;1;0;rGGr;29672.50
J36;1;0;rGGr;29672.75
J36;1;0;rGGr;29673.00
J36;1;0;rGGr;29673.25
J36;1;0;rGGr;29673.50
J36;1;0;rGGr;29673.75
J36;1;0;rGGr;29674.00
J36;1;0;rGGr;29674.25
J36;1;0;rGGr;29674.50
J36;1;0;rGGr;29674.75
J36;1;0;rGGr;29675.00
J36;1;0;rGGr;29675.25
J36;1;0;rGGr;29675.50
J36;1;0;rGGr;29675.75
J36;1;0;rGGr;29676.00
J36;1;0;rGGr;29676.25
J36;1;0;rGGr;29676.50
J36;1;0;rGGr;29676.75
J36;1;0;rGGr;29677.00
J36;1;0;rGGr;29677.25
J36;1;0;rGGr;29677.50
J36;1;0;rGGr;29677.75
J36;1;0;rGGr;29678.00
J36;2;0;ryyr;29678.25
J36;2;0;ryyr;29678.50
J36;2;0;ryyr;29678.75
J36;2;0;ryyr;29679.00
J36;2;0;ryyr;29679.25
J36;2;0;ryyr;29679.50
J36;2;0;ryyr;29679.75
J36;2;0;ryyr;29680.00
J36;2;0;ryyr;29680.25
J36;2;0;ryyr;29680.50
J36;2;0;ryyr;29680.75
J36;2;0;ryyr;29681.00
J36;3;0;rrrr;29681.25
J36;3;0;rrrr;29681.50
J36;3;0;rrrr;29681.75
J36;3;0;rrrr;29682.00
J36;4;0;urru;29682.25
J36;4;0;urru;29682.50
J36;4;0;urru;29682.75
J36;4;0;urru;29683.00
J36;5;0;GrrG;29683.25
J36;5;0;GrrG;29683.50
J36;5;0;GrrG;29683.75
J36;5;0;GrrG;29684.00
J36;5;0;GrrG;29684.25
J36;5;0;GrrG;29684.50
J36;5;0;GrrG;29684.75
J36;5;0;GrrG;29685.00
J36;5;0;GrrG;29685.25
J36;5;0;GrrG;29685.50
J36;5;0;GrrG;29685.75
J36;5;0;GrrG;29686.00
J36;5;0;GrrG;29686.25
J36;5;0;GrrG;29686.50
J36;5;0;GrrG;29686.75
J36;5;0;GrrG;29687.00
J36;5;0;GrrG;29687.25
J36;5;0;GrrG;29687.50
J36;5;0;GrrG;29687.75
J36;5;0;GrrG;29688.00
J36;5;0;GrrG;29688.25
J36;5;0;GrrG;29688.50
J36;5;0;GrrG;29688.75
J36;5;0;GrrG;29689.00
J36;5;0;GrrG;29689.25
J36;5;0;GrrG;29689.50
J36;5;0;GrrG;29689.75
J36;5;0;GrrG;29690.00
J36;5;0;GrrG;29690.25
J36;5;0;GrrG;29690.50
J36;5;0;GrrG;29690.75
J36;5;0;GrrG;29691.00
J36;5;0;GrrG;29691.25
J36;5;0;GrrG;29691.50
J36;5;0;GrrG;29691.75
J36;5;0;GrrG;29692.00
J36;5;0;GrrG;29692.25
J36;5;0;GrrG;29692.50
J36;5;0;GrrG;29692.75
J36;5;0;GrrG;29693.00
J36;5;0;GrrG;29693.25
J36;5;0;GrrG;29693.50
J36;5;0;GrrG;29693.75
J36;5;0;GrrG;29694.00
J36;5;0;GrrG;29694.25
J36;5;0;GrrG;29694.50
J36;5;0;GrrG;29694.75
J36;5;0;GrrG;29695.00
J36;5;0;GrrG;29695.25
J36;5;0;GrrG;29695.50
J36;5;0;GrrG;29695.75
J36;5;0;GrrG;29696.00
J36;5;0;GrrG;29696.25
J36;5;0;GrrG;29696.50
J36;5;0;GrrG;29696.75
J36;5;0;GrrG;29697.00
J36;5;0;GrrG;29697.25
J36;5;0;GrrG;29697.50
J36;5;0;GrrG;29697.75
J36;5;0;GrrG;29698.00
J36;5;0;GrrG;29698.25
J36;5;0;GrrG;29698.50
J36;5;0;GrrG;29698.75
J36;5;0;GrrG;29699.00
J36;5;0;GrrG;29699.25
J36;5;0;GrrG;29699.50
J36;5;0;GrrG;29699.75
J36;5;0;GrrG;29700.00
J36;5;0;GrrG;29700.25
J36;5;0;GrrG;29700.50
J36;5;0;GrrG;29700.75
J36;5;0;GrrG;29701.00
J36;5;0;GrrG;29701.25
J36;5;0;GrrG;29701.50
J36;5;0;GrrG;29701.75
J36;5;0;GrrG;29702.00
J36;5;0;GrrG;29702.25
J36;5;0;GrrG;29702.50
J36;5;0;GrrG;29702.75
J36;5;0;GrrG;29703.00
J36;5;0;GrrG;29703.25
J36;5;0;GrrG;29703.50
J36;5;0;GrrG;29703.75
J36;5;0;GrrG;29704.00
J36;5;0;GrrG;29704.25
J36;5;0;GrrG;29704.50
J36;5;0;GrrG;29704.75
J36;5;0;GrrG;29705.00
J36;5;0;GrrG;29705.25
J36;5;0;GrrG;29705.50
J36;5;0;GrrG;29705.75
J36;5;0;GrrG;29706.00
J36;5;0;GrrG;29706.25
J36;5;0;GrrG;29706.50
J36;5;0;GrrG;29706.75
J36;5;0;GrrG;29707.00
J36;5;0;GrrG;29707.25
J36;5;0;GrrG;29707.50
J36;5;0;GrrG;29707.75
J36;5;0;GrrG;29708.00
J36;6;0;yrry;29708.25
J36;6;0;yrry;29708.50
J36;6;0;yrry;29708.75
J36;6;0;yrry;29709.00
J36;6;0;yrry;29709.25
J36;6;0;yrry;29709.50
J36;6;0;yrry;29709.75
J36;6;0;yrry;29710.00
J36;6;0;yrry;29710.25
J36;6;0;yrry;29710.50
J36;6;0;yrry;29710.75
J36;6;0;yrry;29711.00
J36;7;0;rrrr;29711.25
J36;7;0;rrrr;29711.50
J36;7;0;rrrr;29711.75
J36;7;0;rrrr;29712.00
J36;0;0;ruur;29712.25
J36;0;0;ruur;29712.50
J36;0;0;ruur;29712.75
J36;0;0;ruur;29713.00
J36;1;0;rGGr;29713.25
J36;1;0;rGGr;29713.50
J36;1;0;rGGr;29713.75
J36;1;0;rGGr;29714.00
J36;1;0;rGGr;29714.25
J36;1;0;rGGr;29714.50
J36;1;0;rGGr;29714.75
J36;1;0;rGGr;29715.00
J36;1;0;rGGr;29715.25
J36;1;0;rGGr;29715.50
J36;1;0;rGGr;29715.75
J36;1;0;rGGr;29716.00
J36;1;0;rGGr;29716.25
J36;1;0;rGGr;29716.50
J36;1;0;rGGr;29716.75
J36;1;0;rGGr;29717.00
J36;1;0;rGGr;29717.25
J36;1;0;rGGr;29717.50
J36;1;0;rGGr;29717.75
J36;1;0;rGGr;29718.00
J36;1;0;rGGr;29718.25
J36;1;0;rGGr;29718.50
J36;1;0;rGGr;29718.75
J36;1;0;rGGr;29719.00
J36;1;0;rGGr;29719.25
J36;1;0;rGGr;29719.50
J36;1;0;rGGr;29719.75
J36;1;0;rGGr;29720.00
J36;1;0;rGGr;29720.25
J36;1;0;rGGr;29720.50
J36;1;0;rGGr;29720.75
J36;1;0;rGGr;29721.00
J36;1;0;rGGr;29721.25
J36;1;0;rGGr;29721.50
J36;1;0;rGGr;29721.75
J36;1;0;rGGr;29722.00
J36;1;0;rGGr;29722.25
J36;1;0;rGGr;29722.50
J36;1;0;rGGr;29722.75
J36;1;0;rGGr;29723.00
J36;1;0;rGGr;29723.25
J36;1;0;rGGr;29723.50
J36;1;0;rGGr;29723.75
J36;1;0;rGGr;29724.00
J36;1;0;rGGr;29724.25
J36;1;0;rGGr;29724.50
J36;1;0;rGGr;29724.75
J36;1;0;rGGr;29725.00
J36;1;0;rGGr;29725.25
J36;1;0;rGGr;29725.50
J36;1;0;rGGr;29725.75
J36;1;0;rGGr;29726.00
J36;1;0;rGGr;29726.25
J36;1;0;rGGr;29726.50
J36;1;0;rGGr;29726.75
J36;1;0;rGGr;29727.00
J36;1;0;rGGr;29727.25
J36;1;0;rGGr;29727.50
J36;1;0;rGGr;29727.75
J36;1;0;rGGr;29728.00
J36;1;0;rGGr;29728.25
J36;1;0;rGGr;29728.50
J36;1;0;rGGr;29728.75
J36;1;0;rGGr;29729.00
J36;1;0;rGGr;29729.25
J36;1;0;rGGr;29729.50
J36;1;0;rGGr;29729.75
J36;1;0;rGGr;29730.00
J36;0;online;yyyyyyyyyyyyyyyyyyyyyyyyyyyyyyyyyyyyyyyyyyyyyyyyyyyyyyyyy;29730.25
J36;0;online;yyyyyyyyyyyyyyyyyyyyyyyyyyyyyyyyyyyyyyyyyyyyyyyyyyyyyyyyy;29730.50
J36;0;online;yyyyyyyyyyyyyyyyyyyyyyyyyyyyyyyyyyyyyyyyyyyyyyyyyyyyyyyyy;29730.75
J36;0;online;yyyyyyyyyyyyyyyyyyyyyyyyyyyyyyyyyyyyyyyyyyyyyyyyyyyyyyyyy;29731.00
J36;0;online;yyyyyyyyyyyyyyyyyyyyyyyyyyyyyyyyyyyyyyyyyyyyyyyyyyyyyyyyy;29731.25
J36;0;online;yyyyyyyyyyyyyyyyyyyyyyyyyyyyyyyyyyyyyyyyyyyyyyyyyyyyyyyyy;29731.50
J36;0;online;yyyyyyyyyyyyyyyyyyyyyyyyyyyyyyyyyyyyyyyyyyyyyyyyyyyyyyyyy;29731.75
J36;0;online;yyyyyyyyyyyyyyyyyyyyyyyyyyyyyyyyyyyyyyyyyyyyyyyyyyyyyyyyy;29732.00
J36;0;online;yyyyyyyyyyyyyyyyyyyyyyyyyyyyyyyyyyyyyyyyyyyyyyyyyyyyyyyyy;29732.25
J36;0;online;yyyyyyyyyyyyyyyyyyyyyyyyyyyyyyyyyyyyyyyyyyyyyyyyyyyyyyyyy;29732.50
J36;0;online;yyyyyyyyyyyyyyyyyyyyyyyyyyyyyyyyyyyyyyyyyyyyyyyyyyyyyyyyy;29732.75
J36;0;online;yyyyyyyyyyyyyyyyyyyyyyyyyyyyyyyyyyyyyyyyyyyyyyyyyyyyyyyyy;29733.00
J36;4;0;urru;29733.25
J36;4;0;urru;29733.50
J36;4;0;urru;29733.75
J36;4;0;urru;29734.00
J36;5;0;GrrG;29734.25
J36;5;0;GrrG;29734.50
J36;5;0;GrrG;29734.75
J36;5;0;GrrG;29735.00
J36;5;0;GrrG;29735.25
J36;5;0;GrrG;29735.50
J36;5;0;GrrG;29735.75
J36;5;0;GrrG;29736.00
J36;5;0;GrrG;29736.25
J36;5;0;GrrG;29736.50
J36;5;0;GrrG;29736.75
J36;5;0;GrrG;29737.00
J36;5;0;GrrG;29737.25
J36;5;0;GrrG;29737.50
J36;5;0;GrrG;29737.75
J36;5;0;GrrG;29738.00
J36;5;0;GrrG;29738.25
J36;5;0;GrrG;29738.50
J36;5;0;GrrG;29738.75
J36;5;0;GrrG;29739.00
J36;5;0;GrrG;29739.25
J36;5;0;GrrG;29739.50
J36;5;0;GrrG;29739.75
J36;5;0;GrrG;29740.00
J36;5;0;GrrG;29740.25
J36;5;0;GrrG;29740.50
J36;5;0;GrrG;29740.75
J36;5;0;GrrG;29741.00
J36;5;0;GrrG;29741.25
J36;5;0;GrrG;29741.50
J36;5;0;GrrG;29741.75
J36;5;0;GrrG;29742.00
J36;5;0;GrrG;29742.25
J36;5;0;GrrG;29742.50
J36;5;0;GrrG;29742.75
J36;5;0;GrrG;29743.00
J36;5;0;GrrG;29743.25
J36;5;0;GrrG;29743.50
J36;5;0;GrrG;29743.75
J36;5;0;GrrG;29744.00
J36;5;0;GrrG;29744.25
J36;5;0;GrrG;29744.50
J36;5;0;GrrG;29744.75
J36;5;0;GrrG;29745.00
J36;5;0;GrrG;29745.25
J36;5;0;GrrG;29745.50
J36;5;0;GrrG;29745.75
J36;5;0;GrrG;29746.00
J36;5;0;GrrG;29746.25
J36;5;0;GrrG;29746.50
J36;5;0;GrrG;29746.75
J36;5;0;GrrG;29747.00
J36;5;0;GrrG;29747.25
J36;5;0;GrrG;29747.50
J36;5;0;GrrG;29747.75
J36;5;0;GrrG;29748.00
J36;5;0;GrrG;29748.25
J36;5;0;GrrG;29748.50
J36;5;0;GrrG;29748.75
J36;5;0;GrrG;29749.00
J36;5;0;GrrG;29749.25
J36;5;0;GrrG;29749.50
J36;5;0;GrrG;29749.75
J36;5;0;GrrG;29750.00
J36;5;0;GrrG;29750.25
J36;5;0;GrrG;29750.50
J36;5;0;GrrG;29750.75
J36;5;0;GrrG;29751.00
J36;5;0;GrrG;29751.25
J36;5;0;GrrG;29751.50
J36;5;0;GrrG;29751.75
J36;5;0;GrrG;29752.00
J36;5;0;GrrG;29752.25
J36;5;0;GrrG;29752.50
J36;5;0;GrrG;29752.75
J36;5;0;GrrG;29753.00
J36;5;0;GrrG;29753.25
J36;5;0;GrrG;29753.50
J36;5;0;GrrG;29753.75
J36;5;0;GrrG;29754.00
J36;5;0;GrrG;29754.25
J36;5;0;GrrG;29754.50
J36;5;0;GrrG;29754.75
J36;5;0;GrrG;29755.00
J36;5;0;GrrG;29755.25
J36;5;0;GrrG;29755.50
J36;5;0;GrrG;29755.75
J36;5;0;GrrG;29756.00
J36;5;0;GrrG;29756.25
J36;5;0;GrrG;29756.50
J36;5;0;GrrG;29756.75
J36;5;0;GrrG;29757.00
J36;5;0;GrrG;29757.25
J36;5;0;GrrG;29757.50
J36;5;0;GrrG;29757.75
J36;5;0;GrrG;29758.00
J36;5;0;GrrG;29758.25
J36;5;0;GrrG;29758.50
J36;5;0;GrrG;29758.75
J36;5;0;GrrG;29759.00
J36;6;0;yrry;29759.25
J36;6;0;yrry;29759.50
J36;6;0;yrry;29759.75
J36;6;0;yrry;29760.00
J36;6;0;yrry;29760.25
J36;6;0;yrry;29760.50
J36;6;0;yrry;29760.75
J36;6;0;yrry;29761.00
J36;6;0;yrry;29761.25
J36;6;0;yrry;29761.50
J36;6;0;yrry;29761.75
J36;6;0;yrry;29762.00
J36;7;0;rrrr;29762.25
J36;7;0;rrrr;29762.50
J36;7;0;rrrr;29762.75
J36;7;0;rrrr;29763.00
J36;0;0;ruur;29763.25
J36;0;0;ruur;29763.50
J36;0;0;ruur;29763.75
J36;0;0;ruur;29764.00
J36;1;0;rGGr;29764.25
J36;1;0;rGGr;29764.50
J36;1;0;rGGr;29764.75
J36;1;0;rGGr;29765.00
J36;1;0;rGGr;29765.25
J36;1;0;rGGr;29765.50
J36;1;0;rGGr;29765.75
J36;1;0;rGGr;29766.00
J36;1;0;rGGr;29766.25
J36;1;0;rGGr;29766.50
J36;1;0;rGGr;29766.75
J36;1;0;rGGr;29767.00
J36;1;0;rGGr;29767.25
J36;1;0;rGGr;29767.50
J36;1;0;rGGr;29767.75
J36;1;0;rGGr;29768.00
J36;1;0;rGGr;29768.25
J36;1;0;rGGr;29768.50
J36;1;0;rGGr;29768.75
J36;1;0;rGGr;29769.00
J36;1;0;rGGr;29769.25
J36;1;0;rGGr;29769.50
J36;1;0;rGGr;29769.75
J36;1;0;rGGr;29770.00
J36;1;0;rGGr;29770.25
J36;1;0;rGGr;29770.50
J36;1;0;rGGr;29770.75
J36;1;0;rGGr;29771.00
J36;1;0;rGGr;29771.25
J36;1;0;rGGr;29771.50
J36;1;0;rGGr;29771.75
J36;1;0;rGGr;29772.00
J36;1;0;rGGr;29772.25
J36;1;0;rGGr;29772.50
J36;1;0;rGGr;29772.75
J36;1;0;rGGr;29773.00
J36;1;0;rGGr;29773.25
J36;1;0;rGGr;29773.50
J36;1;0;rGGr;29773.75
J36;1;0;rGGr;29774.00
J36;1;0;rGGr;29774.25
J36;1;0;rGGr;29774.50
J36;1;0;rGGr;29774.75
J36;1;0;rGGr;29775.00
J36;1;0;rGGr;29775.25
J36;1;0;rGGr;29775.50
J36;1;0;rGGr;29775.75
J36;1;0;rGGr;29776.00
J36;1;0;rGGr;29776.25
J36;1;0;rGGr;29776.50
J36;1;0;rGGr;29776.75
J36;1;0;rGGr;29777.00
J36;1;0;rGGr;29777.25
J36;1;0;rGGr;29777.50
J36;1;0;rGGr;29777.75
J36;1;0;rGGr;29778.00
J36;1;0;rGGr;29778.25
J36;1;0;rGGr;29778.50
J36;1;0;rGGr;29778.75
J36;1;0;rGGr;29779.00
J36;1;0;rGGr;29779.25
J36;1;0;rGGr;29779.50
J36;1;0;rGGr;29779.75
J36;1;0;rGGr;29780.00
J36;1;0;rGGr;29780.25
J36;1;0;rGGr;29780.50
J36;1;0;rGGr;29780.75
J36;1;0;rGGr;29781.00
J36;1;0;rGGr;29781.25
J36;1;0;rGGr;29781.50
J36;1;0;rGGr;29781.75
J36;1;0;rGGr;29782.00
J36;1;0;rGGr;29782.25
J36;1;0;rGGr;29782.50
J36;1;0;rGGr;29782.75
J36;1;0;rGGr;29783.00
J36;1;0;rGGr;29783.25
J36;1;0;rGGr;29783.50
J36;1;0;rGGr;29783.75
J36;0;online;yyyyyyyyyyyyyyyyyyyyyyyyyyyyyyyyyyyyyyyyyyyyyyyyyyyyyyyyy;29784.00
J36;0;online;yyyyyyyyyyyyyyyyyyyyyyyyyyyyyyyyyyyyyyyyyyyyyyyyyyyyyyyyy;29784.25
J36;0;online;yyyyyyyyyyyyyyyyyyyyyyyyyyyyyyyyyyyyyyyyyyyyyyyyyyyyyyyyy;29784.50
J36;0;online;yyyyyyyyyyyyyyyyyyyyyyyyyyyyyyyyyyyyyyyyyyyyyyyyyyyyyyyyy;29784.75
J36;0;online;yyyyyyyyyyyyyyyyyyyyyyyyyyyyyyyyyyyyyyyyyyyyyyyyyyyyyyyyy;29785.00
J36;0;online;yyyyyyyyyyyyyyyyyyyyyyyyyyyyyyyyyyyyyyyyyyyyyyyyyyyyyyyyy;29785.25
J36;0;online;yyyyyyyyyyyyyyyyyyyyyyyyyyyyyyyyyyyyyyyyyyyyyyyyyyyyyyyyy;29785.50
J36;0;online;yyyyyyyyyyyyyyyyyyyyyyyyyyyyyyyyyyyyyyyyyyyyyyyyyyyyyyyyy;29785.75
J36;0;online;yyyyyyyyyyyyyyyyyyyyyyyyyyyyyyyyyyyyyyyyyyyyyyyyyyyyyyyyy;29786.00
J36;0;online;yyyyyyyyyyyyyyyyyyyyyyyyyyyyyyyyyyyyyyyyyyyyyyyyyyyyyyyyy;29786.25
J36;0;online;yyyyyyyyyyyyyyyyyyyyyyyyyyyyyyyyyyyyyyyyyyyyyyyyyyyyyyyyy;29786.50
J36;0;online;yyyyyyyyyyyyyyyyyyyyyyyyyyyyyyyyyyyyyyyyyyyyyyyyyyyyyyyyy;29786.75
J36;4;0;urru;29787.00
J36;4;0;urru;29787.25
J36;4;0;urru;29787.50
J36;4;0;urru;29787.75
J36;5;0;GrrG;29788.00
J36;5;0;GrrG;29788.25
J36;5;0;GrrG;29788.50
J36;5;0;GrrG;29788.75
J36;5;0;GrrG;29789.00
J36;5;0;GrrG;29789.25
J36;5;0;GrrG;29789.50
J36;5;0;GrrG;29789.75
J36;5;0;GrrG;29790.00
J36;5;0;GrrG;29790.25
J36;5;0;GrrG;29790.50
J36;5;0;GrrG;29790.75
J36;5;0;GrrG;29791.00
J36;5;0;GrrG;29791.25
J36;5;0;GrrG;29791.50
J36;5;0;GrrG;29791.75
J36;5;0;GrrG;29792.00
J36;5;0;GrrG;29792.25
J36;5;0;GrrG;29792.50
J36;5;0;GrrG;29792.75
J36;5;0;GrrG;29793.00
J36;5;0;GrrG;29793.25
J36;5;0;GrrG;29793.50
J36;5;0;GrrG;29793.75
J36;5;0;GrrG;29794.00
J36;5;0;GrrG;29794.25
J36;5;0;GrrG;29794.50
J36;5;0;GrrG;29794.75
J36;5;0;GrrG;29795.00
J36;5;0;GrrG;29795.25
J36;5;0;GrrG;29795.50
J36;5;0;GrrG;29795.75
J36;5;0;GrrG;29796.00
J36;5;0;GrrG;29796.25
J36;5;0;GrrG;29796.50
J36;5;0;GrrG;29796.75
J36;5;0;GrrG;29797.00
J36;5;0;GrrG;29797.25
J36;5;0;GrrG;29797.50
J36;5;0;GrrG;29797.75
J36;5;0;GrrG;29798.00
J36;5;0;GrrG;29798.25
J36;5;0;GrrG;29798.50
J36;5;0;GrrG;29798.75
J36;5;0;GrrG;29799.00
J36;5;0;GrrG;29799.25
J36;5;0;GrrG;29799.50
J36;5;0;GrrG;29799.75
J36;5;0;GrrG;29800.00
J36;5;0;GrrG;29800.25
J36;5;0;GrrG;29800.50
J36;5;0;GrrG;29800.75
J36;5;0;GrrG;29801.00
J36;5;0;GrrG;29801.25
J36;5;0;GrrG;29801.50
J36;5;0;GrrG;29801.75
J36;5;0;GrrG;29802.00
J36;5;0;GrrG;29802.25
J36;5;0;GrrG;29802.50
J36;5;0;GrrG;29802.75
J36;5;0;GrrG;29803.00
J36;5;0;GrrG;29803.25
J36;5;0;GrrG;29803.50
J36;5;0;GrrG;29803.75
J36;5;0;GrrG;29804.00
J36;5;0;GrrG;29804.25
J36;5;0;GrrG;29804.50
J36;5;0;GrrG;29804.75
J36;5;0;GrrG;29805.00
J36;5;0;GrrG;29805.25
J36;5;0;GrrG;29805.50
J36;5;0;GrrG;29805.75
J36;5;0;GrrG;29806.00
J36;5;0;GrrG;29806.25
J36;5;0;GrrG;29806.50
J36;5;0;GrrG;29806.75
J36;5;0;GrrG;29807.00
J36;5;0;GrrG;29807.25
J36;5;0;GrrG;29807.50
J36;5;0;GrrG;29807.75
J36;5;0;GrrG;29808.00
J36;5;0;GrrG;29808.25
J36;5;0;GrrG;29808.50
J36;5;0;GrrG;29808.75
J36;5;0;GrrG;29809.00
J36;5;0;GrrG;29809.25
J36;5;0;GrrG;29809.50
J36;5;0;GrrG;29809.75
J36;5;0;GrrG;29810.00
J36;5;0;GrrG;29810.25
J36;5;0;GrrG;29810.50
J36;5;0;GrrG;29810.75
J36;5;0;GrrG;29811.00
J36;5;0;GrrG;29811.25
J36;5;0;GrrG;29811.50
J36;5;0;GrrG;29811.75
J36;5;0;GrrG;29812.00
J36;5;0;GrrG;29812.25
J36;5;0;GrrG;29812.50
J36;5;0;GrrG;29812.75
J36;6;0;yrry;29813.00
J36;6;0;yrry;29813.25
J36;6;0;yrry;29813.50
J36;6;0;yrry;29813.75
J36;6;0;yrry;29814.00
J36;6;0;yrry;29814.25
J36;6;0;yrry;29814.50
J36;6;0;yrry;29814.75
J36;6;0;yrry;29815.00
J36;6;0;yrry;29815.25
J36;6;0;yrry;29815.50
J36;6;0;yrry;29815.75
J36;7;0;rrrr;29816.00
J36;7;0;rrrr;29816.25
J36;7;0;rrrr;29816.50
J36;7;0;rrrr;29816.75
J36;0;0;ruur;29817.00
J36;0;0;ruur;29817.25
J36;0;0;ruur;29817.50
J36;0;0;ruur;29817.75
J36;1;0;rGGr;29818.00
J36;1;0;rGGr;29818.25
J36;1;0;rGGr;29818.50
J36;1;0;rGGr;29818.75
J36;1;0;rGGr;29819.00
J36;1;0;rGGr;29819.25
J36;1;0;rGGr;29819.50
J36;1;0;rGGr;29819.75
J36;1;0;rGGr;29820.00
J36;1;0;rGGr;29820.25
J36;1;0;rGGr;29820.50
J36;1;0;rGGr;29820.75
J36;1;0;rGGr;29821.00
J36;1;0;rGGr;29821.25
J36;1;0;rGGr;29821.50
J36;1;0;rGGr;29821.75
J36;1;0;rGGr;29822.00
J36;1;0;rGGr;29822.25
J36;1;0;rGGr;29822.50
J36;1;0;rGGr;29822.75
J36;1;0;rGGr;29823.00
J36;1;0;rGGr;29823.25
J36;1;0;rGGr;29823.50
J36;1;0;rGGr;29823.75
J36;1;0;rGGr;29824.00
J36;1;0;rGGr;29824.25
J36;1;0;rGGr;29824.50
J36;1;0;rGGr;29824.75
J36;1;0;rGGr;29825.00
J36;1;0;rGGr;29825.25
J36;1;0;rGGr;29825.50
J36;1;0;rGGr;29825.75
J36;1;0;rGGr;29826.00
J36;1;0;rGGr;29826.25
J36;1;0;rGGr;29826.50
J36;1;0;rGGr;29826.75
J36;1;0;rGGr;29827.00
J36;1;0;rGGr;29827.25
J36;1;0;rGGr;29827.50
J36;1;0;rGGr;29827.75
J36;1;0;rGGr;29828.00
J36;1;0;rGGr;29828.25
J36;1;0;rGGr;29828.50
J36;1;0;rGGr;29828.75
J36;1;0;rGGr;29829.00
J36;1;0;rGGr;29829.25
J36;1;0;rGGr;29829.50
J36;1;0;rGGr;29829.75
J36;1;0;rGGr;29830.00
J36;1;0;rGGr;29830.25
J36;1;0;rGGr;29830.50
J36;1;0;rGGr;29830.75
J36;1;0;rGGr;29831.00
J36;1;0;rGGr;29831.25
J36;1;0;rGGr;29831.50
J36;1;0;rGGr;29831.75
J36;1;0;rGGr;29832.00
J36;1;0;rGGr;29832.25
J36;1;0;rGGr;29832.50
J36;1;0;rGGr;29832.75
J36;1;0;rGGr;29833.00
J36;1;0;rGGr;29833.25
J36;1;0;rGGr;29833.50
J36;1;0;rGGr;29833.75
J36;1;0;rGGr;29834.00
J36;1;0;rGGr;29834.25
J36;1;0;rGGr;29834.50
J36;1;0;rGGr;29834.75
J36;1;0;rGGr;29835.00
J36;1;0;rGGr;29835.25
J36;1;0;rGGr;29835.50
J36;1;0;rGGr;29835.75
J36;1;0;rGGr;29836.00
J36;1;0;rGGr;29836.25
J36;1;0;rGGr;29836.50
J36;1;0;rGGr;29836.75
J36;1;0;rGGr;29837.00
J36;1;0;rGGr;29837.25
J36;1;0;rGGr;29837.50
J36;1;0;rGGr;29837.75
J36;1;0;rGGr;29838.00
J36;1;0;rGGr;29838.25
J36;1;0;rGGr;29838.50
J36;1;0;rGGr;29838.75
J36;1;0;rGGr;29839.00
J36;1;0;rGGr;29839.25
J36;1;0;rGGr;29839.50
J36;1;0;rGGr;29839.75
J36;1;0;rGGr;29840.00
J36;1;0;rGGr;29840.25
J36;1;0;rGGr;29840.50
J36;1;0;rGGr;29840.75
J36;1;0;rGGr;29841.00
J36;1;0;rGGr;29841.25
J36;1;0;rGGr;29841.50
J36;1;0;rGGr;29841.75
J36;1;0;rGGr;29842.00
J36;1;0;rGGr;29842.25
J36;1;0;rGGr;29842.50
J36;1;0;rGGr;29842.75
J36;1;0;rGGr;29843.00
J36;1;0;rGGr;29843.25
J36;1;0;rGGr;29843.50
J36;1;0;rGGr;29843.75
J36;1;0;rGGr;29844.00
J36;1;0;rGGr;29844.25
J36;1;0;rGGr;29844.50
J36;1;0;rGGr;29844.75
J36;1;0;rGGr;29845.00
J36;1;0;rGGr;29845.25
J36;1;0;rGGr;29845.50
J36;1;0;rGGr;29845.75
J36;1;0;rGGr;29846.00
J36;1;0;rGGr;29846.25
J36;1;0;rGGr;29846.50
J36;1;0;rGGr;29846.75
J36;1;0;rGGr;29847.00
J36;1;0;rGGr;29847.25
J36;1;0;rGGr;29847.50
J36;1;0;rGGr;29847.75
J36;1;0;rGGr;29848.00
J36;1;0;rGGr;29848.25
J36;1;0;rGGr;29848.50
J36;1;0;rGGr;29848.75
J36;1;0;rGGr;29849.00
J36;1;0;rGGr;29849.25
J36;1;0;rGGr;29849.50
J36;1;0;rGGr;29849.75
J36;1;0;rGGr;29850.00
J36;1;0;rGGr;29850.25
J36;1;0;rGGr;29850.50
J36;1;0;rGGr;29850.75
J36;1;0;rGGr;29851.00
J36;1;0;rGGr;29851.25
J36;1;0;rGGr;29851.50
J36;1;0;rGGr;29851.75
J36;1;0;rGGr;29852.00
J36;1;0;rGGr;29852.25
J36;1;0;rGGr;29852.50
J36;1;0;rGGr;29852.75
J36;1;0;rGGr;29853.00
J36;1;0;rGGr;29853.25
J36;1;0;rGGr;29853.50
J36;1;0;rGGr;29853.75
J36;1;0;rGGr;29854.00
J36;1;0;rGGr;29854.25
J36;1;0;rGGr;29854.50
J36;1;0;rGGr;29854.75
J36;1;0;rGGr;29855.00
J36;1;0;rGGr;29855.25
J36;1;0;rGGr;29855.50
J36;1;0;rGGr;29855.75
J36;1;0;rGGr;29856.00
J36;1;0;rGGr;29856.25
J36;1;0;rGGr;29856.50
J36;2;0;ryyr;29856.75
J36;2;0;ryyr;29857.00
J36;2;0;ryyr;29857.25
J36;2;0;ryyr;29857.50
J36;2;0;ryyr;29857.75
J36;2;0;ryyr;29858.00
J36;0;online;yyyyyyyyyyyyyyyyyyyyyyyyyyyyyyyyyyyyyyyyyyyyyyyyyyyyyyyyy;29858.25
J36;0;online;yyyyyyyyyyyyyyyyyyyyyyyyyyyyyyyyyyyyyyyyyyyyyyyyyyyyyyyyy;29858.50
J36;0;online;yyyyyyyyyyyyyyyyyyyyyyyyyyyyyyyyyyyyyyyyyyyyyyyyyyyyyyyyy;29858.75
J36;0;online;yyyyyyyyyyyyyyyyyyyyyyyyyyyyyyyyyyyyyyyyyyyyyyyyyyyyyyyyy;29859.00
J36;0;online;yyyyyyyyyyyyyyyyyyyyyyyyyyyyyyyyyyyyyyyyyyyyyyyyyyyyyyyyy;29859.25
J36;0;online;yyyyyyyyyyyyyyyyyyyyyyyyyyyyyyyyyyyyyyyyyyyyyyyyyyyyyyyyy;29859.50
J36;0;online;yyyyyyyyyyyyyyyyyyyyyyyyyyyyyyyyyyyyyyyyyyyyyyyyyyyyyyyyy;29859.75
J36;0;online;yyyyyyyyyyyyyyyyyyyyyyyyyyyyyyyyyyyyyyyyyyyyyyyyyyyyyyyyy;29860.00
J36;0;online;yyyyyyyyyyyyyyyyyyyyyyyyyyyyyyyyyyyyyyyyyyyyyyyyyyyyyyyyy;29860.25
J36;0;online;yyyyyyyyyyyyyyyyyyyyyyyyyyyyyyyyyyyyyyyyyyyyyyyyyyyyyyyyy;29860.50
J36;0;online;yyyyyyyyyyyyyyyyyyyyyyyyyyyyyyyyyyyyyyyyyyyyyyyyyyyyyyyyy;29860.75
J36;0;online;yyyyyyyyyyyyyyyyyyyyyyyyyyyyyyyyyyyyyyyyyyyyyyyyyyyyyyyyy;29861.00
J36;4;0;urru;29861.25
J36;4;0;urru;29861.50
J36;4;0;urru;29861.75
J36;4;0;urru;29862.00
J36;5;0;GrrG;29862.25
J36;5;0;GrrG;29862.50
J36;5;0;GrrG;29862.75
J36;5;0;GrrG;29863.00
J36;5;0;GrrG;29863.25
J36;5;0;GrrG;29863.50
J36;5;0;GrrG;29863.75
J36;5;0;GrrG;29864.00
J36;5;0;GrrG;29864.25
J36;5;0;GrrG;29864.50
J36;5;0;GrrG;29864.75
J36;5;0;GrrG;29865.00
J36;5;0;GrrG;29865.25
J36;5;0;GrrG;29865.50
J36;5;0;GrrG;29865.75
J36;5;0;GrrG;29866.00
J36;5;0;GrrG;29866.25
J36;5;0;GrrG;29866.50
J36;5;0;GrrG;29866.75
J36;5;0;GrrG;29867.00
J36;5;0;GrrG;29867.25
J36;5;0;GrrG;29867.50
J36;5;0;GrrG;29867.75
J36;5;0;GrrG;29868.00
J36;5;0;GrrG;29868.25
J36;5;0;GrrG;29868.50
J36;5;0;GrrG;29868.75
J36;5;0;GrrG;29869.00
J36;5;0;GrrG;29869.25
J36;5;0;GrrG;29869.50
J36;5;0;GrrG;29869.75
J36;5;0;GrrG;29870.00
J36;5;0;GrrG;29870.25
J36;5;0;GrrG;29870.50
J36;5;0;GrrG;29870.75
J36;5;0;GrrG;29871.00
J36;5;0;GrrG;29871.25
J36;5;0;GrrG;29871.50
J36;5;0;GrrG;29871.75
J36;5;0;GrrG;29872.00
J36;5;0;GrrG;29872.25
J36;5;0;GrrG;29872.50
J36;5;0;GrrG;29872.75
J36;5;0;GrrG;29873.00
J36;5;0;GrrG;29873.25
J36;5;0;GrrG;29873.50
J36;5;0;GrrG;29873.75
J36;5;0;GrrG;29874.00
J36;5;0;GrrG;29874.25
J36;5;0;GrrG;29874.50
J36;5;0;GrrG;29874.75
J36;5;0;GrrG;29875.00
J36;5;0;GrrG;29875.25
J36;5;0;GrrG;29875.50
J36;5;0;GrrG;29875.75
J36;5;0;GrrG;29876.00
J36;5;0;GrrG;29876.25
J36;5;0;GrrG;29876.50
J36;5;0;GrrG;29876.75
J36;5;0;GrrG;29877.00
J36;5;0;GrrG;29877.25
J36;5;0;GrrG;29877.50
J36;5;0;GrrG;29877.75
J36;5;0;GrrG;29878.00
J36;5;0;GrrG;29878.25
J36;5;0;GrrG;29878.50
J36;5;0;GrrG;29878.75
J36;5;0;GrrG;29879.00
J36;5;0;GrrG;29879.25
J36;5;0;GrrG;29879.50
J36;5;0;GrrG;29879.75
J36;5;0;GrrG;29880.00
J36;5;0;GrrG;29880.25
J36;5;0;GrrG;29880.50
J36;5;0;GrrG;29880.75
J36;5;0;GrrG;29881.00
J36;5;0;GrrG;29881.25
J36;5;0;GrrG;29881.50
J36;5;0;GrrG;29881.75
J36;5;0;GrrG;29882.00
J36;5;0;GrrG;29882.25
J36;5;0;GrrG;29882.50
J36;5;0;GrrG;29882.75
J36;5;0;GrrG;29883.00
J36;5;0;GrrG;29883.25
J36;5;0;GrrG;29883.50
J36;5;0;GrrG;29883.75
J36;5;0;GrrG;29884.00
J36;5;0;GrrG;29884.25
J36;5;0;GrrG;29884.50
J36;5;0;GrrG;29884.75
J36;5;0;GrrG;29885.00
J36;5;0;GrrG;29885.25
J36;5;0;GrrG;29885.50
J36;5;0;GrrG;29885.75
J36;5;0;GrrG;29886.00
J36;5;0;GrrG;29886.25
J36;5;0;GrrG;29886.50
J36;5;0;GrrG;29886.75
J36;5;0;GrrG;29887.00
J36;6;0;yrry;29887.25
J36;6;0;yrry;29887.50
J36;6;0;yrry;29887.75
J36;6;0;yrry;29888.00
J36;6;0;yrry;29888.25
J36;6;0;yrry;29888.50
J36;6;0;yrry;29888.75
J36;6;0;yrry;29889.00
J36;6;0;yrry;29889.25
J36;6;0;yrry;29889.50
J36;6;0;yrry;29889.75
J36;6;0;yrry;29890.00
J36;7;0;rrrr;29890.25
J36;7;0;rrrr;29890.50
J36;7;0;rrrr;29890.75
J36;7;0;rrrr;29891.00
J36;0;0;ruur;29891.25
J36;0;0;ruur;29891.50
J36;0;0;ruur;29891.75
J36;0;0;ruur;29892.00
J36;1;0;rGGr;29892.25
J36;1;0;rGGr;29892.50
J36;1;0;rGGr;29892.75
J36;1;0;rGGr;29893.00
J36;1;0;rGGr;29893.25
J36;1;0;rGGr;29893.50
J36;1;0;rGGr;29893.75
J36;1;0;rGGr;29894.00
J36;1;0;rGGr;29894.25
J36;1;0;rGGr;29894.50
J36;1;0;rGGr;29894.75
J36;1;0;rGGr;29895.00
J36;1;0;rGGr;29895.25
J36;1;0;rGGr;29895.50
J36;1;0;rGGr;29895.75
J36;1;0;rGGr;29896.00
J36;1;0;rGGr;29896.25
J36;1;0;rGGr;29896.50
J36;1;0;rGGr;29896.75
J36;1;0;rGGr;29897.00
J36;1;0;rGGr;29897.25
J36;1;0;rGGr;29897.50
J36;1;0;rGGr;29897.75
J36;1;0;rGGr;29898.00
J36;1;0;rGGr;29898.25
J36;1;0;rGGr;29898.50
J36;1;0;rGGr;29898.75
J36;1;0;rGGr;29899.00
J36;1;0;rGGr;29899.25
J36;1;0;rGGr;29899.50
J36;1;0;rGGr;29899.75
J36;1;0;rGGr;29900.00
J36;1;0;rGGr;29900.25
J36;1;0;rGGr;29900.50
J36;1;0;rGGr;29900.75
J36;1;0;rGGr;29901.00
J36;1;0;rGGr;29901.25
J36;1;0;rGGr;29901.50
J36;1;0;rGGr;29901.75
J36;1;0;rGGr;29902.00
J36;1;0;rGGr;29902.25
J36;1;0;rGGr;29902.50
J36;1;0;rGGr;29902.75
J36;1;0;rGGr;29903.00
J36;1;0;rGGr;29903.25
J36;1;0;rGGr;29903.50
J36;1;0;rGGr;29903.75
J36;1;0;rGGr;29904.00
J36;1;0;rGGr;29904.25
J36;1;0;rGGr;29904.50
J36;1;0;rGGr;29904.75
J36;1;0;rGGr;29905.00
J36;1;0;rGGr;29905.25
J36;1;0;rGGr;29905.50
J36;1;0;rGGr;29905.75
J36;1;0;rGGr;29906.00
J36;1;0;rGGr;29906.25
J36;1;0;rGGr;29906.50
J36;1;0;rGGr;29906.75
J36;1;0;rGGr;29907.00
J36;1;0;rGGr;29907.25
J36;1;0;rGGr;29907.50
J36;1;0;rGGr;29907.75
J36;1;0;rGGr;29908.00
J36;1;0;rGGr;29908.25
J36;1;0;rGGr;29908.50
J36;1;0;rGGr;29908.75
J36;1;0;rGGr;29909.00
J36;1;0;rGGr;29909.25
J36;1;0;rGGr;29909.50
J36;1;0;rGGr;29909.75
J36;1;0;rGGr;29910.00
J36;1;0;rGGr;29910.25
J36;1;0;rGGr;29910.50
J36;1;0;rGGr;29910.75
J36;1;0;rGGr;29911.00
J36;1;0;rGGr;29911.25
J36;1;0;rGGr;29911.50
J36;1;0;rGGr;29911.75
J36;1;0;rGGr;29912.00
J36;1;0;rGGr;29912.25
J36;1;0;rGGr;29912.50
J36;1;0;rGGr;29912.75
J36;1;0;rGGr;29913.00
J36;1;0;rGGr;29913.25
J36;1;0;rGGr;29913.50
J36;1;0;rGGr;29913.75
J36;1;0;rGGr;29914.00
J36;1;0;rGGr;29914.25
J36;1;0;rGGr;29914.50
J36;1;0;rGGr;29914.75
J36;1;0;rGGr;29915.00
J36;1;0;rGGr;29915.25
J36;1;0;rGGr;29915.50
J36;1;0;rGGr;29915.75
J36;1;0;rGGr;29916.00
J36;1;0;rGGr;29916.25
J36;1;0;rGGr;29916.50
J36;1;0;rGGr;29916.75
J36;1;0;rGGr;29917.00
J36;2;0;ryyr;29917.25
J36;2;0;ryyr;29917.50
J36;2;0;ryyr;29917.75
J36;2;0;ryyr;29918.00
J36;2;0;ryyr;29918.25
J36;2;0;ryyr;29918.50
J36;2;0;ryyr;29918.75
J36;2;0;ryyr;29919.00
J36;2;0;ryyr;29919.25
J36;2;0;ryyr;29919.50
J36;2;0;ryyr;29919.75
J36;2;0;ryyr;29920.00
J36;2;0;ryyr;29920.25
J36;2;0;ryyr;29920.50
J36;2;0;ryyr;29920.75
J36;2;0;ryyr;29921.00
J36;2;0;ryyr;29921.25
J36;2;0;ryyr;29921.50
J36;2;0;ryyr;29921.75
J36;3;0;rrrr;29922.00
J36;3;0;rrrr;29922.25
J36;3;0;rrrr;29922.50
J36;3;0;rrrr;29922.75
J36;4;0;urru;29923.00
J36;4;0;urru;29923.25
J36;4;0;urru;29923.50
J36;4;0;urru;29923.75
J36;5;0;GrrG;29924.00
J36;5;0;GrrG;29924.25
J36;5;0;GrrG;29924.50
J36;5;0;GrrG;29924.75
J36;5;0;GrrG;29925.00
J36;5;0;GrrG;29925.25
J36;5;0;GrrG;29925.50
J36;5;0;GrrG;29925.75
J36;5;0;GrrG;29926.00
J36;5;0;GrrG;29926.25
J36;5;0;GrrG;29926.50
J36;5;0;GrrG;29926.75
J36;5;0;GrrG;29927.00
J36;5;0;GrrG;29927.25
J36;5;0;GrrG;29927.50
J36;5;0;GrrG;29927.75
J36;5;0;GrrG;29928.00
J36;5;0;GrrG;29928.25
J36;5;0;GrrG;29928.50
J36;5;0;GrrG;29928.75
J36;5;0;GrrG;29929.00
J36;5;0;GrrG;29929.25
J36;5;0;GrrG;29929.50
J36;5;0;GrrG;29929.75
J36;5;0;GrrG;29930.00
J36;5;0;GrrG;29930.25
J36;5;0;GrrG;29930.50
J36;5;0;GrrG;29930.75
J36;5;0;GrrG;29931.00
J36;5;0;GrrG;29931.25
J36;5;0;GrrG;29931.50
J36;5;0;GrrG;29931.75
J36;5;0;GrrG;29932.00
J36;5;0;GrrG;29932.25
J36;5;0;GrrG;29932.50
J36;5;0;GrrG;29932.75
J36;5;0;GrrG;29933.00
J36;5;0;GrrG;29933.25
J36;5;0;GrrG;29933.50
J36;5;0;GrrG;29933.75
J36;5;0;GrrG;29934.00
J36;5;0;GrrG;29934.25
J36;5;0;GrrG;29934.50
J36;5;0;GrrG;29934.75
J36;5;0;GrrG;29935.00
J36;5;0;GrrG;29935.25
J36;5;0;GrrG;29935.50
J36;5;0;GrrG;29935.75
J36;5;0;GrrG;29936.00
J36;5;0;GrrG;29936.25
J36;5;0;GrrG;29936.50
J36;5;0;GrrG;29936.75
J36;5;0;GrrG;29937.00
J36;5;0;GrrG;29937.25
J36;5;0;GrrG;29937.50
J36;5;0;GrrG;29937.75
J36;5;0;GrrG;29938.00
J36;5;0;GrrG;29938.25
J36;5;0;GrrG;29938.50
J36;5;0;GrrG;29938.75
J36;5;0;GrrG;29939.00
J36;5;0;GrrG;29939.25
J36;5;0;GrrG;29939.50
J36;5;0;GrrG;29939.75
J36;5;0;GrrG;29940.00
J36;5;0;GrrG;29940.25
J36;5;0;GrrG;29940.50
J36;5;0;GrrG;29940.75
J36;5;0;GrrG;29941.00
J36;5;0;GrrG;29941.25
J36;5;0;GrrG;29941.50
J36;5;0;GrrG;29941.75
J36;5;0;GrrG;29942.00
J36;5;0;GrrG;29942.25
J36;5;0;GrrG;29942.50
J36;5;0;GrrG;29942.75
J36;5;0;GrrG;29943.00
J36;5;0;GrrG;29943.25
J36;5;0;GrrG;29943.50
J36;5;0;GrrG;29943.75
J36;5;0;GrrG;29944.00
J36;5;0;GrrG;29944.25
J36;5;0;GrrG;29944.50
J36;5;0;GrrG;29944.75
J36;5;0;GrrG;29945.00
J36;5;0;GrrG;29945.25
J36;5;0;GrrG;29945.50
J36;5;0;GrrG;29945.75
J36;5;0;GrrG;29946.00
J36;5;0;GrrG;29946.25
J36;5;0;GrrG;29946.50
J36;5;0;GrrG;29946.75
J36;5;0;GrrG;29947.00
J36;5;0;GrrG;29947.25
J36;5;0;GrrG;29947.50
J36;5;0;GrrG;29947.75
J36;5;0;GrrG;29948.00
J36;5;0;GrrG;29948.25
J36;5;0;GrrG;29948.50
J36;5;0;GrrG;29948.75
J36;6;0;yrry;29949.00
J36;6;0;yrry;29949.25
J36;6;0;yrry;29949.50
J36;6;0;yrry;29949.75
J36;6;0;yrry;29950.00
J36;6;0;yrry;29950.25
J36;6;0;yrry;29950.50
J36;6;0;yrry;29950.75
J36;6;0;yrry;29951.00
J36;6;0;yrry;29951.25
J36;6;0;yrry;29951.50
J36;6;0;yrry;29951.75
J36;7;0;rrrr;29952.00
J36;7;0;rrrr;29952.25
J36;7;0;rrrr;29952.50
J36;7;0;rrrr;29952.75
J36;0;0;ruur;29953.00
J36;0;0;ruur;29953.25
J36;0;0;ruur;29953.50
J36;0;0;ruur;29953.75
J36;1;0;rGGr;29954.00
J36;1;0;rGGr;29954.25
J36;1;0;rGGr;29954.50
J36;1;0;rGGr;29954.75
J36;1;0;rGGr;29955.00
J36;1;0;rGGr;29955.25
J36;1;0;rGGr;29955.50
J36;1;0;rGGr;29955.75
J36;1;0;rGGr;29956.00
J36;1;0;rGGr;29956.25
J36;1;0;rGGr;29956.50
J36;1;0;rGGr;29956.75
J36;1;0;rGGr;29957.00
J36;1;0;rGGr;29957.25
J36;1;0;rGGr;29957.50
J36;1;0;rGGr;29957.75
J36;1;0;rGGr;29958.00
J36;1;0;rGGr;29958.25
J36;1;0;rGGr;29958.50
J36;1;0;rGGr;29958.75
J36;1;0;rGGr;29959.00
J36;1;0;rGGr;29959.25
J36;1;0;rGGr;29959.50
J36;1;0;rGGr;29959.75
J36;1;0;rGGr;29960.00
J36;1;0;rGGr;29960.25
J36;1;0;rGGr;29960.50
J36;1;0;rGGr;29960.75
J36;1;0;rGGr;29961.00
J36;1;0;rGGr;29961.25
J36;1;0;rGGr;29961.50
J36;1;0;rGGr;29961.75
J36;1;0;rGGr;29962.00
J36;1;0;rGGr;29962.25
J36;1;0;rGGr;29962.50
J36;1;0;rGGr;29962.75
J36;1;0;rGGr;29963.00
J36;1;0;rGGr;29963.25
J36;1;0;rGGr;29963.50
J36;1;0;rGGr;29963.75
J36;1;0;rGGr;29964.00
J36;1;0;rGGr;29964.25
J36;1;0;rGGr;29964.50
J36;1;0;rGGr;29964.75
J36;1;0;rGGr;29965.00
J36;1;0;rGGr;29965.25
J36;1;0;rGGr;29965.50
J36;1;0;rGGr;29965.75
J36;1;0;rGGr;29966.00
J36;1;0;rGGr;29966.25
J36;1;0;rGGr;29966.50
J36;1;0;rGGr;29966.75
J36;1;0;rGGr;29967.00
J36;1;0;rGGr;29967.25
J36;1;0;rGGr;29967.50
J36;1;0;rGGr;29967.75
J36;1;0;rGGr;29968.00
J36;1;0;rGGr;29968.25
J36;1;0;rGGr;29968.50
J36;1;0;rGGr;29968.75
J36;1;0;rGGr;29969.00
J36;1;0;rGGr;29969.25
J36;1;0;rGGr;29969.50
J36;1;0;rGGr;29969.75
J36;1;0;rGGr;29970.00
J36;1;0;rGGr;29970.25
J36;1;0;rGGr;29970.50
J36;1;0;rGGr;29970.75
J36;1;0;rGGr;29971.00
J36;1;0;rGGr;29971.25
J36;1;0;rGGr;29971.50
J36;1;0;rGGr;29971.75
J36;1;0;rGGr;29972.00
J36;1;0;rGGr;29972.25
J36;1;0;rGGr;29972.50
J36;1;0;rGGr;29972.75
J36;1;0;rGGr;29973.00
J36;1;0;rGGr;29973.25
J36;1;0;rGGr;29973.50
J36;1;0;rGGr;29973.75
J36;1;0;rGGr;29974.00
J36;1;0;rGGr;29974.25
J36;1;0;rGGr;29974.50
J36;1;0;rGGr;29974.75
J36;1;0;rGGr;29975.00
J36;1;0;rGGr;29975.25
J36;1;0;rGGr;29975.50
J36;1;0;rGGr;29975.75
J36;1;0;rGGr;29976.00
J36;1;0;rGGr;29976.25
J36;1;0;rGGr;29976.50
J36;1;0;rGGr;29976.75
J36;1;0;rGGr;29977.00
J36;1;0;rGGr;29977.25
J36;1;0;rGGr;29977.50
J36;1;0;rGGr;29977.75
J36;1;0;rGGr;29978.00
J36;1;0;rGGr;29978.25
J36;1;0;rGGr;29978.50
J36;1;0;rGGr;29978.75
J36;2;0;ryyr;29979.00
J36;2;0;ryyr;29979.25
J36;2;0;ryyr;29979.50
J36;2;0;ryyr;29979.75
J36;2;0;ryyr;29980.00
J36;2;0;ryyr;29980.25
J36;0;online;yyyyyyyyyyyyyyyyyyyyyyyyyyyyyyyyyyyyyyyyyyyyyyyyyyyyyyyyy;29980.50
J36;0;online;yyyyyyyyyyyyyyyyyyyyyyyyyyyyyyyyyyyyyyyyyyyyyyyyyyyyyyyyy;29980.75
J36;0;online;yyyyyyyyyyyyyyyyyyyyyyyyyyyyyyyyyyyyyyyyyyyyyyyyyyyyyyyyy;29981.00
J36;0;online;yyyyyyyyyyyyyyyyyyyyyyyyyyyyyyyyyyyyyyyyyyyyyyyyyyyyyyyyy;29981.25
J36;0;online;yyyyyyyyyyyyyyyyyyyyyyyyyyyyyyyyyyyyyyyyyyyyyyyyyyyyyyyyy;29981.50
J36;0;online;yyyyyyyyyyyyyyyyyyyyyyyyyyyyyyyyyyyyyyyyyyyyyyyyyyyyyyyyy;29981.75
J36;0;online;yyyyyyyyyyyyyyyyyyyyyyyyyyyyyyyyyyyyyyyyyyyyyyyyyyyyyyyyy;29982.00
J36;0;online;yyyyyyyyyyyyyyyyyyyyyyyyyyyyyyyyyyyyyyyyyyyyyyyyyyyyyyyyy;29982.25
J36;0;online;yyyyyyyyyyyyyyyyyyyyyyyyyyyyyyyyyyyyyyyyyyyyyyyyyyyyyyyyy;29982.50
J36;0;online;yyyyyyyyyyyyyyyyyyyyyyyyyyyyyyyyyyyyyyyyyyyyyyyyyyyyyyyyy;29982.75
J36;0;online;yyyyyyyyyyyyyyyyyyyyyyyyyyyyyyyyyyyyyyyyyyyyyyyyyyyyyyyyy;29983.00
J36;0;online;yyyyyyyyyyyyyyyyyyyyyyyyyyyyyyyyyyyyyyyyyyyyyyyyyyyyyyyyy;29983.25
J36;4;0;urru;29983.50
J36;4;0;urru;29983.75
J36;4;0;urru;29984.00
J36;4;0;urru;29984.25
J36;5;0;GrrG;29984.50
J36;5;0;GrrG;29984.75
J36;5;0;GrrG;29985.00
J36;5;0;GrrG;29985.25
J36;5;0;GrrG;29985.50
J36;5;0;GrrG;29985.75
J36;5;0;GrrG;29986.00
J36;5;0;GrrG;29986.25
J36;5;0;GrrG;29986.50
J36;5;0;GrrG;29986.75
J36;5;0;GrrG;29987.00
J36;5;0;GrrG;29987.25
J36;5;0;GrrG;29987.50
J36;5;0;GrrG;29987.75
J36;5;0;GrrG;29988.00
J36;5;0;GrrG;29988.25
J36;5;0;GrrG;29988.50
J36;5;0;GrrG;29988.75
J36;5;0;GrrG;29989.00
J36;5;0;GrrG;29989.25
J36;5;0;GrrG;29989.50
J36;5;0;GrrG;29989.75
J36;5;0;GrrG;29990.00
J36;5;0;GrrG;29990.25
J36;5;0;GrrG;29990.50
J36;5;0;GrrG;29990.75
J36;5;0;GrrG;29991.00
J36;5;0;GrrG;29991.25
J36;5;0;GrrG;29991.50
J36;5;0;GrrG;29991.75
J36;5;0;GrrG;29992.00
J36;5;0;GrrG;29992.25
J36;5;0;GrrG;29992.50
J36;5;0;GrrG;29992.75
J36;5;0;GrrG;29993.00
J36;5;0;GrrG;29993.25
J36;5;0;GrrG;29993.50
J36;5;0;GrrG;29993.75
J36;5;0;GrrG;29994.00
J36;5;0;GrrG;29994.25
J36;5;0;GrrG;29994.50
J36;5;0;GrrG;29994.75
J36;5;0;GrrG;29995.00
J36;5;0;GrrG;29995.25
J36;5;0;GrrG;29995.50
J36;5;0;GrrG;29995.75
J36;5;0;GrrG;29996.00
J36;5;0;GrrG;29996.25
J36;5;0;GrrG;29996.50
J36;5;0;GrrG;29996.75
J36;5;0;GrrG;29997.00
J36;5;0;GrrG;29997.25
J36;5;0;GrrG;29997.50
J36;5;0;GrrG;29997.75
J36;5;0;GrrG;29998.00
J36;5;0;GrrG;29998.25
J36;5;0;GrrG;29998.50
J36;5;0;GrrG;29998.75
J36;5;0;GrrG;29999.00
J36;5;0;GrrG;29999.25
J36;5;0;GrrG;29999.50
J36;5;0;GrrG;29999.75
J36;5;0;GrrG;30000.00
J36;5;0;GrrG;30000.25
J36;5;0;GrrG;30000.50
J36;5;0;GrrG;30000.75
J36;5;0;GrrG;30001.00
J36;5;0;GrrG;30001.25
J36;5;0;GrrG;30001.50
J36;5;0;GrrG;30001.75
J36;5;0;GrrG;30002.00
J36;5;0;GrrG;30002.25
J36;5;0;GrrG;30002.50
J36;5;0;GrrG;30002.75
J36;5;0;GrrG;30003.00
J36;5;0;GrrG;30003.25
J36;5;0;GrrG;30003.50
J36;5;0;GrrG;30003.75
J36;5;0;GrrG;30004.00
J36;5;0;GrrG;30004.25
J36;5;0;GrrG;30004.50
J36;5;0;GrrG;30004.75
J36;5;0;GrrG;30005.00
J36;5;0;GrrG;30005.25
J36;5;0;GrrG;30005.50
J36;5;0;GrrG;30005.75
J36;5;0;GrrG;30006.00
J36;5;0;GrrG;30006.25
J36;5;0;GrrG;30006.50
J36;5;0;GrrG;30006.75
J36;5;0;GrrG;30007.00
J36;5;0;GrrG;30007.25
J36;5;0;GrrG;30007.50
J36;5;0;GrrG;30007.75
J36;5;0;GrrG;30008.00
J36;5;0;GrrG;30008.25
J36;5;0;GrrG;30008.50
J36;5;0;GrrG;30008.75
J36;5;0;GrrG;30009.00
J36;5;0;GrrG;30009.25
J36;6;0;yrry;30009.50
J36;6;0;yrry;30009.75
J36;6;0;yrry;30010.00
J36;6;0;yrry;30010.25
J36;6;0;yrry;30010.50
J36;6;0;yrry;30010.75
J36;6;0;yrry;30011.00
J36;6;0;yrry;30011.25
J36;6;0;yrry;30011.50
J36;6;0;yrry;30011.75
J36;6;0;yrry;30012.00
J36;6;0;yrry;30012.25
J36;7;0;rrrr;30012.50
J36;7;0;rrrr;30012.75
J36;7;0;rrrr;30013.00
J36;7;0;rrrr;30013.25
J36;0;0;ruur;30013.50
J36;0;0;ruur;30013.75
J36;0;0;ruur;30014.00
J36;0;0;ruur;30014.25
J36;1;0;rGGr;30014.50
J36;1;0;rGGr;30014.75
J36;1;0;rGGr;30015.00
J36;1;0;rGGr;30015.25
J36;1;0;rGGr;30015.50
J36;1;0;rGGr;30015.75
J36;1;0;rGGr;30016.00
J36;1;0;rGGr;30016.25
J36;1;0;rGGr;30016.50
J36;1;0;rGGr;30016.75
J36;1;0;rGGr;30017.00
J36;1;0;rGGr;30017.25
J36;1;0;rGGr;30017.50
J36;1;0;rGGr;30017.75
J36;1;0;rGGr;30018.00
J36;1;0;rGGr;30018.25
J36;1;0;rGGr;30018.50
J36;1;0;rGGr;30018.75
J36;1;0;rGGr;30019.00
J36;1;0;rGGr;30019.25
J36;1;0;rGGr;30019.50
J36;1;0;rGGr;30019.75
J36;1;0;rGGr;30020.00
J36;1;0;rGGr;30020.25
J36;1;0;rGGr;30020.50
J36;1;0;rGGr;30020.75
J36;1;0;rGGr;30021.00
J36;1;0;rGGr;30021.25
J36;1;0;rGGr;30021.50
J36;1;0;rGGr;30021.75
J36;1;0;rGGr;30022.00
J36;1;0;rGGr;30022.25
J36;1;0;rGGr;30022.50
J36;1;0;rGGr;30022.75
J36;1;0;rGGr;30023.00
J36;1;0;rGGr;30023.25
J36;1;0;rGGr;30023.50
J36;1;0;rGGr;30023.75
J36;1;0;rGGr;30024.00
J36;1;0;rGGr;30024.25
J36;1;0;rGGr;30024.50
J36;1;0;rGGr;30024.75
J36;1;0;rGGr;30025.00
J36;1;0;rGGr;30025.25
J36;1;0;rGGr;30025.50
J36;1;0;rGGr;30025.75
J36;1;0;rGGr;30026.00
J36;1;0;rGGr;30026.25
J36;1;0;rGGr;30026.50
J36;1;0;rGGr;30026.75
J36;1;0;rGGr;30027.00
J36;1;0;rGGr;30027.25
J36;1;0;rGGr;30027.50
J36;1;0;rGGr;30027.75
J36;1;0;rGGr;30028.00
J36;1;0;rGGr;30028.25
J36;1;0;rGGr;30028.50
J36;1;0;rGGr;30028.75
J36;1;0;rGGr;30029.00
J36;1;0;rGGr;30029.25
J36;1;0;rGGr;30029.50
J36;1;0;rGGr;30029.75
J36;1;0;rGGr;30030.00
J36;1;0;rGGr;30030.25
J36;1;0;rGGr;30030.50
J36;1;0;rGGr;30030.75
J36;1;0;rGGr;30031.00
J36;1;0;rGGr;30031.25
J36;1;0;rGGr;30031.50
J36;1;0;rGGr;30031.75
J36;1;0;rGGr;30032.00
J36;1;0;rGGr;30032.25
J36;1;0;rGGr;30032.50
J36;1;0;rGGr;30032.75
J36;1;0;rGGr;30033.00
J36;1;0;rGGr;30033.25
J36;1;0;rGGr;30033.50
J36;1;0;rGGr;30033.75
J36;1;0;rGGr;30034.00
J36;1;0;rGGr;30034.25
J36;1;0;rGGr;30034.50
J36;1;0;rGGr;30034.75
J36;1;0;rGGr;30035.00
J36;1;0;rGGr;30035.25
J36;1;0;rGGr;30035.50
J36;1;0;rGGr;30035.75
J36;1;0;rGGr;30036.00
J36;1;0;rGGr;30036.25
J36;1;0;rGGr;30036.50
J36;1;0;rGGr;30036.75
J36;1;0;rGGr;30037.00
J36;1;0;rGGr;30037.25
J36;1;0;rGGr;30037.50
J36;1;0;rGGr;30037.75
J36;1;0;rGGr;30038.00
J36;1;0;rGGr;30038.25
J36;1;0;rGGr;30038.50
J36;1;0;rGGr;30038.75
J36;1;0;rGGr;30039.00
J36;1;0;rGGr;30039.25
J36;2;0;ryyr;30039.50
J36;2;0;ryyr;30039.75
J36;2;0;ryyr;30040.00
J36;2;0;ryyr;30040.25
J36;2;0;ryyr;30040.50
J36;2;0;ryyr;30040.75
J36;2;0;ryyr;30041.00
J36;2;0;ryyr;30041.25
J36;2;0;ryyr;30041.50
J36;2;0;ryyr;30041.75
J36;2;0;ryyr;30042.00
J36;2;0;ryyr;30042.25
J36;2;0;ryyr;30042.50
J36;2;0;ryyr;30042.75
J36;2;0;ryyr;30043.00
J36;2;0;ryyr;30043.25
J36;2;0;ryyr;30043.50
J36;2;0;ryyr;30043.75
J36;2;0;ryyr;30044.00
J36;3;0;rrrr;30044.25
J36;3;0;rrrr;30044.50
J36;3;0;rrrr;30044.75
J36;3;0;rrrr;30045.00
J36;4;0;urru;30045.25
J36;4;0;urru;30045.50
J36;4;0;urru;30045.75
J36;4;0;urru;30046.00
J36;5;0;GrrG;30046.25
J36;5;0;GrrG;30046.50
J36;5;0;GrrG;30046.75
J36;5;0;GrrG;30047.00
J36;5;0;GrrG;30047.25
J36;5;0;GrrG;30047.50
J36;5;0;GrrG;30047.75
J36;5;0;GrrG;30048.00
J36;5;0;GrrG;30048.25
J36;5;0;GrrG;30048.50
J36;5;0;GrrG;30048.75
J36;5;0;GrrG;30049.00
J36;5;0;GrrG;30049.25
J36;5;0;GrrG;30049.50
J36;5;0;GrrG;30049.75
J36;5;0;GrrG;30050.00
J36;5;0;GrrG;30050.25
J36;5;0;GrrG;30050.50
J36;5;0;GrrG;30050.75
J36;5;0;GrrG;30051.00
J36;5;0;GrrG;30051.25
J36;5;0;GrrG;30051.50
J36;5;0;GrrG;30051.75
J36;5;0;GrrG;30052.00
J36;5;0;GrrG;30052.25
J36;5;0;GrrG;30052.50
J36;5;0;GrrG;30052.75
J36;5;0;GrrG;30053.00
J36;5;0;GrrG;30053.25
J36;5;0;GrrG;30053.50
J36;5;0;GrrG;30053.75
J36;5;0;GrrG;30054.00
J36;5;0;GrrG;30054.25
J36;5;0;GrrG;30054.50
J36;5;0;GrrG;30054.75
J36;5;0;GrrG;30055.00
J36;5;0;GrrG;30055.25
J36;5;0;GrrG;30055.50
J36;5;0;GrrG;30055.75
J36;5;0;GrrG;30056.00
J36;5;0;GrrG;30056.25
J36;5;0;GrrG;30056.50
J36;5;0;GrrG;30056.75
J36;5;0;GrrG;30057.00
J36;5;0;GrrG;30057.25
J36;5;0;GrrG;30057.50
J36;5;0;GrrG;30057.75
J36;5;0;GrrG;30058.00
J36;5;0;GrrG;30058.25
J36;5;0;GrrG;30058.50
J36;5;0;GrrG;30058.75
J36;5;0;GrrG;30059.00
J36;5;0;GrrG;30059.25
J36;5;0;GrrG;30059.50
J36;5;0;GrrG;30059.75
J36;5;0;GrrG;30060.00
J36;5;0;GrrG;30060.25
J36;5;0;GrrG;30060.50
J36;5;0;GrrG;30060.75
J36;5;0;GrrG;30061.00
J36;5;0;GrrG;30061.25
J36;5;0;GrrG;30061.50
J36;5;0;GrrG;30061.75
J36;5;0;GrrG;30062.00
J36;5;0;GrrG;30062.25
J36;5;0;GrrG;30062.50
J36;5;0;GrrG;30062.75
J36;5;0;GrrG;30063.00
J36;5;0;GrrG;30063.25
J36;5;0;GrrG;30063.50
J36;5;0;GrrG;30063.75
J36;5;0;GrrG;30064.00
J36;5;0;GrrG;30064.25
J36;5;0;GrrG;30064.50
J36;5;0;GrrG;30064.75
J36;5;0;GrrG;30065.00
J36;5;0;GrrG;30065.25
J36;5;0;GrrG;30065.50
J36;5;0;GrrG;30065.75
J36;5;0;GrrG;30066.00
J36;5;0;GrrG;30066.25
J36;5;0;GrrG;30066.50
J36;5;0;GrrG;30066.75
J36;5;0;GrrG;30067.00
J36;5;0;GrrG;30067.25
J36;5;0;GrrG;30067.50
J36;5;0;GrrG;30067.75
J36;5;0;GrrG;30068.00
J36;5;0;GrrG;30068.25
J36;5;0;GrrG;30068.50
J36;5;0;GrrG;30068.75
J36;5;0;GrrG;30069.00
J36;5;0;GrrG;30069.25
J36;5;0;GrrG;30069.50
J36;5;0;GrrG;30069.75
J36;5;0;GrrG;30070.00
J36;5;0;GrrG;30070.25
J36;5;0;GrrG;30070.50
J36;5;0;GrrG;30070.75
J36;5;0;GrrG;30071.00
J36;6;0;yrry;30071.25
J36;6;0;yrry;30071.50
J36;6;0;yrry;30071.75
J36;6;0;yrry;30072.00
J36;6;0;yrry;30072.25
J36;6;0;yrry;30072.50
J36;6;0;yrry;30072.75
J36;6;0;yrry;30073.00
J36;6;0;yrry;30073.25
J36;6;0;yrry;30073.50
J36;6;0;yrry;30073.75
J36;6;0;yrry;30074.00
J36;7;0;rrrr;30074.25
J36;7;0;rrrr;30074.50
J36;7;0;rrrr;30074.75
J36;7;0;rrrr;30075.00
J36;0;0;ruur;30075.25
J36;0;0;ruur;30075.50
J36;0;0;ruur;30075.75
J36;0;0;ruur;30076.00
J36;1;0;rGGr;30076.25
J36;1;0;rGGr;30076.50
J36;1;0;rGGr;30076.75
J36;1;0;rGGr;30077.00
J36;1;0;rGGr;30077.25
J36;1;0;rGGr;30077.50
J36;1;0;rGGr;30077.75
J36;1;0;rGGr;30078.00
J36;1;0;rGGr;30078.25
J36;1;0;rGGr;30078.50
J36;1;0;rGGr;30078.75
J36;1;0;rGGr;30079.00
J36;1;0;rGGr;30079.25
J36;1;0;rGGr;30079.50
J36;1;0;rGGr;30079.75
J36;1;0;rGGr;30080.00
J36;1;0;rGGr;30080.25
J36;1;0;rGGr;30080.50
J36;1;0;rGGr;30080.75
J36;1;0;rGGr;30081.00
J36;1;0;rGGr;30081.25
J36;1;0;rGGr;30081.50
J36;1;0;rGGr;30081.75
J36;1;0;rGGr;30082.00
J36;1;0;rGGr;30082.25
J36;1;0;rGGr;30082.50
J36;1;0;rGGr;30082.75
J36;1;0;rGGr;30083.00
J36;1;0;rGGr;30083.25
J36;1;0;rGGr;30083.50
J36;1;0;rGGr;30083.75
J36;0;online;yyyyyyyyyyyyyyyyyyyyyyyyyyyyyyyyyyyyyyyyyyyyyyyyyyyyyyyyy;30084.00
J36;0;online;yyyyyyyyyyyyyyyyyyyyyyyyyyyyyyyyyyyyyyyyyyyyyyyyyyyyyyyyy;30084.25
J36;0;online;yyyyyyyyyyyyyyyyyyyyyyyyyyyyyyyyyyyyyyyyyyyyyyyyyyyyyyyyy;30084.50
J36;0;online;yyyyyyyyyyyyyyyyyyyyyyyyyyyyyyyyyyyyyyyyyyyyyyyyyyyyyyyyy;30084.75
J36;0;online;yyyyyyyyyyyyyyyyyyyyyyyyyyyyyyyyyyyyyyyyyyyyyyyyyyyyyyyyy;30085.00
J36;0;online;yyyyyyyyyyyyyyyyyyyyyyyyyyyyyyyyyyyyyyyyyyyyyyyyyyyyyyyyy;30085.25
J36;0;online;yyyyyyyyyyyyyyyyyyyyyyyyyyyyyyyyyyyyyyyyyyyyyyyyyyyyyyyyy;30085.50
J36;0;online;yyyyyyyyyyyyyyyyyyyyyyyyyyyyyyyyyyyyyyyyyyyyyyyyyyyyyyyyy;30085.75
J36;0;online;yyyyyyyyyyyyyyyyyyyyyyyyyyyyyyyyyyyyyyyyyyyyyyyyyyyyyyyyy;30086.00
J36;0;online;yyyyyyyyyyyyyyyyyyyyyyyyyyyyyyyyyyyyyyyyyyyyyyyyyyyyyyyyy;30086.25
J36;0;online;yyyyyyyyyyyyyyyyyyyyyyyyyyyyyyyyyyyyyyyyyyyyyyyyyyyyyyyyy;30086.50
J36;0;online;yyyyyyyyyyyyyyyyyyyyyyyyyyyyyyyyyyyyyyyyyyyyyyyyyyyyyyyyy;30086.75
J36;4;0;urru;30087.00
J36;4;0;urru;30087.25
J36;4;0;urru;30087.50
J36;4;0;urru;30087.75
J36;5;0;GrrG;30088.00
J36;5;0;GrrG;30088.25
J36;5;0;GrrG;30088.50
J36;5;0;GrrG;30088.75
J36;5;0;GrrG;30089.00
J36;5;0;GrrG;30089.25
J36;5;0;GrrG;30089.50
J36;5;0;GrrG;30089.75
J36;5;0;GrrG;30090.00
J36;5;0;GrrG;30090.25
J36;5;0;GrrG;30090.50
J36;5;0;GrrG;30090.75
J36;5;0;GrrG;30091.00
J36;5;0;GrrG;30091.25
J36;5;0;GrrG;30091.50
J36;5;0;GrrG;30091.75
J36;5;0;GrrG;30092.00
J36;5;0;GrrG;30092.25
J36;5;0;GrrG;30092.50
J36;5;0;GrrG;30092.75
J36;5;0;GrrG;30093.00
J36;5;0;GrrG;30093.25
J36;5;0;GrrG;30093.50
J36;5;0;GrrG;30093.75
J36;5;0;GrrG;30094.00
J36;5;0;GrrG;30094.25
J36;5;0;GrrG;30094.50
J36;5;0;GrrG;30094.75
J36;5;0;GrrG;30095.00
J36;5;0;GrrG;30095.25
J36;5;0;GrrG;30095.50
J36;5;0;GrrG;30095.75
J36;5;0;GrrG;30096.00
J36;5;0;GrrG;30096.25
J36;5;0;GrrG;30096.50
J36;5;0;GrrG;30096.75
J36;5;0;GrrG;30097.00
J36;5;0;GrrG;30097.25
J36;5;0;GrrG;30097.50
J36;5;0;GrrG;30097.75
J36;5;0;GrrG;30098.00
J36;5;0;GrrG;30098.25
J36;5;0;GrrG;30098.50
J36;5;0;GrrG;30098.75
J36;5;0;GrrG;30099.00
J36;5;0;GrrG;30099.25
J36;5;0;GrrG;30099.50
J36;5;0;GrrG;30099.75
J36;5;0;GrrG;30100.00
J36;5;0;GrrG;30100.25
J36;5;0;GrrG;30100.50
J36;5;0;GrrG;30100.75
J36;5;0;GrrG;30101.00
J36;5;0;GrrG;30101.25
J36;5;0;GrrG;30101.50
J36;5;0;GrrG;30101.75
J36;5;0;GrrG;30102.00
J36;5;0;GrrG;30102.25
J36;5;0;GrrG;30102.50
J36;5;0;GrrG;30102.75
J36;5;0;GrrG;30103.00
J36;5;0;GrrG;30103.25
J36;5;0;GrrG;30103.50
J36;5;0;GrrG;30103.75
J36;5;0;GrrG;30104.00
J36;5;0;GrrG;30104.25
J36;5;0;GrrG;30104.50
J36;5;0;GrrG;30104.75
J36;5;0;GrrG;30105.00
J36;5;0;GrrG;30105.25
J36;5;0;GrrG;30105.50
J36;5;0;GrrG;30105.75
J36;5;0;GrrG;30106.00
J36;5;0;GrrG;30106.25
J36;5;0;GrrG;30106.50
J36;5;0;GrrG;30106.75
J36;5;0;GrrG;30107.00
J36;5;0;GrrG;30107.25
J36;5;0;GrrG;30107.50
J36;5;0;GrrG;30107.75
J36;5;0;GrrG;30108.00
J36;5;0;GrrG;30108.25
J36;5;0;GrrG;30108.50
J36;5;0;GrrG;30108.75
J36;5;0;GrrG;30109.00
J36;5;0;GrrG;30109.25
J36;5;0;GrrG;30109.50
J36;5;0;GrrG;30109.75
J36;5;0;GrrG;30110.00
J36;5;0;GrrG;30110.25
J36;5;0;GrrG;30110.50
J36;5;0;GrrG;30110.75
J36;5;0;GrrG;30111.00
J36;5;0;GrrG;30111.25
J36;5;0;GrrG;30111.50
J36;5;0;GrrG;30111.75
J36;5;0;GrrG;30112.00
J36;5;0;GrrG;30112.25
J36;5;0;GrrG;30112.50
J36;5;0;GrrG;30112.75
J36;6;0;yrry;30113.00
J36;6;0;yrry;30113.25
J36;6;0;yrry;30113.50
J36;6;0;yrry;30113.75
J36;6;0;yrry;30114.00
J36;6;0;yrry;30114.25
J36;6;0;yrry;30114.50
J36;6;0;yrry;30114.75
J36;6;0;yrry;30115.00
J36;6;0;yrry;30115.25
J36;6;0;yrry;30115.50
J36;6;0;yrry;30115.75
J36;7;0;rrrr;30116.00
J36;7;0;rrrr;30116.25
J36;7;0;rrrr;30116.50
J36;7;0;rrrr;30116.75
J36;0;0;ruur;30117.00
J36;0;0;ruur;30117.25
J36;0;0;ruur;30117.50
J36;0;0;ruur;30117.75
J36;1;0;rGGr;30118.00
J36;1;0;rGGr;30118.25
J36;1;0;rGGr;30118.50
J36;1;0;rGGr;30118.75
J36;1;0;rGGr;30119.00
J36;1;0;rGGr;30119.25
J36;1;0;rGGr;30119.50
J36;1;0;rGGr;30119.75
J36;1;0;rGGr;30120.00
J36;1;0;rGGr;30120.25
J36;1;0;rGGr;30120.50
J36;1;0;rGGr;30120.75
J36;1;0;rGGr;30121.00
J36;1;0;rGGr;30121.25
J36;1;0;rGGr;30121.50
J36;1;0;rGGr;30121.75
J36;1;0;rGGr;30122.00
J36;1;0;rGGr;30122.25
J36;1;0;rGGr;30122.50
J36;1;0;rGGr;30122.75
J36;1;0;rGGr;30123.00
J36;1;0;rGGr;30123.25
J36;1;0;rGGr;30123.50
J36;1;0;rGGr;30123.75
J36;1;0;rGGr;30124.00
J36;1;0;rGGr;30124.25
J36;1;0;rGGr;30124.50
J36;1;0;rGGr;30124.75
J36;1;0;rGGr;30125.00
J36;1;0;rGGr;30125.25
J36;1;0;rGGr;30125.50
J36;1;0;rGGr;30125.75
J36;1;0;rGGr;30126.00
J36;1;0;rGGr;30126.25
J36;1;0;rGGr;30126.50
J36;1;0;rGGr;30126.75
J36;1;0;rGGr;30127.00
J36;1;0;rGGr;30127.25
J36;1;0;rGGr;30127.50
J36;1;0;rGGr;30127.75
J36;1;0;rGGr;30128.00
J36;1;0;rGGr;30128.25
J36;1;0;rGGr;30128.50
J36;1;0;rGGr;30128.75
J36;1;0;rGGr;30129.00
J36;1;0;rGGr;30129.25
J36;1;0;rGGr;30129.50
J36;1;0;rGGr;30129.75
J36;1;0;rGGr;30130.00
J36;1;0;rGGr;30130.25
J36;1;0;rGGr;30130.50
J36;1;0;rGGr;30130.75
J36;1;0;rGGr;30131.00
J36;1;0;rGGr;30131.25
J36;1;0;rGGr;30131.50
J36;1;0;rGGr;30131.75
J36;1;0;rGGr;30132.00
J36;1;0;rGGr;30132.25
J36;1;0;rGGr;30132.50
J36;1;0;rGGr;30132.75
J36;1;0;rGGr;30133.00
J36;1;0;rGGr;30133.25
J36;1;0;rGGr;30133.50
J36;1;0;rGGr;30133.75
J36;1;0;rGGr;30134.00
J36;1;0;rGGr;30134.25
J36;1;0;rGGr;30134.50
J36;1;0;rGGr;30134.75
J36;1;0;rGGr;30135.00
J36;1;0;rGGr;30135.25
J36;1;0;rGGr;30135.50
J36;1;0;rGGr;30135.75
J36;1;0;rGGr;30136.00
J36;1;0;rGGr;30136.25
J36;1;0;rGGr;30136.50
J36;1;0;rGGr;30136.75
J36;1;0;rGGr;30137.00
J36;1;0;rGGr;30137.25
J36;1;0;rGGr;30137.50
J36;1;0;rGGr;30137.75
J36;1;0;rGGr;30138.00
J36;1;0;rGGr;30138.25
J36;1;0;rGGr;30138.50
J36;1;0;rGGr;30138.75
J36;1;0;rGGr;30139.00
J36;1;0;rGGr;30139.25
J36;1;0;rGGr;30139.50
J36;1;0;rGGr;30139.75
J36;1;0;rGGr;30140.00
J36;1;0;rGGr;30140.25
J36;1;0;rGGr;30140.50
J36;1;0;rGGr;30140.75
J36;1;0;rGGr;30141.00
J36;1;0;rGGr;30141.25
J36;1;0;rGGr;30141.50
J36;1;0;rGGr;30141.75
J36;1;0;rGGr;30142.00
J36;1;0;rGGr;30142.25
J36;1;0;rGGr;30142.50
J36;1;0;rGGr;30142.75
J36;1;0;rGGr;30143.00
J36;1;0;rGGr;30143.25
J36;1;0;rGGr;30143.50
J36;1;0;rGGr;30143.75
J36;1;0;rGGr;30144.00
J36;1;0;rGGr;30144.25
J36;1;0;rGGr;30144.50
J36;1;0;rGGr;30144.75
J36;1;0;rGGr;30145.00
J36;1;0;rGGr;30145.25
J36;1;0;rGGr;30145.50
J36;1;0;rGGr;30145.75
J36;1;0;rGGr;30146.00
J36;1;0;rGGr;30146.25
J36;1;0;rGGr;30146.50
J36;1;0;rGGr;30146.75
J36;1;0;rGGr;30147.00
J36;1;0;rGGr;30147.25
J36;1;0;rGGr;30147.50
J36;1;0;rGGr;30147.75
J36;1;0;rGGr;30148.00
J36;1;0;rGGr;30148.25
J36;1;0;rGGr;30148.50
J36;1;0;rGGr;30148.75
J36;1;0;rGGr;30149.00
J36;1;0;rGGr;30149.25
J36;1;0;rGGr;30149.50
J36;1;0;rGGr;30149.75
J36;1;0;rGGr;30150.00
J36;1;0;rGGr;30150.25
J36;1;0;rGGr;30150.50
J36;1;0;rGGr;30150.75
J36;1;0;rGGr;30151.00
J36;1;0;rGGr;30151.25
J36;1;0;rGGr;30151.50
J36;1;0;rGGr;30151.75
J36;1;0;rGGr;30152.00
J36;1;0;rGGr;30152.25
J36;1;0;rGGr;30152.50
J36;1;0;rGGr;30152.75
J36;1;0;rGGr;30153.00
J36;1;0;rGGr;30153.25
J36;1;0;rGGr;30153.50
J36;1;0;rGGr;30153.75
J36;1;0;rGGr;30154.00
J36;1;0;rGGr;30154.25
J36;1;0;rGGr;30154.50
J36;1;0;rGGr;30154.75
J36;1;0;rGGr;30155.00
J36;1;0;rGGr;30155.25
J36;1;0;rGGr;30155.50
J36;1;0;rGGr;30155.75
J36;1;0;rGGr;30156.00
J36;1;0;rGGr;30156.25
J36;1;0;rGGr;30156.50
J36;1;0;rGGr;30156.75
J36;1;0;rGGr;30157.00
J36;1;0;rGGr;30157.25
J36;1;0;rGGr;30157.50
J36;1;0;rGGr;30157.75
J36;1;0;rGGr;30158.00
J36;1;0;rGGr;30158.25
J36;1;0;rGGr;30158.50
J36;1;0;rGGr;30158.75
J36;1;0;rGGr;30159.00
J36;1;0;rGGr;30159.25
J36;1;0;rGGr;30159.50
J36;1;0;rGGr;30159.75
J36;1;0;rGGr;30160.00
J36;1;0;rGGr;30160.25
J36;2;0;ryyr;30160.50
J36;2;0;ryyr;30160.75
J36;0;online;yyyyyyyyyyyyyyyyyyyyyyyyyyyyyyyyyyyyyyyyyyyyyyyyyyyyyyyyy;30161.00
J36;0;online;yyyyyyyyyyyyyyyyyyyyyyyyyyyyyyyyyyyyyyyyyyyyyyyyyyyyyyyyy;30161.25
J36;0;online;yyyyyyyyyyyyyyyyyyyyyyyyyyyyyyyyyyyyyyyyyyyyyyyyyyyyyyyyy;30161.50
J36;0;online;yyyyyyyyyyyyyyyyyyyyyyyyyyyyyyyyyyyyyyyyyyyyyyyyyyyyyyyyy;30161.75
J36;0;online;yyyyyyyyyyyyyyyyyyyyyyyyyyyyyyyyyyyyyyyyyyyyyyyyyyyyyyyyy;30162.00
J36;0;online;yyyyyyyyyyyyyyyyyyyyyyyyyyyyyyyyyyyyyyyyyyyyyyyyyyyyyyyyy;30162.25
J36;0;online;yyyyyyyyyyyyyyyyyyyyyyyyyyyyyyyyyyyyyyyyyyyyyyyyyyyyyyyyy;30162.50
J36;0;online;yyyyyyyyyyyyyyyyyyyyyyyyyyyyyyyyyyyyyyyyyyyyyyyyyyyyyyyyy;30162.75
J36;0;online;yyyyyyyyyyyyyyyyyyyyyyyyyyyyyyyyyyyyyyyyyyyyyyyyyyyyyyyyy;30163.00
J36;0;online;yyyyyyyyyyyyyyyyyyyyyyyyyyyyyyyyyyyyyyyyyyyyyyyyyyyyyyyyy;30163.25
J36;0;online;yyyyyyyyyyyyyyyyyyyyyyyyyyyyyyyyyyyyyyyyyyyyyyyyyyyyyyyyy;30163.50
J36;0;online;yyyyyyyyyyyyyyyyyyyyyyyyyyyyyyyyyyyyyyyyyyyyyyyyyyyyyyyyy;30163.75
J36;4;0;urru;30164.00
J36;4;0;urru;30164.25
J36;4;0;urru;30164.50
J36;4;0;urru;30164.75
J36;5;0;GrrG;30165.00
J36;5;0;GrrG;30165.25
J36;5;0;GrrG;30165.50
J36;5;0;GrrG;30165.75
J36;5;0;GrrG;30166.00
J36;5;0;GrrG;30166.25
J36;5;0;GrrG;30166.50
J36;5;0;GrrG;30166.75
J36;5;0;GrrG;30167.00
J36;5;0;GrrG;30167.25
J36;5;0;GrrG;30167.50
J36;5;0;GrrG;30167.75
J36;5;0;GrrG;30168.00
J36;5;0;GrrG;30168.25
J36;5;0;GrrG;30168.50
J36;5;0;GrrG;30168.75
J36;5;0;GrrG;30169.00
J36;5;0;GrrG;30169.25
J36;5;0;GrrG;30169.50
J36;5;0;GrrG;30169.75
J36;5;0;GrrG;30170.00
J36;5;0;GrrG;30170.25
J36;5;0;GrrG;30170.50
J36;5;0;GrrG;30170.75
J36;5;0;GrrG;30171.00
J36;5;0;GrrG;30171.25
J36;5;0;GrrG;30171.50
J36;5;0;GrrG;30171.75
J36;5;0;GrrG;30172.00
J36;5;0;GrrG;30172.25
J36;5;0;GrrG;30172.50
J36;5;0;GrrG;30172.75
J36;5;0;GrrG;30173.00
J36;5;0;GrrG;30173.25
J36;5;0;GrrG;30173.50
J36;5;0;GrrG;30173.75
J36;5;0;GrrG;30174.00
J36;5;0;GrrG;30174.25
J36;5;0;GrrG;30174.50
J36;5;0;GrrG;30174.75
J36;5;0;GrrG;30175.00
J36;5;0;GrrG;30175.25
J36;5;0;GrrG;30175.50
J36;5;0;GrrG;30175.75
J36;5;0;GrrG;30176.00
J36;5;0;GrrG;30176.25
J36;5;0;GrrG;30176.50
J36;5;0;GrrG;30176.75
J36;5;0;GrrG;30177.00
J36;5;0;GrrG;30177.25
J36;5;0;GrrG;30177.50
J36;5;0;GrrG;30177.75
J36;5;0;GrrG;30178.00
J36;5;0;GrrG;30178.25
J36;5;0;GrrG;30178.50
J36;5;0;GrrG;30178.75
J36;5;0;GrrG;30179.00
J36;5;0;GrrG;30179.25
J36;5;0;GrrG;30179.50
J36;5;0;GrrG;30179.75
J36;5;0;GrrG;30180.00
J36;5;0;GrrG;30180.25
J36;5;0;GrrG;30180.50
J36;5;0;GrrG;30180.75
J36;5;0;GrrG;30181.00
J36;5;0;GrrG;30181.25
J36;5;0;GrrG;30181.50
J36;5;0;GrrG;30181.75
J36;5;0;GrrG;30182.00
J36;5;0;GrrG;30182.25
J36;5;0;GrrG;30182.50
J36;5;0;GrrG;30182.75
J36;5;0;GrrG;30183.00
J36;5;0;GrrG;30183.25
J36;5;0;GrrG;30183.50
J36;5;0;GrrG;30183.75
J36;5;0;GrrG;30184.00
J36;5;0;GrrG;30184.25
J36;5;0;GrrG;30184.50
J36;5;0;GrrG;30184.75
J36;5;0;GrrG;30185.00
J36;5;0;GrrG;30185.25
J36;5;0;GrrG;30185.50
J36;5;0;GrrG;30185.75
J36;5;0;GrrG;30186.00
J36;5;0;GrrG;30186.25
J36;5;0;GrrG;30186.50
J36;5;0;GrrG;30186.75
J36;5;0;GrrG;30187.00
J36;5;0;GrrG;30187.25
J36;5;0;GrrG;30187.50
J36;5;0;GrrG;30187.75
J36;5;0;GrrG;30188.00
J36;5;0;GrrG;30188.25
J36;5;0;GrrG;30188.50
J36;5;0;GrrG;30188.75
J36;5;0;GrrG;30189.00
J36;5;0;GrrG;30189.25
J36;5;0;GrrG;30189.50
J36;5;0;GrrG;30189.75
J36;6;0;yrry;30190.00
J36;6;0;yrry;30190.25
J36;6;0;yrry;30190.50
J36;6;0;yrry;30190.75
J36;6;0;yrry;30191.00
J36;6;0;yrry;30191.25
J36;6;0;yrry;30191.50
J36;6;0;yrry;30191.75
J36;6;0;yrry;30192.00
J36;6;0;yrry;30192.25
J36;6;0;yrry;30192.50
J36;6;0;yrry;30192.75
J36;7;0;rrrr;30193.00
J36;7;0;rrrr;30193.25
J36;7;0;rrrr;30193.50
J36;7;0;rrrr;30193.75
J36;0;0;ruur;30194.00
J36;0;0;ruur;30194.25
J36;0;0;ruur;30194.50
J36;0;0;ruur;30194.75
J36;1;0;rGGr;30195.00
J36;1;0;rGGr;30195.25
J36;1;0;rGGr;30195.50
J36;1;0;rGGr;30195.75
J36;1;0;rGGr;30196.00
J36;1;0;rGGr;30196.25
J36;1;0;rGGr;30196.50
J36;1;0;rGGr;30196.75
J36;1;0;rGGr;30197.00
J36;1;0;rGGr;30197.25
J36;1;0;rGGr;30197.50
J36;1;0;rGGr;30197.75
J36;1;0;rGGr;30198.00
J36;1;0;rGGr;30198.25
J36;1;0;rGGr;30198.50
J36;1;0;rGGr;30198.75
J36;1;0;rGGr;30199.00
J36;1;0;rGGr;30199.25
J36;1;0;rGGr;30199.50
J36;1;0;rGGr;30199.75
J36;1;0;rGGr;30200.00
J36;1;0;rGGr;30200.25
J36;1;0;rGGr;30200.50
J36;1;0;rGGr;30200.75
J36;1;0;rGGr;30201.00
J36;1;0;rGGr;30201.25
J36;1;0;rGGr;30201.50
J36;1;0;rGGr;30201.75
J36;1;0;rGGr;30202.00
J36;1;0;rGGr;30202.25
J36;1;0;rGGr;30202.50
J36;1;0;rGGr;30202.75
J36;1;0;rGGr;30203.00
J36;1;0;rGGr;30203.25
J36;1;0;rGGr;30203.50
J36;1;0;rGGr;30203.75
J36;1;0;rGGr;30204.00
J36;1;0;rGGr;30204.25
J36;1;0;rGGr;30204.50
J36;1;0;rGGr;30204.75
J36;1;0;rGGr;30205.00
J36;1;0;rGGr;30205.25
J36;1;0;rGGr;30205.50
J36;1;0;rGGr;30205.75
J36;1;0;rGGr;30206.00
J36;1;0;rGGr;30206.25
J36;1;0;rGGr;30206.50
J36;1;0;rGGr;30206.75
J36;1;0;rGGr;30207.00
J36;1;0;rGGr;30207.25
J36;1;0;rGGr;30207.50
J36;1;0;rGGr;30207.75
J36;1;0;rGGr;30208.00
J36;1;0;rGGr;30208.25
J36;1;0;rGGr;30208.50
J36;1;0;rGGr;30208.75
J36;1;0;rGGr;30209.00
J36;1;0;rGGr;30209.25
J36;1;0;rGGr;30209.50
J36;1;0;rGGr;30209.75
J36;1;0;rGGr;30210.00
J36;1;0;rGGr;30210.25
J36;1;0;rGGr;30210.50
J36;1;0;rGGr;30210.75
J36;1;0;rGGr;30211.00
J36;1;0;rGGr;30211.25
J36;1;0;rGGr;30211.50
J36;1;0;rGGr;30211.75
J36;1;0;rGGr;30212.00
J36;1;0;rGGr;30212.25
J36;1;0;rGGr;30212.50
J36;1;0;rGGr;30212.75
J36;1;0;rGGr;30213.00
J36;1;0;rGGr;30213.25
J36;1;0;rGGr;30213.50
J36;1;0;rGGr;30213.75
J36;1;0;rGGr;30214.00
J36;1;0;rGGr;30214.25
J36;1;0;rGGr;30214.50
J36;1;0;rGGr;30214.75
J36;1;0;rGGr;30215.00
J36;1;0;rGGr;30215.25
J36;1;0;rGGr;30215.50
J36;1;0;rGGr;30215.75
J36;1;0;rGGr;30216.00
J36;1;0;rGGr;30216.25
J36;1;0;rGGr;30216.50
J36;1;0;rGGr;30216.75
J36;1;0;rGGr;30217.00
J36;1;0;rGGr;30217.25
J36;1;0;rGGr;30217.50
J36;1;0;rGGr;30217.75
J36;1;0;rGGr;30218.00
J36;1;0;rGGr;30218.25
J36;0;online;yyyyyyyyyyyyyyyyyyyyyyyyyyyyyyyyyyyyyyyyyyyyyyyyyyyyyyyyy;30218.50
J36;0;online;yyyyyyyyyyyyyyyyyyyyyyyyyyyyyyyyyyyyyyyyyyyyyyyyyyyyyyyyy;30218.75
J36;0;online;yyyyyyyyyyyyyyyyyyyyyyyyyyyyyyyyyyyyyyyyyyyyyyyyyyyyyyyyy;30219.00
J36;0;online;yyyyyyyyyyyyyyyyyyyyyyyyyyyyyyyyyyyyyyyyyyyyyyyyyyyyyyyyy;30219.25
J36;0;online;yyyyyyyyyyyyyyyyyyyyyyyyyyyyyyyyyyyyyyyyyyyyyyyyyyyyyyyyy;30219.50
J36;0;online;yyyyyyyyyyyyyyyyyyyyyyyyyyyyyyyyyyyyyyyyyyyyyyyyyyyyyyyyy;30219.75
J36;0;online;yyyyyyyyyyyyyyyyyyyyyyyyyyyyyyyyyyyyyyyyyyyyyyyyyyyyyyyyy;30220.00
J36;0;online;yyyyyyyyyyyyyyyyyyyyyyyyyyyyyyyyyyyyyyyyyyyyyyyyyyyyyyyyy;30220.25
J36;0;online;yyyyyyyyyyyyyyyyyyyyyyyyyyyyyyyyyyyyyyyyyyyyyyyyyyyyyyyyy;30220.50
J36;0;online;yyyyyyyyyyyyyyyyyyyyyyyyyyyyyyyyyyyyyyyyyyyyyyyyyyyyyyyyy;30220.75
J36;0;online;yyyyyyyyyyyyyyyyyyyyyyyyyyyyyyyyyyyyyyyyyyyyyyyyyyyyyyyyy;30221.00
J36;0;online;yyyyyyyyyyyyyyyyyyyyyyyyyyyyyyyyyyyyyyyyyyyyyyyyyyyyyyyyy;30221.25
J36;4;0;urru;30221.50
J36;4;0;urru;30221.75
J36;4;0;urru;30222.00
J36;4;0;urru;30222.25
J36;5;0;GrrG;30222.50
J36;5;0;GrrG;30222.75
J36;5;0;GrrG;30223.00
J36;5;0;GrrG;30223.25
J36;5;0;GrrG;30223.50
J36;5;0;GrrG;30223.75
J36;5;0;GrrG;30224.00
J36;5;0;GrrG;30224.25
J36;5;0;GrrG;30224.50
J36;5;0;GrrG;30224.75
J36;5;0;GrrG;30225.00
J36;5;0;GrrG;30225.25
J36;5;0;GrrG;30225.50
J36;5;0;GrrG;30225.75
J36;5;0;GrrG;30226.00
J36;5;0;GrrG;30226.25
J36;5;0;GrrG;30226.50
J36;5;0;GrrG;30226.75
J36;5;0;GrrG;30227.00
J36;5;0;GrrG;30227.25
J36;5;0;GrrG;30227.50
J36;5;0;GrrG;30227.75
J36;5;0;GrrG;30228.00
J36;5;0;GrrG;30228.25
J36;5;0;GrrG;30228.50
J36;5;0;GrrG;30228.75
J36;5;0;GrrG;30229.00
J36;5;0;GrrG;30229.25
J36;5;0;GrrG;30229.50
J36;5;0;GrrG;30229.75
J36;5;0;GrrG;30230.00
J36;5;0;GrrG;30230.25
J36;5;0;GrrG;30230.50
J36;5;0;GrrG;30230.75
J36;5;0;GrrG;30231.00
J36;5;0;GrrG;30231.25
J36;5;0;GrrG;30231.50
J36;5;0;GrrG;30231.75
J36;5;0;GrrG;30232.00
J36;5;0;GrrG;30232.25
J36;5;0;GrrG;30232.50
J36;5;0;GrrG;30232.75
J36;5;0;GrrG;30233.00
J36;5;0;GrrG;30233.25
J36;5;0;GrrG;30233.50
J36;5;0;GrrG;30233.75
J36;5;0;GrrG;30234.00
J36;5;0;GrrG;30234.25
J36;5;0;GrrG;30234.50
J36;5;0;GrrG;30234.75
J36;5;0;GrrG;30235.00
J36;5;0;GrrG;30235.25
J36;5;0;GrrG;30235.50
J36;5;0;GrrG;30235.75
J36;5;0;GrrG;30236.00
J36;5;0;GrrG;30236.25
J36;5;0;GrrG;30236.50
J36;5;0;GrrG;30236.75
J36;5;0;GrrG;30237.00
J36;5;0;GrrG;30237.25
J36;5;0;GrrG;30237.50
J36;5;0;GrrG;30237.75
J36;5;0;GrrG;30238.00
J36;5;0;GrrG;30238.25
J36;5;0;GrrG;30238.50
J36;5;0;GrrG;30238.75
J36;5;0;GrrG;30239.00
J36;5;0;GrrG;30239.25
J36;5;0;GrrG;30239.50
J36;5;0;GrrG;30239.75
J36;5;0;GrrG;30240.00
J36;5;0;GrrG;30240.25
J36;5;0;GrrG;30240.50
J36;5;0;GrrG;30240.75
J36;5;0;GrrG;30241.00
J36;5;0;GrrG;30241.25
J36;5;0;GrrG;30241.50
J36;5;0;GrrG;30241.75
J36;5;0;GrrG;30242.00
J36;5;0;GrrG;30242.25
J36;5;0;GrrG;30242.50
J36;5;0;GrrG;30242.75
J36;5;0;GrrG;30243.00
J36;5;0;GrrG;30243.25
J36;5;0;GrrG;30243.50
J36;5;0;GrrG;30243.75
J36;5;0;GrrG;30244.00
J36;5;0;GrrG;30244.25
J36;5;0;GrrG;30244.50
J36;5;0;GrrG;30244.75
J36;5;0;GrrG;30245.00
J36;5;0;GrrG;30245.25
J36;5;0;GrrG;30245.50
J36;5;0;GrrG;30245.75
J36;5;0;GrrG;30246.00
J36;5;0;GrrG;30246.25
J36;5;0;GrrG;30246.50
J36;5;0;GrrG;30246.75
J36;5;0;GrrG;30247.00
J36;5;0;GrrG;30247.25
J36;6;0;yrry;30247.50
J36;6;0;yrry;30247.75
J36;6;0;yrry;30248.00
J36;6;0;yrry;30248.25
J36;6;0;yrry;30248.50
J36;6;0;yrry;30248.75
J36;6;0;yrry;30249.00
J36;6;0;yrry;30249.25
J36;6;0;yrry;30249.50
J36;6;0;yrry;30249.75
J36;6;0;yrry;30250.00
J36;6;0;yrry;30250.25
J36;7;0;rrrr;30250.50
J36;7;0;rrrr;30250.75
J36;7;0;rrrr;30251.00
J36;7;0;rrrr;30251.25
J36;0;0;ruur;30251.50
J36;0;0;ruur;30251.75
J36;0;0;ruur;30252.00
J36;0;0;ruur;30252.25
J36;1;0;rGGr;30252.50
J36;1;0;rGGr;30252.75
J36;1;0;rGGr;30253.00
J36;1;0;rGGr;30253.25
J36;1;0;rGGr;30253.50
J36;1;0;rGGr;30253.75
J36;1;0;rGGr;30254.00
J36;1;0;rGGr;30254.25
J36;1;0;rGGr;30254.50
J36;1;0;rGGr;30254.75
J36;1;0;rGGr;30255.00
J36;1;0;rGGr;30255.25
J36;1;0;rGGr;30255.50
J36;1;0;rGGr;30255.75
J36;1;0;rGGr;30256.00
J36;1;0;rGGr;30256.25
J36;1;0;rGGr;30256.50
J36;1;0;rGGr;30256.75
J36;1;0;rGGr;30257.00
J36;1;0;rGGr;30257.25
J36;1;0;rGGr;30257.50
J36;1;0;rGGr;30257.75
J36;1;0;rGGr;30258.00
J36;1;0;rGGr;30258.25
J36;1;0;rGGr;30258.50
J36;1;0;rGGr;30258.75
J36;1;0;rGGr;30259.00
J36;1;0;rGGr;30259.25
J36;1;0;rGGr;30259.50
J36;1;0;rGGr;30259.75
J36;1;0;rGGr;30260.00
J36;1;0;rGGr;30260.25
J36;1;0;rGGr;30260.50
J36;1;0;rGGr;30260.75
J36;1;0;rGGr;30261.00
J36;1;0;rGGr;30261.25
J36;1;0;rGGr;30261.50
J36;1;0;rGGr;30261.75
J36;1;0;rGGr;30262.00
J36;1;0;rGGr;30262.25
J36;1;0;rGGr;30262.50
J36;1;0;rGGr;30262.75
J36;1;0;rGGr;30263.00
J36;1;0;rGGr;30263.25
J36;1;0;rGGr;30263.50
J36;1;0;rGGr;30263.75
J36;1;0;rGGr;30264.00
J36;1;0;rGGr;30264.25
J36;0;online;yyyyyyyyyyyyyyyyyyyyyyyyyyyyyyyyyyyyyyyyyyyyyyyyyyyyyyyyy;30264.50
J36;0;online;yyyyyyyyyyyyyyyyyyyyyyyyyyyyyyyyyyyyyyyyyyyyyyyyyyyyyyyyy;30264.75
J36;0;online;yyyyyyyyyyyyyyyyyyyyyyyyyyyyyyyyyyyyyyyyyyyyyyyyyyyyyyyyy;30265.00
J36;0;online;yyyyyyyyyyyyyyyyyyyyyyyyyyyyyyyyyyyyyyyyyyyyyyyyyyyyyyyyy;30265.25
J36;0;online;yyyyyyyyyyyyyyyyyyyyyyyyyyyyyyyyyyyyyyyyyyyyyyyyyyyyyyyyy;30265.50
J36;0;online;yyyyyyyyyyyyyyyyyyyyyyyyyyyyyyyyyyyyyyyyyyyyyyyyyyyyyyyyy;30265.75
J36;0;online;yyyyyyyyyyyyyyyyyyyyyyyyyyyyyyyyyyyyyyyyyyyyyyyyyyyyyyyyy;30266.00
J36;0;online;yyyyyyyyyyyyyyyyyyyyyyyyyyyyyyyyyyyyyyyyyyyyyyyyyyyyyyyyy;30266.25
J36;0;online;yyyyyyyyyyyyyyyyyyyyyyyyyyyyyyyyyyyyyyyyyyyyyyyyyyyyyyyyy;30266.50
J36;0;online;yyyyyyyyyyyyyyyyyyyyyyyyyyyyyyyyyyyyyyyyyyyyyyyyyyyyyyyyy;30266.75
J36;0;online;yyyyyyyyyyyyyyyyyyyyyyyyyyyyyyyyyyyyyyyyyyyyyyyyyyyyyyyyy;30267.00
J36;0;online;yyyyyyyyyyyyyyyyyyyyyyyyyyyyyyyyyyyyyyyyyyyyyyyyyyyyyyyyy;30267.25
J36;4;0;urru;30267.50
J36;4;0;urru;30267.75
J36;4;0;urru;30268.00
J36;4;0;urru;30268.25
J36;5;0;GrrG;30268.50
J36;5;0;GrrG;30268.75
J36;5;0;GrrG;30269.00
J36;5;0;GrrG;30269.25
J36;5;0;GrrG;30269.50
J36;5;0;GrrG;30269.75
J36;5;0;GrrG;30270.00
J36;5;0;GrrG;30270.25
J36;5;0;GrrG;30270.50
J36;5;0;GrrG;30270.75
J36;5;0;GrrG;30271.00
J36;5;0;GrrG;30271.25
J36;5;0;GrrG;30271.50
J36;5;0;GrrG;30271.75
J36;5;0;GrrG;30272.00
J36;5;0;GrrG;30272.25
J36;5;0;GrrG;30272.50
J36;5;0;GrrG;30272.75
J36;5;0;GrrG;30273.00
J36;5;0;GrrG;30273.25
J36;5;0;GrrG;30273.50
J36;5;0;GrrG;30273.75
J36;5;0;GrrG;30274.00
J36;5;0;GrrG;30274.25
J36;5;0;GrrG;30274.50
J36;5;0;GrrG;30274.75
J36;5;0;GrrG;30275.00
J36;5;0;GrrG;30275.25
J36;5;0;GrrG;30275.50
J36;5;0;GrrG;30275.75
J36;5;0;GrrG;30276.00
J36;5;0;GrrG;30276.25
J36;5;0;GrrG;30276.50
J36;5;0;GrrG;30276.75
J36;5;0;GrrG;30277.00
J36;5;0;GrrG;30277.25
J36;5;0;GrrG;30277.50
J36;5;0;GrrG;30277.75
J36;5;0;GrrG;30278.00
J36;5;0;GrrG;30278.25
J36;5;0;GrrG;30278.50
J36;5;0;GrrG;30278.75
J36;5;0;GrrG;30279.00
J36;5;0;GrrG;30279.25
J36;5;0;GrrG;30279.50
J36;5;0;GrrG;30279.75
J36;5;0;GrrG;30280.00
J36;5;0;GrrG;30280.25
J36;5;0;GrrG;30280.50
J36;5;0;GrrG;30280.75
J36;5;0;GrrG;30281.00
J36;5;0;GrrG;30281.25
J36;5;0;GrrG;30281.50
J36;5;0;GrrG;30281.75
J36;5;0;GrrG;30282.00
J36;5;0;GrrG;30282.25
J36;5;0;GrrG;30282.50
J36;5;0;GrrG;30282.75
J36;5;0;GrrG;30283.00
J36;5;0;GrrG;30283.25
J36;5;0;GrrG;30283.50
J36;5;0;GrrG;30283.75
J36;5;0;GrrG;30284.00
J36;5;0;GrrG;30284.25
J36;5;0;GrrG;30284.50
J36;5;0;GrrG;30284.75
J36;5;0;GrrG;30285.00
J36;5;0;GrrG;30285.25
J36;5;0;GrrG;30285.50
J36;5;0;GrrG;30285.75
J36;5;0;GrrG;30286.00
J36;5;0;GrrG;30286.25
J36;5;0;GrrG;30286.50
J36;5;0;GrrG;30286.75
J36;5;0;GrrG;30287.00
J36;5;0;GrrG;30287.25
J36;5;0;GrrG;30287.50
J36;5;0;GrrG;30287.75
J36;5;0;GrrG;30288.00
J36;5;0;GrrG;30288.25
J36;5;0;GrrG;30288.50
J36;5;0;GrrG;30288.75
J36;5;0;GrrG;30289.00
J36;5;0;GrrG;30289.25
J36;5;0;GrrG;30289.50
J36;5;0;GrrG;30289.75
J36;5;0;GrrG;30290.00
J36;5;0;GrrG;30290.25
J36;5;0;GrrG;30290.50
J36;5;0;GrrG;30290.75
J36;5;0;GrrG;30291.00
J36;5;0;GrrG;30291.25
J36;5;0;GrrG;30291.50
J36;5;0;GrrG;30291.75
J36;5;0;GrrG;30292.00
J36;5;0;GrrG;30292.25
J36;5;0;GrrG;30292.50
J36;5;0;GrrG;30292.75
J36;5;0;GrrG;30293.00
J36;5;0;GrrG;30293.25
J36;6;0;yrry;30293.50
J36;6;0;yrry;30293.75
J36;6;0;yrry;30294.00
J36;6;0;yrry;30294.25
J36;6;0;yrry;30294.50
J36;6;0;yrry;30294.75
J36;6;0;yrry;30295.00
J36;6;0;yrry;30295.25
J36;6;0;yrry;30295.50
J36;6;0;yrry;30295.75
J36;6;0;yrry;30296.00
J36;6;0;yrry;30296.25
J36;7;0;rrrr;30296.50
J36;7;0;rrrr;30296.75
J36;7;0;rrrr;30297.00
J36;7;0;rrrr;30297.25
J36;0;0;ruur;30297.50
J36;0;0;ruur;30297.75
J36;0;0;ruur;30298.00
J36;0;0;ruur;30298.25
J36;1;0;rGGr;30298.50
J36;1;0;rGGr;30298.75
J36;1;0;rGGr;30299.00
J36;1;0;rGGr;30299.25
J36;1;0;rGGr;30299.50
J36;1;0;rGGr;30299.75
J36;1;0;rGGr;30300.00
J36;1;0;rGGr;30300.25
J36;1;0;rGGr;30300.50
J36;1;0;rGGr;30300.75
J36;1;0;rGGr;30301.00
J36;1;0;rGGr;30301.25
J36;1;0;rGGr;30301.50
J36;1;0;rGGr;30301.75
J36;1;0;rGGr;30302.00
J36;1;0;rGGr;30302.25
J36;1;0;rGGr;30302.50
J36;1;0;rGGr;30302.75
J36;1;0;rGGr;30303.00
J36;1;0;rGGr;30303.25
J36;1;0;rGGr;30303.50
J36;1;0;rGGr;30303.75
J36;1;0;rGGr;30304.00
J36;1;0;rGGr;30304.25
J36;1;0;rGGr;30304.50
J36;1;0;rGGr;30304.75
J36;1;0;rGGr;30305.00
J36;1;0;rGGr;30305.25
J36;1;0;rGGr;30305.50
J36;1;0;rGGr;30305.75
J36;1;0;rGGr;30306.00
J36;1;0;rGGr;30306.25
J36;1;0;rGGr;30306.50
J36;0;online;yyyyyyyyyyyyyyyyyyyyyyyyyyyyyyyyyyyyyyyyyyyyyyyyyyyyyyyyy;30306.75
J36;0;online;yyyyyyyyyyyyyyyyyyyyyyyyyyyyyyyyyyyyyyyyyyyyyyyyyyyyyyyyy;30307.00
J36;0;online;yyyyyyyyyyyyyyyyyyyyyyyyyyyyyyyyyyyyyyyyyyyyyyyyyyyyyyyyy;30307.25
J36;0;online;yyyyyyyyyyyyyyyyyyyyyyyyyyyyyyyyyyyyyyyyyyyyyyyyyyyyyyyyy;30307.50
J36;0;online;yyyyyyyyyyyyyyyyyyyyyyyyyyyyyyyyyyyyyyyyyyyyyyyyyyyyyyyyy;30307.75
J36;0;online;yyyyyyyyyyyyyyyyyyyyyyyyyyyyyyyyyyyyyyyyyyyyyyyyyyyyyyyyy;30308.00
J36;0;online;yyyyyyyyyyyyyyyyyyyyyyyyyyyyyyyyyyyyyyyyyyyyyyyyyyyyyyyyy;30308.25
J36;0;online;yyyyyyyyyyyyyyyyyyyyyyyyyyyyyyyyyyyyyyyyyyyyyyyyyyyyyyyyy;30308.50
J36;0;online;yyyyyyyyyyyyyyyyyyyyyyyyyyyyyyyyyyyyyyyyyyyyyyyyyyyyyyyyy;30308.75
J36;0;online;yyyyyyyyyyyyyyyyyyyyyyyyyyyyyyyyyyyyyyyyyyyyyyyyyyyyyyyyy;30309.00
J36;0;online;yyyyyyyyyyyyyyyyyyyyyyyyyyyyyyyyyyyyyyyyyyyyyyyyyyyyyyyyy;30309.25
J36;0;online;yyyyyyyyyyyyyyyyyyyyyyyyyyyyyyyyyyyyyyyyyyyyyyyyyyyyyyyyy;30309.50
J36;4;0;urru;30309.75
J36;4;0;urru;30310.00
J36;4;0;urru;30310.25
J36;4;0;urru;30310.50
J36;5;0;GrrG;30310.75
J36;5;0;GrrG;30311.00
J36;5;0;GrrG;30311.25
J36;5;0;GrrG;30311.50
J36;5;0;GrrG;30311.75
J36;5;0;GrrG;30312.00
J36;5;0;GrrG;30312.25
J36;5;0;GrrG;30312.50
J36;5;0;GrrG;30312.75
J36;5;0;GrrG;30313.00
J36;5;0;GrrG;30313.25
J36;5;0;GrrG;30313.50
J36;5;0;GrrG;30313.75
J36;5;0;GrrG;30314.00
J36;5;0;GrrG;30314.25
J36;5;0;GrrG;30314.50
J36;5;0;GrrG;30314.75
J36;5;0;GrrG;30315.00
J36;5;0;GrrG;30315.25
J36;5;0;GrrG;30315.50
J36;5;0;GrrG;30315.75
J36;5;0;GrrG;30316.00
J36;5;0;GrrG;30316.25
J36;5;0;GrrG;30316.50
J36;5;0;GrrG;30316.75
J36;5;0;GrrG;30317.00
J36;5;0;GrrG;30317.25
J36;5;0;GrrG;30317.50
J36;5;0;GrrG;30317.75
J36;5;0;GrrG;30318.00
J36;5;0;GrrG;30318.25
J36;5;0;GrrG;30318.50
J36;5;0;GrrG;30318.75
J36;5;0;GrrG;30319.00
J36;5;0;GrrG;30319.25
J36;5;0;GrrG;30319.50
J36;5;0;GrrG;30319.75
J36;5;0;GrrG;30320.00
J36;5;0;GrrG;30320.25
J36;5;0;GrrG;30320.50
J36;5;0;GrrG;30320.75
J36;5;0;GrrG;30321.00
J36;5;0;GrrG;30321.25
J36;5;0;GrrG;30321.50
J36;5;0;GrrG;30321.75
J36;5;0;GrrG;30322.00
J36;5;0;GrrG;30322.25
J36;5;0;GrrG;30322.50
J36;5;0;GrrG;30322.75
J36;5;0;GrrG;30323.00
J36;5;0;GrrG;30323.25
J36;5;0;GrrG;30323.50
J36;5;0;GrrG;30323.75
J36;5;0;GrrG;30324.00
J36;5;0;GrrG;30324.25
J36;5;0;GrrG;30324.50
J36;5;0;GrrG;30324.75
J36;5;0;GrrG;30325.00
J36;5;0;GrrG;30325.25
J36;5;0;GrrG;30325.50
J36;5;0;GrrG;30325.75
J36;5;0;GrrG;30326.00
J36;5;0;GrrG;30326.25
J36;5;0;GrrG;30326.50
J36;5;0;GrrG;30326.75
J36;5;0;GrrG;30327.00
J36;5;0;GrrG;30327.25
J36;5;0;GrrG;30327.50
J36;5;0;GrrG;30327.75
J36;5;0;GrrG;30328.00
J36;5;0;GrrG;30328.25
J36;5;0;GrrG;30328.50
J36;5;0;GrrG;30328.75
J36;5;0;GrrG;30329.00
J36;5;0;GrrG;30329.25
J36;5;0;GrrG;30329.50
J36;5;0;GrrG;30329.75
J36;5;0;GrrG;30330.00
J36;5;0;GrrG;30330.25
J36;5;0;GrrG;30330.50
J36;5;0;GrrG;30330.75
J36;5;0;GrrG;30331.00
J36;5;0;GrrG;30331.25
J36;5;0;GrrG;30331.50
J36;5;0;GrrG;30331.75
J36;5;0;GrrG;30332.00
J36;5;0;GrrG;30332.25
J36;5;0;GrrG;30332.50
J36;5;0;GrrG;30332.75
J36;5;0;GrrG;30333.00
J36;5;0;GrrG;30333.25
J36;5;0;GrrG;30333.50
J36;5;0;GrrG;30333.75
J36;5;0;GrrG;30334.00
J36;5;0;GrrG;30334.25
J36;5;0;GrrG;30334.50
J36;5;0;GrrG;30334.75
J36;5;0;GrrG;30335.00
J36;5;0;GrrG;30335.25
J36;5;0;GrrG;30335.50
J36;6;0;yrry;30335.75
J36;6;0;yrry;30336.00
J36;6;0;yrry;30336.25
J36;6;0;yrry;30336.50
J36;6;0;yrry;30336.75
J36;6;0;yrry;30337.00
J36;6;0;yrry;30337.25
J36;6;0;yrry;30337.50
J36;6;0;yrry;30337.75
J36;6;0;yrry;30338.00
J36;6;0;yrry;30338.25
J36;6;0;yrry;30338.50
J36;7;0;rrrr;30338.75
J36;7;0;rrrr;30339.00
J36;7;0;rrrr;30339.25
J36;7;0;rrrr;30339.50
J36;0;0;ruur;30339.75
J36;0;0;ruur;30340.00
J36;0;0;ruur;30340.25
J36;0;0;ruur;30340.50
J36;1;0;rGGr;30340.75
J36;1;0;rGGr;30341.00
J36;1;0;rGGr;30341.25
J36;1;0;rGGr;30341.50
J36;1;0;rGGr;30341.75
J36;1;0;rGGr;30342.00
J36;1;0;rGGr;30342.25
J36;1;0;rGGr;30342.50
J36;1;0;rGGr;30342.75
J36;1;0;rGGr;30343.00
J36;1;0;rGGr;30343.25
J36;1;0;rGGr;30343.50
J36;1;0;rGGr;30343.75
J36;1;0;rGGr;30344.00
J36;1;0;rGGr;30344.25
J36;1;0;rGGr;30344.50
J36;1;0;rGGr;30344.75
J36;1;0;rGGr;30345.00
J36;1;0;rGGr;30345.25
J36;1;0;rGGr;30345.50
J36;1;0;rGGr;30345.75
J36;1;0;rGGr;30346.00
J36;1;0;rGGr;30346.25
J36;1;0;rGGr;30346.50
J36;1;0;rGGr;30346.75
J36;1;0;rGGr;30347.00
J36;1;0;rGGr;30347.25
J36;1;0;rGGr;30347.50
J36;1;0;rGGr;30347.75
J36;1;0;rGGr;30348.00
J36;1;0;rGGr;30348.25
J36;1;0;rGGr;30348.50
J36;1;0;rGGr;30348.75
J36;1;0;rGGr;30349.00
J36;1;0;rGGr;30349.25
J36;1;0;rGGr;30349.50
J36;1;0;rGGr;30349.75
J36;1;0;rGGr;30350.00
J36;1;0;rGGr;30350.25
J36;1;0;rGGr;30350.50
J36;1;0;rGGr;30350.75
J36;1;0;rGGr;30351.00
J36;1;0;rGGr;30351.25
J36;1;0;rGGr;30351.50
J36;1;0;rGGr;30351.75
J36;1;0;rGGr;30352.00
J36;1;0;rGGr;30352.25
J36;1;0;rGGr;30352.50
J36;1;0;rGGr;30352.75
J36;1;0;rGGr;30353.00
J36;1;0;rGGr;30353.25
J36;1;0;rGGr;30353.50
J36;1;0;rGGr;30353.75
J36;1;0;rGGr;30354.00
J36;1;0;rGGr;30354.25
J36;1;0;rGGr;30354.50
J36;1;0;rGGr;30354.75
J36;1;0;rGGr;30355.00
J36;1;0;rGGr;30355.25
J36;1;0;rGGr;30355.50
J36;1;0;rGGr;30355.75
J36;1;0;rGGr;30356.00
J36;1;0;rGGr;30356.25
J36;1;0;rGGr;30356.50
J36;1;0;rGGr;30356.75
J36;1;0;rGGr;30357.00
J36;1;0;rGGr;30357.25
J36;1;0;rGGr;30357.50
J36;1;0;rGGr;30357.75
J36;1;0;rGGr;30358.00
J36;1;0;rGGr;30358.25
J36;1;0;rGGr;30358.50
J36;1;0;rGGr;30358.75
J36;1;0;rGGr;30359.00
J36;1;0;rGGr;30359.25
J36;1;0;rGGr;30359.50
J36;1;0;rGGr;30359.75
J36;1;0;rGGr;30360.00
J36;1;0;rGGr;30360.25
J36;1;0;rGGr;30360.50
J36;1;0;rGGr;30360.75
J36;1;0;rGGr;30361.00
J36;1;0;rGGr;30361.25
J36;1;0;rGGr;30361.50
J36;1;0;rGGr;30361.75
J36;1;0;rGGr;30362.00
J36;1;0;rGGr;30362.25
J36;1;0;rGGr;30362.50
J36;1;0;rGGr;30362.75
J36;1;0;rGGr;30363.00
J36;1;0;rGGr;30363.25
J36;1;0;rGGr;30363.50
J36;1;0;rGGr;30363.75
J36;1;0;rGGr;30364.00
J36;1;0;rGGr;30364.25
J36;1;0;rGGr;30364.50
J36;1;0;rGGr;30364.75
J36;1;0;rGGr;30365.00
J36;1;0;rGGr;30365.25
J36;1;0;rGGr;30365.50
J36;1;0;rGGr;30365.75
J36;1;0;rGGr;30366.00
J36;1;0;rGGr;30366.25
J36;1;0;rGGr;30366.50
J36;1;0;rGGr;30366.75
J36;1;0;rGGr;30367.00
J36;1;0;rGGr;30367.25
J36;1;0;rGGr;30367.50
J36;1;0;rGGr;30367.75
J36;1;0;rGGr;30368.00
J36;1;0;rGGr;30368.25
J36;1;0;rGGr;30368.50
J36;1;0;rGGr;30368.75
J36;1;0;rGGr;30369.00
J36;1;0;rGGr;30369.25
J36;1;0;rGGr;30369.50
J36;1;0;rGGr;30369.75
J36;1;0;rGGr;30370.00
J36;1;0;rGGr;30370.25
J36;1;0;rGGr;30370.50
J36;1;0;rGGr;30370.75
J36;1;0;rGGr;30371.00
J36;1;0;rGGr;30371.25
J36;1;0;rGGr;30371.50
J36;1;0;rGGr;30371.75
J36;1;0;rGGr;30372.00
J36;1;0;rGGr;30372.25
J36;1;0;rGGr;30372.50
J36;1;0;rGGr;30372.75
J36;1;0;rGGr;30373.00
J36;1;0;rGGr;30373.25
J36;1;0;rGGr;30373.50
J36;1;0;rGGr;30373.75
J36;1;0;rGGr;30374.00
J36;1;0;rGGr;30374.25
J36;1;0;rGGr;30374.50
J36;1;0;rGGr;30374.75
J36;1;0;rGGr;30375.00
J36;1;0;rGGr;30375.25
J36;1;0;rGGr;30375.50
J36;1;0;rGGr;30375.75
J36;1;0;rGGr;30376.00
J36;1;0;rGGr;30376.25
J36;1;0;rGGr;30376.50
J36;1;0;rGGr;30376.75
J36;1;0;rGGr;30377.00
J36;1;0;rGGr;30377.25
J36;1;0;rGGr;30377.50
J36;1;0;rGGr;30377.75
J36;1;0;rGGr;30378.00
J36;1;0;rGGr;30378.25
J36;1;0;rGGr;30378.50
J36;1;0;rGGr;30378.75
J36;1;0;rGGr;30379.00
J36;1;0;rGGr;30379.25
J36;1;0;rGGr;30379.50
J36;1;0;rGGr;30379.75
J36;1;0;rGGr;30380.00
J36;1;0;rGGr;30380.25
J36;1;0;rGGr;30380.50
J36;1;0;rGGr;30380.75
J36;1;0;rGGr;30381.00
J36;1;0;rGGr;30381.25
J36;1;0;rGGr;30381.50
J36;1;0;rGGr;30381.75
J36;1;0;rGGr;30382.00
J36;1;0;rGGr;30382.25
J36;1;0;rGGr;30382.50
J36;1;0;rGGr;30382.75
J36;1;0;rGGr;30383.00
J36;1;0;rGGr;30383.25
J36;1;0;rGGr;30383.50
J36;1;0;rGGr;30383.75
J36;1;0;rGGr;30384.00
J36;1;0;rGGr;30384.25
J36;1;0;rGGr;30384.50
J36;1;0;rGGr;30384.75
J36;1;0;rGGr;30385.00
J36;1;0;rGGr;30385.25
J36;1;0;rGGr;30385.50
J36;1;0;rGGr;30385.75
J36;1;0;rGGr;30386.00
J36;1;0;rGGr;30386.25
J36;1;0;rGGr;30386.50
J36;1;0;rGGr;30386.75
J36;1;0;rGGr;30387.00
J36;1;0;rGGr;30387.25
J36;1;0;rGGr;30387.50
J36;1;0;rGGr;30387.75
J36;1;0;rGGr;30388.00
J36;1;0;rGGr;30388.25
J36;1;0;rGGr;30388.50
J36;1;0;rGGr;30388.75
J36;1;0;rGGr;30389.00
J36;1;0;rGGr;30389.25
J36;1;0;rGGr;30389.50
J36;1;0;rGGr;30389.75
J36;1;0;rGGr;30390.00
J36;1;0;rGGr;30390.25
J36;1;0;rGGr;30390.50
J36;1;0;rGGr;30390.75
J36;1;0;rGGr;30391.00
J36;1;0;rGGr;30391.25
J36;1;0;rGGr;30391.50
J36;1;0;rGGr;30391.75
J36;1;0;rGGr;30392.00
J36;1;0;rGGr;30392.25
J36;1;0;rGGr;30392.50
J36;1;0;rGGr;30392.75
J36;1;0;rGGr;30393.00
J36;1;0;rGGr;30393.25
J36;1;0;rGGr;30393.50
J36;1;0;rGGr;30393.75
J36;1;0;rGGr;30394.00
J36;1;0;rGGr;30394.25
J36;1;0;rGGr;30394.50
J36;1;0;rGGr;30394.75
J36;1;0;rGGr;30395.00
J36;1;0;rGGr;30395.25
J36;1;0;rGGr;30395.50
J36;1;0;rGGr;30395.75
J36;1;0;rGGr;30396.00
J36;1;0;rGGr;30396.25
J36;1;0;rGGr;30396.50
J36;1;0;rGGr;30396.75
J36;1;0;rGGr;30397.00
J36;1;0;rGGr;30397.25
J36;1;0;rGGr;30397.50
J36;2;0;ryyr;30397.75
J36;2;0;ryyr;30398.00
J36;2;0;ryyr;30398.25
J36;2;0;ryyr;30398.50
J36;2;0;ryyr;30398.75
J36;2;0;ryyr;30399.00
J36;2;0;ryyr;30399.25
J36;2;0;ryyr;30399.50
J36;2;0;ryyr;30399.75
J36;2;0;ryyr;30400.00
J36;2;0;ryyr;30400.25
J36;2;0;ryyr;30400.50
J36;3;0;rrrr;30400.75
J36;3;0;rrrr;30401.00
J36;3;0;rrrr;30401.25
J36;3;0;rrrr;30401.50
J36;4;0;urru;30401.75
J36;4;0;urru;30402.00
J36;4;0;urru;30402.25
J36;4;0;urru;30402.50
J36;5;0;GrrG;30402.75
J36;5;0;GrrG;30403.00
J36;5;0;GrrG;30403.25
J36;5;0;GrrG;30403.50
J36;5;0;GrrG;30403.75
J36;5;0;GrrG;30404.00
J36;5;0;GrrG;30404.25
J36;5;0;GrrG;30404.50
J36;5;0;GrrG;30404.75
J36;5;0;GrrG;30405.00
J36;5;0;GrrG;30405.25
J36;5;0;GrrG;30405.50
J36;5;0;GrrG;30405.75
J36;5;0;GrrG;30406.00
J36;5;0;GrrG;30406.25
J36;5;0;GrrG;30406.50
J36;5;0;GrrG;30406.75
J36;5;0;GrrG;30407.00
J36;5;0;GrrG;30407.25
J36;5;0;GrrG;30407.50
J36;5;0;GrrG;30407.75
J36;5;0;GrrG;30408.00
J36;5;0;GrrG;30408.25
J36;5;0;GrrG;30408.50
J36;5;0;GrrG;30408.75
J36;5;0;GrrG;30409.00
J36;5;0;GrrG;30409.25
J36;5;0;GrrG;30409.50
J36;5;0;GrrG;30409.75
J36;5;0;GrrG;30410.00
J36;5;0;GrrG;30410.25
J36;5;0;GrrG;30410.50
J36;5;0;GrrG;30410.75
J36;5;0;GrrG;30411.00
J36;5;0;GrrG;30411.25
J36;5;0;GrrG;30411.50
J36;5;0;GrrG;30411.75
J36;5;0;GrrG;30412.00
J36;5;0;GrrG;30412.25
J36;5;0;GrrG;30412.50
J36;5;0;GrrG;30412.75
J36;5;0;GrrG;30413.00
J36;5;0;GrrG;30413.25
J36;5;0;GrrG;30413.50
J36;5;0;GrrG;30413.75
J36;5;0;GrrG;30414.00
J36;5;0;GrrG;30414.25
J36;5;0;GrrG;30414.50
J36;5;0;GrrG;30414.75
J36;5;0;GrrG;30415.00
J36;5;0;GrrG;30415.25
J36;5;0;GrrG;30415.50
J36;5;0;GrrG;30415.75
J36;5;0;GrrG;30416.00
J36;5;0;GrrG;30416.25
J36;5;0;GrrG;30416.50
J36;5;0;GrrG;30416.75
J36;5;0;GrrG;30417.00
J36;5;0;GrrG;30417.25
J36;5;0;GrrG;30417.50
J36;5;0;GrrG;30417.75
J36;5;0;GrrG;30418.00
J36;5;0;GrrG;30418.25
J36;5;0;GrrG;30418.50
J36;5;0;GrrG;30418.75
J36;5;0;GrrG;30419.00
J36;5;0;GrrG;30419.25
J36;5;0;GrrG;30419.50
J36;5;0;GrrG;30419.75
J36;5;0;GrrG;30420.00
J36;5;0;GrrG;30420.25
J36;5;0;GrrG;30420.50
J36;5;0;GrrG;30420.75
J36;5;0;GrrG;30421.00
J36;5;0;GrrG;30421.25
J36;5;0;GrrG;30421.50
J36;5;0;GrrG;30421.75
J36;5;0;GrrG;30422.00
J36;5;0;GrrG;30422.25
J36;5;0;GrrG;30422.50
J36;5;0;GrrG;30422.75
J36;5;0;GrrG;30423.00
J36;5;0;GrrG;30423.25
J36;5;0;GrrG;30423.50
J36;5;0;GrrG;30423.75
J36;5;0;GrrG;30424.00
J36;5;0;GrrG;30424.25
J36;5;0;GrrG;30424.50
J36;5;0;GrrG;30424.75
J36;5;0;GrrG;30425.00
J36;5;0;GrrG;30425.25
J36;5;0;GrrG;30425.50
J36;5;0;GrrG;30425.75
J36;5;0;GrrG;30426.00
J36;5;0;GrrG;30426.25
J36;5;0;GrrG;30426.50
J36;5;0;GrrG;30426.75
J36;5;0;GrrG;30427.00
J36;5;0;GrrG;30427.25
J36;5;0;GrrG;30427.50
J36;6;0;yrry;30427.75
J36;6;0;yrry;30428.00
J36;6;0;yrry;30428.25
J36;6;0;yrry;30428.50
J36;6;0;yrry;30428.75
J36;6;0;yrry;30429.00
J36;6;0;yrry;30429.25
J36;6;0;yrry;30429.50
J36;6;0;yrry;30429.75
J36;6;0;yrry;30430.00
J36;6;0;yrry;30430.25
J36;6;0;yrry;30430.50
J36;7;0;rrrr;30430.75
J36;7;0;rrrr;30431.00
J36;7;0;rrrr;30431.25
J36;7;0;rrrr;30431.50
J36;0;0;ruur;30431.75
J36;0;0;ruur;30432.00
J36;0;0;ruur;30432.25
J36;0;0;ruur;30432.50
J36;1;0;rGGr;30432.75
J36;1;0;rGGr;30433.00
J36;1;0;rGGr;30433.25
J36;1;0;rGGr;30433.50
J36;1;0;rGGr;30433.75
J36;1;0;rGGr;30434.00
J36;1;0;rGGr;30434.25
J36;1;0;rGGr;30434.50
J36;1;0;rGGr;30434.75
J36;1;0;rGGr;30435.00
J36;1;0;rGGr;30435.25
J36;1;0;rGGr;30435.50
J36;1;0;rGGr;30435.75
J36;1;0;rGGr;30436.00
J36;1;0;rGGr;30436.25
J36;1;0;rGGr;30436.50
J36;1;0;rGGr;30436.75
J36;1;0;rGGr;30437.00
J36;1;0;rGGr;30437.25
J36;1;0;rGGr;30437.50
J36;1;0;rGGr;30437.75
J36;1;0;rGGr;30438.00
J36;1;0;rGGr;30438.25
J36;1;0;rGGr;30438.50
J36;1;0;rGGr;30438.75
J36;1;0;rGGr;30439.00
J36;1;0;rGGr;30439.25
J36;1;0;rGGr;30439.50
J36;1;0;rGGr;30439.75
J36;1;0;rGGr;30440.00
J36;1;0;rGGr;30440.25
J36;1;0;rGGr;30440.50
J36;1;0;rGGr;30440.75
J36;1;0;rGGr;30441.00
J36;1;0;rGGr;30441.25
J36;1;0;rGGr;30441.50
J36;1;0;rGGr;30441.75
J36;1;0;rGGr;30442.00
J36;1;0;rGGr;30442.25
J36;1;0;rGGr;30442.50
J36;1;0;rGGr;30442.75
J36;1;0;rGGr;30443.00
J36;1;0;rGGr;30443.25
J36;1;0;rGGr;30443.50
J36;1;0;rGGr;30443.75
J36;1;0;rGGr;30444.00
J36;1;0;rGGr;30444.25
J36;1;0;rGGr;30444.50
J36;1;0;rGGr;30444.75
J36;1;0;rGGr;30445.00
J36;1;0;rGGr;30445.25
J36;1;0;rGGr;30445.50
J36;1;0;rGGr;30445.75
J36;1;0;rGGr;30446.00
J36;1;0;rGGr;30446.25
J36;1;0;rGGr;30446.50
J36;1;0;rGGr;30446.75
J36;1;0;rGGr;30447.00
J36;1;0;rGGr;30447.25
J36;1;0;rGGr;30447.50
J36;1;0;rGGr;30447.75
J36;1;0;rGGr;30448.00
J36;1;0;rGGr;30448.25
J36;1;0;rGGr;30448.50
J36;1;0;rGGr;30448.75
J36;1;0;rGGr;30449.00
J36;1;0;rGGr;30449.25
J36;1;0;rGGr;30449.50
J36;1;0;rGGr;30449.75
J36;1;0;rGGr;30450.00
J36;1;0;rGGr;30450.25
J36;1;0;rGGr;30450.50
J36;1;0;rGGr;30450.75
J36;1;0;rGGr;30451.00
J36;1;0;rGGr;30451.25
J36;1;0;rGGr;30451.50
J36;1;0;rGGr;30451.75
J36;1;0;rGGr;30452.00
J36;1;0;rGGr;30452.25
J36;1;0;rGGr;30452.50
J36;1;0;rGGr;30452.75
J36;1;0;rGGr;30453.00
J36;1;0;rGGr;30453.25
J36;1;0;rGGr;30453.50
J36;0;online;yyyyyyyyyyyyyyyyyyyyyyyyyyyyyyyyyyyyyyyyyyyyyyyyyyyyyyyyy;30453.75
J36;0;online;yyyyyyyyyyyyyyyyyyyyyyyyyyyyyyyyyyyyyyyyyyyyyyyyyyyyyyyyy;30454.00
J36;0;online;yyyyyyyyyyyyyyyyyyyyyyyyyyyyyyyyyyyyyyyyyyyyyyyyyyyyyyyyy;30454.25
J36;0;online;yyyyyyyyyyyyyyyyyyyyyyyyyyyyyyyyyyyyyyyyyyyyyyyyyyyyyyyyy;30454.50
J36;0;online;yyyyyyyyyyyyyyyyyyyyyyyyyyyyyyyyyyyyyyyyyyyyyyyyyyyyyyyyy;30454.75
J36;0;online;yyyyyyyyyyyyyyyyyyyyyyyyyyyyyyyyyyyyyyyyyyyyyyyyyyyyyyyyy;30455.00
J36;0;online;yyyyyyyyyyyyyyyyyyyyyyyyyyyyyyyyyyyyyyyyyyyyyyyyyyyyyyyyy;30455.25
J36;0;online;yyyyyyyyyyyyyyyyyyyyyyyyyyyyyyyyyyyyyyyyyyyyyyyyyyyyyyyyy;30455.50
J36;0;online;yyyyyyyyyyyyyyyyyyyyyyyyyyyyyyyyyyyyyyyyyyyyyyyyyyyyyyyyy;30455.75
J36;0;online;yyyyyyyyyyyyyyyyyyyyyyyyyyyyyyyyyyyyyyyyyyyyyyyyyyyyyyyyy;30456.00
J36;0;online;yyyyyyyyyyyyyyyyyyyyyyyyyyyyyyyyyyyyyyyyyyyyyyyyyyyyyyyyy;30456.25
J36;0;online;yyyyyyyyyyyyyyyyyyyyyyyyyyyyyyyyyyyyyyyyyyyyyyyyyyyyyyyyy;30456.50
J36;4;0;urru;30456.75
J36;4;0;urru;30457.00
J36;4;0;urru;30457.25
J36;4;0;urru;30457.50
J36;5;0;GrrG;30457.75
J36;5;0;GrrG;30458.00
J36;5;0;GrrG;30458.25
J36;5;0;GrrG;30458.50
J36;5;0;GrrG;30458.75
J36;5;0;GrrG;30459.00
J36;5;0;GrrG;30459.25
J36;5;0;GrrG;30459.50
J36;5;0;GrrG;30459.75
J36;5;0;GrrG;30460.00
J36;5;0;GrrG;30460.25
J36;5;0;GrrG;30460.50
J36;5;0;GrrG;30460.75
J36;5;0;GrrG;30461.00
J36;5;0;GrrG;30461.25
J36;5;0;GrrG;30461.50
J36;5;0;GrrG;30461.75
J36;5;0;GrrG;30462.00
J36;5;0;GrrG;30462.25
J36;5;0;GrrG;30462.50
J36;5;0;GrrG;30462.75
J36;5;0;GrrG;30463.00
J36;5;0;GrrG;30463.25
J36;5;0;GrrG;30463.50
J36;5;0;GrrG;30463.75
J36;5;0;GrrG;30464.00
J36;5;0;GrrG;30464.25
J36;5;0;GrrG;30464.50
J36;5;0;GrrG;30464.75
J36;5;0;GrrG;30465.00
J36;5;0;GrrG;30465.25
J36;5;0;GrrG;30465.50
J36;5;0;GrrG;30465.75
J36;5;0;GrrG;30466.00
J36;5;0;GrrG;30466.25
J36;5;0;GrrG;30466.50
J36;5;0;GrrG;30466.75
J36;5;0;GrrG;30467.00
J36;5;0;GrrG;30467.25
J36;5;0;GrrG;30467.50
J36;5;0;GrrG;30467.75
J36;5;0;GrrG;30468.00
J36;5;0;GrrG;30468.25
J36;5;0;GrrG;30468.50
J36;5;0;GrrG;30468.75
J36;5;0;GrrG;30469.00
J36;5;0;GrrG;30469.25
J36;5;0;GrrG;30469.50
J36;5;0;GrrG;30469.75
J36;5;0;GrrG;30470.00
J36;5;0;GrrG;30470.25
J36;5;0;GrrG;30470.50
J36;5;0;GrrG;30470.75
J36;5;0;GrrG;30471.00
J36;5;0;GrrG;30471.25
J36;5;0;GrrG;30471.50
J36;5;0;GrrG;30471.75
J36;5;0;GrrG;30472.00
J36;5;0;GrrG;30472.25
J36;5;0;GrrG;30472.50
J36;5;0;GrrG;30472.75
J36;5;0;GrrG;30473.00
J36;5;0;GrrG;30473.25
J36;5;0;GrrG;30473.50
J36;5;0;GrrG;30473.75
J36;5;0;GrrG;30474.00
J36;5;0;GrrG;30474.25
J36;5;0;GrrG;30474.50
J36;5;0;GrrG;30474.75
J36;5;0;GrrG;30475.00
J36;5;0;GrrG;30475.25
J36;5;0;GrrG;30475.50
J36;5;0;GrrG;30475.75
J36;5;0;GrrG;30476.00
J36;5;0;GrrG;30476.25
J36;5;0;GrrG;30476.50
J36;5;0;GrrG;30476.75
J36;5;0;GrrG;30477.00
J36;5;0;GrrG;30477.25
J36;5;0;GrrG;30477.50
J36;5;0;GrrG;30477.75
J36;5;0;GrrG;30478.00
J36;5;0;GrrG;30478.25
J36;5;0;GrrG;30478.50
J36;5;0;GrrG;30478.75
J36;5;0;GrrG;30479.00
J36;5;0;GrrG;30479.25
J36;5;0;GrrG;30479.50
J36;5;0;GrrG;30479.75
J36;5;0;GrrG;30480.00
J36;5;0;GrrG;30480.25
J36;5;0;GrrG;30480.50
J36;5;0;GrrG;30480.75
J36;5;0;GrrG;30481.00
J36;5;0;GrrG;30481.25
J36;5;0;GrrG;30481.50
J36;5;0;GrrG;30481.75
J36;5;0;GrrG;30482.00
J36;5;0;GrrG;30482.25
J36;5;0;GrrG;30482.50
J36;6;0;yrry;30482.75
J36;6;0;yrry;30483.00
J36;6;0;yrry;30483.25
J36;6;0;yrry;30483.50
J36;6;0;yrry;30483.75
J36;6;0;yrry;30484.00
J36;6;0;yrry;30484.25
J36;6;0;yrry;30484.50
J36;6;0;yrry;30484.75
J36;6;0;yrry;30485.00
J36;6;0;yrry;30485.25
J36;6;0;yrry;30485.50
J36;7;0;rrrr;30485.75
J36;7;0;rrrr;30486.00
J36;7;0;rrrr;30486.25
J36;7;0;rrrr;30486.50
J36;0;0;ruur;30486.75
J36;0;0;ruur;30487.00
J36;0;0;ruur;30487.25
J36;0;0;ruur;30487.50
J36;1;0;rGGr;30487.75
J36;1;0;rGGr;30488.00
J36;1;0;rGGr;30488.25
J36;1;0;rGGr;30488.50
J36;1;0;rGGr;30488.75
J36;1;0;rGGr;30489.00
J36;1;0;rGGr;30489.25
J36;1;0;rGGr;30489.50
J36;1;0;rGGr;30489.75
J36;1;0;rGGr;30490.00
J36;1;0;rGGr;30490.25
J36;1;0;rGGr;30490.50
J36;1;0;rGGr;30490.75
J36;1;0;rGGr;30491.00
J36;1;0;rGGr;30491.25
J36;1;0;rGGr;30491.50
J36;1;0;rGGr;30491.75
J36;1;0;rGGr;30492.00
J36;1;0;rGGr;30492.25
J36;1;0;rGGr;30492.50
J36;1;0;rGGr;30492.75
J36;1;0;rGGr;30493.00
J36;1;0;rGGr;30493.25
J36;1;0;rGGr;30493.50
J36;1;0;rGGr;30493.75
J36;1;0;rGGr;30494.00
J36;1;0;rGGr;30494.25
J36;1;0;rGGr;30494.50
J36;1;0;rGGr;30494.75
J36;1;0;rGGr;30495.00
J36;1;0;rGGr;30495.25
J36;1;0;rGGr;30495.50
J36;1;0;rGGr;30495.75
J36;1;0;rGGr;30496.00
J36;1;0;rGGr;30496.25
J36;1;0;rGGr;30496.50
J36;1;0;rGGr;30496.75
J36;1;0;rGGr;30497.00
J36;1;0;rGGr;30497.25
J36;1;0;rGGr;30497.50
J36;1;0;rGGr;30497.75
J36;1;0;rGGr;30498.00
J36;1;0;rGGr;30498.25
J36;1;0;rGGr;30498.50
J36;1;0;rGGr;30498.75
J36;1;0;rGGr;30499.00
J36;1;0;rGGr;30499.25
J36;1;0;rGGr;30499.50
J36;1;0;rGGr;30499.75
J36;1;0;rGGr;30500.00
J36;1;0;rGGr;30500.25
J36;1;0;rGGr;30500.50
J36;1;0;rGGr;30500.75
J36;1;0;rGGr;30501.00
J36;1;0;rGGr;30501.25
J36;1;0;rGGr;30501.50
J36;1;0;rGGr;30501.75
J36;1;0;rGGr;30502.00
J36;1;0;rGGr;30502.25
J36;1;0;rGGr;30502.50
J36;1;0;rGGr;30502.75
J36;1;0;rGGr;30503.00
J36;1;0;rGGr;30503.25
J36;1;0;rGGr;30503.50
J36;1;0;rGGr;30503.75
J36;1;0;rGGr;30504.00
J36;1;0;rGGr;30504.25
J36;1;0;rGGr;30504.50
J36;1;0;rGGr;30504.75
J36;1;0;rGGr;30505.00
J36;1;0;rGGr;30505.25
J36;1;0;rGGr;30505.50
J36;1;0;rGGr;30505.75
J36;1;0;rGGr;30506.00
J36;1;0;rGGr;30506.25
J36;1;0;rGGr;30506.50
J36;1;0;rGGr;30506.75
J36;1;0;rGGr;30507.00
J36;1;0;rGGr;30507.25
J36;1;0;rGGr;30507.50
J36;1;0;rGGr;30507.75
J36;1;0;rGGr;30508.00
J36;1;0;rGGr;30508.25
J36;1;0;rGGr;30508.50
J36;1;0;rGGr;30508.75
J36;1;0;rGGr;30509.00
J36;1;0;rGGr;30509.25
J36;1;0;rGGr;30509.50
J36;1;0;rGGr;30509.75
J36;1;0;rGGr;30510.00
J36;1;0;rGGr;30510.25
J36;1;0;rGGr;30510.50
J36;1;0;rGGr;30510.75
J36;1;0;rGGr;30511.00
J36;1;0;rGGr;30511.25
J36;1;0;rGGr;30511.50
J36;1;0;rGGr;30511.75
J36;1;0;rGGr;30512.00
J36;1;0;rGGr;30512.25
J36;1;0;rGGr;30512.50
J36;1;0;rGGr;30512.75
J36;1;0;rGGr;30513.00
J36;1;0;rGGr;30513.25
J36;1;0;rGGr;30513.50
J36;1;0;rGGr;30513.75
J36;1;0;rGGr;30514.00
J36;1;0;rGGr;30514.25
J36;1;0;rGGr;30514.50
J36;1;0;rGGr;30514.75
J36;1;0;rGGr;30515.00
J36;1;0;rGGr;30515.25
J36;1;0;rGGr;30515.50
J36;1;0;rGGr;30515.75
J36;1;0;rGGr;30516.00
J36;1;0;rGGr;30516.25
J36;1;0;rGGr;30516.50
J36;1;0;rGGr;30516.75
J36;2;0;ryyr;30517.00
J36;2;0;ryyr;30517.25
J36;2;0;ryyr;30517.50
J36;2;0;ryyr;30517.75
J36;2;0;ryyr;30518.00
J36;2;0;ryyr;30518.25
J36;2;0;ryyr;30518.50
J36;2;0;ryyr;30518.75
J36;2;0;ryyr;30519.00
J36;2;0;ryyr;30519.25
J36;2;0;ryyr;30519.50
J36;2;0;ryyr;30519.75
J36;0;online;yyyyyyyyyyyyyyyyyyyyyyyyyyyyyyyyyyyyyyyyyyyyyyyyyyyyyyyyy;30520.00
J36;0;online;yyyyyyyyyyyyyyyyyyyyyyyyyyyyyyyyyyyyyyyyyyyyyyyyyyyyyyyyy;30520.25
J36;0;online;yyyyyyyyyyyyyyyyyyyyyyyyyyyyyyyyyyyyyyyyyyyyyyyyyyyyyyyyy;30520.50
J36;0;online;yyyyyyyyyyyyyyyyyyyyyyyyyyyyyyyyyyyyyyyyyyyyyyyyyyyyyyyyy;30520.75
J36;0;online;yyyyyyyyyyyyyyyyyyyyyyyyyyyyyyyyyyyyyyyyyyyyyyyyyyyyyyyyy;30521.00
J36;0;online;yyyyyyyyyyyyyyyyyyyyyyyyyyyyyyyyyyyyyyyyyyyyyyyyyyyyyyyyy;30521.25
J36;0;online;yyyyyyyyyyyyyyyyyyyyyyyyyyyyyyyyyyyyyyyyyyyyyyyyyyyyyyyyy;30521.50
J36;0;online;yyyyyyyyyyyyyyyyyyyyyyyyyyyyyyyyyyyyyyyyyyyyyyyyyyyyyyyyy;30521.75
J36;0;online;yyyyyyyyyyyyyyyyyyyyyyyyyyyyyyyyyyyyyyyyyyyyyyyyyyyyyyyyy;30522.00
J36;0;online;yyyyyyyyyyyyyyyyyyyyyyyyyyyyyyyyyyyyyyyyyyyyyyyyyyyyyyyyy;30522.25
J36;0;online;yyyyyyyyyyyyyyyyyyyyyyyyyyyyyyyyyyyyyyyyyyyyyyyyyyyyyyyyy;30522.50
J36;0;online;yyyyyyyyyyyyyyyyyyyyyyyyyyyyyyyyyyyyyyyyyyyyyyyyyyyyyyyyy;30522.75
J36;4;0;urru;30523.00
J36;4;0;urru;30523.25
J36;4;0;urru;30523.50
J36;4;0;urru;30523.75
J36;5;0;GrrG;30524.00
J36;5;0;GrrG;30524.25
J36;5;0;GrrG;30524.50
J36;5;0;GrrG;30524.75
J36;5;0;GrrG;30525.00
J36;5;0;GrrG;30525.25
J36;5;0;GrrG;30525.50
J36;5;0;GrrG;30525.75
J36;5;0;GrrG;30526.00
J36;5;0;GrrG;30526.25
J36;5;0;GrrG;30526.50
J36;5;0;GrrG;30526.75
J36;5;0;GrrG;30527.00
J36;5;0;GrrG;30527.25
J36;5;0;GrrG;30527.50
J36;5;0;GrrG;30527.75
J36;5;0;GrrG;30528.00
J36;5;0;GrrG;30528.25
J36;5;0;GrrG;30528.50
J36;5;0;GrrG;30528.75
J36;5;0;GrrG;30529.00
J36;5;0;GrrG;30529.25
J36;5;0;GrrG;30529.50
J36;5;0;GrrG;30529.75
J36;5;0;GrrG;30530.00
J36;5;0;GrrG;30530.25
J36;5;0;GrrG;30530.50
J36;5;0;GrrG;30530.75
J36;5;0;GrrG;30531.00
J36;5;0;GrrG;30531.25
J36;5;0;GrrG;30531.50
J36;5;0;GrrG;30531.75
J36;5;0;GrrG;30532.00
J36;5;0;GrrG;30532.25
J36;5;0;GrrG;30532.50
J36;5;0;GrrG;30532.75
J36;5;0;GrrG;30533.00
J36;5;0;GrrG;30533.25
J36;5;0;GrrG;30533.50
J36;5;0;GrrG;30533.75
J36;5;0;GrrG;30534.00
J36;5;0;GrrG;30534.25
J36;5;0;GrrG;30534.50
J36;5;0;GrrG;30534.75
J36;5;0;GrrG;30535.00
J36;5;0;GrrG;30535.25
J36;5;0;GrrG;30535.50
J36;5;0;GrrG;30535.75
J36;5;0;GrrG;30536.00
J36;5;0;GrrG;30536.25
J36;5;0;GrrG;30536.50
J36;5;0;GrrG;30536.75
J36;5;0;GrrG;30537.00
J36;5;0;GrrG;30537.25
J36;5;0;GrrG;30537.50
J36;5;0;GrrG;30537.75
J36;5;0;GrrG;30538.00
J36;5;0;GrrG;30538.25
J36;5;0;GrrG;30538.50
J36;5;0;GrrG;30538.75
J36;5;0;GrrG;30539.00
J36;5;0;GrrG;30539.25
J36;5;0;GrrG;30539.50
J36;5;0;GrrG;30539.75
J36;5;0;GrrG;30540.00
J36;5;0;GrrG;30540.25
J36;5;0;GrrG;30540.50
J36;5;0;GrrG;30540.75
J36;5;0;GrrG;30541.00
J36;5;0;GrrG;30541.25
J36;5;0;GrrG;30541.50
J36;5;0;GrrG;30541.75
J36;5;0;GrrG;30542.00
J36;5;0;GrrG;30542.25
J36;5;0;GrrG;30542.50
J36;5;0;GrrG;30542.75
J36;5;0;GrrG;30543.00
J36;5;0;GrrG;30543.25
J36;5;0;GrrG;30543.50
J36;5;0;GrrG;30543.75
J36;5;0;GrrG;30544.00
J36;5;0;GrrG;30544.25
J36;5;0;GrrG;30544.50
J36;5;0;GrrG;30544.75
J36;5;0;GrrG;30545.00
J36;5;0;GrrG;30545.25
J36;5;0;GrrG;30545.50
J36;5;0;GrrG;30545.75
J36;5;0;GrrG;30546.00
J36;5;0;GrrG;30546.25
J36;5;0;GrrG;30546.50
J36;5;0;GrrG;30546.75
J36;5;0;GrrG;30547.00
J36;5;0;GrrG;30547.25
J36;5;0;GrrG;30547.50
J36;5;0;GrrG;30547.75
J36;5;0;GrrG;30548.00
J36;5;0;GrrG;30548.25
J36;5;0;GrrG;30548.50
J36;5;0;GrrG;30548.75
J36;6;0;yrry;30549.00
J36;6;0;yrry;30549.25
J36;6;0;yrry;30549.50
J36;6;0;yrry;30549.75
J36;6;0;yrry;30550.00
J36;6;0;yrry;30550.25
J36;6;0;yrry;30550.50
J36;6;0;yrry;30550.75
J36;6;0;yrry;30551.00
J36;6;0;yrry;30551.25
J36;6;0;yrry;30551.50
J36;6;0;yrry;30551.75
J36;7;0;rrrr;30552.00
J36;7;0;rrrr;30552.25
J36;7;0;rrrr;30552.50
J36;7;0;rrrr;30552.75
J36;0;0;ruur;30553.00
J36;0;0;ruur;30553.25
J36;0;0;ruur;30553.50
J36;0;0;ruur;30553.75
J36;1;0;rGGr;30554.00
J36;1;0;rGGr;30554.25
J36;1;0;rGGr;30554.50
J36;1;0;rGGr;30554.75
J36;1;0;rGGr;30555.00
J36;1;0;rGGr;30555.25
J36;1;0;rGGr;30555.50
J36;1;0;rGGr;30555.75
J36;1;0;rGGr;30556.00
J36;1;0;rGGr;30556.25
J36;1;0;rGGr;30556.50
J36;1;0;rGGr;30556.75
J36;1;0;rGGr;30557.00
J36;1;0;rGGr;30557.25
J36;1;0;rGGr;30557.50
J36;1;0;rGGr;30557.75
J36;1;0;rGGr;30558.00
J36;1;0;rGGr;30558.25
J36;1;0;rGGr;30558.50
J36;1;0;rGGr;30558.75
J36;1;0;rGGr;30559.00
J36;1;0;rGGr;30559.25
J36;1;0;rGGr;30559.50
J36;1;0;rGGr;30559.75
J36;1;0;rGGr;30560.00
J36;1;0;rGGr;30560.25
J36;1;0;rGGr;30560.50
J36;1;0;rGGr;30560.75
J36;1;0;rGGr;30561.00
J36;1;0;rGGr;30561.25
J36;1;0;rGGr;30561.50
J36;1;0;rGGr;30561.75
J36;1;0;rGGr;30562.00
J36;1;0;rGGr;30562.25
J36;1;0;rGGr;30562.50
J36;1;0;rGGr;30562.75
J36;1;0;rGGr;30563.00
J36;1;0;rGGr;30563.25
J36;1;0;rGGr;30563.50
J36;1;0;rGGr;30563.75
J36;1;0;rGGr;30564.00
J36;1;0;rGGr;30564.25
J36;1;0;rGGr;30564.50
J36;1;0;rGGr;30564.75
J36;1;0;rGGr;30565.00
J36;1;0;rGGr;30565.25
J36;1;0;rGGr;30565.50
J36;1;0;rGGr;30565.75
J36;1;0;rGGr;30566.00
J36;1;0;rGGr;30566.25
J36;1;0;rGGr;30566.50
J36;1;0;rGGr;30566.75
J36;1;0;rGGr;30567.00
J36;1;0;rGGr;30567.25
J36;1;0;rGGr;30567.50
J36;1;0;rGGr;30567.75
J36;1;0;rGGr;30568.00
J36;1;0;rGGr;30568.25
J36;1;0;rGGr;30568.50
J36;1;0;rGGr;30568.75
J36;1;0;rGGr;30569.00
J36;1;0;rGGr;30569.25
J36;1;0;rGGr;30569.50
J36;1;0;rGGr;30569.75
J36;1;0;rGGr;30570.00
J36;1;0;rGGr;30570.25
J36;1;0;rGGr;30570.50
J36;1;0;rGGr;30570.75
J36;1;0;rGGr;30571.00
J36;1;0;rGGr;30571.25
J36;1;0;rGGr;30571.50
J36;1;0;rGGr;30571.75
J36;1;0;rGGr;30572.00
J36;1;0;rGGr;30572.25
J36;1;0;rGGr;30572.50
J36;1;0;rGGr;30572.75
J36;1;0;rGGr;30573.00
J36;1;0;rGGr;30573.25
J36;1;0;rGGr;30573.50
J36;1;0;rGGr;30573.75
J36;1;0;rGGr;30574.00
J36;1;0;rGGr;30574.25
J36;1;0;rGGr;30574.50
J36;1;0;rGGr;30574.75
J36;1;0;rGGr;30575.00
J36;1;0;rGGr;30575.25
J36;1;0;rGGr;30575.50
J36;1;0;rGGr;30575.75
J36;1;0;rGGr;30576.00
J36;1;0;rGGr;30576.25
J36;1;0;rGGr;30576.50
J36;1;0;rGGr;30576.75
J36;1;0;rGGr;30577.00
J36;1;0;rGGr;30577.25
J36;1;0;rGGr;30577.50
J36;1;0;rGGr;30577.75
J36;1;0;rGGr;30578.00
J36;1;0;rGGr;30578.25
J36;1;0;rGGr;30578.50
J36;1;0;rGGr;30578.75
J36;2;0;ryyr;30579.00
J36;2;0;ryyr;30579.25
J36;2;0;ryyr;30579.50
J36;2;0;ryyr;30579.75
J36;2;0;ryyr;30580.00
J36;2;0;ryyr;30580.25
J36;2;0;ryyr;30580.50
J36;2;0;ryyr;30580.75
J36;2;0;ryyr;30581.00
J36;2;0;ryyr;30581.25
J36;2;0;ryyr;30581.50
J36;2;0;ryyr;30581.75
J36;2;0;ryyr;30582.00
J36;3;0;rrrr;30582.25
J36;3;0;rrrr;30582.50
J36;3;0;rrrr;30582.75
J36;3;0;rrrr;30583.00
J36;4;0;urru;30583.25
J36;4;0;urru;30583.50
J36;4;0;urru;30583.75
J36;4;0;urru;30584.00
J36;5;0;GrrG;30584.25
J36;5;0;GrrG;30584.50
J36;5;0;GrrG;30584.75
J36;5;0;GrrG;30585.00
J36;5;0;GrrG;30585.25
J36;5;0;GrrG;30585.50
J36;5;0;GrrG;30585.75
J36;5;0;GrrG;30586.00
J36;5;0;GrrG;30586.25
J36;5;0;GrrG;30586.50
J36;5;0;GrrG;30586.75
J36;5;0;GrrG;30587.00
J36;5;0;GrrG;30587.25
J36;5;0;GrrG;30587.50
J36;5;0;GrrG;30587.75
J36;5;0;GrrG;30588.00
J36;5;0;GrrG;30588.25
J36;5;0;GrrG;30588.50
J36;5;0;GrrG;30588.75
J36;5;0;GrrG;30589.00
J36;5;0;GrrG;30589.25
J36;5;0;GrrG;30589.50
J36;5;0;GrrG;30589.75
J36;5;0;GrrG;30590.00
J36;5;0;GrrG;30590.25
J36;5;0;GrrG;30590.50
J36;5;0;GrrG;30590.75
J36;5;0;GrrG;30591.00
J36;5;0;GrrG;30591.25
J36;5;0;GrrG;30591.50
J36;5;0;GrrG;30591.75
J36;5;0;GrrG;30592.00
J36;5;0;GrrG;30592.25
J36;5;0;GrrG;30592.50
J36;5;0;GrrG;30592.75
J36;5;0;GrrG;30593.00
J36;5;0;GrrG;30593.25
J36;5;0;GrrG;30593.50
J36;5;0;GrrG;30593.75
J36;5;0;GrrG;30594.00
J36;5;0;GrrG;30594.25
J36;5;0;GrrG;30594.50
J36;5;0;GrrG;30594.75
J36;5;0;GrrG;30595.00
J36;5;0;GrrG;30595.25
J36;5;0;GrrG;30595.50
J36;5;0;GrrG;30595.75
J36;5;0;GrrG;30596.00
J36;5;0;GrrG;30596.25
J36;5;0;GrrG;30596.50
J36;5;0;GrrG;30596.75
J36;5;0;GrrG;30597.00
J36;5;0;GrrG;30597.25
J36;5;0;GrrG;30597.50
J36;5;0;GrrG;30597.75
J36;5;0;GrrG;30598.00
J36;5;0;GrrG;30598.25
J36;5;0;GrrG;30598.50
J36;5;0;GrrG;30598.75
J36;5;0;GrrG;30599.00
J36;5;0;GrrG;30599.25
J36;5;0;GrrG;30599.50
J36;5;0;GrrG;30599.75
J36;5;0;GrrG;30600.00
J36;5;0;GrrG;30600.25
J36;5;0;GrrG;30600.50
J36;5;0;GrrG;30600.75
J36;5;0;GrrG;30601.00
J36;5;0;GrrG;30601.25
J36;5;0;GrrG;30601.50
J36;5;0;GrrG;30601.75
J36;5;0;GrrG;30602.00
J36;5;0;GrrG;30602.25
J36;5;0;GrrG;30602.50
J36;5;0;GrrG;30602.75
J36;5;0;GrrG;30603.00
J36;5;0;GrrG;30603.25
J36;5;0;GrrG;30603.50
J36;5;0;GrrG;30603.75
J36;5;0;GrrG;30604.00
J36;5;0;GrrG;30604.25
J36;5;0;GrrG;30604.50
J36;5;0;GrrG;30604.75
J36;5;0;GrrG;30605.00
J36;5;0;GrrG;30605.25
J36;5;0;GrrG;30605.50
J36;5;0;GrrG;30605.75
J36;5;0;GrrG;30606.00
J36;5;0;GrrG;30606.25
J36;5;0;GrrG;30606.50
J36;5;0;GrrG;30606.75
J36;5;0;GrrG;30607.00
J36;5;0;GrrG;30607.25
J36;5;0;GrrG;30607.50
J36;5;0;GrrG;30607.75
J36;5;0;GrrG;30608.00
J36;5;0;GrrG;30608.25
J36;5;0;GrrG;30608.50
J36;5;0;GrrG;30608.75
J36;5;0;GrrG;30609.00
J36;6;0;yrry;30609.25
J36;6;0;yrry;30609.50
J36;6;0;yrry;30609.75
J36;6;0;yrry;30610.00
J36;6;0;yrry;30610.25
J36;6;0;yrry;30610.50
J36;6;0;yrry;30610.75
J36;6;0;yrry;30611.00
J36;6;0;yrry;30611.25
J36;6;0;yrry;30611.50
J36;6;0;yrry;30611.75
J36;6;0;yrry;30612.00
J36;7;0;rrrr;30612.25
J36;7;0;rrrr;30612.50
J36;7;0;rrrr;30612.75
J36;7;0;rrrr;30613.00
J36;0;0;ruur;30613.25
J36;0;0;ruur;30613.50
J36;0;0;ruur;30613.75
J36;0;0;ruur;30614.00
J36;1;0;rGGr;30614.25
J36;1;0;rGGr;30614.50
J36;1;0;rGGr;30614.75
J36;1;0;rGGr;30615.00
J36;1;0;rGGr;30615.25
J36;1;0;rGGr;30615.50
J36;1;0;rGGr;30615.75
J36;1;0;rGGr;30616.00
J36;1;0;rGGr;30616.25
J36;1;0;rGGr;30616.50
J36;1;0;rGGr;30616.75
J36;1;0;rGGr;30617.00
J36;1;0;rGGr;30617.25
J36;1;0;rGGr;30617.50
J36;1;0;rGGr;30617.75
J36;1;0;rGGr;30618.00
J36;1;0;rGGr;30618.25
J36;1;0;rGGr;30618.50
J36;1;0;rGGr;30618.75
J36;1;0;rGGr;30619.00
J36;1;0;rGGr;30619.25
J36;1;0;rGGr;30619.50
J36;1;0;rGGr;30619.75
J36;1;0;rGGr;30620.00
J36;1;0;rGGr;30620.25
J36;1;0;rGGr;30620.50
J36;1;0;rGGr;30620.75
J36;1;0;rGGr;30621.00
J36;1;0;rGGr;30621.25
J36;1;0;rGGr;30621.50
J36;1;0;rGGr;30621.75
J36;1;0;rGGr;30622.00
J36;1;0;rGGr;30622.25
J36;1;0;rGGr;30622.50
J36;1;0;rGGr;30622.75
J36;1;0;rGGr;30623.00
J36;1;0;rGGr;30623.25
J36;1;0;rGGr;30623.50
J36;1;0;rGGr;30623.75
J36;1;0;rGGr;30624.00
J36;1;0;rGGr;30624.25
J36;1;0;rGGr;30624.50
J36;1;0;rGGr;30624.75
J36;1;0;rGGr;30625.00
J36;1;0;rGGr;30625.25
J36;1;0;rGGr;30625.50
J36;1;0;rGGr;30625.75
J36;1;0;rGGr;30626.00
J36;1;0;rGGr;30626.25
J36;1;0;rGGr;30626.50
J36;1;0;rGGr;30626.75
J36;1;0;rGGr;30627.00
J36;1;0;rGGr;30627.25
J36;1;0;rGGr;30627.50
J36;1;0;rGGr;30627.75
J36;1;0;rGGr;30628.00
J36;1;0;rGGr;30628.25
J36;1;0;rGGr;30628.50
J36;1;0;rGGr;30628.75
J36;1;0;rGGr;30629.00
J36;1;0;rGGr;30629.25
J36;1;0;rGGr;30629.50
J36;1;0;rGGr;30629.75
J36;1;0;rGGr;30630.00
J36;1;0;rGGr;30630.25
J36;1;0;rGGr;30630.50
J36;1;0;rGGr;30630.75
J36;1;0;rGGr;30631.00
J36;1;0;rGGr;30631.25
J36;1;0;rGGr;30631.50
J36;1;0;rGGr;30631.75
J36;1;0;rGGr;30632.00
J36;1;0;rGGr;30632.25
J36;1;0;rGGr;30632.50
J36;1;0;rGGr;30632.75
J36;1;0;rGGr;30633.00
J36;1;0;rGGr;30633.25
J36;1;0;rGGr;30633.50
J36;1;0;rGGr;30633.75
J36;1;0;rGGr;30634.00
J36;1;0;rGGr;30634.25
J36;1;0;rGGr;30634.50
J36;1;0;rGGr;30634.75
J36;1;0;rGGr;30635.00
J36;1;0;rGGr;30635.25
J36;1;0;rGGr;30635.50
J36;1;0;rGGr;30635.75
J36;1;0;rGGr;30636.00
J36;1;0;rGGr;30636.25
J36;1;0;rGGr;30636.50
J36;1;0;rGGr;30636.75
J36;1;0;rGGr;30637.00
J36;1;0;rGGr;30637.25
J36;0;online;yyyyyyyyyyyyyyyyyyyyyyyyyyyyyyyyyyyyyyyyyyyyyyyyyyyyyyyyy;30637.50
J36;0;online;yyyyyyyyyyyyyyyyyyyyyyyyyyyyyyyyyyyyyyyyyyyyyyyyyyyyyyyyy;30637.75
J36;0;online;yyyyyyyyyyyyyyyyyyyyyyyyyyyyyyyyyyyyyyyyyyyyyyyyyyyyyyyyy;30638.00
J36;0;online;yyyyyyyyyyyyyyyyyyyyyyyyyyyyyyyyyyyyyyyyyyyyyyyyyyyyyyyyy;30638.25
J36;0;online;yyyyyyyyyyyyyyyyyyyyyyyyyyyyyyyyyyyyyyyyyyyyyyyyyyyyyyyyy;30638.50
J36;0;online;yyyyyyyyyyyyyyyyyyyyyyyyyyyyyyyyyyyyyyyyyyyyyyyyyyyyyyyyy;30638.75
J36;0;online;yyyyyyyyyyyyyyyyyyyyyyyyyyyyyyyyyyyyyyyyyyyyyyyyyyyyyyyyy;30639.00
J36;0;online;yyyyyyyyyyyyyyyyyyyyyyyyyyyyyyyyyyyyyyyyyyyyyyyyyyyyyyyyy;30639.25
J36;0;online;yyyyyyyyyyyyyyyyyyyyyyyyyyyyyyyyyyyyyyyyyyyyyyyyyyyyyyyyy;30639.50
J36;0;online;yyyyyyyyyyyyyyyyyyyyyyyyyyyyyyyyyyyyyyyyyyyyyyyyyyyyyyyyy;30639.75
J36;0;online;yyyyyyyyyyyyyyyyyyyyyyyyyyyyyyyyyyyyyyyyyyyyyyyyyyyyyyyyy;30640.00
J36;0;online;yyyyyyyyyyyyyyyyyyyyyyyyyyyyyyyyyyyyyyyyyyyyyyyyyyyyyyyyy;30640.25
J36;4;0;urru;30640.50
J36;4;0;urru;30640.75
J36;4;0;urru;30641.00
J36;4;0;urru;30641.25
J36;5;0;GrrG;30641.50
J36;5;0;GrrG;30641.75
J36;5;0;GrrG;30642.00
J36;5;0;GrrG;30642.25
J36;5;0;GrrG;30642.50
J36;5;0;GrrG;30642.75
J36;5;0;GrrG;30643.00
J36;5;0;GrrG;30643.25
J36;5;0;GrrG;30643.50
J36;5;0;GrrG;30643.75
J36;5;0;GrrG;30644.00
J36;5;0;GrrG;30644.25
J36;5;0;GrrG;30644.50
J36;5;0;GrrG;30644.75
J36;5;0;GrrG;30645.00
J36;5;0;GrrG;30645.25
J36;5;0;GrrG;30645.50
J36;5;0;GrrG;30645.75
J36;5;0;GrrG;30646.00
J36;5;0;GrrG;30646.25
J36;5;0;GrrG;30646.50
J36;5;0;GrrG;30646.75
J36;5;0;GrrG;30647.00
J36;5;0;GrrG;30647.25
J36;5;0;GrrG;30647.50
J36;5;0;GrrG;30647.75
J36;5;0;GrrG;30648.00
J36;5;0;GrrG;30648.25
J36;5;0;GrrG;30648.50
J36;5;0;GrrG;30648.75
J36;5;0;GrrG;30649.00
J36;5;0;GrrG;30649.25
J36;5;0;GrrG;30649.50
J36;5;0;GrrG;30649.75
J36;5;0;GrrG;30650.00
J36;5;0;GrrG;30650.25
J36;5;0;GrrG;30650.50
J36;5;0;GrrG;30650.75
J36;5;0;GrrG;30651.00
J36;5;0;GrrG;30651.25
J36;5;0;GrrG;30651.50
J36;5;0;GrrG;30651.75
J36;5;0;GrrG;30652.00
J36;5;0;GrrG;30652.25
J36;5;0;GrrG;30652.50
J36;5;0;GrrG;30652.75
J36;5;0;GrrG;30653.00
J36;5;0;GrrG;30653.25
J36;5;0;GrrG;30653.50
J36;5;0;GrrG;30653.75
J36;5;0;GrrG;30654.00
J36;5;0;GrrG;30654.25
J36;5;0;GrrG;30654.50
J36;5;0;GrrG;30654.75
J36;5;0;GrrG;30655.00
J36;5;0;GrrG;30655.25
J36;5;0;GrrG;30655.50
J36;5;0;GrrG;30655.75
J36;5;0;GrrG;30656.00
J36;5;0;GrrG;30656.25
J36;5;0;GrrG;30656.50
J36;5;0;GrrG;30656.75
J36;5;0;GrrG;30657.00
J36;5;0;GrrG;30657.25
J36;5;0;GrrG;30657.50
J36;5;0;GrrG;30657.75
J36;5;0;GrrG;30658.00
J36;5;0;GrrG;30658.25
J36;5;0;GrrG;30658.50
J36;5;0;GrrG;30658.75
J36;5;0;GrrG;30659.00
J36;5;0;GrrG;30659.25
J36;5;0;GrrG;30659.50
J36;5;0;GrrG;30659.75
J36;5;0;GrrG;30660.00
J36;5;0;GrrG;30660.25
J36;5;0;GrrG;30660.50
J36;5;0;GrrG;30660.75
J36;5;0;GrrG;30661.00
J36;5;0;GrrG;30661.25
J36;5;0;GrrG;30661.50
J36;5;0;GrrG;30661.75
J36;5;0;GrrG;30662.00
J36;5;0;GrrG;30662.25
J36;5;0;GrrG;30662.50
J36;5;0;GrrG;30662.75
J36;5;0;GrrG;30663.00
J36;5;0;GrrG;30663.25
J36;5;0;GrrG;30663.50
J36;5;0;GrrG;30663.75
J36;5;0;GrrG;30664.00
J36;5;0;GrrG;30664.25
J36;5;0;GrrG;30664.50
J36;5;0;GrrG;30664.75
J36;5;0;GrrG;30665.00
J36;5;0;GrrG;30665.25
J36;5;0;GrrG;30665.50
J36;5;0;GrrG;30665.75
J36;5;0;GrrG;30666.00
J36;5;0;GrrG;30666.25
J36;6;0;yrry;30666.50
J36;6;0;yrry;30666.75
J36;6;0;yrry;30667.00
J36;6;0;yrry;30667.25
J36;6;0;yrry;30667.50
J36;6;0;yrry;30667.75
J36;6;0;yrry;30668.00
J36;6;0;yrry;30668.25
J36;6;0;yrry;30668.50
J36;6;0;yrry;30668.75
J36;6;0;yrry;30669.00
J36;6;0;yrry;30669.25
J36;7;0;rrrr;30669.50
J36;7;0;rrrr;30669.75
J36;7;0;rrrr;30670.00
J36;7;0;rrrr;30670.25
J36;0;0;ruur;30670.50
J36;0;0;ruur;30670.75
J36;0;0;ruur;30671.00
J36;0;0;ruur;30671.25
J36;1;0;rGGr;30671.50
J36;1;0;rGGr;30671.75
J36;1;0;rGGr;30672.00
J36;1;0;rGGr;30672.25
J36;1;0;rGGr;30672.50
J36;1;0;rGGr;30672.75
J36;1;0;rGGr;30673.00
J36;1;0;rGGr;30673.25
J36;1;0;rGGr;30673.50
J36;1;0;rGGr;30673.75
J36;1;0;rGGr;30674.00
J36;1;0;rGGr;30674.25
J36;1;0;rGGr;30674.50
J36;1;0;rGGr;30674.75
J36;1;0;rGGr;30675.00
J36;1;0;rGGr;30675.25
J36;1;0;rGGr;30675.50
J36;1;0;rGGr;30675.75
J36;1;0;rGGr;30676.00
J36;1;0;rGGr;30676.25
J36;1;0;rGGr;30676.50
J36;1;0;rGGr;30676.75
J36;1;0;rGGr;30677.00
J36;1;0;rGGr;30677.25
J36;1;0;rGGr;30677.50
J36;1;0;rGGr;30677.75
J36;1;0;rGGr;30678.00
J36;1;0;rGGr;30678.25
J36;1;0;rGGr;30678.50
J36;1;0;rGGr;30678.75
J36;1;0;rGGr;30679.00
J36;1;0;rGGr;30679.25
J36;1;0;rGGr;30679.50
J36;1;0;rGGr;30679.75
J36;1;0;rGGr;30680.00
J36;1;0;rGGr;30680.25
J36;1;0;rGGr;30680.50
J36;1;0;rGGr;30680.75
J36;1;0;rGGr;30681.00
J36;1;0;rGGr;30681.25
J36;1;0;rGGr;30681.50
J36;1;0;rGGr;30681.75
J36;1;0;rGGr;30682.00
J36;1;0;rGGr;30682.25
J36;1;0;rGGr;30682.50
J36;0;online;yyyyyyyyyyyyyyyyyyyyyyyyyyyyyyyyyyyyyyyyyyyyyyyyyyyyyyyyy;30682.75
J36;0;online;yyyyyyyyyyyyyyyyyyyyyyyyyyyyyyyyyyyyyyyyyyyyyyyyyyyyyyyyy;30683.00
J36;0;online;yyyyyyyyyyyyyyyyyyyyyyyyyyyyyyyyyyyyyyyyyyyyyyyyyyyyyyyyy;30683.25
J36;0;online;yyyyyyyyyyyyyyyyyyyyyyyyyyyyyyyyyyyyyyyyyyyyyyyyyyyyyyyyy;30683.50
J36;0;online;yyyyyyyyyyyyyyyyyyyyyyyyyyyyyyyyyyyyyyyyyyyyyyyyyyyyyyyyy;30683.75
J36;0;online;yyyyyyyyyyyyyyyyyyyyyyyyyyyyyyyyyyyyyyyyyyyyyyyyyyyyyyyyy;30684.00
J36;0;online;yyyyyyyyyyyyyyyyyyyyyyyyyyyyyyyyyyyyyyyyyyyyyyyyyyyyyyyyy;30684.25
J36;0;online;yyyyyyyyyyyyyyyyyyyyyyyyyyyyyyyyyyyyyyyyyyyyyyyyyyyyyyyyy;30684.50
J36;0;online;yyyyyyyyyyyyyyyyyyyyyyyyyyyyyyyyyyyyyyyyyyyyyyyyyyyyyyyyy;30684.75
J36;0;online;yyyyyyyyyyyyyyyyyyyyyyyyyyyyyyyyyyyyyyyyyyyyyyyyyyyyyyyyy;30685.00
J36;0;online;yyyyyyyyyyyyyyyyyyyyyyyyyyyyyyyyyyyyyyyyyyyyyyyyyyyyyyyyy;30685.25
J36;0;online;yyyyyyyyyyyyyyyyyyyyyyyyyyyyyyyyyyyyyyyyyyyyyyyyyyyyyyyyy;30685.50
J36;4;0;urru;30685.75
J36;4;0;urru;30686.00
J36;4;0;urru;30686.25
J36;4;0;urru;30686.50
J36;5;0;GrrG;30686.75
J36;5;0;GrrG;30687.00
J36;5;0;GrrG;30687.25
J36;5;0;GrrG;30687.50
J36;5;0;GrrG;30687.75
J36;5;0;GrrG;30688.00
J36;5;0;GrrG;30688.25
J36;5;0;GrrG;30688.50
J36;5;0;GrrG;30688.75
J36;5;0;GrrG;30689.00
J36;5;0;GrrG;30689.25
J36;5;0;GrrG;30689.50
J36;5;0;GrrG;30689.75
J36;5;0;GrrG;30690.00
J36;5;0;GrrG;30690.25
J36;5;0;GrrG;30690.50
J36;5;0;GrrG;30690.75
J36;5;0;GrrG;30691.00
J36;5;0;GrrG;30691.25
J36;5;0;GrrG;30691.50
J36;5;0;GrrG;30691.75
J36;5;0;GrrG;30692.00
J36;5;0;GrrG;30692.25
J36;5;0;GrrG;30692.50
J36;5;0;GrrG;30692.75
J36;5;0;GrrG;30693.00
J36;5;0;GrrG;30693.25
J36;5;0;GrrG;30693.50
J36;5;0;GrrG;30693.75
J36;5;0;GrrG;30694.00
J36;5;0;GrrG;30694.25
J36;5;0;GrrG;30694.50
J36;5;0;GrrG;30694.75
J36;5;0;GrrG;30695.00
J36;5;0;GrrG;30695.25
J36;5;0;GrrG;30695.50
J36;5;0;GrrG;30695.75
J36;5;0;GrrG;30696.00
J36;5;0;GrrG;30696.25
J36;5;0;GrrG;30696.50
J36;5;0;GrrG;30696.75
J36;5;0;GrrG;30697.00
J36;5;0;GrrG;30697.25
J36;5;0;GrrG;30697.50
J36;5;0;GrrG;30697.75
J36;5;0;GrrG;30698.00
J36;5;0;GrrG;30698.25
J36;5;0;GrrG;30698.50
J36;5;0;GrrG;30698.75
J36;5;0;GrrG;30699.00
J36;5;0;GrrG;30699.25
J36;5;0;GrrG;30699.50
J36;5;0;GrrG;30699.75
J36;5;0;GrrG;30700.00
J36;5;0;GrrG;30700.25
J36;5;0;GrrG;30700.50
J36;5;0;GrrG;30700.75
J36;5;0;GrrG;30701.00
J36;5;0;GrrG;30701.25
J36;5;0;GrrG;30701.50
J36;5;0;GrrG;30701.75
J36;5;0;GrrG;30702.00
J36;5;0;GrrG;30702.25
J36;5;0;GrrG;30702.50
J36;5;0;GrrG;30702.75
J36;5;0;GrrG;30703.00
J36;5;0;GrrG;30703.25
J36;5;0;GrrG;30703.50
J36;5;0;GrrG;30703.75
J36;5;0;GrrG;30704.00
J36;5;0;GrrG;30704.25
J36;5;0;GrrG;30704.50
J36;5;0;GrrG;30704.75
J36;5;0;GrrG;30705.00
J36;5;0;GrrG;30705.25
J36;5;0;GrrG;30705.50
J36;5;0;GrrG;30705.75
J36;5;0;GrrG;30706.00
J36;5;0;GrrG;30706.25
J36;5;0;GrrG;30706.50
J36;5;0;GrrG;30706.75
J36;5;0;GrrG;30707.00
J36;5;0;GrrG;30707.25
J36;5;0;GrrG;30707.50
J36;5;0;GrrG;30707.75
J36;5;0;GrrG;30708.00
J36;5;0;GrrG;30708.25
J36;5;0;GrrG;30708.50
J36;5;0;GrrG;30708.75
J36;5;0;GrrG;30709.00
J36;5;0;GrrG;30709.25
J36;5;0;GrrG;30709.50
J36;5;0;GrrG;30709.75
J36;5;0;GrrG;30710.00
J36;5;0;GrrG;30710.25
J36;5;0;GrrG;30710.50
J36;5;0;GrrG;30710.75
J36;5;0;GrrG;30711.00
J36;5;0;GrrG;30711.25
J36;5;0;GrrG;30711.50
J36;6;0;yrry;30711.75
J36;6;0;yrry;30712.00
J36;6;0;yrry;30712.25
J36;6;0;yrry;30712.50
J36;6;0;yrry;30712.75
J36;6;0;yrry;30713.00
J36;6;0;yrry;30713.25
J36;6;0;yrry;30713.50
J36;6;0;yrry;30713.75
J36;6;0;yrry;30714.00
J36;6;0;yrry;30714.25
J36;6;0;yrry;30714.50
J36;7;0;rrrr;30714.75
J36;7;0;rrrr;30715.00
J36;7;0;rrrr;30715.25
J36;7;0;rrrr;30715.50
J36;0;0;ruur;30715.75
J36;0;0;ruur;30716.00
J36;0;0;ruur;30716.25
J36;0;0;ruur;30716.50
J36;1;0;rGGr;30716.75
J36;1;0;rGGr;30717.00
J36;1;0;rGGr;30717.25
J36;1;0;rGGr;30717.50
J36;1;0;rGGr;30717.75
J36;1;0;rGGr;30718.00
J36;1;0;rGGr;30718.25
J36;1;0;rGGr;30718.50
J36;1;0;rGGr;30718.75
J36;1;0;rGGr;30719.00
J36;1;0;rGGr;30719.25
J36;1;0;rGGr;30719.50
J36;1;0;rGGr;30719.75
J36;1;0;rGGr;30720.00
J36;1;0;rGGr;30720.25
J36;1;0;rGGr;30720.50
J36;1;0;rGGr;30720.75
J36;1;0;rGGr;30721.00
J36;1;0;rGGr;30721.25
J36;1;0;rGGr;30721.50
J36;1;0;rGGr;30721.75
J36;1;0;rGGr;30722.00
J36;1;0;rGGr;30722.25
J36;1;0;rGGr;30722.50
J36;1;0;rGGr;30722.75
J36;1;0;rGGr;30723.00
J36;1;0;rGGr;30723.25
J36;1;0;rGGr;30723.50
J36;1;0;rGGr;30723.75
J36;1;0;rGGr;30724.00
J36;1;0;rGGr;30724.25
J36;1;0;rGGr;30724.50
J36;1;0;rGGr;30724.75
J36;1;0;rGGr;30725.00
J36;1;0;rGGr;30725.25
J36;1;0;rGGr;30725.50
J36;1;0;rGGr;30725.75
J36;1;0;rGGr;30726.00
J36;1;0;rGGr;30726.25
J36;1;0;rGGr;30726.50
J36;1;0;rGGr;30726.75
J36;1;0;rGGr;30727.00
J36;1;0;rGGr;30727.25
J36;1;0;rGGr;30727.50
J36;1;0;rGGr;30727.75
J36;1;0;rGGr;30728.00
J36;1;0;rGGr;30728.25
J36;1;0;rGGr;30728.50
J36;1;0;rGGr;30728.75
J36;1;0;rGGr;30729.00
J36;1;0;rGGr;30729.25
J36;1;0;rGGr;30729.50
J36;1;0;rGGr;30729.75
J36;1;0;rGGr;30730.00
J36;1;0;rGGr;30730.25
J36;1;0;rGGr;30730.50
J36;1;0;rGGr;30730.75
J36;1;0;rGGr;30731.00
J36;1;0;rGGr;30731.25
J36;1;0;rGGr;30731.50
J36;1;0;rGGr;30731.75
J36;1;0;rGGr;30732.00
J36;1;0;rGGr;30732.25
J36;1;0;rGGr;30732.50
J36;1;0;rGGr;30732.75
J36;1;0;rGGr;30733.00
J36;1;0;rGGr;30733.25
J36;1;0;rGGr;30733.50
J36;1;0;rGGr;30733.75
J36;1;0;rGGr;30734.00
J36;1;0;rGGr;30734.25
J36;1;0;rGGr;30734.50
J36;1;0;rGGr;30734.75
J36;1;0;rGGr;30735.00
J36;1;0;rGGr;30735.25
J36;1;0;rGGr;30735.50
J36;1;0;rGGr;30735.75
J36;1;0;rGGr;30736.00
J36;1;0;rGGr;30736.25
J36;1;0;rGGr;30736.50
J36;1;0;rGGr;30736.75
J36;1;0;rGGr;30737.00
J36;1;0;rGGr;30737.25
J36;1;0;rGGr;30737.50
J36;1;0;rGGr;30737.75
J36;1;0;rGGr;30738.00
J36;1;0;rGGr;30738.25
J36;1;0;rGGr;30738.50
J36;1;0;rGGr;30738.75
J36;1;0;rGGr;30739.00
J36;1;0;rGGr;30739.25
J36;1;0;rGGr;30739.50
J36;1;0;rGGr;30739.75
J36;1;0;rGGr;30740.00
J36;1;0;rGGr;30740.25
J36;1;0;rGGr;30740.50
J36;1;0;rGGr;30740.75
J36;1;0;rGGr;30741.00
J36;1;0;rGGr;30741.25
J36;1;0;rGGr;30741.50
J36;1;0;rGGr;30741.75
J36;1;0;rGGr;30742.00
J36;1;0;rGGr;30742.25
J36;1;0;rGGr;30742.50
J36;1;0;rGGr;30742.75
J36;1;0;rGGr;30743.00
J36;1;0;rGGr;30743.25
J36;1;0;rGGr;30743.50
J36;1;0;rGGr;30743.75
J36;1;0;rGGr;30744.00
J36;1;0;rGGr;30744.25
J36;1;0;rGGr;30744.50
J36;1;0;rGGr;30744.75
J36;1;0;rGGr;30745.00
J36;1;0;rGGr;30745.25
J36;1;0;rGGr;30745.50
J36;1;0;rGGr;30745.75
J36;1;0;rGGr;30746.00
J36;1;0;rGGr;30746.25
J36;1;0;rGGr;30746.50
J36;1;0;rGGr;30746.75
J36;1;0;rGGr;30747.00
J36;1;0;rGGr;30747.25
J36;1;0;rGGr;30747.50
J36;1;0;rGGr;30747.75
J36;1;0;rGGr;30748.00
J36;1;0;rGGr;30748.25
J36;1;0;rGGr;30748.50
J36;1;0;rGGr;30748.75
J36;1;0;rGGr;30749.00
J36;1;0;rGGr;30749.25
J36;1;0;rGGr;30749.50
J36;1;0;rGGr;30749.75
J36;1;0;rGGr;30750.00
J36;1;0;rGGr;30750.25
J36;1;0;rGGr;30750.50
J36;1;0;rGGr;30750.75
J36;1;0;rGGr;30751.00
J36;1;0;rGGr;30751.25
J36;1;0;rGGr;30751.50
J36;1;0;rGGr;30751.75
J36;1;0;rGGr;30752.00
J36;1;0;rGGr;30752.25
J36;1;0;rGGr;30752.50
J36;1;0;rGGr;30752.75
J36;1;0;rGGr;30753.00
J36;1;0;rGGr;30753.25
J36;1;0;rGGr;30753.50
J36;1;0;rGGr;30753.75
J36;1;0;rGGr;30754.00
J36;1;0;rGGr;30754.25
J36;1;0;rGGr;30754.50
J36;1;0;rGGr;30754.75
J36;1;0;rGGr;30755.00
J36;1;0;rGGr;30755.25
J36;1;0;rGGr;30755.50
J36;1;0;rGGr;30755.75
J36;1;0;rGGr;30756.00
J36;1;0;rGGr;30756.25
J36;1;0;rGGr;30756.50
J36;1;0;rGGr;30756.75
J36;1;0;rGGr;30757.00
J36;1;0;rGGr;30757.25
J36;1;0;rGGr;30757.50
J36;2;0;ryyr;30757.75
J36;2;0;ryyr;30758.00
J36;2;0;ryyr;30758.25
J36;0;online;yyyyyyyyyyyyyyyyyyyyyyyyyyyyyyyyyyyyyyyyyyyyyyyyyyyyyyyyy;30758.50
J36;0;online;yyyyyyyyyyyyyyyyyyyyyyyyyyyyyyyyyyyyyyyyyyyyyyyyyyyyyyyyy;30758.75
J36;0;online;yyyyyyyyyyyyyyyyyyyyyyyyyyyyyyyyyyyyyyyyyyyyyyyyyyyyyyyyy;30759.00
J36;0;online;yyyyyyyyyyyyyyyyyyyyyyyyyyyyyyyyyyyyyyyyyyyyyyyyyyyyyyyyy;30759.25
J36;0;online;yyyyyyyyyyyyyyyyyyyyyyyyyyyyyyyyyyyyyyyyyyyyyyyyyyyyyyyyy;30759.50
J36;0;online;yyyyyyyyyyyyyyyyyyyyyyyyyyyyyyyyyyyyyyyyyyyyyyyyyyyyyyyyy;30759.75
J36;0;online;yyyyyyyyyyyyyyyyyyyyyyyyyyyyyyyyyyyyyyyyyyyyyyyyyyyyyyyyy;30760.00
J36;0;online;yyyyyyyyyyyyyyyyyyyyyyyyyyyyyyyyyyyyyyyyyyyyyyyyyyyyyyyyy;30760.25
J36;0;online;yyyyyyyyyyyyyyyyyyyyyyyyyyyyyyyyyyyyyyyyyyyyyyyyyyyyyyyyy;30760.50
J36;0;online;yyyyyyyyyyyyyyyyyyyyyyyyyyyyyyyyyyyyyyyyyyyyyyyyyyyyyyyyy;30760.75
J36;0;online;yyyyyyyyyyyyyyyyyyyyyyyyyyyyyyyyyyyyyyyyyyyyyyyyyyyyyyyyy;30761.00
J36;0;online;yyyyyyyyyyyyyyyyyyyyyyyyyyyyyyyyyyyyyyyyyyyyyyyyyyyyyyyyy;30761.25
J36;4;0;urru;30761.50
J36;4;0;urru;30761.75
J36;4;0;urru;30762.00
J36;4;0;urru;30762.25
J36;5;0;GrrG;30762.50
J36;5;0;GrrG;30762.75
J36;5;0;GrrG;30763.00
J36;5;0;GrrG;30763.25
J36;5;0;GrrG;30763.50
J36;5;0;GrrG;30763.75
J36;5;0;GrrG;30764.00
J36;5;0;GrrG;30764.25
J36;5;0;GrrG;30764.50
J36;5;0;GrrG;30764.75
J36;5;0;GrrG;30765.00
J36;5;0;GrrG;30765.25
J36;5;0;GrrG;30765.50
J36;5;0;GrrG;30765.75
J36;5;0;GrrG;30766.00
J36;5;0;GrrG;30766.25
J36;5;0;GrrG;30766.50
J36;5;0;GrrG;30766.75
J36;5;0;GrrG;30767.00
J36;5;0;GrrG;30767.25
J36;5;0;GrrG;30767.50
J36;5;0;GrrG;30767.75
J36;5;0;GrrG;30768.00
J36;5;0;GrrG;30768.25
J36;5;0;GrrG;30768.50
J36;5;0;GrrG;30768.75
J36;5;0;GrrG;30769.00
J36;5;0;GrrG;30769.25
J36;5;0;GrrG;30769.50
J36;5;0;GrrG;30769.75
J36;5;0;GrrG;30770.00
J36;5;0;GrrG;30770.25
J36;5;0;GrrG;30770.50
J36;5;0;GrrG;30770.75
J36;5;0;GrrG;30771.00
J36;5;0;GrrG;30771.25
J36;5;0;GrrG;30771.50
J36;5;0;GrrG;30771.75
J36;5;0;GrrG;30772.00
J36;5;0;GrrG;30772.25
J36;5;0;GrrG;30772.50
J36;5;0;GrrG;30772.75
J36;5;0;GrrG;30773.00
J36;5;0;GrrG;30773.25
J36;5;0;GrrG;30773.50
J36;5;0;GrrG;30773.75
J36;5;0;GrrG;30774.00
J36;5;0;GrrG;30774.25
J36;5;0;GrrG;30774.50
J36;5;0;GrrG;30774.75
J36;5;0;GrrG;30775.00
J36;5;0;GrrG;30775.25
J36;5;0;GrrG;30775.50
J36;5;0;GrrG;30775.75
J36;5;0;GrrG;30776.00
J36;5;0;GrrG;30776.25
J36;5;0;GrrG;30776.50
J36;5;0;GrrG;30776.75
J36;5;0;GrrG;30777.00
J36;5;0;GrrG;30777.25
J36;5;0;GrrG;30777.50
J36;5;0;GrrG;30777.75
J36;5;0;GrrG;30778.00
J36;5;0;GrrG;30778.25
J36;5;0;GrrG;30778.50
J36;5;0;GrrG;30778.75
J36;5;0;GrrG;30779.00
J36;5;0;GrrG;30779.25
J36;5;0;GrrG;30779.50
J36;5;0;GrrG;30779.75
J36;5;0;GrrG;30780.00
J36;5;0;GrrG;30780.25
J36;5;0;GrrG;30780.50
J36;5;0;GrrG;30780.75
J36;5;0;GrrG;30781.00
J36;5;0;GrrG;30781.25
J36;5;0;GrrG;30781.50
J36;5;0;GrrG;30781.75
J36;5;0;GrrG;30782.00
J36;5;0;GrrG;30782.25
J36;5;0;GrrG;30782.50
J36;5;0;GrrG;30782.75
J36;5;0;GrrG;30783.00
J36;5;0;GrrG;30783.25
J36;5;0;GrrG;30783.50
J36;5;0;GrrG;30783.75
J36;5;0;GrrG;30784.00
J36;5;0;GrrG;30784.25
J36;5;0;GrrG;30784.50
J36;5;0;GrrG;30784.75
J36;5;0;GrrG;30785.00
J36;5;0;GrrG;30785.25
J36;5;0;GrrG;30785.50
J36;5;0;GrrG;30785.75
J36;5;0;GrrG;30786.00
J36;5;0;GrrG;30786.25
J36;5;0;GrrG;30786.50
J36;5;0;GrrG;30786.75
J36;5;0;GrrG;30787.00
J36;5;0;GrrG;30787.25
J36;6;0;yrry;30787.50
J36;6;0;yrry;30787.75
J36;6;0;yrry;30788.00
J36;6;0;yrry;30788.25
J36;6;0;yrry;30788.50
J36;6;0;yrry;30788.75
J36;6;0;yrry;30789.00
J36;6;0;yrry;30789.25
J36;6;0;yrry;30789.50
J36;6;0;yrry;30789.75
J36;6;0;yrry;30790.00
J36;6;0;yrry;30790.25
J36;7;0;rrrr;30790.50
J36;7;0;rrrr;30790.75
J36;7;0;rrrr;30791.00
J36;7;0;rrrr;30791.25
J36;0;0;ruur;30791.50
J36;0;0;ruur;30791.75
J36;0;0;ruur;30792.00
J36;0;0;ruur;30792.25
J36;1;0;rGGr;30792.50
J36;1;0;rGGr;30792.75
J36;1;0;rGGr;30793.00
J36;1;0;rGGr;30793.25
J36;1;0;rGGr;30793.50
J36;1;0;rGGr;30793.75
J36;1;0;rGGr;30794.00
J36;1;0;rGGr;30794.25
J36;1;0;rGGr;30794.50
J36;1;0;rGGr;30794.75
J36;1;0;rGGr;30795.00
J36;1;0;rGGr;30795.25
J36;1;0;rGGr;30795.50
J36;1;0;rGGr;30795.75
J36;1;0;rGGr;30796.00
J36;1;0;rGGr;30796.25
J36;1;0;rGGr;30796.50
J36;1;0;rGGr;30796.75
J36;1;0;rGGr;30797.00
J36;1;0;rGGr;30797.25
J36;1;0;rGGr;30797.50
J36;1;0;rGGr;30797.75
J36;1;0;rGGr;30798.00
J36;1;0;rGGr;30798.25
J36;1;0;rGGr;30798.50
J36;1;0;rGGr;30798.75
J36;1;0;rGGr;30799.00
J36;1;0;rGGr;30799.25
J36;1;0;rGGr;30799.50
J36;1;0;rGGr;30799.75
J36;1;0;rGGr;30800.00
J36;1;0;rGGr;30800.25
J36;1;0;rGGr;30800.50
J36;1;0;rGGr;30800.75
J36;1;0;rGGr;30801.00
J36;1;0;rGGr;30801.25
J36;1;0;rGGr;30801.50
J36;1;0;rGGr;30801.75
J36;1;0;rGGr;30802.00
J36;1;0;rGGr;30802.25
J36;1;0;rGGr;30802.50
J36;1;0;rGGr;30802.75
J36;1;0;rGGr;30803.00
J36;1;0;rGGr;30803.25
J36;1;0;rGGr;30803.50
J36;1;0;rGGr;30803.75
J36;1;0;rGGr;30804.00
J36;1;0;rGGr;30804.25
J36;1;0;rGGr;30804.50
J36;1;0;rGGr;30804.75
J36;1;0;rGGr;30805.00
J36;1;0;rGGr;30805.25
J36;1;0;rGGr;30805.50
J36;1;0;rGGr;30805.75
J36;1;0;rGGr;30806.00
J36;1;0;rGGr;30806.25
J36;1;0;rGGr;30806.50
J36;1;0;rGGr;30806.75
J36;1;0;rGGr;30807.00
J36;1;0;rGGr;30807.25
J36;1;0;rGGr;30807.50
J36;1;0;rGGr;30807.75
J36;1;0;rGGr;30808.00
J36;1;0;rGGr;30808.25
J36;1;0;rGGr;30808.50
J36;1;0;rGGr;30808.75
J36;1;0;rGGr;30809.00
J36;1;0;rGGr;30809.25
J36;1;0;rGGr;30809.50
J36;1;0;rGGr;30809.75
J36;1;0;rGGr;30810.00
J36;1;0;rGGr;30810.25
J36;1;0;rGGr;30810.50
J36;1;0;rGGr;30810.75
J36;1;0;rGGr;30811.00
J36;1;0;rGGr;30811.25
J36;1;0;rGGr;30811.50
J36;1;0;rGGr;30811.75
J36;1;0;rGGr;30812.00
J36;1;0;rGGr;30812.25
J36;1;0;rGGr;30812.50
J36;1;0;rGGr;30812.75
J36;1;0;rGGr;30813.00
J36;1;0;rGGr;30813.25
J36;1;0;rGGr;30813.50
J36;1;0;rGGr;30813.75
J36;1;0;rGGr;30814.00
J36;1;0;rGGr;30814.25
J36;1;0;rGGr;30814.50
J36;1;0;rGGr;30814.75
J36;1;0;rGGr;30815.00
J36;1;0;rGGr;30815.25
J36;1;0;rGGr;30815.50
J36;1;0;rGGr;30815.75
J36;1;0;rGGr;30816.00
J36;1;0;rGGr;30816.25
J36;1;0;rGGr;30816.50
J36;1;0;rGGr;30816.75
J36;1;0;rGGr;30817.00
J36;1;0;rGGr;30817.25
J36;2;0;ryyr;30817.50
J36;2;0;ryyr;30817.75
J36;2;0;ryyr;30818.00
J36;2;0;ryyr;30818.25
J36;2;0;ryyr;30818.50
J36;2;0;ryyr;30818.75
J36;2;0;ryyr;30819.00
J36;2;0;ryyr;30819.25
J36;2;0;ryyr;30819.50
J36;2;0;ryyr;30819.75
J36;2;0;ryyr;30820.00
J36;2;0;ryyr;30820.25
J36;2;0;ryyr;30820.50
J36;2;0;ryyr;30820.75
J36;2;0;ryyr;30821.00
J36;2;0;ryyr;30821.25
J36;2;0;ryyr;30821.50
J36;2;0;ryyr;30821.75
J36;2;0;ryyr;30822.00
J36;2;0;ryyr;30822.25
J36;2;0;ryyr;30822.50
J36;2;0;ryyr;30822.75
J36;3;0;rrrr;30823.00
J36;3;0;rrrr;30823.25
J36;3;0;rrrr;30823.50
J36;3;0;rrrr;30823.75
J36;4;0;urru;30824.00
J36;4;0;urru;30824.25
J36;4;0;urru;30824.50
J36;4;0;urru;30824.75
J36;5;0;GrrG;30825.00
J36;5;0;GrrG;30825.25
J36;5;0;GrrG;30825.50
J36;5;0;GrrG;30825.75
J36;5;0;GrrG;30826.00
J36;5;0;GrrG;30826.25
J36;5;0;GrrG;30826.50
J36;5;0;GrrG;30826.75
J36;5;0;GrrG;30827.00
J36;5;0;GrrG;30827.25
J36;5;0;GrrG;30827.50
J36;5;0;GrrG;30827.75
J36;5;0;GrrG;30828.00
J36;5;0;GrrG;30828.25
J36;5;0;GrrG;30828.50
J36;5;0;GrrG;30828.75
J36;5;0;GrrG;30829.00
J36;5;0;GrrG;30829.25
J36;5;0;GrrG;30829.50
J36;5;0;GrrG;30829.75
J36;5;0;GrrG;30830.00
J36;5;0;GrrG;30830.25
J36;5;0;GrrG;30830.50
J36;5;0;GrrG;30830.75
J36;5;0;GrrG;30831.00
J36;5;0;GrrG;30831.25
J36;5;0;GrrG;30831.50
J36;5;0;GrrG;30831.75
J36;5;0;GrrG;30832.00
J36;5;0;GrrG;30832.25
J36;5;0;GrrG;30832.50
J36;5;0;GrrG;30832.75
J36;5;0;GrrG;30833.00
J36;5;0;GrrG;30833.25
J36;5;0;GrrG;30833.50
J36;5;0;GrrG;30833.75
J36;5;0;GrrG;30834.00
J36;5;0;GrrG;30834.25
J36;5;0;GrrG;30834.50
J36;5;0;GrrG;30834.75
J36;5;0;GrrG;30835.00
J36;5;0;GrrG;30835.25
J36;5;0;GrrG;30835.50
J36;5;0;GrrG;30835.75
J36;5;0;GrrG;30836.00
J36;5;0;GrrG;30836.25
J36;5;0;GrrG;30836.50
J36;5;0;GrrG;30836.75
J36;5;0;GrrG;30837.00
J36;5;0;GrrG;30837.25
J36;5;0;GrrG;30837.50
J36;5;0;GrrG;30837.75
J36;5;0;GrrG;30838.00
J36;5;0;GrrG;30838.25
J36;5;0;GrrG;30838.50
J36;5;0;GrrG;30838.75
J36;5;0;GrrG;30839.00
J36;5;0;GrrG;30839.25
J36;5;0;GrrG;30839.50
J36;5;0;GrrG;30839.75
J36;5;0;GrrG;30840.00
J36;5;0;GrrG;30840.25
J36;5;0;GrrG;30840.50
J36;5;0;GrrG;30840.75
J36;5;0;GrrG;30841.00
J36;5;0;GrrG;30841.25
J36;5;0;GrrG;30841.50
J36;5;0;GrrG;30841.75
J36;5;0;GrrG;30842.00
J36;5;0;GrrG;30842.25
J36;5;0;GrrG;30842.50
J36;5;0;GrrG;30842.75
J36;5;0;GrrG;30843.00
J36;5;0;GrrG;30843.25
J36;5;0;GrrG;30843.50
J36;5;0;GrrG;30843.75
J36;5;0;GrrG;30844.00
J36;5;0;GrrG;30844.25
J36;5;0;GrrG;30844.50
J36;5;0;GrrG;30844.75
J36;5;0;GrrG;30845.00
J36;5;0;GrrG;30845.25
J36;5;0;GrrG;30845.50
J36;5;0;GrrG;30845.75
J36;5;0;GrrG;30846.00
J36;5;0;GrrG;30846.25
J36;5;0;GrrG;30846.50
J36;5;0;GrrG;30846.75
J36;5;0;GrrG;30847.00
J36;5;0;GrrG;30847.25
J36;5;0;GrrG;30847.50
J36;5;0;GrrG;30847.75
J36;5;0;GrrG;30848.00
J36;5;0;GrrG;30848.25
J36;5;0;GrrG;30848.50
J36;5;0;GrrG;30848.75
J36;5;0;GrrG;30849.00
J36;5;0;GrrG;30849.25
J36;5;0;GrrG;30849.50
J36;5;0;GrrG;30849.75
J36;6;0;yrry;30850.00
J36;6;0;yrry;30850.25
J36;6;0;yrry;30850.50
J36;6;0;yrry;30850.75
J36;6;0;yrry;30851.00
J36;6;0;yrry;30851.25
J36;6;0;yrry;30851.50
J36;6;0;yrry;30851.75
J36;6;0;yrry;30852.00
J36;6;0;yrry;30852.25
J36;6;0;yrry;30852.50
J36;6;0;yrry;30852.75
J36;7;0;rrrr;30853.00
J36;7;0;rrrr;30853.25
J36;7;0;rrrr;30853.50
J36;7;0;rrrr;30853.75
J36;0;0;ruur;30854.00
J36;0;0;ruur;30854.25
J36;0;0;ruur;30854.50
J36;0;0;ruur;30854.75
J36;1;0;rGGr;30855.00
J36;1;0;rGGr;30855.25
J36;1;0;rGGr;30855.50
J36;1;0;rGGr;30855.75
J36;1;0;rGGr;30856.00
J36;1;0;rGGr;30856.25
J36;1;0;rGGr;30856.50
J36;1;0;rGGr;30856.75
J36;1;0;rGGr;30857.00
J36;1;0;rGGr;30857.25
J36;1;0;rGGr;30857.50
J36;1;0;rGGr;30857.75
J36;1;0;rGGr;30858.00
J36;1;0;rGGr;30858.25
J36;1;0;rGGr;30858.50
J36;1;0;rGGr;30858.75
J36;1;0;rGGr;30859.00
J36;1;0;rGGr;30859.25
J36;1;0;rGGr;30859.50
J36;1;0;rGGr;30859.75
J36;1;0;rGGr;30860.00
J36;1;0;rGGr;30860.25
J36;1;0;rGGr;30860.50
J36;1;0;rGGr;30860.75
J36;1;0;rGGr;30861.00
J36;1;0;rGGr;30861.25
J36;1;0;rGGr;30861.50
J36;1;0;rGGr;30861.75
J36;1;0;rGGr;30862.00
J36;1;0;rGGr;30862.25
J36;1;0;rGGr;30862.50
J36;1;0;rGGr;30862.75
J36;1;0;rGGr;30863.00
J36;1;0;rGGr;30863.25
J36;1;0;rGGr;30863.50
J36;1;0;rGGr;30863.75
J36;1;0;rGGr;30864.00
J36;1;0;rGGr;30864.25
J36;1;0;rGGr;30864.50
J36;1;0;rGGr;30864.75
J36;1;0;rGGr;30865.00
J36;1;0;rGGr;30865.25
J36;1;0;rGGr;30865.50
J36;1;0;rGGr;30865.75
J36;1;0;rGGr;30866.00
J36;1;0;rGGr;30866.25
J36;1;0;rGGr;30866.50
J36;1;0;rGGr;30866.75
J36;1;0;rGGr;30867.00
J36;1;0;rGGr;30867.25
J36;1;0;rGGr;30867.50
J36;1;0;rGGr;30867.75
J36;1;0;rGGr;30868.00
J36;1;0;rGGr;30868.25
J36;1;0;rGGr;30868.50
J36;1;0;rGGr;30868.75
J36;1;0;rGGr;30869.00
J36;1;0;rGGr;30869.25
J36;1;0;rGGr;30869.50
J36;1;0;rGGr;30869.75
J36;1;0;rGGr;30870.00
J36;1;0;rGGr;30870.25
J36;1;0;rGGr;30870.50
J36;1;0;rGGr;30870.75
J36;1;0;rGGr;30871.00
J36;1;0;rGGr;30871.25
J36;1;0;rGGr;30871.50
J36;1;0;rGGr;30871.75
J36;1;0;rGGr;30872.00
J36;1;0;rGGr;30872.25
J36;1;0;rGGr;30872.50
J36;1;0;rGGr;30872.75
J36;1;0;rGGr;30873.00
J36;1;0;rGGr;30873.25
J36;1;0;rGGr;30873.50
J36;1;0;rGGr;30873.75
J36;1;0;rGGr;30874.00
J36;1;0;rGGr;30874.25
J36;1;0;rGGr;30874.50
J36;1;0;rGGr;30874.75
J36;1;0;rGGr;30875.00
J36;1;0;rGGr;30875.25
J36;1;0;rGGr;30875.50
J36;1;0;rGGr;30875.75
J36;1;0;rGGr;30876.00
J36;1;0;rGGr;30876.25
J36;1;0;rGGr;30876.50
J36;0;online;yyyyyyyyyyyyyyyyyyyyyyyyyyyyyyyyyyyyyyyyyyyyyyyyyyyyyyyyy;30876.75
J36;0;online;yyyyyyyyyyyyyyyyyyyyyyyyyyyyyyyyyyyyyyyyyyyyyyyyyyyyyyyyy;30877.00
J36;0;online;yyyyyyyyyyyyyyyyyyyyyyyyyyyyyyyyyyyyyyyyyyyyyyyyyyyyyyyyy;30877.25
J36;0;online;yyyyyyyyyyyyyyyyyyyyyyyyyyyyyyyyyyyyyyyyyyyyyyyyyyyyyyyyy;30877.50
J36;0;online;yyyyyyyyyyyyyyyyyyyyyyyyyyyyyyyyyyyyyyyyyyyyyyyyyyyyyyyyy;30877.75
J36;0;online;yyyyyyyyyyyyyyyyyyyyyyyyyyyyyyyyyyyyyyyyyyyyyyyyyyyyyyyyy;30878.00
J36;0;online;yyyyyyyyyyyyyyyyyyyyyyyyyyyyyyyyyyyyyyyyyyyyyyyyyyyyyyyyy;30878.25
J36;0;online;yyyyyyyyyyyyyyyyyyyyyyyyyyyyyyyyyyyyyyyyyyyyyyyyyyyyyyyyy;30878.50
J36;0;online;yyyyyyyyyyyyyyyyyyyyyyyyyyyyyyyyyyyyyyyyyyyyyyyyyyyyyyyyy;30878.75
J36;0;online;yyyyyyyyyyyyyyyyyyyyyyyyyyyyyyyyyyyyyyyyyyyyyyyyyyyyyyyyy;30879.00
J36;0;online;yyyyyyyyyyyyyyyyyyyyyyyyyyyyyyyyyyyyyyyyyyyyyyyyyyyyyyyyy;30879.25
J36;0;online;yyyyyyyyyyyyyyyyyyyyyyyyyyyyyyyyyyyyyyyyyyyyyyyyyyyyyyyyy;30879.50
J36;4;0;urru;30879.75
J36;4;0;urru;30880.00
J36;4;0;urru;30880.25
J36;4;0;urru;30880.50
J36;5;0;GrrG;30880.75
J36;5;0;GrrG;30881.00
J36;5;0;GrrG;30881.25
J36;5;0;GrrG;30881.50
J36;5;0;GrrG;30881.75
J36;5;0;GrrG;30882.00
J36;5;0;GrrG;30882.25
J36;5;0;GrrG;30882.50
J36;5;0;GrrG;30882.75
J36;5;0;GrrG;30883.00
J36;5;0;GrrG;30883.25
J36;5;0;GrrG;30883.50
J36;5;0;GrrG;30883.75
J36;5;0;GrrG;30884.00
J36;5;0;GrrG;30884.25
J36;5;0;GrrG;30884.50
J36;5;0;GrrG;30884.75
J36;5;0;GrrG;30885.00
J36;5;0;GrrG;30885.25
J36;5;0;GrrG;30885.50
J36;5;0;GrrG;30885.75
J36;5;0;GrrG;30886.00
J36;5;0;GrrG;30886.25
J36;5;0;GrrG;30886.50
J36;5;0;GrrG;30886.75
J36;5;0;GrrG;30887.00
J36;5;0;GrrG;30887.25
J36;5;0;GrrG;30887.50
J36;5;0;GrrG;30887.75
J36;5;0;GrrG;30888.00
J36;5;0;GrrG;30888.25
J36;5;0;GrrG;30888.50
J36;5;0;GrrG;30888.75
J36;5;0;GrrG;30889.00
J36;5;0;GrrG;30889.25
J36;5;0;GrrG;30889.50
J36;5;0;GrrG;30889.75
J36;5;0;GrrG;30890.00
J36;5;0;GrrG;30890.25
J36;5;0;GrrG;30890.50
J36;5;0;GrrG;30890.75
J36;5;0;GrrG;30891.00
J36;5;0;GrrG;30891.25
J36;5;0;GrrG;30891.50
J36;5;0;GrrG;30891.75
J36;5;0;GrrG;30892.00
J36;5;0;GrrG;30892.25
J36;5;0;GrrG;30892.50
J36;5;0;GrrG;30892.75
J36;5;0;GrrG;30893.00
J36;5;0;GrrG;30893.25
J36;5;0;GrrG;30893.50
J36;5;0;GrrG;30893.75
J36;5;0;GrrG;30894.00
J36;5;0;GrrG;30894.25
J36;5;0;GrrG;30894.50
J36;5;0;GrrG;30894.75
J36;5;0;GrrG;30895.00
J36;5;0;GrrG;30895.25
J36;5;0;GrrG;30895.50
J36;5;0;GrrG;30895.75
J36;5;0;GrrG;30896.00
J36;5;0;GrrG;30896.25
J36;5;0;GrrG;30896.50
J36;5;0;GrrG;30896.75
J36;5;0;GrrG;30897.00
J36;5;0;GrrG;30897.25
J36;5;0;GrrG;30897.50
J36;5;0;GrrG;30897.75
J36;5;0;GrrG;30898.00
J36;5;0;GrrG;30898.25
J36;5;0;GrrG;30898.50
J36;5;0;GrrG;30898.75
J36;5;0;GrrG;30899.00
J36;5;0;GrrG;30899.25
J36;5;0;GrrG;30899.50
J36;5;0;GrrG;30899.75
J36;5;0;GrrG;30900.00
J36;5;0;GrrG;30900.25
J36;5;0;GrrG;30900.50
J36;5;0;GrrG;30900.75
J36;5;0;GrrG;30901.00
J36;5;0;GrrG;30901.25
J36;5;0;GrrG;30901.50
J36;5;0;GrrG;30901.75
J36;5;0;GrrG;30902.00
J36;5;0;GrrG;30902.25
J36;5;0;GrrG;30902.50
J36;5;0;GrrG;30902.75
J36;5;0;GrrG;30903.00
J36;5;0;GrrG;30903.25
J36;5;0;GrrG;30903.50
J36;5;0;GrrG;30903.75
J36;5;0;GrrG;30904.00
J36;5;0;GrrG;30904.25
J36;5;0;GrrG;30904.50
J36;5;0;GrrG;30904.75
J36;5;0;GrrG;30905.00
J36;5;0;GrrG;30905.25
J36;5;0;GrrG;30905.50
J36;6;0;yrry;30905.75
J36;6;0;yrry;30906.00
J36;6;0;yrry;30906.25
J36;6;0;yrry;30906.50
J36;6;0;yrry;30906.75
J36;6;0;yrry;30907.00
J36;6;0;yrry;30907.25
J36;6;0;yrry;30907.50
J36;6;0;yrry;30907.75
J36;6;0;yrry;30908.00
J36;6;0;yrry;30908.25
J36;6;0;yrry;30908.50
J36;7;0;rrrr;30908.75
J36;7;0;rrrr;30909.00
J36;7;0;rrrr;30909.25
J36;7;0;rrrr;30909.50
J36;0;0;ruur;30909.75
J36;0;0;ruur;30910.00
J36;0;0;ruur;30910.25
J36;0;0;ruur;30910.50
J36;1;0;rGGr;30910.75
J36;1;0;rGGr;30911.00
J36;1;0;rGGr;30911.25
J36;1;0;rGGr;30911.50
J36;1;0;rGGr;30911.75
J36;1;0;rGGr;30912.00
J36;1;0;rGGr;30912.25
J36;1;0;rGGr;30912.50
J36;1;0;rGGr;30912.75
J36;1;0;rGGr;30913.00
J36;1;0;rGGr;30913.25
J36;1;0;rGGr;30913.50
J36;1;0;rGGr;30913.75
J36;1;0;rGGr;30914.00
J36;1;0;rGGr;30914.25
J36;1;0;rGGr;30914.50
J36;1;0;rGGr;30914.75
J36;1;0;rGGr;30915.00
J36;1;0;rGGr;30915.25
J36;1;0;rGGr;30915.50
J36;1;0;rGGr;30915.75
J36;1;0;rGGr;30916.00
J36;1;0;rGGr;30916.25
J36;1;0;rGGr;30916.50
J36;1;0;rGGr;30916.75
J36;1;0;rGGr;30917.00
J36;1;0;rGGr;30917.25
J36;1;0;rGGr;30917.50
J36;1;0;rGGr;30917.75
J36;1;0;rGGr;30918.00
J36;1;0;rGGr;30918.25
J36;1;0;rGGr;30918.50
J36;1;0;rGGr;30918.75
J36;1;0;rGGr;30919.00
J36;1;0;rGGr;30919.25
J36;1;0;rGGr;30919.50
J36;1;0;rGGr;30919.75
J36;1;0;rGGr;30920.00
J36;1;0;rGGr;30920.25
J36;1;0;rGGr;30920.50
J36;1;0;rGGr;30920.75
J36;1;0;rGGr;30921.00
J36;1;0;rGGr;30921.25
J36;1;0;rGGr;30921.50
J36;1;0;rGGr;30921.75
J36;1;0;rGGr;30922.00
J36;1;0;rGGr;30922.25
J36;1;0;rGGr;30922.50
J36;1;0;rGGr;30922.75
J36;1;0;rGGr;30923.00
J36;1;0;rGGr;30923.25
J36;1;0;rGGr;30923.50
J36;1;0;rGGr;30923.75
J36;1;0;rGGr;30924.00
J36;1;0;rGGr;30924.25
J36;1;0;rGGr;30924.50
J36;1;0;rGGr;30924.75
J36;1;0;rGGr;30925.00
J36;1;0;rGGr;30925.25
J36;1;0;rGGr;30925.50
J36;1;0;rGGr;30925.75
J36;1;0;rGGr;30926.00
J36;1;0;rGGr;30926.25
J36;1;0;rGGr;30926.50
J36;1;0;rGGr;30926.75
J36;1;0;rGGr;30927.00
J36;1;0;rGGr;30927.25
J36;1;0;rGGr;30927.50
J36;1;0;rGGr;30927.75
J36;1;0;rGGr;30928.00
J36;1;0;rGGr;30928.25
J36;1;0;rGGr;30928.50
J36;1;0;rGGr;30928.75
J36;1;0;rGGr;30929.00
J36;1;0;rGGr;30929.25
J36;1;0;rGGr;30929.50
J36;1;0;rGGr;30929.75
J36;1;0;rGGr;30930.00
J36;1;0;rGGr;30930.25
J36;1;0;rGGr;30930.50
J36;1;0;rGGr;30930.75
J36;1;0;rGGr;30931.00
J36;1;0;rGGr;30931.25
J36;1;0;rGGr;30931.50
J36;1;0;rGGr;30931.75
J36;1;0;rGGr;30932.00
J36;1;0;rGGr;30932.25
J36;1;0;rGGr;30932.50
J36;1;0;rGGr;30932.75
J36;1;0;rGGr;30933.00
J36;1;0;rGGr;30933.25
J36;1;0;rGGr;30933.50
J36;1;0;rGGr;30933.75
J36;1;0;rGGr;30934.00
J36;1;0;rGGr;30934.25
J36;1;0;rGGr;30934.50
J36;1;0;rGGr;30934.75
J36;1;0;rGGr;30935.00
J36;1;0;rGGr;30935.25
J36;1;0;rGGr;30935.50
J36;1;0;rGGr;30935.75
J36;1;0;rGGr;30936.00
J36;1;0;rGGr;30936.25
J36;1;0;rGGr;30936.50
J36;1;0;rGGr;30936.75
J36;1;0;rGGr;30937.00
J36;1;0;rGGr;30937.25
J36;1;0;rGGr;30937.50
J36;1;0;rGGr;30937.75
J36;1;0;rGGr;30938.00
J36;1;0;rGGr;30938.25
J36;1;0;rGGr;30938.50
J36;1;0;rGGr;30938.75
J36;1;0;rGGr;30939.00
J36;2;0;ryyr;30939.25
J36;2;0;ryyr;30939.50
J36;2;0;ryyr;30939.75
J36;2;0;ryyr;30940.00
J36;2;0;ryyr;30940.25
J36;2;0;ryyr;30940.50
J36;2;0;ryyr;30940.75
J36;2;0;ryyr;30941.00
J36;2;0;ryyr;30941.25
J36;2;0;ryyr;30941.50
J36;2;0;ryyr;30941.75
J36;2;0;ryyr;30942.00
J36;3;0;rrrr;30942.25
J36;3;0;rrrr;30942.50
J36;3;0;rrrr;30942.75
J36;3;0;rrrr;30943.00
J36;4;0;urru;30943.25
J36;4;0;urru;30943.50
J36;4;0;urru;30943.75
J36;4;0;urru;30944.00
J36;5;0;GrrG;30944.25
J36;5;0;GrrG;30944.50
J36;5;0;GrrG;30944.75
J36;5;0;GrrG;30945.00
J36;5;0;GrrG;30945.25
J36;5;0;GrrG;30945.50
J36;5;0;GrrG;30945.75
J36;5;0;GrrG;30946.00
J36;5;0;GrrG;30946.25
J36;5;0;GrrG;30946.50
J36;5;0;GrrG;30946.75
J36;5;0;GrrG;30947.00
J36;5;0;GrrG;30947.25
J36;5;0;GrrG;30947.50
J36;5;0;GrrG;30947.75
J36;5;0;GrrG;30948.00
J36;5;0;GrrG;30948.25
J36;5;0;GrrG;30948.50
J36;5;0;GrrG;30948.75
J36;5;0;GrrG;30949.00
J36;5;0;GrrG;30949.25
J36;5;0;GrrG;30949.50
J36;5;0;GrrG;30949.75
J36;5;0;GrrG;30950.00
J36;5;0;GrrG;30950.25
J36;5;0;GrrG;30950.50
J36;5;0;GrrG;30950.75
J36;5;0;GrrG;30951.00
J36;5;0;GrrG;30951.25
J36;5;0;GrrG;30951.50
J36;5;0;GrrG;30951.75
J36;5;0;GrrG;30952.00
J36;5;0;GrrG;30952.25
J36;5;0;GrrG;30952.50
J36;5;0;GrrG;30952.75
J36;5;0;GrrG;30953.00
J36;5;0;GrrG;30953.25
J36;5;0;GrrG;30953.50
J36;5;0;GrrG;30953.75
J36;5;0;GrrG;30954.00
J36;5;0;GrrG;30954.25
J36;5;0;GrrG;30954.50
J36;5;0;GrrG;30954.75
J36;5;0;GrrG;30955.00
J36;5;0;GrrG;30955.25
J36;5;0;GrrG;30955.50
J36;5;0;GrrG;30955.75
J36;5;0;GrrG;30956.00
J36;5;0;GrrG;30956.25
J36;5;0;GrrG;30956.50
J36;5;0;GrrG;30956.75
J36;5;0;GrrG;30957.00
J36;5;0;GrrG;30957.25
J36;5;0;GrrG;30957.50
J36;5;0;GrrG;30957.75
J36;5;0;GrrG;30958.00
J36;5;0;GrrG;30958.25
J36;5;0;GrrG;30958.50
J36;5;0;GrrG;30958.75
J36;5;0;GrrG;30959.00
J36;5;0;GrrG;30959.25
J36;5;0;GrrG;30959.50
J36;5;0;GrrG;30959.75
J36;5;0;GrrG;30960.00
J36;5;0;GrrG;30960.25
J36;5;0;GrrG;30960.50
J36;5;0;GrrG;30960.75
J36;5;0;GrrG;30961.00
J36;5;0;GrrG;30961.25
J36;5;0;GrrG;30961.50
J36;5;0;GrrG;30961.75
J36;5;0;GrrG;30962.00
J36;5;0;GrrG;30962.25
J36;5;0;GrrG;30962.50
J36;5;0;GrrG;30962.75
J36;5;0;GrrG;30963.00
J36;5;0;GrrG;30963.25
J36;5;0;GrrG;30963.50
J36;5;0;GrrG;30963.75
J36;5;0;GrrG;30964.00
J36;5;0;GrrG;30964.25
J36;5;0;GrrG;30964.50
J36;5;0;GrrG;30964.75
J36;5;0;GrrG;30965.00
J36;5;0;GrrG;30965.25
J36;5;0;GrrG;30965.50
J36;5;0;GrrG;30965.75
J36;5;0;GrrG;30966.00
J36;5;0;GrrG;30966.25
J36;5;0;GrrG;30966.50
J36;5;0;GrrG;30966.75
J36;5;0;GrrG;30967.00
J36;5;0;GrrG;30967.25
J36;5;0;GrrG;30967.50
J36;5;0;GrrG;30967.75
J36;5;0;GrrG;30968.00
J36;5;0;GrrG;30968.25
J36;5;0;GrrG;30968.50
J36;5;0;GrrG;30968.75
J36;5;0;GrrG;30969.00
J36;6;0;yrry;30969.25
J36;6;0;yrry;30969.50
J36;6;0;yrry;30969.75
J36;6;0;yrry;30970.00
J36;6;0;yrry;30970.25
J36;6;0;yrry;30970.50
J36;6;0;yrry;30970.75
J36;6;0;yrry;30971.00
J36;6;0;yrry;30971.25
J36;6;0;yrry;30971.50
J36;6;0;yrry;30971.75
J36;6;0;yrry;30972.00
J36;7;0;rrrr;30972.25
J36;7;0;rrrr;30972.50
J36;7;0;rrrr;30972.75
J36;7;0;rrrr;30973.00
J36;0;0;ruur;30973.25
J36;0;0;ruur;30973.50
J36;0;0;ruur;30973.75
J36;0;0;ruur;30974.00
J36;1;0;rGGr;30974.25
J36;1;0;rGGr;30974.50
J36;1;0;rGGr;30974.75
J36;1;0;rGGr;30975.00
J36;1;0;rGGr;30975.25
J36;1;0;rGGr;30975.50
J36;1;0;rGGr;30975.75
J36;1;0;rGGr;30976.00
J36;1;0;rGGr;30976.25
J36;1;0;rGGr;30976.50
J36;1;0;rGGr;30976.75
J36;1;0;rGGr;30977.00
J36;1;0;rGGr;30977.25
J36;1;0;rGGr;30977.50
J36;1;0;rGGr;30977.75
J36;1;0;rGGr;30978.00
J36;1;0;rGGr;30978.25
J36;1;0;rGGr;30978.50
J36;1;0;rGGr;30978.75
J36;1;0;rGGr;30979.00
J36;1;0;rGGr;30979.25
J36;1;0;rGGr;30979.50
J36;1;0;rGGr;30979.75
J36;1;0;rGGr;30980.00
J36;1;0;rGGr;30980.25
J36;1;0;rGGr;30980.50
J36;1;0;rGGr;30980.75
J36;1;0;rGGr;30981.00
J36;0;online;yyyyyyyyyyyyyyyyyyyyyyyyyyyyyyyyyyyyyyyyyyyyyyyyyyyyyyyyy;30981.25
J36;0;online;yyyyyyyyyyyyyyyyyyyyyyyyyyyyyyyyyyyyyyyyyyyyyyyyyyyyyyyyy;30981.50
J36;0;online;yyyyyyyyyyyyyyyyyyyyyyyyyyyyyyyyyyyyyyyyyyyyyyyyyyyyyyyyy;30981.75
J36;0;online;yyyyyyyyyyyyyyyyyyyyyyyyyyyyyyyyyyyyyyyyyyyyyyyyyyyyyyyyy;30982.00
J36;0;online;yyyyyyyyyyyyyyyyyyyyyyyyyyyyyyyyyyyyyyyyyyyyyyyyyyyyyyyyy;30982.25
J36;0;online;yyyyyyyyyyyyyyyyyyyyyyyyyyyyyyyyyyyyyyyyyyyyyyyyyyyyyyyyy;30982.50
J36;0;online;yyyyyyyyyyyyyyyyyyyyyyyyyyyyyyyyyyyyyyyyyyyyyyyyyyyyyyyyy;30982.75
J36;0;online;yyyyyyyyyyyyyyyyyyyyyyyyyyyyyyyyyyyyyyyyyyyyyyyyyyyyyyyyy;30983.00
J36;0;online;yyyyyyyyyyyyyyyyyyyyyyyyyyyyyyyyyyyyyyyyyyyyyyyyyyyyyyyyy;30983.25
J36;0;online;yyyyyyyyyyyyyyyyyyyyyyyyyyyyyyyyyyyyyyyyyyyyyyyyyyyyyyyyy;30983.50
J36;0;online;yyyyyyyyyyyyyyyyyyyyyyyyyyyyyyyyyyyyyyyyyyyyyyyyyyyyyyyyy;30983.75
J36;0;online;yyyyyyyyyyyyyyyyyyyyyyyyyyyyyyyyyyyyyyyyyyyyyyyyyyyyyyyyy;30984.00
J36;4;0;urru;30984.25
J36;4;0;urru;30984.50
J36;4;0;urru;30984.75
J36;4;0;urru;30985.00
J36;5;0;GrrG;30985.25
J36;5;0;GrrG;30985.50
J36;5;0;GrrG;30985.75
J36;5;0;GrrG;30986.00
J36;5;0;GrrG;30986.25
J36;5;0;GrrG;30986.50
J36;5;0;GrrG;30986.75
J36;5;0;GrrG;30987.00
J36;5;0;GrrG;30987.25
J36;5;0;GrrG;30987.50
J36;5;0;GrrG;30987.75
J36;5;0;GrrG;30988.00
J36;5;0;GrrG;30988.25
J36;5;0;GrrG;30988.50
J36;5;0;GrrG;30988.75
J36;5;0;GrrG;30989.00
J36;5;0;GrrG;30989.25
J36;5;0;GrrG;30989.50
J36;5;0;GrrG;30989.75
J36;5;0;GrrG;30990.00
J36;5;0;GrrG;30990.25
J36;5;0;GrrG;30990.50
J36;5;0;GrrG;30990.75
J36;5;0;GrrG;30991.00
J36;5;0;GrrG;30991.25
J36;5;0;GrrG;30991.50
J36;5;0;GrrG;30991.75
J36;5;0;GrrG;30992.00
J36;5;0;GrrG;30992.25
J36;5;0;GrrG;30992.50
J36;5;0;GrrG;30992.75
J36;5;0;GrrG;30993.00
J36;5;0;GrrG;30993.25
J36;5;0;GrrG;30993.50
J36;5;0;GrrG;30993.75
J36;5;0;GrrG;30994.00
J36;5;0;GrrG;30994.25
J36;5;0;GrrG;30994.50
J36;5;0;GrrG;30994.75
J36;5;0;GrrG;30995.00
J36;5;0;GrrG;30995.25
J36;5;0;GrrG;30995.50
J36;5;0;GrrG;30995.75
J36;5;0;GrrG;30996.00
J36;5;0;GrrG;30996.25
J36;5;0;GrrG;30996.50
J36;5;0;GrrG;30996.75
J36;5;0;GrrG;30997.00
J36;5;0;GrrG;30997.25
J36;5;0;GrrG;30997.50
J36;5;0;GrrG;30997.75
J36;5;0;GrrG;30998.00
J36;5;0;GrrG;30998.25
J36;5;0;GrrG;30998.50
J36;5;0;GrrG;30998.75
J36;5;0;GrrG;30999.00
J36;5;0;GrrG;30999.25
J36;5;0;GrrG;30999.50
J36;5;0;GrrG;30999.75
J36;5;0;GrrG;31000.00
J36;5;0;GrrG;31000.25
J36;5;0;GrrG;31000.50
J36;5;0;GrrG;31000.75
J36;5;0;GrrG;31001.00
J36;5;0;GrrG;31001.25
J36;5;0;GrrG;31001.50
J36;5;0;GrrG;31001.75
J36;5;0;GrrG;31002.00
J36;5;0;GrrG;31002.25
J36;5;0;GrrG;31002.50
J36;5;0;GrrG;31002.75
J36;5;0;GrrG;31003.00
J36;5;0;GrrG;31003.25
J36;5;0;GrrG;31003.50
J36;5;0;GrrG;31003.75
J36;5;0;GrrG;31004.00
J36;5;0;GrrG;31004.25
J36;5;0;GrrG;31004.50
J36;5;0;GrrG;31004.75
J36;5;0;GrrG;31005.00
J36;5;0;GrrG;31005.25
J36;5;0;GrrG;31005.50
J36;5;0;GrrG;31005.75
J36;5;0;GrrG;31006.00
J36;5;0;GrrG;31006.25
J36;5;0;GrrG;31006.50
J36;5;0;GrrG;31006.75
J36;5;0;GrrG;31007.00
J36;5;0;GrrG;31007.25
J36;5;0;GrrG;31007.50
J36;5;0;GrrG;31007.75
J36;5;0;GrrG;31008.00
J36;5;0;GrrG;31008.25
J36;5;0;GrrG;31008.50
J36;5;0;GrrG;31008.75
J36;5;0;GrrG;31009.00
J36;5;0;GrrG;31009.25
J36;5;0;GrrG;31009.50
J36;5;0;GrrG;31009.75
J36;5;0;GrrG;31010.00
J36;6;0;yrry;31010.25
J36;6;0;yrry;31010.50
J36;6;0;yrry;31010.75
J36;6;0;yrry;31011.00
J36;6;0;yrry;31011.25
J36;6;0;yrry;31011.50
J36;6;0;yrry;31011.75
J36;6;0;yrry;31012.00
J36;6;0;yrry;31012.25
J36;6;0;yrry;31012.50
J36;6;0;yrry;31012.75
J36;6;0;yrry;31013.00
J36;7;0;rrrr;31013.25
J36;7;0;rrrr;31013.50
J36;7;0;rrrr;31013.75
J36;7;0;rrrr;31014.00
J36;0;0;ruur;31014.25
J36;0;0;ruur;31014.50
J36;0;0;ruur;31014.75
J36;0;0;ruur;31015.00
J36;1;0;rGGr;31015.25
J36;1;0;rGGr;31015.50
J36;1;0;rGGr;31015.75
J36;1;0;rGGr;31016.00
J36;1;0;rGGr;31016.25
J36;1;0;rGGr;31016.50
J36;1;0;rGGr;31016.75
J36;1;0;rGGr;31017.00
J36;1;0;rGGr;31017.25
J36;1;0;rGGr;31017.50
J36;1;0;rGGr;31017.75
J36;1;0;rGGr;31018.00
J36;1;0;rGGr;31018.25
J36;1;0;rGGr;31018.50
J36;1;0;rGGr;31018.75
J36;1;0;rGGr;31019.00
J36;1;0;rGGr;31019.25
J36;1;0;rGGr;31019.50
J36;1;0;rGGr;31019.75
J36;1;0;rGGr;31020.00
J36;1;0;rGGr;31020.25
J36;1;0;rGGr;31020.50
J36;1;0;rGGr;31020.75
J36;1;0;rGGr;31021.00
J36;1;0;rGGr;31021.25
J36;1;0;rGGr;31021.50
J36;1;0;rGGr;31021.75
J36;1;0;rGGr;31022.00
J36;1;0;rGGr;31022.25
J36;1;0;rGGr;31022.50
J36;1;0;rGGr;31022.75
J36;1;0;rGGr;31023.00
J36;1;0;rGGr;31023.25
J36;1;0;rGGr;31023.50
J36;1;0;rGGr;31023.75
J36;1;0;rGGr;31024.00
J36;1;0;rGGr;31024.25
J36;1;0;rGGr;31024.50
J36;1;0;rGGr;31024.75
J36;1;0;rGGr;31025.00
J36;1;0;rGGr;31025.25
J36;1;0;rGGr;31025.50
J36;1;0;rGGr;31025.75
J36;1;0;rGGr;31026.00
J36;1;0;rGGr;31026.25
J36;1;0;rGGr;31026.50
J36;1;0;rGGr;31026.75
J36;1;0;rGGr;31027.00
J36;1;0;rGGr;31027.25
J36;1;0;rGGr;31027.50
J36;1;0;rGGr;31027.75
J36;1;0;rGGr;31028.00
J36;1;0;rGGr;31028.25
J36;1;0;rGGr;31028.50
J36;1;0;rGGr;31028.75
J36;1;0;rGGr;31029.00
J36;1;0;rGGr;31029.25
J36;1;0;rGGr;31029.50
J36;1;0;rGGr;31029.75
J36;1;0;rGGr;31030.00
J36;1;0;rGGr;31030.25
J36;1;0;rGGr;31030.50
J36;1;0;rGGr;31030.75
J36;1;0;rGGr;31031.00
J36;1;0;rGGr;31031.25
J36;1;0;rGGr;31031.50
J36;1;0;rGGr;31031.75
J36;1;0;rGGr;31032.00
J36;1;0;rGGr;31032.25
J36;1;0;rGGr;31032.50
J36;1;0;rGGr;31032.75
J36;1;0;rGGr;31033.00
J36;1;0;rGGr;31033.25
J36;1;0;rGGr;31033.50
J36;1;0;rGGr;31033.75
J36;1;0;rGGr;31034.00
J36;1;0;rGGr;31034.25
J36;1;0;rGGr;31034.50
J36;1;0;rGGr;31034.75
J36;1;0;rGGr;31035.00
J36;1;0;rGGr;31035.25
J36;1;0;rGGr;31035.50
J36;1;0;rGGr;31035.75
J36;1;0;rGGr;31036.00
J36;1;0;rGGr;31036.25
J36;1;0;rGGr;31036.50
J36;1;0;rGGr;31036.75
J36;1;0;rGGr;31037.00
J36;1;0;rGGr;31037.25
J36;1;0;rGGr;31037.50
J36;1;0;rGGr;31037.75
J36;1;0;rGGr;31038.00
J36;1;0;rGGr;31038.25
J36;0;online;yyyyyyyyyyyyyyyyyyyyyyyyyyyyyyyyyyyyyyyyyyyyyyyyyyyyyyyyy;31038.50
J36;0;online;yyyyyyyyyyyyyyyyyyyyyyyyyyyyyyyyyyyyyyyyyyyyyyyyyyyyyyyyy;31038.75
J36;0;online;yyyyyyyyyyyyyyyyyyyyyyyyyyyyyyyyyyyyyyyyyyyyyyyyyyyyyyyyy;31039.00
J36;0;online;yyyyyyyyyyyyyyyyyyyyyyyyyyyyyyyyyyyyyyyyyyyyyyyyyyyyyyyyy;31039.25
J36;0;online;yyyyyyyyyyyyyyyyyyyyyyyyyyyyyyyyyyyyyyyyyyyyyyyyyyyyyyyyy;31039.50
J36;0;online;yyyyyyyyyyyyyyyyyyyyyyyyyyyyyyyyyyyyyyyyyyyyyyyyyyyyyyyyy;31039.75
J36;0;online;yyyyyyyyyyyyyyyyyyyyyyyyyyyyyyyyyyyyyyyyyyyyyyyyyyyyyyyyy;31040.00
J36;0;online;yyyyyyyyyyyyyyyyyyyyyyyyyyyyyyyyyyyyyyyyyyyyyyyyyyyyyyyyy;31040.25
J36;0;online;yyyyyyyyyyyyyyyyyyyyyyyyyyyyyyyyyyyyyyyyyyyyyyyyyyyyyyyyy;31040.50
J36;0;online;yyyyyyyyyyyyyyyyyyyyyyyyyyyyyyyyyyyyyyyyyyyyyyyyyyyyyyyyy;31040.75
J36;0;online;yyyyyyyyyyyyyyyyyyyyyyyyyyyyyyyyyyyyyyyyyyyyyyyyyyyyyyyyy;31041.00
J36;0;online;yyyyyyyyyyyyyyyyyyyyyyyyyyyyyyyyyyyyyyyyyyyyyyyyyyyyyyyyy;31041.25
J36;4;0;urru;31041.50
J36;4;0;urru;31041.75
J36;4;0;urru;31042.00
J36;4;0;urru;31042.25
J36;5;0;GrrG;31042.50
J36;5;0;GrrG;31042.75
J36;5;0;GrrG;31043.00
J36;5;0;GrrG;31043.25
J36;5;0;GrrG;31043.50
J36;5;0;GrrG;31043.75
J36;5;0;GrrG;31044.00
J36;5;0;GrrG;31044.25
J36;5;0;GrrG;31044.50
J36;5;0;GrrG;31044.75
J36;5;0;GrrG;31045.00
J36;5;0;GrrG;31045.25
J36;5;0;GrrG;31045.50
J36;5;0;GrrG;31045.75
J36;5;0;GrrG;31046.00
J36;5;0;GrrG;31046.25
J36;5;0;GrrG;31046.50
J36;5;0;GrrG;31046.75
J36;5;0;GrrG;31047.00
J36;5;0;GrrG;31047.25
J36;5;0;GrrG;31047.50
J36;5;0;GrrG;31047.75
J36;5;0;GrrG;31048.00
J36;5;0;GrrG;31048.25
J36;5;0;GrrG;31048.50
J36;5;0;GrrG;31048.75
J36;5;0;GrrG;31049.00
J36;5;0;GrrG;31049.25
J36;5;0;GrrG;31049.50
J36;5;0;GrrG;31049.75
J36;5;0;GrrG;31050.00
J36;5;0;GrrG;31050.25
J36;5;0;GrrG;31050.50
J36;5;0;GrrG;31050.75
J36;5;0;GrrG;31051.00
J36;5;0;GrrG;31051.25
J36;5;0;GrrG;31051.50
J36;5;0;GrrG;31051.75
J36;5;0;GrrG;31052.00
J36;5;0;GrrG;31052.25
J36;5;0;GrrG;31052.50
J36;5;0;GrrG;31052.75
J36;5;0;GrrG;31053.00
J36;5;0;GrrG;31053.25
J36;5;0;GrrG;31053.50
J36;5;0;GrrG;31053.75
J36;5;0;GrrG;31054.00
J36;5;0;GrrG;31054.25
J36;5;0;GrrG;31054.50
J36;5;0;GrrG;31054.75
J36;5;0;GrrG;31055.00
J36;5;0;GrrG;31055.25
J36;5;0;GrrG;31055.50
J36;5;0;GrrG;31055.75
J36;5;0;GrrG;31056.00
J36;5;0;GrrG;31056.25
J36;5;0;GrrG;31056.50
J36;5;0;GrrG;31056.75
J36;5;0;GrrG;31057.00
J36;5;0;GrrG;31057.25
J36;5;0;GrrG;31057.50
J36;5;0;GrrG;31057.75
J36;5;0;GrrG;31058.00
J36;5;0;GrrG;31058.25
J36;5;0;GrrG;31058.50
J36;5;0;GrrG;31058.75
J36;5;0;GrrG;31059.00
J36;5;0;GrrG;31059.25
J36;5;0;GrrG;31059.50
J36;5;0;GrrG;31059.75
J36;5;0;GrrG;31060.00
J36;5;0;GrrG;31060.25
J36;5;0;GrrG;31060.50
J36;5;0;GrrG;31060.75
J36;5;0;GrrG;31061.00
J36;5;0;GrrG;31061.25
J36;5;0;GrrG;31061.50
J36;5;0;GrrG;31061.75
J36;5;0;GrrG;31062.00
J36;5;0;GrrG;31062.25
J36;5;0;GrrG;31062.50
J36;5;0;GrrG;31062.75
J36;5;0;GrrG;31063.00
J36;5;0;GrrG;31063.25
J36;5;0;GrrG;31063.50
J36;5;0;GrrG;31063.75
J36;5;0;GrrG;31064.00
J36;5;0;GrrG;31064.25
J36;5;0;GrrG;31064.50
J36;5;0;GrrG;31064.75
J36;5;0;GrrG;31065.00
J36;5;0;GrrG;31065.25
J36;5;0;GrrG;31065.50
J36;5;0;GrrG;31065.75
J36;5;0;GrrG;31066.00
J36;5;0;GrrG;31066.25
J36;5;0;GrrG;31066.50
J36;5;0;GrrG;31066.75
J36;5;0;GrrG;31067.00
J36;5;0;GrrG;31067.25
J36;6;0;yrry;31067.50
J36;6;0;yrry;31067.75
J36;6;0;yrry;31068.00
J36;6;0;yrry;31068.25
J36;6;0;yrry;31068.50
J36;6;0;yrry;31068.75
J36;6;0;yrry;31069.00
J36;6;0;yrry;31069.25
J36;6;0;yrry;31069.50
J36;6;0;yrry;31069.75
J36;6;0;yrry;31070.00
J36;6;0;yrry;31070.25
J36;7;0;rrrr;31070.50
J36;7;0;rrrr;31070.75
J36;7;0;rrrr;31071.00
J36;7;0;rrrr;31071.25
J36;0;0;ruur;31071.50
J36;0;0;ruur;31071.75
J36;0;0;ruur;31072.00
J36;0;0;ruur;31072.25
J36;1;0;rGGr;31072.50
J36;1;0;rGGr;31072.75
J36;1;0;rGGr;31073.00
J36;1;0;rGGr;31073.25
J36;1;0;rGGr;31073.50
J36;1;0;rGGr;31073.75
J36;1;0;rGGr;31074.00
J36;1;0;rGGr;31074.25
J36;1;0;rGGr;31074.50
J36;1;0;rGGr;31074.75
J36;1;0;rGGr;31075.00
J36;1;0;rGGr;31075.25
J36;1;0;rGGr;31075.50
J36;1;0;rGGr;31075.75
J36;1;0;rGGr;31076.00
J36;1;0;rGGr;31076.25
J36;1;0;rGGr;31076.50
J36;1;0;rGGr;31076.75
J36;1;0;rGGr;31077.00
J36;1;0;rGGr;31077.25
J36;1;0;rGGr;31077.50
J36;1;0;rGGr;31077.75
J36;1;0;rGGr;31078.00
J36;1;0;rGGr;31078.25
J36;1;0;rGGr;31078.50
J36;1;0;rGGr;31078.75
J36;1;0;rGGr;31079.00
J36;1;0;rGGr;31079.25
J36;1;0;rGGr;31079.50
J36;1;0;rGGr;31079.75
J36;1;0;rGGr;31080.00
J36;1;0;rGGr;31080.25
J36;1;0;rGGr;31080.50
J36;1;0;rGGr;31080.75
J36;1;0;rGGr;31081.00
J36;1;0;rGGr;31081.25
J36;1;0;rGGr;31081.50
J36;1;0;rGGr;31081.75
J36;1;0;rGGr;31082.00
J36;1;0;rGGr;31082.25
J36;1;0;rGGr;31082.50
J36;1;0;rGGr;31082.75
J36;1;0;rGGr;31083.00
J36;1;0;rGGr;31083.25
J36;1;0;rGGr;31083.50
J36;1;0;rGGr;31083.75
J36;1;0;rGGr;31084.00
J36;1;0;rGGr;31084.25
J36;1;0;rGGr;31084.50
J36;1;0;rGGr;31084.75
J36;1;0;rGGr;31085.00
J36;1;0;rGGr;31085.25
J36;1;0;rGGr;31085.50
J36;1;0;rGGr;31085.75
J36;1;0;rGGr;31086.00
J36;1;0;rGGr;31086.25
J36;1;0;rGGr;31086.50
J36;1;0;rGGr;31086.75
J36;1;0;rGGr;31087.00
J36;1;0;rGGr;31087.25
J36;1;0;rGGr;31087.50
J36;1;0;rGGr;31087.75
J36;1;0;rGGr;31088.00
J36;1;0;rGGr;31088.25
J36;1;0;rGGr;31088.50
J36;1;0;rGGr;31088.75
J36;1;0;rGGr;31089.00
J36;1;0;rGGr;31089.25
J36;1;0;rGGr;31089.50
J36;1;0;rGGr;31089.75
J36;1;0;rGGr;31090.00
J36;1;0;rGGr;31090.25
J36;1;0;rGGr;31090.50
J36;1;0;rGGr;31090.75
J36;1;0;rGGr;31091.00
J36;1;0;rGGr;31091.25
J36;1;0;rGGr;31091.50
J36;1;0;rGGr;31091.75
J36;1;0;rGGr;31092.00
J36;1;0;rGGr;31092.25
J36;1;0;rGGr;31092.50
J36;1;0;rGGr;31092.75
J36;1;0;rGGr;31093.00
J36;1;0;rGGr;31093.25
J36;1;0;rGGr;31093.50
J36;1;0;rGGr;31093.75
J36;1;0;rGGr;31094.00
J36;1;0;rGGr;31094.25
J36;1;0;rGGr;31094.50
J36;1;0;rGGr;31094.75
J36;1;0;rGGr;31095.00
J36;1;0;rGGr;31095.25
J36;1;0;rGGr;31095.50
J36;1;0;rGGr;31095.75
J36;0;online;yyyyyyyyyyyyyyyyyyyyyyyyyyyyyyyyyyyyyyyyyyyyyyyyyyyyyyyyy;31096.00
J36;0;online;yyyyyyyyyyyyyyyyyyyyyyyyyyyyyyyyyyyyyyyyyyyyyyyyyyyyyyyyy;31096.25
J36;0;online;yyyyyyyyyyyyyyyyyyyyyyyyyyyyyyyyyyyyyyyyyyyyyyyyyyyyyyyyy;31096.50
J36;0;online;yyyyyyyyyyyyyyyyyyyyyyyyyyyyyyyyyyyyyyyyyyyyyyyyyyyyyyyyy;31096.75
J36;0;online;yyyyyyyyyyyyyyyyyyyyyyyyyyyyyyyyyyyyyyyyyyyyyyyyyyyyyyyyy;31097.00
J36;0;online;yyyyyyyyyyyyyyyyyyyyyyyyyyyyyyyyyyyyyyyyyyyyyyyyyyyyyyyyy;31097.25
J36;0;online;yyyyyyyyyyyyyyyyyyyyyyyyyyyyyyyyyyyyyyyyyyyyyyyyyyyyyyyyy;31097.50
J36;0;online;yyyyyyyyyyyyyyyyyyyyyyyyyyyyyyyyyyyyyyyyyyyyyyyyyyyyyyyyy;31097.75
J36;0;online;yyyyyyyyyyyyyyyyyyyyyyyyyyyyyyyyyyyyyyyyyyyyyyyyyyyyyyyyy;31098.00
J36;0;online;yyyyyyyyyyyyyyyyyyyyyyyyyyyyyyyyyyyyyyyyyyyyyyyyyyyyyyyyy;31098.25
J36;0;online;yyyyyyyyyyyyyyyyyyyyyyyyyyyyyyyyyyyyyyyyyyyyyyyyyyyyyyyyy;31098.50
J36;0;online;yyyyyyyyyyyyyyyyyyyyyyyyyyyyyyyyyyyyyyyyyyyyyyyyyyyyyyyyy;31098.75
J36;4;0;urru;31099.00
J36;4;0;urru;31099.25
J36;4;0;urru;31099.50
J36;4;0;urru;31099.75
J36;5;0;GrrG;31100.00
J36;5;0;GrrG;31100.25
J36;5;0;GrrG;31100.50
J36;5;0;GrrG;31100.75
J36;5;0;GrrG;31101.00
J36;5;0;GrrG;31101.25
J36;5;0;GrrG;31101.50
J36;5;0;GrrG;31101.75
J36;5;0;GrrG;31102.00
J36;5;0;GrrG;31102.25
J36;5;0;GrrG;31102.50
J36;5;0;GrrG;31102.75
J36;5;0;GrrG;31103.00
J36;5;0;GrrG;31103.25
J36;5;0;GrrG;31103.50
J36;5;0;GrrG;31103.75
J36;5;0;GrrG;31104.00
J36;5;0;GrrG;31104.25
J36;5;0;GrrG;31104.50
J36;5;0;GrrG;31104.75
J36;5;0;GrrG;31105.00
J36;5;0;GrrG;31105.25
J36;5;0;GrrG;31105.50
J36;5;0;GrrG;31105.75
J36;5;0;GrrG;31106.00
J36;5;0;GrrG;31106.25
J36;5;0;GrrG;31106.50
J36;5;0;GrrG;31106.75
J36;5;0;GrrG;31107.00
J36;5;0;GrrG;31107.25
J36;5;0;GrrG;31107.50
J36;5;0;GrrG;31107.75
J36;5;0;GrrG;31108.00
J36;5;0;GrrG;31108.25
J36;5;0;GrrG;31108.50
J36;5;0;GrrG;31108.75
J36;5;0;GrrG;31109.00
J36;5;0;GrrG;31109.25
J36;5;0;GrrG;31109.50
J36;5;0;GrrG;31109.75
J36;5;0;GrrG;31110.00
J36;5;0;GrrG;31110.25
J36;5;0;GrrG;31110.50
J36;5;0;GrrG;31110.75
J36;5;0;GrrG;31111.00
J36;5;0;GrrG;31111.25
J36;5;0;GrrG;31111.50
J36;5;0;GrrG;31111.75
J36;5;0;GrrG;31112.00
J36;5;0;GrrG;31112.25
J36;5;0;GrrG;31112.50
J36;5;0;GrrG;31112.75
J36;5;0;GrrG;31113.00
J36;5;0;GrrG;31113.25
J36;5;0;GrrG;31113.50
J36;5;0;GrrG;31113.75
J36;5;0;GrrG;31114.00
J36;5;0;GrrG;31114.25
J36;5;0;GrrG;31114.50
J36;5;0;GrrG;31114.75
J36;5;0;GrrG;31115.00
J36;5;0;GrrG;31115.25
J36;5;0;GrrG;31115.50
J36;5;0;GrrG;31115.75
J36;5;0;GrrG;31116.00
J36;5;0;GrrG;31116.25
J36;5;0;GrrG;31116.50
J36;5;0;GrrG;31116.75
J36;5;0;GrrG;31117.00
J36;5;0;GrrG;31117.25
J36;5;0;GrrG;31117.50
J36;5;0;GrrG;31117.75
J36;5;0;GrrG;31118.00
J36;5;0;GrrG;31118.25
J36;5;0;GrrG;31118.50
J36;5;0;GrrG;31118.75
J36;5;0;GrrG;31119.00
J36;5;0;GrrG;31119.25
J36;5;0;GrrG;31119.50
J36;5;0;GrrG;31119.75
J36;5;0;GrrG;31120.00
J36;5;0;GrrG;31120.25
J36;5;0;GrrG;31120.50
J36;5;0;GrrG;31120.75
J36;5;0;GrrG;31121.00
J36;5;0;GrrG;31121.25
J36;5;0;GrrG;31121.50
J36;5;0;GrrG;31121.75
J36;5;0;GrrG;31122.00
J36;5;0;GrrG;31122.25
J36;5;0;GrrG;31122.50
J36;5;0;GrrG;31122.75
J36;5;0;GrrG;31123.00
J36;5;0;GrrG;31123.25
J36;5;0;GrrG;31123.50
J36;5;0;GrrG;31123.75
J36;5;0;GrrG;31124.00
J36;5;0;GrrG;31124.25
J36;5;0;GrrG;31124.50
J36;5;0;GrrG;31124.75
J36;6;0;yrry;31125.00
J36;6;0;yrry;31125.25
J36;6;0;yrry;31125.50
J36;6;0;yrry;31125.75
J36;6;0;yrry;31126.00
J36;6;0;yrry;31126.25
J36;6;0;yrry;31126.50
J36;6;0;yrry;31126.75
J36;6;0;yrry;31127.00
J36;6;0;yrry;31127.25
J36;6;0;yrry;31127.50
J36;6;0;yrry;31127.75
J36;7;0;rrrr;31128.00
J36;7;0;rrrr;31128.25
J36;7;0;rrrr;31128.50
J36;7;0;rrrr;31128.75
J36;0;0;ruur;31129.00
J36;0;0;ruur;31129.25
J36;0;0;ruur;31129.50
J36;0;0;ruur;31129.75
J36;1;0;rGGr;31130.00
J36;1;0;rGGr;31130.25
J36;1;0;rGGr;31130.50
J36;1;0;rGGr;31130.75
J36;1;0;rGGr;31131.00
J36;1;0;rGGr;31131.25
J36;1;0;rGGr;31131.50
J36;1;0;rGGr;31131.75
J36;1;0;rGGr;31132.00
J36;1;0;rGGr;31132.25
J36;1;0;rGGr;31132.50
J36;1;0;rGGr;31132.75
J36;1;0;rGGr;31133.00
J36;1;0;rGGr;31133.25
J36;1;0;rGGr;31133.50
J36;1;0;rGGr;31133.75
J36;1;0;rGGr;31134.00
J36;1;0;rGGr;31134.25
J36;1;0;rGGr;31134.50
J36;1;0;rGGr;31134.75
J36;1;0;rGGr;31135.00
J36;1;0;rGGr;31135.25
J36;1;0;rGGr;31135.50
J36;1;0;rGGr;31135.75
J36;1;0;rGGr;31136.00
J36;1;0;rGGr;31136.25
J36;1;0;rGGr;31136.50
J36;1;0;rGGr;31136.75
J36;1;0;rGGr;31137.00
J36;1;0;rGGr;31137.25
J36;1;0;rGGr;31137.50
J36;1;0;rGGr;31137.75
J36;1;0;rGGr;31138.00
J36;1;0;rGGr;31138.25
J36;1;0;rGGr;31138.50
J36;1;0;rGGr;31138.75
J36;1;0;rGGr;31139.00
J36;1;0;rGGr;31139.25
J36;1;0;rGGr;31139.50
J36;1;0;rGGr;31139.75
J36;1;0;rGGr;31140.00
J36;1;0;rGGr;31140.25
J36;1;0;rGGr;31140.50
J36;1;0;rGGr;31140.75
J36;1;0;rGGr;31141.00
J36;1;0;rGGr;31141.25
J36;1;0;rGGr;31141.50
J36;1;0;rGGr;31141.75
J36;1;0;rGGr;31142.00
J36;1;0;rGGr;31142.25
J36;1;0;rGGr;31142.50
J36;1;0;rGGr;31142.75
J36;1;0;rGGr;31143.00
J36;1;0;rGGr;31143.25
J36;1;0;rGGr;31143.50
J36;1;0;rGGr;31143.75
J36;1;0;rGGr;31144.00
J36;1;0;rGGr;31144.25
J36;1;0;rGGr;31144.50
J36;1;0;rGGr;31144.75
J36;1;0;rGGr;31145.00
J36;1;0;rGGr;31145.25
J36;1;0;rGGr;31145.50
J36;1;0;rGGr;31145.75
J36;1;0;rGGr;31146.00
J36;1;0;rGGr;31146.25
J36;1;0;rGGr;31146.50
J36;1;0;rGGr;31146.75
J36;1;0;rGGr;31147.00
J36;1;0;rGGr;31147.25
J36;1;0;rGGr;31147.50
J36;1;0;rGGr;31147.75
J36;1;0;rGGr;31148.00
J36;1;0;rGGr;31148.25
J36;1;0;rGGr;31148.50
J36;1;0;rGGr;31148.75
J36;1;0;rGGr;31149.00
J36;1;0;rGGr;31149.25
J36;1;0;rGGr;31149.50
J36;1;0;rGGr;31149.75
J36;1;0;rGGr;31150.00
J36;1;0;rGGr;31150.25
J36;1;0;rGGr;31150.50
J36;1;0;rGGr;31150.75
J36;1;0;rGGr;31151.00
J36;1;0;rGGr;31151.25
J36;1;0;rGGr;31151.50
J36;1;0;rGGr;31151.75
J36;1;0;rGGr;31152.00
J36;1;0;rGGr;31152.25
J36;1;0;rGGr;31152.50
J36;1;0;rGGr;31152.75
J36;1;0;rGGr;31153.00
J36;1;0;rGGr;31153.25
J36;1;0;rGGr;31153.50
J36;1;0;rGGr;31153.75
J36;1;0;rGGr;31154.00
J36;1;0;rGGr;31154.25
J36;1;0;rGGr;31154.50
J36;1;0;rGGr;31154.75
J36;1;0;rGGr;31155.00
J36;1;0;rGGr;31155.25
J36;1;0;rGGr;31155.50
J36;1;0;rGGr;31155.75
J36;1;0;rGGr;31156.00
J36;1;0;rGGr;31156.25
J36;1;0;rGGr;31156.50
J36;1;0;rGGr;31156.75
J36;1;0;rGGr;31157.00
J36;1;0;rGGr;31157.25
J36;1;0;rGGr;31157.50
J36;1;0;rGGr;31157.75
J36;1;0;rGGr;31158.00
J36;1;0;rGGr;31158.25
J36;1;0;rGGr;31158.50
J36;1;0;rGGr;31158.75
J36;1;0;rGGr;31159.00
J36;1;0;rGGr;31159.25
J36;1;0;rGGr;31159.50
J36;1;0;rGGr;31159.75
J36;1;0;rGGr;31160.00
J36;1;0;rGGr;31160.25
J36;1;0;rGGr;31160.50
J36;1;0;rGGr;31160.75
J36;1;0;rGGr;31161.00
J36;1;0;rGGr;31161.25
J36;1;0;rGGr;31161.50
J36;1;0;rGGr;31161.75
J36;1;0;rGGr;31162.00
J36;1;0;rGGr;31162.25
J36;1;0;rGGr;31162.50
J36;1;0;rGGr;31162.75
J36;1;0;rGGr;31163.00
J36;1;0;rGGr;31163.25
J36;1;0;rGGr;31163.50
J36;1;0;rGGr;31163.75
J36;1;0;rGGr;31164.00
J36;1;0;rGGr;31164.25
J36;1;0;rGGr;31164.50
J36;1;0;rGGr;31164.75
J36;0;online;yyyyyyyyyyyyyyyyyyyyyyyyyyyyyyyyyyyyyyyyyyyyyyyyyyyyyyyyy;31165.00
J36;0;online;yyyyyyyyyyyyyyyyyyyyyyyyyyyyyyyyyyyyyyyyyyyyyyyyyyyyyyyyy;31165.25
J36;0;online;yyyyyyyyyyyyyyyyyyyyyyyyyyyyyyyyyyyyyyyyyyyyyyyyyyyyyyyyy;31165.50
J36;0;online;yyyyyyyyyyyyyyyyyyyyyyyyyyyyyyyyyyyyyyyyyyyyyyyyyyyyyyyyy;31165.75
J36;0;online;yyyyyyyyyyyyyyyyyyyyyyyyyyyyyyyyyyyyyyyyyyyyyyyyyyyyyyyyy;31166.00
J36;0;online;yyyyyyyyyyyyyyyyyyyyyyyyyyyyyyyyyyyyyyyyyyyyyyyyyyyyyyyyy;31166.25
J36;0;online;yyyyyyyyyyyyyyyyyyyyyyyyyyyyyyyyyyyyyyyyyyyyyyyyyyyyyyyyy;31166.50
J36;0;online;yyyyyyyyyyyyyyyyyyyyyyyyyyyyyyyyyyyyyyyyyyyyyyyyyyyyyyyyy;31166.75
J36;0;online;yyyyyyyyyyyyyyyyyyyyyyyyyyyyyyyyyyyyyyyyyyyyyyyyyyyyyyyyy;31167.00
J36;0;online;yyyyyyyyyyyyyyyyyyyyyyyyyyyyyyyyyyyyyyyyyyyyyyyyyyyyyyyyy;31167.25
J36;0;online;yyyyyyyyyyyyyyyyyyyyyyyyyyyyyyyyyyyyyyyyyyyyyyyyyyyyyyyyy;31167.50
J36;0;online;yyyyyyyyyyyyyyyyyyyyyyyyyyyyyyyyyyyyyyyyyyyyyyyyyyyyyyyyy;31167.75
J36;4;0;urru;31168.00
J36;4;0;urru;31168.25
J36;4;0;urru;31168.50
J36;4;0;urru;31168.75
J36;5;0;GrrG;31169.00
J36;5;0;GrrG;31169.25
J36;5;0;GrrG;31169.50
J36;5;0;GrrG;31169.75
J36;5;0;GrrG;31170.00
J36;5;0;GrrG;31170.25
J36;5;0;GrrG;31170.50
J36;5;0;GrrG;31170.75
J36;5;0;GrrG;31171.00
J36;5;0;GrrG;31171.25
J36;5;0;GrrG;31171.50
J36;5;0;GrrG;31171.75
J36;5;0;GrrG;31172.00
J36;5;0;GrrG;31172.25
J36;5;0;GrrG;31172.50
J36;5;0;GrrG;31172.75
J36;5;0;GrrG;31173.00
J36;5;0;GrrG;31173.25
J36;5;0;GrrG;31173.50
J36;5;0;GrrG;31173.75
J36;5;0;GrrG;31174.00
J36;5;0;GrrG;31174.25
J36;5;0;GrrG;31174.50
J36;5;0;GrrG;31174.75
J36;5;0;GrrG;31175.00
J36;5;0;GrrG;31175.25
J36;5;0;GrrG;31175.50
J36;5;0;GrrG;31175.75
J36;5;0;GrrG;31176.00
J36;5;0;GrrG;31176.25
J36;5;0;GrrG;31176.50
J36;5;0;GrrG;31176.75
J36;5;0;GrrG;31177.00
J36;5;0;GrrG;31177.25
J36;5;0;GrrG;31177.50
J36;5;0;GrrG;31177.75
J36;5;0;GrrG;31178.00
J36;5;0;GrrG;31178.25
J36;5;0;GrrG;31178.50
J36;5;0;GrrG;31178.75
J36;5;0;GrrG;31179.00
J36;5;0;GrrG;31179.25
J36;5;0;GrrG;31179.50
J36;5;0;GrrG;31179.75
J36;5;0;GrrG;31180.00
J36;5;0;GrrG;31180.25
J36;5;0;GrrG;31180.50
J36;5;0;GrrG;31180.75
J36;5;0;GrrG;31181.00
J36;5;0;GrrG;31181.25
J36;5;0;GrrG;31181.50
J36;5;0;GrrG;31181.75
J36;5;0;GrrG;31182.00
J36;5;0;GrrG;31182.25
J36;5;0;GrrG;31182.50
J36;5;0;GrrG;31182.75
J36;5;0;GrrG;31183.00
J36;5;0;GrrG;31183.25
J36;5;0;GrrG;31183.50
J36;5;0;GrrG;31183.75
J36;5;0;GrrG;31184.00
J36;5;0;GrrG;31184.25
J36;5;0;GrrG;31184.50
J36;5;0;GrrG;31184.75
J36;5;0;GrrG;31185.00
J36;5;0;GrrG;31185.25
J36;5;0;GrrG;31185.50
J36;5;0;GrrG;31185.75
J36;5;0;GrrG;31186.00
J36;5;0;GrrG;31186.25
J36;5;0;GrrG;31186.50
J36;5;0;GrrG;31186.75
J36;5;0;GrrG;31187.00
J36;5;0;GrrG;31187.25
J36;5;0;GrrG;31187.50
J36;5;0;GrrG;31187.75
J36;5;0;GrrG;31188.00
J36;5;0;GrrG;31188.25
J36;5;0;GrrG;31188.50
J36;5;0;GrrG;31188.75
J36;5;0;GrrG;31189.00
J36;5;0;GrrG;31189.25
J36;5;0;GrrG;31189.50
J36;5;0;GrrG;31189.75
J36;5;0;GrrG;31190.00
J36;5;0;GrrG;31190.25
J36;5;0;GrrG;31190.50
J36;5;0;GrrG;31190.75
J36;5;0;GrrG;31191.00
J36;5;0;GrrG;31191.25
J36;5;0;GrrG;31191.50
J36;5;0;GrrG;31191.75
J36;5;0;GrrG;31192.00
J36;5;0;GrrG;31192.25
J36;5;0;GrrG;31192.50
J36;5;0;GrrG;31192.75
J36;5;0;GrrG;31193.00
J36;5;0;GrrG;31193.25
J36;5;0;GrrG;31193.50
J36;5;0;GrrG;31193.75
J36;6;0;yrry;31194.00
J36;6;0;yrry;31194.25
J36;6;0;yrry;31194.50
J36;6;0;yrry;31194.75
J36;6;0;yrry;31195.00
J36;6;0;yrry;31195.25
J36;6;0;yrry;31195.50
J36;6;0;yrry;31195.75
J36;6;0;yrry;31196.00
J36;6;0;yrry;31196.25
J36;6;0;yrry;31196.50
J36;6;0;yrry;31196.75
J36;7;0;rrrr;31197.00
J36;7;0;rrrr;31197.25
J36;7;0;rrrr;31197.50
J36;7;0;rrrr;31197.75
J36;0;0;ruur;31198.00
J36;0;0;ruur;31198.25
J36;0;0;ruur;31198.50
J36;0;0;ruur;31198.75
J36;1;0;rGGr;31199.00
J36;1;0;rGGr;31199.25
J36;1;0;rGGr;31199.50
J36;1;0;rGGr;31199.75
J36;1;0;rGGr;31200.00
J36;1;0;rGGr;31200.25
J36;1;0;rGGr;31200.50
J36;1;0;rGGr;31200.75
J36;1;0;rGGr;31201.00
J36;1;0;rGGr;31201.25
J36;1;0;rGGr;31201.50
J36;1;0;rGGr;31201.75
J36;1;0;rGGr;31202.00
J36;1;0;rGGr;31202.25
J36;1;0;rGGr;31202.50
J36;1;0;rGGr;31202.75
J36;1;0;rGGr;31203.00
J36;1;0;rGGr;31203.25
J36;1;0;rGGr;31203.50
J36;1;0;rGGr;31203.75
J36;1;0;rGGr;31204.00
J36;1;0;rGGr;31204.25
J36;1;0;rGGr;31204.50
J36;1;0;rGGr;31204.75
J36;1;0;rGGr;31205.00
J36;1;0;rGGr;31205.25
J36;1;0;rGGr;31205.50
J36;1;0;rGGr;31205.75
J36;1;0;rGGr;31206.00
J36;1;0;rGGr;31206.25
J36;1;0;rGGr;31206.50
J36;1;0;rGGr;31206.75
J36;1;0;rGGr;31207.00
J36;1;0;rGGr;31207.25
J36;1;0;rGGr;31207.50
J36;1;0;rGGr;31207.75
J36;1;0;rGGr;31208.00
J36;1;0;rGGr;31208.25
J36;1;0;rGGr;31208.50
J36;1;0;rGGr;31208.75
J36;1;0;rGGr;31209.00
J36;1;0;rGGr;31209.25
J36;1;0;rGGr;31209.50
J36;1;0;rGGr;31209.75
J36;1;0;rGGr;31210.00
J36;1;0;rGGr;31210.25
J36;1;0;rGGr;31210.50
J36;1;0;rGGr;31210.75
J36;1;0;rGGr;31211.00
J36;1;0;rGGr;31211.25
J36;1;0;rGGr;31211.50
J36;1;0;rGGr;31211.75
J36;1;0;rGGr;31212.00
J36;1;0;rGGr;31212.25
J36;1;0;rGGr;31212.50
J36;1;0;rGGr;31212.75
J36;1;0;rGGr;31213.00
J36;1;0;rGGr;31213.25
J36;1;0;rGGr;31213.50
J36;1;0;rGGr;31213.75
J36;1;0;rGGr;31214.00
J36;1;0;rGGr;31214.25
J36;1;0;rGGr;31214.50
J36;1;0;rGGr;31214.75
J36;1;0;rGGr;31215.00
J36;1;0;rGGr;31215.25
J36;1;0;rGGr;31215.50
J36;1;0;rGGr;31215.75
J36;1;0;rGGr;31216.00
J36;1;0;rGGr;31216.25
J36;1;0;rGGr;31216.50
J36;1;0;rGGr;31216.75
J36;1;0;rGGr;31217.00
J36;1;0;rGGr;31217.25
J36;1;0;rGGr;31217.50
J36;1;0;rGGr;31217.75
J36;0;online;yyyyyyyyyyyyyyyyyyyyyyyyyyyyyyyyyyyyyyyyyyyyyyyyyyyyyyyyy;31218.00
J36;0;online;yyyyyyyyyyyyyyyyyyyyyyyyyyyyyyyyyyyyyyyyyyyyyyyyyyyyyyyyy;31218.25
J36;0;online;yyyyyyyyyyyyyyyyyyyyyyyyyyyyyyyyyyyyyyyyyyyyyyyyyyyyyyyyy;31218.50
J36;0;online;yyyyyyyyyyyyyyyyyyyyyyyyyyyyyyyyyyyyyyyyyyyyyyyyyyyyyyyyy;31218.75
J36;0;online;yyyyyyyyyyyyyyyyyyyyyyyyyyyyyyyyyyyyyyyyyyyyyyyyyyyyyyyyy;31219.00
J36;0;online;yyyyyyyyyyyyyyyyyyyyyyyyyyyyyyyyyyyyyyyyyyyyyyyyyyyyyyyyy;31219.25
J36;0;online;yyyyyyyyyyyyyyyyyyyyyyyyyyyyyyyyyyyyyyyyyyyyyyyyyyyyyyyyy;31219.50
J36;0;online;yyyyyyyyyyyyyyyyyyyyyyyyyyyyyyyyyyyyyyyyyyyyyyyyyyyyyyyyy;31219.75
J36;0;online;yyyyyyyyyyyyyyyyyyyyyyyyyyyyyyyyyyyyyyyyyyyyyyyyyyyyyyyyy;31220.00
J36;0;online;yyyyyyyyyyyyyyyyyyyyyyyyyyyyyyyyyyyyyyyyyyyyyyyyyyyyyyyyy;31220.25
J36;0;online;yyyyyyyyyyyyyyyyyyyyyyyyyyyyyyyyyyyyyyyyyyyyyyyyyyyyyyyyy;31220.50
J36;0;online;yyyyyyyyyyyyyyyyyyyyyyyyyyyyyyyyyyyyyyyyyyyyyyyyyyyyyyyyy;31220.75
J36;4;0;urru;31221.00
J36;4;0;urru;31221.25
J36;4;0;urru;31221.50
J36;4;0;urru;31221.75
J36;5;0;GrrG;31222.00
J36;5;0;GrrG;31222.25
J36;5;0;GrrG;31222.50
J36;5;0;GrrG;31222.75
J36;5;0;GrrG;31223.00
J36;5;0;GrrG;31223.25
J36;5;0;GrrG;31223.50
J36;5;0;GrrG;31223.75
J36;5;0;GrrG;31224.00
J36;5;0;GrrG;31224.25
J36;5;0;GrrG;31224.50
J36;5;0;GrrG;31224.75
J36;5;0;GrrG;31225.00
J36;5;0;GrrG;31225.25
J36;5;0;GrrG;31225.50
J36;5;0;GrrG;31225.75
J36;5;0;GrrG;31226.00
J36;5;0;GrrG;31226.25
J36;5;0;GrrG;31226.50
J36;5;0;GrrG;31226.75
J36;5;0;GrrG;31227.00
J36;5;0;GrrG;31227.25
J36;5;0;GrrG;31227.50
J36;5;0;GrrG;31227.75
J36;5;0;GrrG;31228.00
J36;5;0;GrrG;31228.25
J36;5;0;GrrG;31228.50
J36;5;0;GrrG;31228.75
J36;5;0;GrrG;31229.00
J36;5;0;GrrG;31229.25
J36;5;0;GrrG;31229.50
J36;5;0;GrrG;31229.75
J36;5;0;GrrG;31230.00
J36;5;0;GrrG;31230.25
J36;5;0;GrrG;31230.50
J36;5;0;GrrG;31230.75
J36;5;0;GrrG;31231.00
J36;5;0;GrrG;31231.25
J36;5;0;GrrG;31231.50
J36;5;0;GrrG;31231.75
J36;5;0;GrrG;31232.00
J36;5;0;GrrG;31232.25
J36;5;0;GrrG;31232.50
J36;5;0;GrrG;31232.75
J36;5;0;GrrG;31233.00
J36;5;0;GrrG;31233.25
J36;5;0;GrrG;31233.50
J36;5;0;GrrG;31233.75
J36;5;0;GrrG;31234.00
J36;5;0;GrrG;31234.25
J36;5;0;GrrG;31234.50
J36;5;0;GrrG;31234.75
J36;5;0;GrrG;31235.00
J36;5;0;GrrG;31235.25
J36;5;0;GrrG;31235.50
J36;5;0;GrrG;31235.75
J36;5;0;GrrG;31236.00
J36;5;0;GrrG;31236.25
J36;5;0;GrrG;31236.50
J36;5;0;GrrG;31236.75
J36;5;0;GrrG;31237.00
J36;5;0;GrrG;31237.25
J36;5;0;GrrG;31237.50
J36;5;0;GrrG;31237.75
J36;5;0;GrrG;31238.00
J36;5;0;GrrG;31238.25
J36;5;0;GrrG;31238.50
J36;5;0;GrrG;31238.75
J36;5;0;GrrG;31239.00
J36;5;0;GrrG;31239.25
J36;5;0;GrrG;31239.50
J36;5;0;GrrG;31239.75
J36;5;0;GrrG;31240.00
J36;5;0;GrrG;31240.25
J36;5;0;GrrG;31240.50
J36;5;0;GrrG;31240.75
J36;5;0;GrrG;31241.00
J36;5;0;GrrG;31241.25
J36;5;0;GrrG;31241.50
J36;5;0;GrrG;31241.75
J36;5;0;GrrG;31242.00
J36;5;0;GrrG;31242.25
J36;5;0;GrrG;31242.50
J36;5;0;GrrG;31242.75
J36;5;0;GrrG;31243.00
J36;5;0;GrrG;31243.25
J36;5;0;GrrG;31243.50
J36;5;0;GrrG;31243.75
J36;5;0;GrrG;31244.00
J36;5;0;GrrG;31244.25
J36;5;0;GrrG;31244.50
J36;5;0;GrrG;31244.75
J36;5;0;GrrG;31245.00
J36;5;0;GrrG;31245.25
J36;5;0;GrrG;31245.50
J36;5;0;GrrG;31245.75
J36;5;0;GrrG;31246.00
J36;5;0;GrrG;31246.25
J36;5;0;GrrG;31246.50
J36;5;0;GrrG;31246.75
J36;6;0;yrry;31247.00
J36;6;0;yrry;31247.25
J36;6;0;yrry;31247.50
J36;6;0;yrry;31247.75
J36;6;0;yrry;31248.00
J36;6;0;yrry;31248.25
J36;6;0;yrry;31248.50
J36;6;0;yrry;31248.75
J36;6;0;yrry;31249.00
J36;6;0;yrry;31249.25
J36;6;0;yrry;31249.50
J36;6;0;yrry;31249.75
J36;7;0;rrrr;31250.00
J36;7;0;rrrr;31250.25
J36;7;0;rrrr;31250.50
J36;7;0;rrrr;31250.75
J36;0;0;ruur;31251.00
J36;0;0;ruur;31251.25
J36;0;0;ruur;31251.50
J36;0;0;ruur;31251.75
J36;1;0;rGGr;31252.00
J36;1;0;rGGr;31252.25
J36;1;0;rGGr;31252.50
J36;1;0;rGGr;31252.75
J36;1;0;rGGr;31253.00
J36;1;0;rGGr;31253.25
J36;1;0;rGGr;31253.50
J36;1;0;rGGr;31253.75
J36;1;0;rGGr;31254.00
J36;1;0;rGGr;31254.25
J36;1;0;rGGr;31254.50
J36;1;0;rGGr;31254.75
J36;1;0;rGGr;31255.00
J36;1;0;rGGr;31255.25
J36;1;0;rGGr;31255.50
J36;1;0;rGGr;31255.75
J36;1;0;rGGr;31256.00
J36;1;0;rGGr;31256.25
J36;1;0;rGGr;31256.50
J36;1;0;rGGr;31256.75
J36;1;0;rGGr;31257.00
J36;1;0;rGGr;31257.25
J36;1;0;rGGr;31257.50
J36;1;0;rGGr;31257.75
J36;1;0;rGGr;31258.00
J36;1;0;rGGr;31258.25
J36;1;0;rGGr;31258.50
J36;1;0;rGGr;31258.75
J36;1;0;rGGr;31259.00
J36;1;0;rGGr;31259.25
J36;1;0;rGGr;31259.50
J36;1;0;rGGr;31259.75
J36;1;0;rGGr;31260.00
J36;1;0;rGGr;31260.25
J36;1;0;rGGr;31260.50
J36;1;0;rGGr;31260.75
J36;1;0;rGGr;31261.00
J36;1;0;rGGr;31261.25
J36;1;0;rGGr;31261.50
J36;1;0;rGGr;31261.75
J36;1;0;rGGr;31262.00
J36;1;0;rGGr;31262.25
J36;1;0;rGGr;31262.50
J36;1;0;rGGr;31262.75
J36;1;0;rGGr;31263.00
J36;1;0;rGGr;31263.25
J36;1;0;rGGr;31263.50
J36;1;0;rGGr;31263.75
J36;1;0;rGGr;31264.00
J36;1;0;rGGr;31264.25
J36;1;0;rGGr;31264.50
J36;1;0;rGGr;31264.75
J36;1;0;rGGr;31265.00
J36;1;0;rGGr;31265.25
J36;1;0;rGGr;31265.50
J36;1;0;rGGr;31265.75
J36;1;0;rGGr;31266.00
J36;1;0;rGGr;31266.25
J36;1;0;rGGr;31266.50
J36;1;0;rGGr;31266.75
J36;1;0;rGGr;31267.00
J36;1;0;rGGr;31267.25
J36;1;0;rGGr;31267.50
J36;1;0;rGGr;31267.75
J36;1;0;rGGr;31268.00
J36;1;0;rGGr;31268.25
J36;1;0;rGGr;31268.50
J36;1;0;rGGr;31268.75
J36;1;0;rGGr;31269.00
J36;1;0;rGGr;31269.25
J36;1;0;rGGr;31269.50
J36;1;0;rGGr;31269.75
J36;1;0;rGGr;31270.00
J36;1;0;rGGr;31270.25
J36;1;0;rGGr;31270.50
J36;1;0;rGGr;31270.75
J36;1;0;rGGr;31271.00
J36;1;0;rGGr;31271.25
J36;1;0;rGGr;31271.50
J36;1;0;rGGr;31271.75
J36;1;0;rGGr;31272.00
J36;1;0;rGGr;31272.25
J36;1;0;rGGr;31272.50
J36;1;0;rGGr;31272.75
J36;1;0;rGGr;31273.00
J36;1;0;rGGr;31273.25
J36;1;0;rGGr;31273.50
J36;1;0;rGGr;31273.75
J36;1;0;rGGr;31274.00
J36;1;0;rGGr;31274.25
J36;1;0;rGGr;31274.50
J36;1;0;rGGr;31274.75
J36;1;0;rGGr;31275.00
J36;1;0;rGGr;31275.25
J36;1;0;rGGr;31275.50
J36;1;0;rGGr;31275.75
J36;1;0;rGGr;31276.00
J36;1;0;rGGr;31276.25
J36;1;0;rGGr;31276.50
J36;1;0;rGGr;31276.75
J36;1;0;rGGr;31277.00
J36;1;0;rGGr;31277.25
J36;1;0;rGGr;31277.50
J36;1;0;rGGr;31277.75
J36;1;0;rGGr;31278.00
J36;1;0;rGGr;31278.25
J36;1;0;rGGr;31278.50
J36;1;0;rGGr;31278.75
J36;1;0;rGGr;31279.00
J36;1;0;rGGr;31279.25
J36;1;0;rGGr;31279.50
J36;1;0;rGGr;31279.75
J36;1;0;rGGr;31280.00
J36;1;0;rGGr;31280.25
J36;1;0;rGGr;31280.50
J36;1;0;rGGr;31280.75
J36;1;0;rGGr;31281.00
J36;1;0;rGGr;31281.25
J36;1;0;rGGr;31281.50
J36;1;0;rGGr;31281.75
J36;1;0;rGGr;31282.00
J36;1;0;rGGr;31282.25
J36;1;0;rGGr;31282.50
J36;1;0;rGGr;31282.75
J36;1;0;rGGr;31283.00
J36;1;0;rGGr;31283.25
J36;1;0;rGGr;31283.50
J36;1;0;rGGr;31283.75
J36;1;0;rGGr;31284.00
J36;1;0;rGGr;31284.25
J36;1;0;rGGr;31284.50
J36;1;0;rGGr;31284.75
J36;1;0;rGGr;31285.00
J36;1;0;rGGr;31285.25
J36;1;0;rGGr;31285.50
J36;1;0;rGGr;31285.75
J36;1;0;rGGr;31286.00
J36;1;0;rGGr;31286.25
J36;1;0;rGGr;31286.50
J36;1;0;rGGr;31286.75
J36;1;0;rGGr;31287.00
J36;1;0;rGGr;31287.25
J36;1;0;rGGr;31287.50
J36;1;0;rGGr;31287.75
J36;1;0;rGGr;31288.00
J36;1;0;rGGr;31288.25
J36;1;0;rGGr;31288.50
J36;1;0;rGGr;31288.75
J36;1;0;rGGr;31289.00
J36;1;0;rGGr;31289.25
J36;1;0;rGGr;31289.50
J36;1;0;rGGr;31289.75
J36;1;0;rGGr;31290.00
J36;1;0;rGGr;31290.25
J36;1;0;rGGr;31290.50
J36;1;0;rGGr;31290.75
J36;1;0;rGGr;31291.00
J36;1;0;rGGr;31291.25
J36;1;0;rGGr;31291.50
J36;1;0;rGGr;31291.75
J36;1;0;rGGr;31292.00
J36;1;0;rGGr;31292.25
J36;1;0;rGGr;31292.50
J36;1;0;rGGr;31292.75
J36;1;0;rGGr;31293.00
J36;1;0;rGGr;31293.25
J36;1;0;rGGr;31293.50
J36;1;0;rGGr;31293.75
J36;1;0;rGGr;31294.00
J36;1;0;rGGr;31294.25
J36;1;0;rGGr;31294.50
J36;1;0;rGGr;31294.75
J36;1;0;rGGr;31295.00
J36;1;0;rGGr;31295.25
J36;2;0;ryyr;31295.50
J36;2;0;ryyr;31295.75
J36;2;0;ryyr;31296.00
J36;2;0;ryyr;31296.25
J36;2;0;ryyr;31296.50
J36;2;0;ryyr;31296.75
J36;2;0;ryyr;31297.00
J36;2;0;ryyr;31297.25
J36;2;0;ryyr;31297.50
J36;2;0;ryyr;31297.75
J36;2;0;ryyr;31298.00
J36;2;0;ryyr;31298.25
J36;3;0;rrrr;31298.50
J36;3;0;rrrr;31298.75
J36;3;0;rrrr;31299.00
J36;3;0;rrrr;31299.25
J36;4;0;urru;31299.50
J36;4;0;urru;31299.75
J36;4;0;urru;31300.00
J36;4;0;urru;31300.25
J36;5;0;GrrG;31300.50
J36;5;0;GrrG;31300.75
J36;5;0;GrrG;31301.00
J36;5;0;GrrG;31301.25
J36;5;0;GrrG;31301.50
J36;5;0;GrrG;31301.75
J36;5;0;GrrG;31302.00
J36;5;0;GrrG;31302.25
J36;5;0;GrrG;31302.50
J36;5;0;GrrG;31302.75
J36;5;0;GrrG;31303.00
J36;5;0;GrrG;31303.25
J36;5;0;GrrG;31303.50
J36;5;0;GrrG;31303.75
J36;5;0;GrrG;31304.00
J36;5;0;GrrG;31304.25
J36;5;0;GrrG;31304.50
J36;5;0;GrrG;31304.75
J36;5;0;GrrG;31305.00
J36;5;0;GrrG;31305.25
J36;5;0;GrrG;31305.50
J36;5;0;GrrG;31305.75
J36;5;0;GrrG;31306.00
J36;5;0;GrrG;31306.25
J36;5;0;GrrG;31306.50
J36;5;0;GrrG;31306.75
J36;5;0;GrrG;31307.00
J36;5;0;GrrG;31307.25
J36;5;0;GrrG;31307.50
J36;5;0;GrrG;31307.75
J36;5;0;GrrG;31308.00
J36;5;0;GrrG;31308.25
J36;5;0;GrrG;31308.50
J36;5;0;GrrG;31308.75
J36;5;0;GrrG;31309.00
J36;5;0;GrrG;31309.25
J36;5;0;GrrG;31309.50
J36;5;0;GrrG;31309.75
J36;5;0;GrrG;31310.00
J36;5;0;GrrG;31310.25
J36;5;0;GrrG;31310.50
J36;5;0;GrrG;31310.75
J36;5;0;GrrG;31311.00
J36;5;0;GrrG;31311.25
J36;5;0;GrrG;31311.50
J36;5;0;GrrG;31311.75
J36;5;0;GrrG;31312.00
J36;5;0;GrrG;31312.25
J36;5;0;GrrG;31312.50
J36;5;0;GrrG;31312.75
J36;5;0;GrrG;31313.00
J36;5;0;GrrG;31313.25
J36;5;0;GrrG;31313.50
J36;5;0;GrrG;31313.75
J36;5;0;GrrG;31314.00
J36;5;0;GrrG;31314.25
J36;5;0;GrrG;31314.50
J36;5;0;GrrG;31314.75
J36;5;0;GrrG;31315.00
J36;5;0;GrrG;31315.25
J36;5;0;GrrG;31315.50
J36;5;0;GrrG;31315.75
J36;5;0;GrrG;31316.00
J36;5;0;GrrG;31316.25
J36;5;0;GrrG;31316.50
J36;5;0;GrrG;31316.75
J36;5;0;GrrG;31317.00
J36;5;0;GrrG;31317.25
J36;5;0;GrrG;31317.50
J36;5;0;GrrG;31317.75
J36;5;0;GrrG;31318.00
J36;5;0;GrrG;31318.25
J36;5;0;GrrG;31318.50
J36;5;0;GrrG;31318.75
J36;5;0;GrrG;31319.00
J36;5;0;GrrG;31319.25
J36;5;0;GrrG;31319.50
J36;5;0;GrrG;31319.75
J36;5;0;GrrG;31320.00
J36;5;0;GrrG;31320.25
J36;5;0;GrrG;31320.50
J36;5;0;GrrG;31320.75
J36;5;0;GrrG;31321.00
J36;5;0;GrrG;31321.25
J36;5;0;GrrG;31321.50
J36;5;0;GrrG;31321.75
J36;5;0;GrrG;31322.00
J36;5;0;GrrG;31322.25
J36;5;0;GrrG;31322.50
J36;5;0;GrrG;31322.75
J36;5;0;GrrG;31323.00
J36;5;0;GrrG;31323.25
J36;5;0;GrrG;31323.50
J36;5;0;GrrG;31323.75
J36;5;0;GrrG;31324.00
J36;5;0;GrrG;31324.25
J36;5;0;GrrG;31324.50
J36;5;0;GrrG;31324.75
J36;5;0;GrrG;31325.00
J36;5;0;GrrG;31325.25
J36;6;0;yrry;31325.50
J36;6;0;yrry;31325.75
J36;6;0;yrry;31326.00
J36;6;0;yrry;31326.25
J36;6;0;yrry;31326.50
J36;6;0;yrry;31326.75
J36;6;0;yrry;31327.00
J36;6;0;yrry;31327.25
J36;6;0;yrry;31327.50
J36;6;0;yrry;31327.75
J36;6;0;yrry;31328.00
J36;6;0;yrry;31328.25
J36;7;0;rrrr;31328.50
J36;7;0;rrrr;31328.75
J36;7;0;rrrr;31329.00
J36;7;0;rrrr;31329.25
J36;0;0;ruur;31329.50
J36;0;0;ruur;31329.75
J36;0;0;ruur;31330.00
J36;0;0;ruur;31330.25
J36;1;0;rGGr;31330.50
J36;1;0;rGGr;31330.75
J36;1;0;rGGr;31331.00
J36;1;0;rGGr;31331.25
J36;1;0;rGGr;31331.50
J36;1;0;rGGr;31331.75
J36;1;0;rGGr;31332.00
J36;1;0;rGGr;31332.25
J36;1;0;rGGr;31332.50
J36;1;0;rGGr;31332.75
J36;1;0;rGGr;31333.00
J36;1;0;rGGr;31333.25
J36;1;0;rGGr;31333.50
J36;1;0;rGGr;31333.75
J36;1;0;rGGr;31334.00
J36;1;0;rGGr;31334.25
J36;1;0;rGGr;31334.50
J36;1;0;rGGr;31334.75
J36;1;0;rGGr;31335.00
J36;1;0;rGGr;31335.25
J36;1;0;rGGr;31335.50
J36;1;0;rGGr;31335.75
J36;1;0;rGGr;31336.00
J36;1;0;rGGr;31336.25
J36;1;0;rGGr;31336.50
J36;1;0;rGGr;31336.75
J36;1;0;rGGr;31337.00
J36;1;0;rGGr;31337.25
J36;1;0;rGGr;31337.50
J36;1;0;rGGr;31337.75
J36;1;0;rGGr;31338.00
J36;1;0;rGGr;31338.25
J36;1;0;rGGr;31338.50
J36;1;0;rGGr;31338.75
J36;1;0;rGGr;31339.00
J36;1;0;rGGr;31339.25
J36;1;0;rGGr;31339.50
J36;1;0;rGGr;31339.75
J36;1;0;rGGr;31340.00
J36;1;0;rGGr;31340.25
J36;1;0;rGGr;31340.50
J36;1;0;rGGr;31340.75
J36;1;0;rGGr;31341.00
J36;1;0;rGGr;31341.25
J36;1;0;rGGr;31341.50
J36;1;0;rGGr;31341.75
J36;1;0;rGGr;31342.00
J36;1;0;rGGr;31342.25
J36;1;0;rGGr;31342.50
J36;1;0;rGGr;31342.75
J36;1;0;rGGr;31343.00
J36;1;0;rGGr;31343.25
J36;1;0;rGGr;31343.50
J36;1;0;rGGr;31343.75
J36;1;0;rGGr;31344.00
J36;1;0;rGGr;31344.25
J36;1;0;rGGr;31344.50
J36;1;0;rGGr;31344.75
J36;1;0;rGGr;31345.00
J36;1;0;rGGr;31345.25
J36;1;0;rGGr;31345.50
J36;1;0;rGGr;31345.75
J36;1;0;rGGr;31346.00
J36;1;0;rGGr;31346.25
J36;1;0;rGGr;31346.50
J36;1;0;rGGr;31346.75
J36;1;0;rGGr;31347.00
J36;1;0;rGGr;31347.25
J36;1;0;rGGr;31347.50
J36;1;0;rGGr;31347.75
J36;1;0;rGGr;31348.00
J36;1;0;rGGr;31348.25
J36;1;0;rGGr;31348.50
J36;0;online;yyyyyyyyyyyyyyyyyyyyyyyyyyyyyyyyyyyyyyyyyyyyyyyyyyyyyyyyy;31348.75
J36;0;online;yyyyyyyyyyyyyyyyyyyyyyyyyyyyyyyyyyyyyyyyyyyyyyyyyyyyyyyyy;31349.00
J36;0;online;yyyyyyyyyyyyyyyyyyyyyyyyyyyyyyyyyyyyyyyyyyyyyyyyyyyyyyyyy;31349.25
J36;0;online;yyyyyyyyyyyyyyyyyyyyyyyyyyyyyyyyyyyyyyyyyyyyyyyyyyyyyyyyy;31349.50
J36;0;online;yyyyyyyyyyyyyyyyyyyyyyyyyyyyyyyyyyyyyyyyyyyyyyyyyyyyyyyyy;31349.75
J36;0;online;yyyyyyyyyyyyyyyyyyyyyyyyyyyyyyyyyyyyyyyyyyyyyyyyyyyyyyyyy;31350.00
J36;0;online;yyyyyyyyyyyyyyyyyyyyyyyyyyyyyyyyyyyyyyyyyyyyyyyyyyyyyyyyy;31350.25
J36;0;online;yyyyyyyyyyyyyyyyyyyyyyyyyyyyyyyyyyyyyyyyyyyyyyyyyyyyyyyyy;31350.50
J36;0;online;yyyyyyyyyyyyyyyyyyyyyyyyyyyyyyyyyyyyyyyyyyyyyyyyyyyyyyyyy;31350.75
J36;0;online;yyyyyyyyyyyyyyyyyyyyyyyyyyyyyyyyyyyyyyyyyyyyyyyyyyyyyyyyy;31351.00
J36;0;online;yyyyyyyyyyyyyyyyyyyyyyyyyyyyyyyyyyyyyyyyyyyyyyyyyyyyyyyyy;31351.25
J36;0;online;yyyyyyyyyyyyyyyyyyyyyyyyyyyyyyyyyyyyyyyyyyyyyyyyyyyyyyyyy;31351.50
J36;4;0;urru;31351.75
J36;4;0;urru;31352.00
J36;4;0;urru;31352.25
J36;4;0;urru;31352.50
J36;5;0;GrrG;31352.75
J36;5;0;GrrG;31353.00
J36;5;0;GrrG;31353.25
J36;5;0;GrrG;31353.50
J36;5;0;GrrG;31353.75
J36;5;0;GrrG;31354.00
J36;5;0;GrrG;31354.25
J36;5;0;GrrG;31354.50
J36;5;0;GrrG;31354.75
J36;5;0;GrrG;31355.00
J36;5;0;GrrG;31355.25
J36;5;0;GrrG;31355.50
J36;5;0;GrrG;31355.75
J36;5;0;GrrG;31356.00
J36;5;0;GrrG;31356.25
J36;5;0;GrrG;31356.50
J36;5;0;GrrG;31356.75
J36;5;0;GrrG;31357.00
J36;5;0;GrrG;31357.25
J36;5;0;GrrG;31357.50
J36;5;0;GrrG;31357.75
J36;5;0;GrrG;31358.00
J36;5;0;GrrG;31358.25
J36;5;0;GrrG;31358.50
J36;5;0;GrrG;31358.75
J36;5;0;GrrG;31359.00
J36;5;0;GrrG;31359.25
J36;5;0;GrrG;31359.50
J36;5;0;GrrG;31359.75
J36;5;0;GrrG;31360.00
J36;5;0;GrrG;31360.25
J36;5;0;GrrG;31360.50
J36;5;0;GrrG;31360.75
J36;5;0;GrrG;31361.00
J36;5;0;GrrG;31361.25
J36;5;0;GrrG;31361.50
J36;5;0;GrrG;31361.75
J36;5;0;GrrG;31362.00
J36;5;0;GrrG;31362.25
J36;5;0;GrrG;31362.50
J36;5;0;GrrG;31362.75
J36;5;0;GrrG;31363.00
J36;5;0;GrrG;31363.25
J36;5;0;GrrG;31363.50
J36;5;0;GrrG;31363.75
J36;5;0;GrrG;31364.00
J36;5;0;GrrG;31364.25
J36;5;0;GrrG;31364.50
J36;5;0;GrrG;31364.75
J36;5;0;GrrG;31365.00
J36;5;0;GrrG;31365.25
J36;5;0;GrrG;31365.50
J36;5;0;GrrG;31365.75
J36;5;0;GrrG;31366.00
J36;5;0;GrrG;31366.25
J36;5;0;GrrG;31366.50
J36;5;0;GrrG;31366.75
J36;5;0;GrrG;31367.00
J36;5;0;GrrG;31367.25
J36;5;0;GrrG;31367.50
J36;5;0;GrrG;31367.75
J36;5;0;GrrG;31368.00
J36;5;0;GrrG;31368.25
J36;5;0;GrrG;31368.50
J36;5;0;GrrG;31368.75
J36;5;0;GrrG;31369.00
J36;5;0;GrrG;31369.25
J36;5;0;GrrG;31369.50
J36;5;0;GrrG;31369.75
J36;5;0;GrrG;31370.00
J36;5;0;GrrG;31370.25
J36;5;0;GrrG;31370.50
J36;5;0;GrrG;31370.75
J36;5;0;GrrG;31371.00
J36;5;0;GrrG;31371.25
J36;5;0;GrrG;31371.50
J36;5;0;GrrG;31371.75
J36;5;0;GrrG;31372.00
J36;5;0;GrrG;31372.25
J36;5;0;GrrG;31372.50
J36;5;0;GrrG;31372.75
J36;5;0;GrrG;31373.00
J36;5;0;GrrG;31373.25
J36;5;0;GrrG;31373.50
J36;5;0;GrrG;31373.75
J36;5;0;GrrG;31374.00
J36;5;0;GrrG;31374.25
J36;5;0;GrrG;31374.50
J36;5;0;GrrG;31374.75
J36;5;0;GrrG;31375.00
J36;5;0;GrrG;31375.25
J36;5;0;GrrG;31375.50
J36;5;0;GrrG;31375.75
J36;5;0;GrrG;31376.00
J36;5;0;GrrG;31376.25
J36;5;0;GrrG;31376.50
J36;5;0;GrrG;31376.75
J36;5;0;GrrG;31377.00
J36;5;0;GrrG;31377.25
J36;5;0;GrrG;31377.50
J36;6;0;yrry;31377.75
J36;6;0;yrry;31378.00
J36;6;0;yrry;31378.25
J36;6;0;yrry;31378.50
J36;6;0;yrry;31378.75
J36;6;0;yrry;31379.00
J36;6;0;yrry;31379.25
J36;6;0;yrry;31379.50
J36;6;0;yrry;31379.75
J36;6;0;yrry;31380.00
J36;6;0;yrry;31380.25
J36;6;0;yrry;31380.50
J36;7;0;rrrr;31380.75
J36;7;0;rrrr;31381.00
J36;7;0;rrrr;31381.25
J36;7;0;rrrr;31381.50
J36;0;0;ruur;31381.75
J36;0;0;ruur;31382.00
J36;0;0;ruur;31382.25
J36;0;0;ruur;31382.50
J36;1;0;rGGr;31382.75
J36;1;0;rGGr;31383.00
J36;1;0;rGGr;31383.25
J36;1;0;rGGr;31383.50
J36;1;0;rGGr;31383.75
J36;1;0;rGGr;31384.00
J36;1;0;rGGr;31384.25
J36;1;0;rGGr;31384.50
J36;1;0;rGGr;31384.75
J36;1;0;rGGr;31385.00
J36;1;0;rGGr;31385.25
J36;1;0;rGGr;31385.50
J36;1;0;rGGr;31385.75
J36;1;0;rGGr;31386.00
J36;1;0;rGGr;31386.25
J36;1;0;rGGr;31386.50
J36;1;0;rGGr;31386.75
J36;1;0;rGGr;31387.00
J36;1;0;rGGr;31387.25
J36;1;0;rGGr;31387.50
J36;1;0;rGGr;31387.75
J36;1;0;rGGr;31388.00
J36;1;0;rGGr;31388.25
J36;1;0;rGGr;31388.50
J36;1;0;rGGr;31388.75
J36;1;0;rGGr;31389.00
J36;1;0;rGGr;31389.25
J36;1;0;rGGr;31389.50
J36;1;0;rGGr;31389.75
J36;1;0;rGGr;31390.00
J36;1;0;rGGr;31390.25
J36;1;0;rGGr;31390.50
J36;1;0;rGGr;31390.75
J36;1;0;rGGr;31391.00
J36;1;0;rGGr;31391.25
J36;1;0;rGGr;31391.50
J36;1;0;rGGr;31391.75
J36;1;0;rGGr;31392.00
J36;1;0;rGGr;31392.25
J36;1;0;rGGr;31392.50
J36;1;0;rGGr;31392.75
J36;1;0;rGGr;31393.00
J36;1;0;rGGr;31393.25
J36;1;0;rGGr;31393.50
J36;1;0;rGGr;31393.75
J36;1;0;rGGr;31394.00
J36;1;0;rGGr;31394.25
J36;1;0;rGGr;31394.50
J36;1;0;rGGr;31394.75
J36;1;0;rGGr;31395.00
J36;1;0;rGGr;31395.25
J36;1;0;rGGr;31395.50
J36;1;0;rGGr;31395.75
J36;1;0;rGGr;31396.00
J36;1;0;rGGr;31396.25
J36;1;0;rGGr;31396.50
J36;1;0;rGGr;31396.75
J36;1;0;rGGr;31397.00
J36;1;0;rGGr;31397.25
J36;1;0;rGGr;31397.50
J36;1;0;rGGr;31397.75
J36;1;0;rGGr;31398.00
J36;1;0;rGGr;31398.25
J36;1;0;rGGr;31398.50
J36;1;0;rGGr;31398.75
J36;1;0;rGGr;31399.00
J36;1;0;rGGr;31399.25
J36;1;0;rGGr;31399.50
J36;1;0;rGGr;31399.75
J36;1;0;rGGr;31400.00
J36;1;0;rGGr;31400.25
J36;1;0;rGGr;31400.50
J36;1;0;rGGr;31400.75
J36;1;0;rGGr;31401.00
J36;1;0;rGGr;31401.25
J36;1;0;rGGr;31401.50
J36;1;0;rGGr;31401.75
J36;1;0;rGGr;31402.00
J36;1;0;rGGr;31402.25
J36;1;0;rGGr;31402.50
J36;1;0;rGGr;31402.75
J36;1;0;rGGr;31403.00
J36;1;0;rGGr;31403.25
J36;1;0;rGGr;31403.50
J36;1;0;rGGr;31403.75
J36;1;0;rGGr;31404.00
J36;1;0;rGGr;31404.25
J36;1;0;rGGr;31404.50
J36;1;0;rGGr;31404.75
J36;1;0;rGGr;31405.00
J36;1;0;rGGr;31405.25
J36;1;0;rGGr;31405.50
J36;1;0;rGGr;31405.75
J36;1;0;rGGr;31406.00
J36;1;0;rGGr;31406.25
J36;1;0;rGGr;31406.50
J36;1;0;rGGr;31406.75
J36;1;0;rGGr;31407.00
J36;1;0;rGGr;31407.25
J36;1;0;rGGr;31407.50
J36;1;0;rGGr;31407.75
J36;1;0;rGGr;31408.00
J36;1;0;rGGr;31408.25
J36;1;0;rGGr;31408.50
J36;1;0;rGGr;31408.75
J36;1;0;rGGr;31409.00
J36;1;0;rGGr;31409.25
J36;1;0;rGGr;31409.50
J36;1;0;rGGr;31409.75
J36;1;0;rGGr;31410.00
J36;1;0;rGGr;31410.25
J36;1;0;rGGr;31410.50
J36;1;0;rGGr;31410.75
J36;1;0;rGGr;31411.00
J36;1;0;rGGr;31411.25
J36;1;0;rGGr;31411.50
J36;1;0;rGGr;31411.75
J36;1;0;rGGr;31412.00
J36;1;0;rGGr;31412.25
J36;1;0;rGGr;31412.50
J36;1;0;rGGr;31412.75
J36;1;0;rGGr;31413.00
J36;1;0;rGGr;31413.25
J36;1;0;rGGr;31413.50
J36;1;0;rGGr;31413.75
J36;1;0;rGGr;31414.00
J36;1;0;rGGr;31414.25
J36;1;0;rGGr;31414.50
J36;2;0;ryyr;31414.75
J36;2;0;ryyr;31415.00
J36;2;0;ryyr;31415.25
J36;2;0;ryyr;31415.50
J36;2;0;ryyr;31415.75
J36;2;0;ryyr;31416.00
J36;2;0;ryyr;31416.25
J36;2;0;ryyr;31416.50
J36;2;0;ryyr;31416.75
J36;2;0;ryyr;31417.00
J36;2;0;ryyr;31417.25
J36;2;0;ryyr;31417.50
J36;3;0;rrrr;31417.75
J36;3;0;rrrr;31418.00
J36;3;0;rrrr;31418.25
J36;3;0;rrrr;31418.50
J36;4;0;urru;31418.75
J36;4;0;urru;31419.00
J36;4;0;urru;31419.25
J36;4;0;urru;31419.50
J36;5;0;GrrG;31419.75
J36;5;0;GrrG;31420.00
J36;5;0;GrrG;31420.25
J36;5;0;GrrG;31420.50
J36;5;0;GrrG;31420.75
J36;5;0;GrrG;31421.00
J36;5;0;GrrG;31421.25
J36;5;0;GrrG;31421.50
J36;5;0;GrrG;31421.75
J36;5;0;GrrG;31422.00
J36;5;0;GrrG;31422.25
J36;5;0;GrrG;31422.50
J36;5;0;GrrG;31422.75
J36;5;0;GrrG;31423.00
J36;5;0;GrrG;31423.25
J36;5;0;GrrG;31423.50
J36;5;0;GrrG;31423.75
J36;5;0;GrrG;31424.00
J36;5;0;GrrG;31424.25
J36;5;0;GrrG;31424.50
J36;5;0;GrrG;31424.75
J36;5;0;GrrG;31425.00
J36;5;0;GrrG;31425.25
J36;5;0;GrrG;31425.50
J36;5;0;GrrG;31425.75
J36;5;0;GrrG;31426.00
J36;5;0;GrrG;31426.25
J36;5;0;GrrG;31426.50
J36;5;0;GrrG;31426.75
J36;5;0;GrrG;31427.00
J36;5;0;GrrG;31427.25
J36;5;0;GrrG;31427.50
J36;5;0;GrrG;31427.75
J36;5;0;GrrG;31428.00
J36;5;0;GrrG;31428.25
J36;5;0;GrrG;31428.50
J36;5;0;GrrG;31428.75
J36;5;0;GrrG;31429.00
J36;5;0;GrrG;31429.25
J36;5;0;GrrG;31429.50
J36;5;0;GrrG;31429.75
J36;5;0;GrrG;31430.00
J36;5;0;GrrG;31430.25
J36;5;0;GrrG;31430.50
J36;5;0;GrrG;31430.75
J36;5;0;GrrG;31431.00
J36;5;0;GrrG;31431.25
J36;5;0;GrrG;31431.50
J36;5;0;GrrG;31431.75
J36;5;0;GrrG;31432.00
J36;5;0;GrrG;31432.25
J36;5;0;GrrG;31432.50
J36;5;0;GrrG;31432.75
J36;5;0;GrrG;31433.00
J36;5;0;GrrG;31433.25
J36;5;0;GrrG;31433.50
J36;5;0;GrrG;31433.75
J36;5;0;GrrG;31434.00
J36;5;0;GrrG;31434.25
J36;5;0;GrrG;31434.50
J36;5;0;GrrG;31434.75
J36;5;0;GrrG;31435.00
J36;5;0;GrrG;31435.25
J36;5;0;GrrG;31435.50
J36;5;0;GrrG;31435.75
J36;5;0;GrrG;31436.00
J36;5;0;GrrG;31436.25
J36;5;0;GrrG;31436.50
J36;5;0;GrrG;31436.75
J36;5;0;GrrG;31437.00
J36;5;0;GrrG;31437.25
J36;5;0;GrrG;31437.50
J36;5;0;GrrG;31437.75
J36;5;0;GrrG;31438.00
J36;5;0;GrrG;31438.25
J36;5;0;GrrG;31438.50
J36;5;0;GrrG;31438.75
J36;5;0;GrrG;31439.00
J36;5;0;GrrG;31439.25
J36;5;0;GrrG;31439.50
J36;5;0;GrrG;31439.75
J36;5;0;GrrG;31440.00
J36;5;0;GrrG;31440.25
J36;5;0;GrrG;31440.50
J36;5;0;GrrG;31440.75
J36;5;0;GrrG;31441.00
J36;5;0;GrrG;31441.25
J36;5;0;GrrG;31441.50
J36;5;0;GrrG;31441.75
J36;5;0;GrrG;31442.00
J36;5;0;GrrG;31442.25
J36;5;0;GrrG;31442.50
J36;5;0;GrrG;31442.75
J36;5;0;GrrG;31443.00
J36;5;0;GrrG;31443.25
J36;5;0;GrrG;31443.50
J36;5;0;GrrG;31443.75
J36;5;0;GrrG;31444.00
J36;5;0;GrrG;31444.25
J36;5;0;GrrG;31444.50
J36;6;0;yrry;31444.75
J36;6;0;yrry;31445.00
J36;6;0;yrry;31445.25
J36;6;0;yrry;31445.50
J36;6;0;yrry;31445.75
J36;6;0;yrry;31446.00
J36;6;0;yrry;31446.25
J36;6;0;yrry;31446.50
J36;6;0;yrry;31446.75
J36;6;0;yrry;31447.00
J36;6;0;yrry;31447.25
J36;6;0;yrry;31447.50
J36;7;0;rrrr;31447.75
J36;7;0;rrrr;31448.00
J36;7;0;rrrr;31448.25
J36;7;0;rrrr;31448.50
J36;0;0;ruur;31448.75
J36;0;0;ruur;31449.00
J36;0;0;ruur;31449.25
J36;0;0;ruur;31449.50
J36;1;0;rGGr;31449.75
J36;1;0;rGGr;31450.00
J36;1;0;rGGr;31450.25
J36;1;0;rGGr;31450.50
J36;1;0;rGGr;31450.75
J36;1;0;rGGr;31451.00
J36;1;0;rGGr;31451.25
J36;1;0;rGGr;31451.50
J36;1;0;rGGr;31451.75
J36;1;0;rGGr;31452.00
J36;1;0;rGGr;31452.25
J36;1;0;rGGr;31452.50
J36;1;0;rGGr;31452.75
J36;1;0;rGGr;31453.00
J36;1;0;rGGr;31453.25
J36;1;0;rGGr;31453.50
J36;1;0;rGGr;31453.75
J36;1;0;rGGr;31454.00
J36;1;0;rGGr;31454.25
J36;1;0;rGGr;31454.50
J36;1;0;rGGr;31454.75
J36;1;0;rGGr;31455.00
J36;1;0;rGGr;31455.25
J36;1;0;rGGr;31455.50
J36;1;0;rGGr;31455.75
J36;0;online;yyyyyyyyyyyyyyyyyyyyyyyyyyyyyyyyyyyyyyyyyyyyyyyyyyyyyyyyy;31456.00
J36;0;online;yyyyyyyyyyyyyyyyyyyyyyyyyyyyyyyyyyyyyyyyyyyyyyyyyyyyyyyyy;31456.25
J36;0;online;yyyyyyyyyyyyyyyyyyyyyyyyyyyyyyyyyyyyyyyyyyyyyyyyyyyyyyyyy;31456.50
J36;0;online;yyyyyyyyyyyyyyyyyyyyyyyyyyyyyyyyyyyyyyyyyyyyyyyyyyyyyyyyy;31456.75
J36;0;online;yyyyyyyyyyyyyyyyyyyyyyyyyyyyyyyyyyyyyyyyyyyyyyyyyyyyyyyyy;31457.00
J36;0;online;yyyyyyyyyyyyyyyyyyyyyyyyyyyyyyyyyyyyyyyyyyyyyyyyyyyyyyyyy;31457.25
J36;0;online;yyyyyyyyyyyyyyyyyyyyyyyyyyyyyyyyyyyyyyyyyyyyyyyyyyyyyyyyy;31457.50
J36;0;online;yyyyyyyyyyyyyyyyyyyyyyyyyyyyyyyyyyyyyyyyyyyyyyyyyyyyyyyyy;31457.75
J36;0;online;yyyyyyyyyyyyyyyyyyyyyyyyyyyyyyyyyyyyyyyyyyyyyyyyyyyyyyyyy;31458.00
J36;0;online;yyyyyyyyyyyyyyyyyyyyyyyyyyyyyyyyyyyyyyyyyyyyyyyyyyyyyyyyy;31458.25
J36;0;online;yyyyyyyyyyyyyyyyyyyyyyyyyyyyyyyyyyyyyyyyyyyyyyyyyyyyyyyyy;31458.50
J36;0;online;yyyyyyyyyyyyyyyyyyyyyyyyyyyyyyyyyyyyyyyyyyyyyyyyyyyyyyyyy;31458.75
J36;4;0;urru;31459.00
J36;4;0;urru;31459.25
J36;4;0;urru;31459.50
J36;4;0;urru;31459.75
J36;5;0;GrrG;31460.00
J36;5;0;GrrG;31460.25
J36;5;0;GrrG;31460.50
J36;5;0;GrrG;31460.75
J36;5;0;GrrG;31461.00
J36;5;0;GrrG;31461.25
J36;5;0;GrrG;31461.50
J36;5;0;GrrG;31461.75
J36;5;0;GrrG;31462.00
J36;5;0;GrrG;31462.25
J36;5;0;GrrG;31462.50
J36;5;0;GrrG;31462.75
J36;5;0;GrrG;31463.00
J36;5;0;GrrG;31463.25
J36;5;0;GrrG;31463.50
J36;5;0;GrrG;31463.75
J36;5;0;GrrG;31464.00
J36;5;0;GrrG;31464.25
J36;5;0;GrrG;31464.50
J36;5;0;GrrG;31464.75
J36;5;0;GrrG;31465.00
J36;5;0;GrrG;31465.25
J36;5;0;GrrG;31465.50
J36;5;0;GrrG;31465.75
J36;5;0;GrrG;31466.00
J36;5;0;GrrG;31466.25
J36;5;0;GrrG;31466.50
J36;5;0;GrrG;31466.75
J36;5;0;GrrG;31467.00
J36;5;0;GrrG;31467.25
J36;5;0;GrrG;31467.50
J36;5;0;GrrG;31467.75
J36;5;0;GrrG;31468.00
J36;5;0;GrrG;31468.25
J36;5;0;GrrG;31468.50
J36;5;0;GrrG;31468.75
J36;5;0;GrrG;31469.00
J36;5;0;GrrG;31469.25
J36;5;0;GrrG;31469.50
J36;5;0;GrrG;31469.75
J36;5;0;GrrG;31470.00
J36;5;0;GrrG;31470.25
J36;5;0;GrrG;31470.50
J36;5;0;GrrG;31470.75
J36;5;0;GrrG;31471.00
J36;5;0;GrrG;31471.25
J36;5;0;GrrG;31471.50
J36;5;0;GrrG;31471.75
J36;5;0;GrrG;31472.00
J36;5;0;GrrG;31472.25
J36;5;0;GrrG;31472.50
J36;5;0;GrrG;31472.75
J36;5;0;GrrG;31473.00
J36;5;0;GrrG;31473.25
J36;5;0;GrrG;31473.50
J36;5;0;GrrG;31473.75
J36;5;0;GrrG;31474.00
J36;5;0;GrrG;31474.25
J36;5;0;GrrG;31474.50
J36;5;0;GrrG;31474.75
J36;5;0;GrrG;31475.00
J36;5;0;GrrG;31475.25
J36;5;0;GrrG;31475.50
J36;5;0;GrrG;31475.75
J36;5;0;GrrG;31476.00
J36;5;0;GrrG;31476.25
J36;5;0;GrrG;31476.50
J36;5;0;GrrG;31476.75
J36;5;0;GrrG;31477.00
J36;5;0;GrrG;31477.25
J36;5;0;GrrG;31477.50
J36;5;0;GrrG;31477.75
J36;5;0;GrrG;31478.00
J36;5;0;GrrG;31478.25
J36;5;0;GrrG;31478.50
J36;5;0;GrrG;31478.75
J36;5;0;GrrG;31479.00
J36;5;0;GrrG;31479.25
J36;5;0;GrrG;31479.50
J36;5;0;GrrG;31479.75
J36;5;0;GrrG;31480.00
J36;5;0;GrrG;31480.25
J36;5;0;GrrG;31480.50
J36;5;0;GrrG;31480.75
J36;5;0;GrrG;31481.00
J36;5;0;GrrG;31481.25
J36;5;0;GrrG;31481.50
J36;5;0;GrrG;31481.75
J36;5;0;GrrG;31482.00
J36;5;0;GrrG;31482.25
J36;5;0;GrrG;31482.50
J36;5;0;GrrG;31482.75
J36;5;0;GrrG;31483.00
J36;5;0;GrrG;31483.25
J36;5;0;GrrG;31483.50
J36;5;0;GrrG;31483.75
J36;5;0;GrrG;31484.00
J36;5;0;GrrG;31484.25
J36;5;0;GrrG;31484.50
J36;5;0;GrrG;31484.75
J36;6;0;yrry;31485.00
J36;6;0;yrry;31485.25
J36;6;0;yrry;31485.50
J36;6;0;yrry;31485.75
J36;6;0;yrry;31486.00
J36;6;0;yrry;31486.25
J36;6;0;yrry;31486.50
J36;6;0;yrry;31486.75
J36;6;0;yrry;31487.00
J36;6;0;yrry;31487.25
J36;6;0;yrry;31487.50
J36;6;0;yrry;31487.75
J36;7;0;rrrr;31488.00
J36;7;0;rrrr;31488.25
J36;7;0;rrrr;31488.50
J36;7;0;rrrr;31488.75
J36;0;0;ruur;31489.00
J36;0;0;ruur;31489.25
J36;0;0;ruur;31489.50
J36;0;0;ruur;31489.75
J36;1;0;rGGr;31490.00
J36;1;0;rGGr;31490.25
J36;1;0;rGGr;31490.50
J36;1;0;rGGr;31490.75
J36;1;0;rGGr;31491.00
J36;1;0;rGGr;31491.25
J36;1;0;rGGr;31491.50
J36;1;0;rGGr;31491.75
J36;1;0;rGGr;31492.00
J36;1;0;rGGr;31492.25
J36;1;0;rGGr;31492.50
J36;1;0;rGGr;31492.75
J36;1;0;rGGr;31493.00
J36;1;0;rGGr;31493.25
J36;1;0;rGGr;31493.50
J36;1;0;rGGr;31493.75
J36;1;0;rGGr;31494.00
J36;1;0;rGGr;31494.25
J36;1;0;rGGr;31494.50
J36;1;0;rGGr;31494.75
J36;1;0;rGGr;31495.00
J36;1;0;rGGr;31495.25
J36;1;0;rGGr;31495.50
J36;1;0;rGGr;31495.75
J36;1;0;rGGr;31496.00
J36;1;0;rGGr;31496.25
J36;1;0;rGGr;31496.50
J36;1;0;rGGr;31496.75
J36;1;0;rGGr;31497.00
J36;1;0;rGGr;31497.25
J36;1;0;rGGr;31497.50
J36;1;0;rGGr;31497.75
J36;1;0;rGGr;31498.00
J36;1;0;rGGr;31498.25
J36;1;0;rGGr;31498.50
J36;1;0;rGGr;31498.75
J36;1;0;rGGr;31499.00
J36;1;0;rGGr;31499.25
J36;1;0;rGGr;31499.50
J36;1;0;rGGr;31499.75
J36;1;0;rGGr;31500.00
J36;1;0;rGGr;31500.25
J36;1;0;rGGr;31500.50
J36;1;0;rGGr;31500.75
J36;1;0;rGGr;31501.00
J36;1;0;rGGr;31501.25
J36;1;0;rGGr;31501.50
J36;1;0;rGGr;31501.75
J36;1;0;rGGr;31502.00
J36;1;0;rGGr;31502.25
J36;1;0;rGGr;31502.50
J36;1;0;rGGr;31502.75
J36;1;0;rGGr;31503.00
J36;1;0;rGGr;31503.25
J36;1;0;rGGr;31503.50
J36;1;0;rGGr;31503.75
J36;1;0;rGGr;31504.00
J36;1;0;rGGr;31504.25
J36;1;0;rGGr;31504.50
J36;1;0;rGGr;31504.75
J36;1;0;rGGr;31505.00
J36;1;0;rGGr;31505.25
J36;1;0;rGGr;31505.50
J36;1;0;rGGr;31505.75
J36;1;0;rGGr;31506.00
J36;1;0;rGGr;31506.25
J36;1;0;rGGr;31506.50
J36;1;0;rGGr;31506.75
J36;1;0;rGGr;31507.00
J36;1;0;rGGr;31507.25
J36;1;0;rGGr;31507.50
J36;1;0;rGGr;31507.75
J36;1;0;rGGr;31508.00
J36;1;0;rGGr;31508.25
J36;1;0;rGGr;31508.50
J36;1;0;rGGr;31508.75
J36;1;0;rGGr;31509.00
J36;1;0;rGGr;31509.25
J36;1;0;rGGr;31509.50
J36;1;0;rGGr;31509.75
J36;1;0;rGGr;31510.00
J36;1;0;rGGr;31510.25
J36;1;0;rGGr;31510.50
J36;1;0;rGGr;31510.75
J36;1;0;rGGr;31511.00
J36;1;0;rGGr;31511.25
J36;1;0;rGGr;31511.50
J36;1;0;rGGr;31511.75
J36;1;0;rGGr;31512.00
J36;1;0;rGGr;31512.25
J36;1;0;rGGr;31512.50
J36;1;0;rGGr;31512.75
J36;1;0;rGGr;31513.00
J36;1;0;rGGr;31513.25
J36;0;online;yyyyyyyyyyyyyyyyyyyyyyyyyyyyyyyyyyyyyyyyyyyyyyyyyyyyyyyyy;31513.50
J36;0;online;yyyyyyyyyyyyyyyyyyyyyyyyyyyyyyyyyyyyyyyyyyyyyyyyyyyyyyyyy;31513.75
J36;0;online;yyyyyyyyyyyyyyyyyyyyyyyyyyyyyyyyyyyyyyyyyyyyyyyyyyyyyyyyy;31514.00
J36;0;online;yyyyyyyyyyyyyyyyyyyyyyyyyyyyyyyyyyyyyyyyyyyyyyyyyyyyyyyyy;31514.25
J36;0;online;yyyyyyyyyyyyyyyyyyyyyyyyyyyyyyyyyyyyyyyyyyyyyyyyyyyyyyyyy;31514.50
J36;0;online;yyyyyyyyyyyyyyyyyyyyyyyyyyyyyyyyyyyyyyyyyyyyyyyyyyyyyyyyy;31514.75
J36;0;online;yyyyyyyyyyyyyyyyyyyyyyyyyyyyyyyyyyyyyyyyyyyyyyyyyyyyyyyyy;31515.00
J36;0;online;yyyyyyyyyyyyyyyyyyyyyyyyyyyyyyyyyyyyyyyyyyyyyyyyyyyyyyyyy;31515.25
J36;0;online;yyyyyyyyyyyyyyyyyyyyyyyyyyyyyyyyyyyyyyyyyyyyyyyyyyyyyyyyy;31515.50
J36;0;online;yyyyyyyyyyyyyyyyyyyyyyyyyyyyyyyyyyyyyyyyyyyyyyyyyyyyyyyyy;31515.75
J36;0;online;yyyyyyyyyyyyyyyyyyyyyyyyyyyyyyyyyyyyyyyyyyyyyyyyyyyyyyyyy;31516.00
J36;0;online;yyyyyyyyyyyyyyyyyyyyyyyyyyyyyyyyyyyyyyyyyyyyyyyyyyyyyyyyy;31516.25
J36;4;0;urru;31516.50
J36;4;0;urru;31516.75
J36;4;0;urru;31517.00
J36;4;0;urru;31517.25
J36;5;0;GrrG;31517.50
J36;5;0;GrrG;31517.75
J36;5;0;GrrG;31518.00
J36;5;0;GrrG;31518.25
J36;5;0;GrrG;31518.50
J36;5;0;GrrG;31518.75
J36;5;0;GrrG;31519.00
J36;5;0;GrrG;31519.25
J36;5;0;GrrG;31519.50
J36;5;0;GrrG;31519.75
J36;5;0;GrrG;31520.00
J36;5;0;GrrG;31520.25
J36;5;0;GrrG;31520.50
J36;5;0;GrrG;31520.75
J36;5;0;GrrG;31521.00
J36;5;0;GrrG;31521.25
J36;5;0;GrrG;31521.50
J36;5;0;GrrG;31521.75
J36;5;0;GrrG;31522.00
J36;5;0;GrrG;31522.25
J36;5;0;GrrG;31522.50
J36;5;0;GrrG;31522.75
J36;5;0;GrrG;31523.00
J36;5;0;GrrG;31523.25
J36;5;0;GrrG;31523.50
J36;5;0;GrrG;31523.75
J36;5;0;GrrG;31524.00
J36;5;0;GrrG;31524.25
J36;5;0;GrrG;31524.50
J36;5;0;GrrG;31524.75
J36;5;0;GrrG;31525.00
J36;5;0;GrrG;31525.25
J36;5;0;GrrG;31525.50
J36;5;0;GrrG;31525.75
J36;5;0;GrrG;31526.00
J36;5;0;GrrG;31526.25
J36;5;0;GrrG;31526.50
J36;5;0;GrrG;31526.75
J36;5;0;GrrG;31527.00
J36;5;0;GrrG;31527.25
J36;5;0;GrrG;31527.50
J36;5;0;GrrG;31527.75
J36;5;0;GrrG;31528.00
J36;5;0;GrrG;31528.25
J36;5;0;GrrG;31528.50
J36;5;0;GrrG;31528.75
J36;5;0;GrrG;31529.00
J36;5;0;GrrG;31529.25
J36;5;0;GrrG;31529.50
J36;5;0;GrrG;31529.75
J36;5;0;GrrG;31530.00
J36;5;0;GrrG;31530.25
J36;5;0;GrrG;31530.50
J36;5;0;GrrG;31530.75
J36;5;0;GrrG;31531.00
J36;5;0;GrrG;31531.25
J36;5;0;GrrG;31531.50
J36;5;0;GrrG;31531.75
J36;5;0;GrrG;31532.00
J36;5;0;GrrG;31532.25
J36;5;0;GrrG;31532.50
J36;5;0;GrrG;31532.75
J36;5;0;GrrG;31533.00
J36;5;0;GrrG;31533.25
J36;5;0;GrrG;31533.50
J36;5;0;GrrG;31533.75
J36;5;0;GrrG;31534.00
J36;5;0;GrrG;31534.25
J36;5;0;GrrG;31534.50
J36;5;0;GrrG;31534.75
J36;5;0;GrrG;31535.00
J36;5;0;GrrG;31535.25
J36;5;0;GrrG;31535.50
J36;5;0;GrrG;31535.75
J36;5;0;GrrG;31536.00
J36;5;0;GrrG;31536.25
J36;5;0;GrrG;31536.50
J36;5;0;GrrG;31536.75
J36;5;0;GrrG;31537.00
J36;5;0;GrrG;31537.25
J36;5;0;GrrG;31537.50
J36;5;0;GrrG;31537.75
J36;5;0;GrrG;31538.00
J36;5;0;GrrG;31538.25
J36;5;0;GrrG;31538.50
J36;5;0;GrrG;31538.75
J36;5;0;GrrG;31539.00
J36;5;0;GrrG;31539.25
J36;5;0;GrrG;31539.50
J36;5;0;GrrG;31539.75
J36;5;0;GrrG;31540.00
J36;5;0;GrrG;31540.25
J36;5;0;GrrG;31540.50
J36;5;0;GrrG;31540.75
J36;5;0;GrrG;31541.00
J36;5;0;GrrG;31541.25
J36;5;0;GrrG;31541.50
J36;5;0;GrrG;31541.75
J36;5;0;GrrG;31542.00
J36;5;0;GrrG;31542.25
J36;6;0;yrry;31542.50
J36;6;0;yrry;31542.75
J36;6;0;yrry;31543.00
J36;6;0;yrry;31543.25
J36;6;0;yrry;31543.50
J36;6;0;yrry;31543.75
J36;6;0;yrry;31544.00
J36;6;0;yrry;31544.25
J36;6;0;yrry;31544.50
J36;6;0;yrry;31544.75
J36;6;0;yrry;31545.00
J36;6;0;yrry;31545.25
J36;7;0;rrrr;31545.50
J36;7;0;rrrr;31545.75
J36;7;0;rrrr;31546.00
J36;7;0;rrrr;31546.25
J36;0;0;ruur;31546.50
J36;0;0;ruur;31546.75
J36;0;0;ruur;31547.00
J36;0;0;ruur;31547.25
J36;1;0;rGGr;31547.50
J36;1;0;rGGr;31547.75
J36;1;0;rGGr;31548.00
J36;1;0;rGGr;31548.25
J36;1;0;rGGr;31548.50
J36;1;0;rGGr;31548.75
J36;1;0;rGGr;31549.00
J36;1;0;rGGr;31549.25
J36;1;0;rGGr;31549.50
J36;1;0;rGGr;31549.75
J36;1;0;rGGr;31550.00
J36;1;0;rGGr;31550.25
J36;1;0;rGGr;31550.50
J36;1;0;rGGr;31550.75
J36;1;0;rGGr;31551.00
J36;1;0;rGGr;31551.25
J36;1;0;rGGr;31551.50
J36;1;0;rGGr;31551.75
J36;1;0;rGGr;31552.00
J36;1;0;rGGr;31552.25
J36;1;0;rGGr;31552.50
J36;1;0;rGGr;31552.75
J36;1;0;rGGr;31553.00
J36;1;0;rGGr;31553.25
J36;1;0;rGGr;31553.50
J36;1;0;rGGr;31553.75
J36;1;0;rGGr;31554.00
J36;1;0;rGGr;31554.25
J36;1;0;rGGr;31554.50
J36;1;0;rGGr;31554.75
J36;1;0;rGGr;31555.00
J36;1;0;rGGr;31555.25
J36;1;0;rGGr;31555.50
J36;1;0;rGGr;31555.75
J36;1;0;rGGr;31556.00
J36;1;0;rGGr;31556.25
J36;1;0;rGGr;31556.50
J36;1;0;rGGr;31556.75
J36;1;0;rGGr;31557.00
J36;1;0;rGGr;31557.25
J36;1;0;rGGr;31557.50
J36;1;0;rGGr;31557.75
J36;1;0;rGGr;31558.00
J36;1;0;rGGr;31558.25
J36;1;0;rGGr;31558.50
J36;1;0;rGGr;31558.75
J36;1;0;rGGr;31559.00
J36;1;0;rGGr;31559.25
J36;1;0;rGGr;31559.50
J36;1;0;rGGr;31559.75
J36;1;0;rGGr;31560.00
J36;1;0;rGGr;31560.25
J36;1;0;rGGr;31560.50
J36;1;0;rGGr;31560.75
J36;1;0;rGGr;31561.00
J36;1;0;rGGr;31561.25
J36;1;0;rGGr;31561.50
J36;1;0;rGGr;31561.75
J36;1;0;rGGr;31562.00
J36;1;0;rGGr;31562.25
J36;1;0;rGGr;31562.50
J36;1;0;rGGr;31562.75
J36;1;0;rGGr;31563.00
J36;1;0;rGGr;31563.25
J36;1;0;rGGr;31563.50
J36;1;0;rGGr;31563.75
J36;1;0;rGGr;31564.00
J36;1;0;rGGr;31564.25
J36;1;0;rGGr;31564.50
J36;1;0;rGGr;31564.75
J36;1;0;rGGr;31565.00
J36;1;0;rGGr;31565.25
J36;1;0;rGGr;31565.50
J36;1;0;rGGr;31565.75
J36;1;0;rGGr;31566.00
J36;1;0;rGGr;31566.25
J36;1;0;rGGr;31566.50
J36;1;0;rGGr;31566.75
J36;1;0;rGGr;31567.00
J36;1;0;rGGr;31567.25
J36;1;0;rGGr;31567.50
J36;1;0;rGGr;31567.75
J36;1;0;rGGr;31568.00
J36;1;0;rGGr;31568.25
J36;1;0;rGGr;31568.50
J36;1;0;rGGr;31568.75
J36;1;0;rGGr;31569.00
J36;1;0;rGGr;31569.25
J36;1;0;rGGr;31569.50
J36;1;0;rGGr;31569.75
J36;1;0;rGGr;31570.00
J36;1;0;rGGr;31570.25
J36;1;0;rGGr;31570.50
J36;1;0;rGGr;31570.75
J36;1;0;rGGr;31571.00
J36;1;0;rGGr;31571.25
J36;1;0;rGGr;31571.50
J36;1;0;rGGr;31571.75
J36;1;0;rGGr;31572.00
J36;1;0;rGGr;31572.25
J36;1;0;rGGr;31572.50
J36;1;0;rGGr;31572.75
J36;1;0;rGGr;31573.00
J36;1;0;rGGr;31573.25
J36;1;0;rGGr;31573.50
J36;1;0;rGGr;31573.75
J36;1;0;rGGr;31574.00
J36;1;0;rGGr;31574.25
J36;1;0;rGGr;31574.50
J36;1;0;rGGr;31574.75
J36;1;0;rGGr;31575.00
J36;1;0;rGGr;31575.25
J36;1;0;rGGr;31575.50
J36;1;0;rGGr;31575.75
J36;1;0;rGGr;31576.00
J36;1;0;rGGr;31576.25
J36;1;0;rGGr;31576.50
J36;1;0;rGGr;31576.75
J36;1;0;rGGr;31577.00
J36;1;0;rGGr;31577.25
J36;1;0;rGGr;31577.50
J36;1;0;rGGr;31577.75
J36;1;0;rGGr;31578.00
J36;1;0;rGGr;31578.25
J36;1;0;rGGr;31578.50
J36;1;0;rGGr;31578.75
J36;1;0;rGGr;31579.00
J36;1;0;rGGr;31579.25
J36;1;0;rGGr;31579.50
J36;1;0;rGGr;31579.75
J36;1;0;rGGr;31580.00
J36;1;0;rGGr;31580.25
J36;1;0;rGGr;31580.50
J36;1;0;rGGr;31580.75
J36;1;0;rGGr;31581.00
J36;1;0;rGGr;31581.25
J36;1;0;rGGr;31581.50
J36;1;0;rGGr;31581.75
J36;1;0;rGGr;31582.00
J36;1;0;rGGr;31582.25
J36;1;0;rGGr;31582.50
J36;1;0;rGGr;31582.75
J36;1;0;rGGr;31583.00
J36;1;0;rGGr;31583.25
J36;1;0;rGGr;31583.50
J36;1;0;rGGr;31583.75
J36;1;0;rGGr;31584.00
J36;1;0;rGGr;31584.25
J36;1;0;rGGr;31584.50
J36;1;0;rGGr;31584.75
J36;1;0;rGGr;31585.00
J36;1;0;rGGr;31585.25
J36;1;0;rGGr;31585.50
J36;1;0;rGGr;31585.75
J36;1;0;rGGr;31586.00
J36;1;0;rGGr;31586.25
J36;1;0;rGGr;31586.50
J36;1;0;rGGr;31586.75
J36;1;0;rGGr;31587.00
J36;1;0;rGGr;31587.25
J36;1;0;rGGr;31587.50
J36;1;0;rGGr;31587.75
J36;1;0;rGGr;31588.00
J36;1;0;rGGr;31588.25
J36;1;0;rGGr;31588.50
J36;1;0;rGGr;31588.75
J36;1;0;rGGr;31589.00
J36;1;0;rGGr;31589.25
J36;1;0;rGGr;31589.50
J36;1;0;rGGr;31589.75
J36;1;0;rGGr;31590.00
J36;1;0;rGGr;31590.25
J36;1;0;rGGr;31590.50
J36;1;0;rGGr;31590.75
J36;1;0;rGGr;31591.00
J36;1;0;rGGr;31591.25
J36;1;0;rGGr;31591.50
J36;1;0;rGGr;31591.75
J36;1;0;rGGr;31592.00
J36;1;0;rGGr;31592.25
J36;1;0;rGGr;31592.50
J36;1;0;rGGr;31592.75
J36;1;0;rGGr;31593.00
J36;2;0;ryyr;31593.25
J36;2;0;ryyr;31593.50
J36;2;0;ryyr;31593.75
J36;2;0;ryyr;31594.00
J36;2;0;ryyr;31594.25
J36;2;0;ryyr;31594.50
J36;2;0;ryyr;31594.75
J36;2;0;ryyr;31595.00
J36;2;0;ryyr;31595.25
J36;2;0;ryyr;31595.50
J36;2;0;ryyr;31595.75
J36;2;0;ryyr;31596.00
J36;3;0;rrrr;31596.25
J36;3;0;rrrr;31596.50
J36;3;0;rrrr;31596.75
J36;3;0;rrrr;31597.00
J36;4;0;urru;31597.25
J36;4;0;urru;31597.50
J36;4;0;urru;31597.75
J36;4;0;urru;31598.00
J36;5;0;GrrG;31598.25
J36;5;0;GrrG;31598.50
J36;5;0;GrrG;31598.75
J36;5;0;GrrG;31599.00
J36;5;0;GrrG;31599.25
J36;5;0;GrrG;31599.50
J36;5;0;GrrG;31599.75
